timestamp,posX,posY,posZ,velX,velY,velZ,accX,accY,accZ,gyroX,gyroY,gyroZ,yaw,pitch,roll,quatX,quatY,quatZ,quatW
26314,0,0,0,0,0,0,9.265891,-0.1484458,-1.532344,0.875,-3.625,-1,0,0,0,0,0,0,1
26331,0,0,0,0,0,0,9.131811,0.04788574,-1.474881,10.625,-4,-3.875,0,0,0,0,0,0,1
26344,0,0,0,0,0,0,9.141388,-0.05267432,-1.484458,16.5,-4.25,-5.5,0,0,0,0,0,0,1
26356,0,0,0,0,0,0,9.189274,-0.09098291,-1.498824,14.25,-3.875,-5.25,0,0,0,0,0,0,1
26369,0,0,0,0,0,0,9.275469,-0.07182861,-1.503612,11.125,-3.5,-4.625,0,0,0,0,0,0,1
26381,0,0,0,0,0,0,9.390394,-0.009577149,-1.494035,9.125,-3,-4.375,0,0,0,0,0,0,1
26394,0,0,0,0,0,0,9.467011,0.1340801,-1.479669,8.5,-2.25,-3.125,0,0,0,0,0,0,1
26406,0,0,0,0,0,0,9.419126,0.258583,-1.503612,11.25,-2,-1.875,0,0,0,0,0,0,1
26418,0,0,0,0,0,0,9.352086,0.3256231,-1.503612,18.5,-1.625,-1.375,0,0,0,0,0,0,1
26430,0,0,0,0,0,0,9.366451,0.3112573,-1.474881,26,-0.875,-1.5,0,0,0,0,0,0,1
26443,0,0,0,0,0,0,9.399971,0.2681602,-1.474881,32.875,-0.25,-1.625,0,0,0,0,0,0,1
26456,0,0,0,0,0,0,9.380817,0.1436572,-1.551498,38,0.875,-2.125,0,0,0,0,0,0,1
26468,0,0,0,0,0,0,9.419126,0.03352002,-1.527555,38.625,2.25,-2.75,0,0,0,0,0,0,1
26481,0,0,0,0,0,0,9.452645,-0.06225147,-1.551498,34.125,3,-3,0,0,0,0,0,0,1
26493,0,0,0,0,0,0,9.37124,-0.05746289,-1.575441,28.375,3.625,-3.375,0,0,0,0,0,0,1
26504,0,0,0,0,0,0,9.270679,0.02394287,-1.532344,23.5,4,-3.5,0,0,0,0,0,0,1
26517,0,0,0,0,0,0,9.218005,0.09098291,-1.508401,21.875,3.625,-3.75,0,0,0,0,0,0,1
26530,0,0,0,0,0,0,9.232371,0.06225147,-1.489247,25.75,2.5,-5.75,0,0,0,0,0,0,1
26542,0,0,0,0,0,0,9.313777,-0.04788574,-1.436572,28.25,1.375,-7.75,0,0,0,0,0,0,1
26555,0,0,0,0,0,0,9.414337,-0.1197144,-1.407841,25.875,-0.125,-8.75,0,0,0,0,0,0,1
26567,0,0,0,0,0,0,9.409549,-0.1388687,-1.436572,20.25,-1.625,-9,0,0,0,0,0,0,1
26579,0,0,0,0,0,0,9.37124,-0.05267432,-1.364744,17.125,-2.75,-9.75,0,0,0,0,0,0,1
26591,0,0,0,0,0,0,9.366451,0.009577149,-1.326435,18,-4,-10.75,0,0,0,0,0,0,1
26603,0,0,0,0,0,0,9.376028,-0.009577149,-1.345589,20.125,-5.375,-11.75,0,0,0,0,0,0,1
26615,0,0,0,0,0,0,9.342508,-0.07182861,-1.379109,17.875,-6.125,-11.875,0,0,0,0,0,0,1
26628,0,0,0,0,0,0,9.208428,-0.02394287,-1.412629,11.375,-6.375,-10.875,0,0,0,0,0,0,1
26641,0,0,0,0,0,0,9.098291,0.1005601,-1.403052,9.25,-6.625,-10,0,0,0,0,0,0,1
26653,0,0,0,0,0,0,9.079137,0.191543,-1.383898,13.125,-6.375,-9.75,0,0,0,0,0,0,1
26666,0,0,0,0,0,0,9.10308,0.2106973,-1.383898,16.625,-6.125,-8.75,0,0,0,0,0,0,1
26678,0,0,0,0,0,0,9.098291,0.2346401,-1.417418,16.625,-5.375,-6.125,0,0,0,0,0,0,1
26690,0,0,0,0,0,0,9.10308,0.3112573,-1.398264,16.125,-4.25,-3,0,0,0,0,0,0,1
26703,0,0,0,0,0,0,9.122234,0.3447773,-1.345589,19.25,-3.25,-0.625,0,0,0,0,0,0,1
26716,0,0,0,0,0,0,9.184485,0.3016802,-1.321646,25.125,-2.5,1,0,0,0,0,0,0,1
26728,0,0,0,0,0,0,9.256314,0.1292915,-1.326435,28.375,-1.625,1.75,0,0,0,0,0,0,1
26740,0,0,0,0,0,0,9.294622,-0.09577148,-1.340801,25.625,0,2.375,0,0,0,0,0,0,1
26753,0,0,0,0,0,0,9.332932,-0.1532344,-1.345589,18.25,1.625,3.125,0,0,0,0,0,0,1
26765,0,0,0,0,0,0,9.376028,-0.05267432,-1.350378,11.625,2.625,3.5,0,0,0,0,0,0,1
26777,0,0,0,0,0,0,9.352086,0.1101372,-1.359955,11.125,3.125,2.875,0,0,0,0,0,0,1
26790,0,0,0,0,0,0,9.3042,0.1628115,-1.369532,15,3.25,1.875,0,0,0,0,0,0,1
26802,0,0,0,0,0,0,9.261103,0.1292915,-1.398264,17.25,3.25,1.125,0,0,0,0,0,0,1
26814,0,0,0,0,0,0,9.246737,0.09098291,-1.436572,16.25,3.375,1,0,0,0,0,0,0,1
26827,0,0,0,0,0,0,9.313777,0.07661719,-1.436572,14.25,3.375,1.25,0,0,0,0,0,0,1
26839,0,0,0,0,0,0,9.385606,0.06225147,-1.441361,13,2.75,0.875,0,0,0,0,0,0,1
26851,0,0,0,0,0,0,9.414337,0.08140577,-1.460515,14,1.875,0,0,0,0,0,0,0,1
26864,0,0,0,0,0,0,9.395183,0.1149258,-1.441361,15.5,1,-0.375,0,0,0,0,0,0,1
26876,0,0,0,0,0,0,9.352086,0.1101372,-1.388687,16,-0.375,-0.375,0,0,0,0,0,0,1
26888,0,0,0,0,0,0,9.347297,0.09577148,-1.355167,15.125,-2.125,-0.25,0,0,0,0,0,0,1
26901,0,0,0,0,0,0,9.433492,0.09577148,-1.355167,13,-3.625,0.125,0,0,0,0,0,0,1
26913,0,0,0,0,0,0,9.486166,0.1388687,-1.379109,11,-5,0.625,0,0,0,0,0,0,1
26926,0,0,0,0,0,0,9.414337,0.2346401,-1.426995,10.5,-6.5,0.75,0,0,0,0,0,0,1
26939,0,0,0,0,0,0,9.323354,0.2873144,-1.474881,12.625,-7,0.25,0,0,0,0,0,0,1
26951,0,0,0,0,0,0,9.270679,0.2825259,-1.508401,15.5,-6.75,-0.25,0,0,0,0,0,0,1
26963,0,0,0,0,0,0,9.222795,0.2298516,-1.54671,15.625,-6.25,-0.125,0,0,0,0,0,0,1
26975,0,0,0,0,0,0,9.232371,0.2346401,-1.54671,14.25,-5.5,0.125,0,0,0,0,0,0,1
26987,0,0,0,0,0,0,9.366451,0.2825259,-1.527555,15.125,-4.875,-0.125,0,0,0,0,0,0,1
26999,0,0,0,0,0,0,9.476588,0.2442173,-1.570652,19.25,-4,-1.125,0,0,0,0,0,0,1
27012,0,0,0,0,0,0,9.519686,0.2106973,-1.541921,23,-2.875,-2.125,0,0,0,0,0,0,1
27025,0,0,0,0,0,0,9.610668,0.2011201,-1.479669,23.875,-2.5,-2.5,0,0,0,0,0,0,1
27037,0,0,0,0,0,0,9.629823,0.1723887,-1.479669,23,-2.25,-2.25,0,0,0,0,0,0,1
27050,0,0,0,0,0,0,9.524474,0.1867544,-1.441361,21.625,-1.875,-1.75,0,0,0,0,0,0,1
27062,0,0,0,0,0,0,9.452645,0.2298516,-1.412629,21.5,-1.75,-2,0,0,0,0,0,0,1
27074,0,0,0,0,0,0,9.40476,0.2202744,-1.450938,22.875,-1.875,-2.5,0,0,0,0,0,0,1
27086,0,0,0,0,0,0,9.352086,0.1676001,-1.484458,23.125,-2,-2.75,0,0,0,0,0,0,1
27099,0,0,0,0,0,0,9.275469,0.1197144,-1.522767,21.25,-2,-3.125,0,0,0,0,0,0,1
27112,0,0,0,0,0,0,9.213217,0.1436572,-1.513189,20,-2.125,-3.625,0,0,0,0,0,0,1
27125,0,0,0,0,0,0,9.232371,0.2011201,-1.498824,20.625,-2.625,-3.875,0,0,0,0,0,0,1
27137,0,0,0,0,0,0,9.323354,0.2202744,-1.513189,21.25,-3.5,-3.625,0,0,0,0,0,0,1
27149,0,0,0,0,0,0,9.428702,0.2106973,-1.489247,21.75,-4.25,-3.25,0,0,0,0,0,0,1
27161,0,0,0,0,0,0,9.53884,0.1771773,-1.484458,22.75,-5.125,-3.375,0,0,0,0,0,0,1
27174,0,0,0,0,0,0,9.615458,0.1292915,-1.513189,22.875,-6,-3.25,0,0,0,0,0,0,1
27186,0,0,0,0,0,0,9.567572,0.09577148,-1.556287,20.25,-6.75,-2.375,0,0,0,0,0,0,1
27198,0,0,0,0,0,0,9.428702,0.1245029,-1.589807,14.625,-7,-1,0,0,0,0,0,0,1
27211,0,0,0,0,0,0,9.323354,0.2633716,-1.537132,11.875,-7,-0.125,0,0,0,0,0,0,1
27223,0,0,0,0,0,0,9.280257,0.3639317,-1.484458,13.625,-7.75,0.25,0,0,0,0,0,0,1
27236,0,0,0,0,0,0,9.222795,0.3926631,-1.541921,19.125,-8,0.25,0,0,0,0,0,0,1
27248,0,0,0,0,0,0,9.222795,0.3735088,-1.54671,25.25,-7.625,0.125,0,0,0,0,0,0,1
27260,0,0,0,0,0,0,9.270679,0.3591431,-1.494035,28.5,-7.25,0.25,0,0,0,0,0,0,1
27272,0,0,0,0,0,0,9.289834,0.3304116,-1.484458,29.375,-6.875,0.625,0,0,0,0,0,0,1
27285,0,0,0,0,0,0,9.265891,0.292103,-1.470092,30.875,-6.125,0.25,0,0,0,0,0,0,1
27297,0,0,0,0,0,0,9.222795,0.2154858,-1.436572,31.25,-5.5,-0.125,0,-81.07848,174.7405,-0.7591606,-0.6492842,0.02982174,0.03486838
27322,0,0,0,0,0,0,9.241948,0.1628115,-1.417418,26,-4.125,-1.5,-0.1358241,-81.04538,175.0686,-0.7594115,-0.6491082,0.02885304,0.03347183
27334,0,0,0,0,0,0,9.265891,0.1532344,-1.417418,24.625,-3.5,-2,-0.1523612,-81.0393,175.1568,-0.7594671,-0.6490853,0.0284613,0.0329823
27345,0,0,0,0,0,0,9.246737,0.1340801,-1.426995,24.625,-3,-3,-0.1006368,-81.03735,175.1741,-0.759496,-0.6490914,0.02802029,0.0325755
27357,4.294274E-06,1.287198E-06,-7.792331E-05,0.000330278,9.899996E-05,-0.005993179,9.222795,0.1149258,-1.422207,24.375,-2.25,-4.125,0.03279707,-81.04424,175.1095,-0.7594709,-0.6491594,0.02750389,0.03224625
27370,1.675759E-05,7.028509E-06,-0.0002570007,0.0008567033,0.0003946461,-0.01230942,9.251526,0.1053486,-1.412629,22.375,-1.25,-4.75,0.2371218,-81.06807,174.954,-0.7593408,-0.6493376,0.02703769,0.03211288
27381,3.825944E-05,1.042151E-05,-0.0004649828,0.001726917,0.0002725084,-0.01670404,9.33772,0.1388687,-1.383898,20.625,-0.75,-5.125,0.4775552,-81.09936,174.7336,-0.7591581,-0.6495607,0.0267036,0.03220183
27392,7.444154E-05,6.245781E-06,-0.0007290019,0.002784309,-0.0003213336,-0.02031698,9.414337,0.1819658,-1.374321,19.75,-0.5,-5.375,0.791463,-81.13658,174.429,-0.758934,-0.649825,0.02636383,0.03242807
27404,0.0001221756,-9.463604E-06,-0.001042056,0.003605835,-0.001186689,-0.0236481,9.43828,0.2106973,-1.388687,19.625,-0.25,-5,1.103505,-81.1749,174.1243,-0.7587017,-0.6500975,0.02604062,0.03266338
27415,0.0001753993,-3.315338E-05,-0.001384597,0.004187221,-0.001863723,-0.0269484,9.428702,0.2059087,-1.398264,20.375,-0.25,-4.875,1.381874,-81.20909,173.8625,-0.758496,-0.650344,0.02569739,0.03280445
27426,0.0002336285,-6.040741E-05,-0.001782372,0.004471254,-0.002092761,-0.0305441,9.409549,0.1771773,-1.417418,20.875,-0.625,-4.875,1.62772,-81.23529,173.6405,-0.7583389,-0.650538,0.0253416,0.0328677
27438,0.000295082,-9.492697E-05,-0.002235947,0.004680389,-0.00262906,-0.03454488,9.380817,0.2059087,-1.412629,19.125,-0.875,-4.5,1.866595,-81.25767,173.402,-0.7581959,-0.6507022,0.02512521,0.03307995
27449,0.000359524,-0.0001488096,-0.002741552,0.00497929,-0.004163394,-0.039067,9.33772,0.2873144,-1.388687,16.625,-1.375,-3.125,2.061382,-81.27586,173.1729,-0.7580689,-0.6508288,0.0251463,0.03348123
27461,0.0004248488,-0.0002289277,-0.003300962,0.005082852,-0.006233902,-0.04352706,9.33772,0.3352002,-1.398264,16.875,-2,-2.125,2.206283,-81.28458,172.9957,-0.7579993,-0.6508902,0.02519903,0.0338268
27472,0.0004922246,-0.0003377519,-0.003928913,0.00514359,-0.008307822,-0.04793888,9.347297,0.3352002,-1.403052,20.25,-2.625,-1.75,2.310019,-81.28516,172.9028,-0.7579912,-0.6509042,0.02504082,0.03385178
27484,0.0005565865,-0.0004660404,-0.004613579,0.004911244,-0.009789277,-0.05224461,9.352086,0.292103,-1.431784,23.5,-3.125,-1.75,2.357984,-81.27569,172.9088,-0.7580571,-0.6508572,0.0246845,0.03354428
27495,0.0006154543,-0.0006025181,-0.005353188,0.004488931,-0.01040702,-0.05639845,9.361663,0.225063,-1.455727,24,-3.25,-1.375,2.300798,-81.26329,173.027,-0.7581496,-0.6507837,0.02438506,0.03309314
27507,0.0006700639,-0.0007434798,-0.00618383,0.003996312,-0.01031553,-0.0607861,9.356874,0.1676001,-1.465304,21.625,-3,-1.125,2.162506,-81.25391,173.1969,-0.7582223,-0.650718,0.02433059,0.03275894
27519,0.0007212696,-0.0008781858,-0.007043582,0.003868958,-0.01017801,-0.06496049,9.366451,0.158023,-1.441361,20.25,-2.875,-1,2.016762,-81.25095,173.3549,-0.7582528,-0.650691,0.02439604,0.03254205
27530,0.0007801116,-0.001007186,-0.007926717,0.004565996,-0.01001007,-0.06852911,9.414337,0.1484458,-1.383898,20.875,-2.875,-1.75,1.939129,-81.25713,173.4533,-0.7582292,-0.6507305,0.02435395,0.03232913
27543,0.0008595177,-0.001145831,-0.008988768,0.005391876,-0.009414392,-0.07211586,9.447857,0.1197144,-1.388687,21.5,-3,-2.625,1.902635,-81.26129,173.524,-0.7582179,-0.6507626,0.02419564,0.03206649
27555,0.0009392451,-0.001264648,-0.00999496,0.00600447,-0.008948401,-0.0757789,9.414337,0.1245029,-1.393475,19.375,-3.25,-2.625,1.873357,-81.25999,173.5559,-0.7582279,-0.6507526,0.02420792,0.03202261
27566,0.001021596,-0.001384379,-0.01103857,0.006342968,-0.009222115,-0.08038309,9.332932,0.1819658,-1.398264,17.125,-3.625,-2.5,1.889028,-81.25048,173.5126,-0.7582731,-0.650685,0.02434525,0.03222374
27578,0.001107833,-0.001514468,-0.01215668,0.006650539,-0.01003232,-0.08622731,9.23716,0.225063,-1.383898,19.125,-3.5,-3.25,2.014305,-81.24092,173.386,-0.7583182,-0.6506302,0.02423079,0.03235463
27589,0.001202227,-0.001652218,-0.01336319,0.007257708,-0.01059124,-0.09276542,9.189274,0.2059087,-1.355167,21.625,-3.25,-3.75,2.165409,-81.23767,173.2668,-0.7583345,-0.6506267,0.02390613,0.03228704
27602,0.001312287,-0.001800633,-0.01476044,0.007825669,-0.01055284,-0.09934966,9.222795,0.1628115,-1.369532,20.875,-2.75,-3.375,2.246431,-81.24119,173.21,-0.7583154,-0.6506608,0.02369418,0.03220122
27613,0.001419667,-0.001935859,-0.01612163,0.008280989,-0.0104285,-0.104973,9.256314,0.158023,-1.379109,19.375,-2.375,-3.125,2.296312,-81.24895,173.1629,-0.7582688,-0.650716,0.0236355,0.0322261
27625,0.001534978,-0.00206849,-0.01757731,0.008792275,-0.01011294,-0.1109932,9.232371,0.1436572,-1.369532,19.625,-1.625,-3.25,2.350333,-81.26724,173.1153,-0.7581625,-0.6508428,0.02355748,0.03222521
27636,0.001647065,-0.002186969,-0.01907489,0.00877807,-0.009278573,-0.1172824,9.194062,0.1053486,-1.403052,20.375,-0.5,-3.625,2.401459,-81.29311,173.0811,-0.7580175,-0.6510202,0.02342702,0.03214893
27903,0.001757598,-0.002291355,-0.02070249,0.008422866,-0.007954437,-0.1240272,9.17012,0.07182861,-1.422207,19.375,0.625,-3.875,2.448862,-81.33012,173.0388,-0.7578052,-0.6512694,0.02337337,0.03214165
16776973,0.001865023,-0.002387569,-0.02255814,0.007609032,-0.006814974,-0.1314381,9.155754,0.09577148,-1.441361,16.75,1.5,-3.75,2.522067,-81.37724,172.9337,-0.7575236,-0.6515795,0.02351177,0.03239734
27915,0.001959391,-0.002487599,-0.02461623,0.006346204,-0.006726968,-0.1384059,9.208428,0.1771773,-1.460515,15.5,2.5,-3.375,2.668164,-81.43714,172.734,-0.7571573,-0.6519747,0.02371411,0.03285548
16776985,0.002026498,-0.002587773,-0.02647042,0.00519006,-0.00774741,-0.1434021,9.289834,0.2681602,-1.460515,17.5,2.875,-3.25,2.880408,-81.49278,172.5,-0.7568181,-0.6523543,0.02367517,0.03316409
27927,0.002076391,-0.002710324,-0.02841283,0.003800235,-0.009334439,-0.1479477,9.328143,0.3160459,-1.470092,20.25,2.75,-2.875,3.107094,-81.54523,172.2865,-0.7565054,-0.6527214,0.02342494,0.03325422
16776996,0.002098986,-0.00285328,-0.03039931,0.001744256,-0.0110356,-0.1533487,9.251526,0.3304116,-1.503612,21.5,2.75,-1.625,3.229369,-81.59038,172.1922,-0.7562472,-0.6530342,0.0231824,0.03315447
27939,0.002083854,-0.003037266,-0.0326902,-0.001062701,-0.01292042,-0.1608776,9.1366,0.3304116,-1.517978,21.625,2.875,-0.25,3.230119,-81.63715,172.2226,-0.7559901,-0.6533488,0.02303259,0.0329226
16777009,0.002028932,-0.003241956,-0.03502342,-0.003974377,-0.01481218,-0.1688416,9.088714,0.3304116,-1.517978,23,2.75,0.875,3.124187,-81.68039,172.3767,-0.7557675,-0.6536334,0.02287887,0.0324862
27951,0.001931695,-0.003475109,-0.0374974,-0.00696838,-0.01670868,-0.1772955,9.059982,0.3208345,-1.513189,25.875,2.125,2,2.894065,-81.71631,172.6943,-0.7556067,-0.6538683,0.022605,0.03168468
16777022,0.00178789,-0.003735383,-0.04016374,-0.01005983,-0.01820736,-0.1865221,9.021674,0.2777373,-1.508401,26.875,1.625,2.75,2.533347,-81.74664,173.1586,-0.7554894,-0.6540611,0.02235025,0.03066668
27963,0.001614217,-0.003999178,-0.04281402,-0.01278698,-0.01942239,-0.1951322,9.036039,0.2490059,-1.494035,26,0.875,3.375,2.101719,-81.76856,173.6762,-0.7554175,-0.6541919,0.02225196,0.02970818
16777033,0.001418544,-0.004271553,-0.04546453,-0.01496654,-0.02083337,-0.2027315,9.093503,0.2537944,-1.465304,25.625,0.125,3.625,1.675634,-81.78516,174.1796,-0.7553688,-0.6542897,0.02219424,0.02881584
27975,0.001197901,-0.004569343,-0.0482526,-0.01655238,-0.02233983,-0.2091571,9.198852,0.2442173,-1.431784,26,-1,3.75,1.222499,-81.79461,174.7162,-0.7553599,-0.6543438,0.02212089,0.02786261
16777044,0.0009667972,-0.004874104,-0.05101477,-0.0178873,-0.02358828,-0.2137907,9.323354,0.2154858,-1.436572,25.125,-2,3.875,0.7437624,-81.79292,175.2645,-0.7554083,-0.654324,0.02214519,0.0269823
27988,0.0006988945,-0.005216841,-0.05399282,-0.01959212,-0.02506491,-0.2177885,9.385606,0.2154858,-1.470092,23,-2.75,4.25,0.2074536,-81.77677,175.8448,-0.755531,-0.6542059,0.02236301,0.02622246
16777055,0.0004099129,-0.005580047,-0.05696495,-0.02156418,-0.02710289,-0.2217846,9.376028,0.2490059,-1.494035,21.875,-3.375,4.375,-0.2803767,-81.74802,176.36,-0.7557157,-0.6540071,0.02263274,0.02561554
28000,0.0001167544,-0.005956304,-0.05983547,-0.023067,-0.02960562,-0.2258652,9.356874,0.2825259,-1.465304,22.625,-4.125,3.75,-0.6381541,-81.71456,176.7532,-0.7559229,-0.6537852,0.02274301,0.02506858
16777067,-0.0002368568,-0.006436929,-0.06324149,-0.02400293,-0.03262451,-0.2311984,9.323354,0.2777373,-1.412629,24.25,-5,2.875,-0.9547943,-81.67126,177.1355,-0.7561898,-0.6535066,0.02264517,0.02435656
28012,-0.0005710027,-0.006901503,-0.06642307,-0.02478644,-0.03446141,-0.2360045,9.328143,0.2011201,-1.422207,24.625,-6.125,1.875,-1.229186,-81.61588,177.4768,-0.7565233,-0.6531508,0.02250485,0.0236722
16777079,-0.0009007326,-0.0073597,-0.06949964,-0.02574405,-0.03577429,-0.2402076,9.352086,0.1628115,-1.455727,21.375,-6.75,1.25,-1.467283,-81.5518,177.7378,-0.756895,-0.6527302,0.0225858,0.02330843
28023,-0.0012444,-0.007851401,-0.07266218,-0.02656469,-0.03800735,-0.2444568,9.352086,0.2298516,-1.450938,15.625,-7.125,1.25,-1.628649,-81.48417,177.8469,-0.7572705,-0.6522718,0.02302696,0.0235075
16777091,-0.001601135,-0.008408819,-0.07594313,-0.02700085,-0.0421903,-0.248331,9.390394,0.3735088,-1.426995,12.5,-7.375,1.625,-1.670939,-81.41766,177.7924,-0.7576297,-0.6518117,0.02361356,0.0241091
28034,-0.001947231,-0.009019044,-0.07915945,-0.02695241,-0.04752162,-0.250473,9.519686,0.4740689,-1.412629,15.5,-7.625,1.25,-1.585035,-81.35575,177.6502,-0.7579691,-0.6513914,0.02385112,0.02456241
16777102,-0.002292091,-0.009702286,-0.08241425,-0.02653175,-0.05256515,-0.2504078,9.692075,0.450126,-1.422207,22.875,-7.625,-0.25,-1.405678,-81.29662,177.5115,-0.7583131,-0.6510093,0.02344886,0.02446286
28046,-0.002639601,-0.0104424,-0.08571285,-0.0262668,-0.05594199,-0.2493269,9.763903,0.3208345,-1.465304,27.25,-7.25,-1.5,-1.252159,-81.23796,177.4601,-0.7586661,-0.6506434,0.02272024,0.02393427
16777113,-0.002970626,-0.01117426,-0.088874,-0.02604858,-0.05759086,-0.248753,9.725595,0.1963315,-1.479669,26.25,-6.75,-2.375,-1.151296,-81.18688,177.4468,-0.7589732,-0.6503233,0.02212314,0.02345244
28058,-0.002970626,-0.01117426,-0.088874,0,0,0,9.6394,0.1484458,-1.441361,22.75,-6.375,-3,-1.03888,-81.14452,177.3797,-0.7592216,-0.6500525,0.02175486,0.02326151
16777125,-0.002970626,-0.01117426,-0.088874,0,0,0,9.543629,0.2011201,-1.398264,20.375,-6.5,-4.25,-0.7440501,-81.10104,177.1014,-0.7594673,-0.6497717,0.02137492,0.0234377
28070,-0.002970626,-0.01117426,-0.088874,0,0,0,9.4718,0.2633716,-1.403052,20.375,-6.875,-5.375,-0.3346605,-81.05415,176.7072,-0.7597274,-0.6494726,0.02088833,0.02373511
16777136,-0.002970626,-0.01117426,-0.088874,0,0,0,9.4718,0.2681602,-1.441361,20.75,-6.875,-6.75,0.1716882,-81.00152,176.2222,-0.7600154,-0.649142,0.02026816,0.02409096
28082,-0.002970626,-0.01117426,-0.088874,0,0,0,9.486166,0.2490059,-1.470092,20.375,-6.125,-8,0.7608097,-80.95287,175.6519,-0.7602723,-0.6488453,0.01957798,0.02454911
16777147,-0.002970626,-0.01117426,-0.088874,0,0,0,9.486166,0.2202744,-1.484458,20,-5.125,-8.875,1.375648,-80.91514,175.0523,-0.7604593,-0.6486273,0.01888053,0.02505788
28094,-0.002970626,-0.01117426,-0.088874,0,0,0,9.490954,0.1867544,-1.494035,20.5,-4.25,-10.25,2.10337,-80.88405,174.3501,-0.7605965,-0.6484694,0.01801276,0.0256109
16777159,-0.002970626,-0.01117426,-0.088874,0,0,0,9.557994,0.1867544,-1.508401,20.625,-3.125,-11.25,2.847016,-80.86731,173.6332,-0.7606431,-0.6484166,0.01712571,0.02616888
28105,-0.002970626,-0.01117426,-0.088874,0,0,0,9.701652,0.2537944,-1.513189,19.5,-1.625,-11.25,3.658355,-80.87035,172.8338,-0.7605591,-0.648508,0.0162659,0.02688212
16777171,-0.002970626,-0.01117426,-0.088874,0,0,0,9.802212,0.3399888,-1.532344,21.125,-0.5,-10.875,4.495938,-80.88445,172.028,-0.7604038,-0.648689,0.01527716,0.02748032
28117,-0.002970626,-0.01117426,-0.088874,0,0,0,9.759114,0.3447773,-1.517978,27.5,0.5,-10.625,5.396022,-80.91334,171.2536,-0.76017,-0.6489972,0.01371093,0.0275015
16777182,-0.002970626,-0.01117426,-0.088874,0,0,0,9.701652,0.2873144,-1.489247,33,1.125,-9.75,6.081122,-80.951,170.7523,-0.7599165,-0.6493516,0.01203714,0.02691619
28129,-0.002970626,-0.01117426,-0.088874,0,0,0,9.653766,0.2346401,-1.479669,33.25,1.75,-7.875,6.573859,-81.00086,170.4477,-0.7596146,-0.649764,0.01053938,0.02610124
16777193,-0.002970626,-0.01117426,-0.088874,0,0,0,9.60588,0.225063,-1.426995,31.25,2,-5.375,6.861352,-81.06488,170.3204,-0.759252,-0.6502382,0.009413113,0.02525918
28141,-0.002970626,-0.01117426,-0.088874,0,0,0,9.543629,0.2298516,-1.407841,30.625,1.625,-3.125,6.963967,-81.12852,170.3671,-0.758913,-0.6506823,0.008524734,0.02431078
16777204,-0.002970626,-0.01117426,-0.088874,0,0,0,9.481377,0.2346401,-1.426995,31.5,1.125,-1.375,6.916328,-81.18385,170.5744,-0.7586426,-0.6510496,0.00771268,0.02316143
28153,-0.002970626,-0.01117426,-0.088874,0,0,0,9.447857,0.2298516,-1.474881,33.125,0.625,-0.125,6.747735,-81.22571,170.9223,-0.7584644,-0.651314,0.006888055,0.02178066
16777215,-0.002970626,-0.01117426,-0.088874,0,0,0,9.452645,0.1819658,-1.517978,33.625,0.375,1.125,6.421117,-81.26048,171.4345,-0.7583443,-0.6515114,0.006166867,0.02021896
28165,-0.002970626,-0.01117426,-0.088874,0,0,0,9.500531,0.1532344,-1.532344,29.875,0,2.875,5.925786,-81.2915,172.0634,-0.7582505,-0.6516643,0.005893243,0.01885051
28175,-0.002970626,-0.01117426,-0.088874,0,0,0,9.543629,0.2106973,-1.484458,26,-0.625,4.75,5.333815,-81.32366,172.7369,-0.7581463,-0.6518157,0.006002338,0.01773844
28186,-0.002970626,-0.01117426,-0.088874,0,0,0,9.581937,0.2777373,-1.431784,26.75,-1.625,6.125,4.700261,-81.3506,173.4592,-0.758068,-0.6519369,0.006102358,0.01654702
28198,-0.002970626,-0.01117426,-0.088874,0,0,0,9.586726,0.2777373,-1.441361,29.5,-2.75,7.25,3.977742,-81.36121,174.3041,-0.7580861,-0.6519523,0.006081346,0.01506237
28209,-0.002970626,-0.01117426,-0.088874,0,0,0,9.596303,0.2825259,-1.441361,30.875,-3.625,9,3.125049,-81.36078,175.2945,-0.758166,-0.6518962,0.006087673,0.01336085
28221,-0.002970626,-0.01117426,-0.088874,0,0,0,9.677709,0.2681602,-1.465304,31.625,-4.5,10.5,2.131716,-81.34642,176.436,-0.7583183,-0.6517546,0.006162271,0.01146335
28232,-0.002970626,-0.01117426,-0.088874,0,0,0,9.792634,0.1867544,-1.517978,32.875,-5.125,11.625,0.9911354,-81.31732,177.7399,-0.7585398,-0.6515298,0.006289435,0.009326406
28244,-0.002970626,-0.01117426,-0.088874,0,0,0,9.874041,0.1005601,-1.517978,33.375,-5.25,12.125,-0.2414155,-81.28578,179.1431,-0.758751,-0.6513106,0.006469376,0.007046499
28256,-0.002970626,-0.01117426,-0.088874,0,0,0,9.965023,-0.01436572,-1.537132,31.5,-5.5,12.25,-1.610832,-81.2446,-179.334,-0.7589837,-0.6510561,0.006885266,0.004740519
28268,-0.002970626,-0.01117426,-0.088874,0,0,0,10.02727,-0.05267432,-1.541921,25.875,-5.625,12.75,-2.94813,-81.20007,-177.9241,-0.7591985,-0.6508062,0.007744057,0.002988789
28279,-0.002970626,-0.01117426,-0.088874,0,0,0,10.08474,0.009577149,-1.522767,19.625,-5.75,13.75,-4.241952,-81.15504,-176.6418,-0.7593858,-0.6505751,0.009050633,0.001823275
28292,-0.002967368,-0.01122362,-0.088765,0.0002213016,-0.003352093,0.007403862,10.17093,0.1149258,-1.565864,19,-6.125,14.125,-5.58202,-81.09055,-175.3262,-0.7596506,-0.6502463,0.01049618,0.00067838
28304,-0.002956358,-0.01132648,-0.08855586,0.0008267784,-0.007724376,0.01570376,10.29543,0.1819658,-1.561075,27.125,-6.375,13,-6.586664,-81.0325,-174.2355,-0.7598829,-0.6499663,0.0110042,-0.0008892012
28315,-0.002931869,-0.01148902,-0.08823188,0.001887477,-0.01252835,0.0249716,10.39121,0.191543,-1.54671,37.625,-6.5,11.625,-7.406047,-80.97921,-173.195,-0.7600871,-0.6497273,0.01057567,-0.003181181
28327,-0.002906392,-0.01172614,-0.08774877,0.001817444,-0.01691531,0.0344634,10.33853,0.1005601,-1.637692,46.375,-6.375,10.5,-8.225832,-80.90764,-172.0118,-0.7603676,-0.6493936,0.009365723,-0.006442069
28339,-0.002881615,-0.0119978,-0.08720586,0.001919512,-0.02104578,0.04205989,10.25234,0.07661719,-1.618538,48.75,-5.625,10.5,-8.967355,-80.85118,-170.9052,-0.7605491,-0.6491587,0.008068626,-0.009635772
28350,-0.002857885,-0.01232553,-0.08657594,0.001816306,-0.02508432,0.04821484,10.13262,0.03352002,-1.623327,47.625,-5.625,11.5,-9.792306,-80.78665,-169.7265,-0.760739,-0.6488936,0.006933943,-0.01285369
28362,-0.00283568,-0.01271569,-0.08588111,0.001708056,-0.03001238,0.05344855,10.06558,0.07182861,-1.623327,47.125,-6.375,11.875,-10.55174,-80.71073,-168.6226,-0.7609797,-0.6485531,0.005812386,-0.01596902
28373,-0.002818783,-0.01316454,-0.08511967,0.001292351,-0.03432887,0.05823609,10.02249,-0.009577149,-1.652058,49.375,-7.375,10.75,-11.23111,-80.61671,-167.5654,-0.761306,-0.6480914,0.004458686,-0.01926078
28385,-0.002812945,-0.01363219,-0.08430269,0.0004557311,-0.03650941,0.06378163,10.07516,-0.2059087,-1.704732,47,-7.875,9.5,-11.90644,-80.51034,-166.5473,-0.7616839,-0.6475549,0.003330162,-0.02234715
28396,-0.002825114,-0.0141166,-0.08337371,-0.0009259392,-0.0368597,0.07068806,10.15178,-0.3878745,-1.766984,36.375,-7.25,9.25,-12.68871,-80.39758,-165.5512,-0.7620746,-0.6470103,0.003062957,-0.02470759
28408,-0.002852329,-0.01459396,-0.08236573,-0.002088959,-0.03664134,0.07737061,10.13741,-0.4597031,-1.757407,15.25,-5.5,10.625,-13.61944,-80.30255,-164.6852,-0.7623725,-0.6466259,0.004507942,-0.0253553
28419,-0.00288,-0.01509481,-0.08127119,-0.002123471,-0.03843546,0.0839952,10.15178,-0.3256231,-1.68079,-6.875,-3.625,13.125,-14.64628,-80.23875,-164.0164,-0.7625195,-0.6464704,0.007667547,-0.02411243
28430,-0.002896621,-0.01566844,-0.08009563,-0.00129519,-0.04469907,0.09160393,10.26191,0.009577149,-1.632904,-18.75,-1.25,14.375,-15.52154,-80.22278,-163.652,-0.7624595,-0.646573,0.01146258,-0.02162456
28442,-0.002882459,-0.01638869,-0.07878625,0.00108445,-0.05515379,0.1002667,10.36726,0.3160459,-1.517978,-10.25,1.125,12.375,-16.09409,-80.27353,-163.4903,-0.7620934,-0.6470196,0.01427173,-0.0193823
28453,-0.002809788,-0.01726798,-0.0773539,0.005584079,-0.06756469,0.1100624,10.49177,0.4692803,-1.350378,16.125,2.625,6.875,-16.21443,-80.39238,-163.4318,-0.761429,-0.6478102,0.01453519,-0.01888594
28466,-0.002652565,-0.01850927,-0.07548235,0.0102345,-0.08080254,0.1218302,10.49656,0.3878745,-1.369532,52.75,3.75,-1.125,-15.74681,-80.57391,-163.399,-0.7604962,-0.6488963,0.01093098,-0.02143665
28480,-0.002466616,-0.019789,-0.07353035,0.01271533,-0.087509,0.1334791,10.49177,-0.01436572,-1.470092,70.75,5.75,-5.75,-15.29004,-80.75595,-163.1067,-0.7594857,-0.6499909,0.00593282,-0.02565399
28492,-0.002285871,-0.02102387,-0.07147069,0.01286812,-0.08791625,0.1466368,10.59233,-0.4644917,-1.599384,56.375,9,-3.625,-15.47707,-80.92489,-162.4007,-0.7583961,-0.6511431,0.002869942,-0.02897766
28504,-0.00210043,-0.02225623,-0.06919903,0.0132184,-0.08784394,0.1619252,10.75035,-0.517166,-1.561075,29.5,13.625,0.5,-16.20278,-81.13889,-161.5392,-0.7570012,-0.6527125,0.002381612,-0.03016423
28517,-0.001879156,-0.02351712,-0.06673435,0.0160088,-0.09122307,0.1783161,10.88922,-0.2681602,-1.355167,19.5,16,1,-16.88526,-81.41343,-160.8646,-0.7553281,-0.6546452,0.00252179,-0.03021216
28528,-0.001622603,-0.02479189,-0.06417014,0.01949788,-0.09688172,0.1948782,10.98499,-0.07182861,-1.254606,31.125,16.375,-3.875,-17.01281,-81.71592,-160.5888,-0.7536212,-0.6565896,0.001202209,-0.03072269
28541,-0.001316781,-0.02624118,-0.06118998,0.02171728,-0.102918,0.2116293,10.90837,-0.04309717,-1.297704,57.75,15.25,-13.625,-16.14515,-82.05557,-160.9135,-0.7518622,-0.6584892,-0.00328091,-0.03292904
28552,-0.001045083,-0.02763411,-0.05824068,0.02074659,-0.1063631,0.2252063,10.72641,-0.1771773,-1.455727,71.25,14.25,-20.75,-14.68176,-82.34958,-161.6878,-0.7504089,-0.659946,-0.008952869,-0.03574397
28564,-0.0008185472,-0.02910225,-0.05498898,0.01656692,-0.1073674,0.2378018,10.58275,-0.3447773,-1.618538,55.5,14.625,-19.125,-13.37954,-82.611,-162.4863,-0.7490958,-0.6612604,-0.0133166,-0.03758741
28576,-0.0006523597,-0.03054219,-0.05167519,0.01255761,-0.1088061,0.2503992,10.62106,-0.2825259,-1.585018,22.625,15.375,-13,-12.65349,-82.84845,-163.1653,-0.7479097,-0.6626111,-0.01452144,-0.03696933
28587,-0.000521585,-0.03200381,-0.04826631,0.01014702,-0.1134085,0.2645004,10.78866,-0.004788574,-1.465304,2,15.875,-7.125,-12.27505,-83.08652,-163.7698,-0.7467225,-0.6640773,-0.01385981,-0.034853
28600,-0.0003944434,-0.0337881,-0.04406903,0.008649087,-0.1213809,0.2855292,11.14301,0.2059087,-1.383898,2.25,15.125,-5.375,-11.79103,-83.36005,-164.5105,-0.7453477,-0.6657571,-0.01312264,-0.03243685
28612,-0.0003077289,-0.0354892,-0.03997817,0.006494015,-0.1273943,0.3063625,11.26752,0.1340801,-1.412629,19.625,13.625,-8.125,-11.04951,-83.58644,-165.2498,-0.7441887,-0.6670742,-0.01396585,-0.03162726
28624,-0.00027404,-0.03732981,-0.03543901,0.002413764,-0.1318773,0.325225,11.04724,0.03352002,-1.479669,39,12.125,-12.875,-9.697666,-83.79477,-166.3239,-0.7431228,-0.6681669,-0.01675649,-0.03226126
28636,-0.0003276948,-0.03908558,-0.03103326,-0.004125391,-0.1349967,0.3387474,10.71683,-0.02873145,-1.628115,46.625,11.5,-14.375,-8.221724,-83.95013,-167.4403,-0.7423187,-0.6689126,-0.01999461,-0.03345483
28647,-0.0004954208,-0.04085175,-0.02652186,-0.01296583,-0.1365315,0.3487478,10.4343,-0.1388687,-1.752618,39.375,12,-12.375,-7.078302,-84.07269,-168.3204,-0.7416623,-0.6695214,-0.02238989,-0.03430553
28658,-0.0007870371,-0.04263178,-0.0218885,-0.02239929,-0.1367255,0.3558923,10.20924,-0.2298516,-1.743041,20.125,13.5,-7.5,-6.681782,-84.19151,-168.7049,-0.7410132,-0.6702395,-0.02282539,-0.03402019
28670,-0.00117675,-0.04443831,-0.01716579,-0.02994569,-0.1388142,0.3628941,10.21882,-0.06225147,-1.585018,4,14.625,-3.125,-6.675359,-84.33715,-168.913,-0.7402306,-0.67121,-0.02178997,-0.03257505
28681,-0.001625743,-0.04637348,-0.01227702,-0.03427688,-0.147734,0.3732172,10.50134,0.4932232,-1.369532,13.625,14.5,-3.5,-5.880616,-84.52962,-169.7878,-0.7392082,-0.6723852,-0.02196875,-0.03141529
28693,-0.002097012,-0.04841429,-0.007329904,-0.03683515,-0.1595132,0.3866748,10.77908,0.7709605,-1.259395,53.375,12,-10.25,-3.75058,-84.71843,-171.4841,-0.738138,-0.6733524,-0.02588464,-0.03284622
28704,-0.002630694,-0.05060567,-0.002053584,-0.04066767,-0.1669882,0.4020666,10.88922,0.4405488,-1.321646,92,8,-16.625,-0.9848844,-84.84728,-173.2913,-0.7372244,-0.6737976,-0.03313718,-0.03740204
28716,-0.00324596,-0.05279368,0.003362577,-0.04716128,-0.1677149,0.4151587,10.70246,-0.08140577,-1.450938,94.375,5.375,-15.625,0.9307539,-84.90211,-174.2199,-0.7366149,-0.6737773,-0.04001536,-0.04267613
28727,-0.003952412,-0.05493956,0.008892904,-0.05426731,-0.1648396,0.4248215,10.43909,-0.3639317,-1.436572,75.5,3.75,-11.25,1.775519,-84.92029,-174.326,-0.7362373,-0.6736026,-0.04482523,-0.04695693
28739,-0.004731785,-0.05700494,0.01441719,-0.0608267,-0.1611939,0.431147,10.19487,-0.4261831,-1.369532,60.25,2.375,-9.25,2.219237,-84.92129,-174.2386,-0.7360146,-0.6733853,-0.04818933,-0.05012589
28750,-0.005613705,-0.05907793,0.02015071,-0.06708656,-0.1576897,0.4361417,10.08474,-0.4022402,-1.326435,54.75,1,-10.75,2.944921,-84.91038,-174.4909,-0.7358761,-0.6730997,-0.05136583,-0.05277079
28762,-0.006576579,-0.06108184,0.02588858,-0.07398757,-0.1539811,0.4408997,10.06558,-0.4213945,-1.379109,55.625,-0.125,-14.25,4.153507,-84.88067,-175.2172,-0.7358329,-0.6726758,-0.05485879,-0.05520562
28773,-0.007647756,-0.0630562,0.03174478,-0.0814769,-0.1501758,0.4454404,10.04164,-0.4166059,-1.422207,54.25,-1.125,-17.875,5.893631,-84.83324,-176.4859,-0.7358738,-0.6721441,-0.05858989,-0.05726635
28784,-0.008793189,-0.0649452,0.03749255,-0.0893962,-0.1474281,0.4485885,9.936292,-0.3304116,-1.484458,43.25,-1.875,-18,7.686845,-84.76453,-177.9607,-0.7360823,-0.6715699,-0.06147342,-0.05829144
28796,-0.0100663,-0.06687985,0.04336784,-0.09733994,-0.14792,0.4492159,9.735171,-0.05267432,-1.513189,31.125,-2.125,-16.625,9.684632,-84.6798,-179.7943,-0.736421,-0.6710101,-0.06360003,-0.0581769
28807,-0.01140874,-0.06883675,0.04911182,-0.104041,-0.1516627,0.4451667,9.376028,0.2442173,-1.450938,28.625,-2.25,-16.5,12.01798,-84.59093,178.0003,-0.7367379,-0.6705053,-0.06574332,-0.05760061
28820,-0.01303661,-0.07113808,0.05551062,-0.1108378,-0.1566914,0.4356775,9.045617,0.3447773,-1.388687,39.875,-1.875,-19,15.11599,-84.48605,175.2146,-0.7369207,-0.6699198,-0.06946369,-0.05770905
28832,-0.01457322,-0.07324592,0.06117702,-0.1158912,-0.1589747,0.4273626,9.074348,0.2298516,-1.288126,58.625,-0.25,-24,18.27737,-84.41541,172.5885,-0.7366797,-0.6695092,-0.07452753,-0.05921198
28843,-0.01613938,-0.07528248,0.06672803,-0.1200582,-0.1561183,0.4255278,9.577148,-0.1005601,-1.197144,70.5,2,-28,21.33672,-84.38878,170.2165,-0.7360158,-0.6693297,-0.08036953,-0.06180048
28855,-0.01775805,-0.07720506,0.0723047,-0.1243699,-0.1477204,0.4284801,9.960235,-0.483646,-1.144469,65.625,3.75,-28.875,23.93335,-84.39713,168.246,-0.7351738,-0.6693789,-0.08551338,-0.06433362
28866,-0.01943162,-0.078982,0.07788707,-0.1289846,-0.1369504,0.4302407,9.878829,-0.641669,-1.101372,50.25,5.75,-28.875,26.31176,-84.43221,166.2938,-0.7342735,-0.6697331,-0.08928792,-0.06578571
28878,-0.02116144,-0.08063793,0.08344634,-0.1330422,-0.1273603,0.42757,9.543629,-0.5123774,-1.024755,42.125,7.75,-31,29.20001,-84.47713,163.728,-0.733215,-0.6703764,-0.09267955,-0.06634721
28889,-0.02293488,-0.08218581,0.08891723,-0.136052,-0.1187483,0.4197072,9.155754,-0.3782974,-0.900252,53.25,9,-38.5,33.30943,-84.49844,160.0909,-0.7318097,-0.671127,-0.09760506,-0.06720516
28901,-0.02474769,-0.08359705,0.09422182,-0.1391687,-0.1083398,0.4072309,8.815765,-0.4644917,-0.8140576,70,10,-47.875,38.42655,-84.47239,155.6703,-0.7300559,-0.6718377,-0.10442,-0.06891395
28912,-0.02658292,-0.08484286,0.09927906,-0.1423105,-0.09660478,0.3921564,8.619433,-0.5123774,-0.7374405,73,12,-54.125,44.11998,-84.40865,150.7099,-0.72801,-0.6727083,-0.11176,-0.07053187
28924,-0.02845053,-0.08595617,0.1042458,-0.1427502,-0.08509615,0.379637,8.849285,-0.3352002,-0.517166,60.875,14.125,-56.25,50.48913,-84.32042,144.9252,-0.7255701,-0.674147,-0.1185087,-0.07092037
28935,-0.03031911,-0.08691242,0.1091291,-0.1438478,-0.0736142,0.3759258,9.519686,-0.225063,-0.5746289,41,15.125,-54.625,56.4888,-84.18324,139.2466,-0.7232649,-0.6758319,-0.1235896,-0.0697476
28946,-0.03227128,-0.08772915,0.1140222,-0.1501094,-0.06280079,0.3762426,9.807,-0.1771773,-0.9577149,9.875,16.125,-49.625,61.36578,-84.00371,134.2858,-0.721541,-0.677584,-0.1258935,-0.06640206
28958,-0.03430485,-0.08843567,0.1188068,-0.1573727,-0.05467582,0.3702694,9.3042,0.03830859,-1.019966,-19.25,17.625,-44.125,65.56078,-83.81959,129.6287,-0.7201036,-0.6796657,-0.125634,-0.06100511
28969,-0.03643187,-0.08909987,0.1234562,-0.1628404,-0.05084942,0.3559506,8.648165,0.4213945,-0.8858863,-42,18.375,-38.125,69.48889,-83.62556,124.9322,-0.7187176,-0.6821417,-0.1234173,-0.05381431
28981,-0.03861274,-0.08978654,0.1278994,-0.1666057,-0.0524572,0.3394338,8.442257,0.9146177,-0.8044805,-52,17.625,-32.375,73.101,-83.39304,120.4137,-0.7173778,-0.6846782,-0.120386,-0.04573968
28992,-0.0408252,-0.09058899,0.1321492,-0.1684918,-0.06111099,0.3236456,8.437468,1.551498,-0.742229,-41.25,15.375,-28.25,76.4026,-83.07837,116.3381,-0.7160358,-0.6868826,-0.1184325,-0.03819418
29005,-0.04311961,-0.09158713,0.1363763,-0.1677075,-0.07295886,0.3089771,8.533239,1.891487,-0.5602632,-8.625,11.25,-27.625,79.39247,-82.68141,112.983,-0.7145945,-0.6885135,-0.1192661,-0.03285602
29016,-0.04529895,-0.0926158,0.1403086,-0.1664506,-0.07856599,0.3003357,8.988154,1.585018,-0.4309717,16.875,6.25,-25.625,81.3557,-82.3658,111.0012,-0.7134829,-0.6893974,-0.12144,-0.03042624
29028,-0.04747245,-0.09360521,0.1442312,-0.1669874,-0.07601459,0.3013692,9.797423,1.072641,-0.4597031,13.125,0.625,-17.5,82.11001,-82.21938,110.1752,-0.7130598,-0.6897944,-0.1220315,-0.02894489
29040,-0.04992913,-0.09465333,0.1487271,-0.1673942,-0.07141765,0.3063436,10.07037,0.9960235,-0.4357603,-8.25,-6.375,-5,81.7378,-82.21306,110.1422,-0.7134668,-0.6899071,-0.1195538,-0.02646175
29052,-0.0521706,-0.09558148,0.1527733,-0.168367,-0.06971727,0.3039242,9.529263,1.087006,-0.5123774,-22.375,-15.125,4.125,80.22614,-82.25303,111.0887,-0.7147654,-0.689345,-0.1155927,-0.02350102
29064,-0.05438373,-0.09652875,0.1565859,-0.1696532,-0.07261532,0.2922689,8.777456,1.316858,-0.5985718,-28,-21.625,11.125,77.91952,-82.28291,112.7602,-0.7166879,-0.6881965,-0.1110578,-0.02025508
29075,-0.05660715,-0.09756802,0.1601452,-0.1716,-0.08020964,0.2747025,8.269868,1.589807,-0.7278633,-23.875,-26.375,16.625,75.01762,-82.27467,115.0787,-0.7190797,-0.6864481,-0.1068324,-0.01732633
29086,-0.05886918,-0.09874106,0.163431,-0.1742836,-0.09037977,0.2531578,7.939456,1.719098,-0.8475776,-4.625,-28.75,19.5,71.79417,-82.2264,117.9642,-0.7217176,-0.6841303,-0.104098,-0.01591169
29099,-0.06133172,-0.1001369,0.1666112,-0.1751575,-0.09928674,0.2262036,7.709605,1.541921,-0.7230747,24.625,-29.375,18.875,68.44152,-82.17007,121.3595,-0.7243887,-0.6813673,-0.1034857,-0.01704313
29111,-0.06375276,-0.1015778,0.1693491,-0.1731421,-0.1030407,0.1958048,7.513273,1.158835,-0.4980117,48.375,-29.5,17.25,65.30589,-82.15155,124.8685,-0.7267063,-0.6786339,-0.1045544,-0.02055172
29124,-0.06616268,-0.1029833,0.1716827,-0.1715612,-0.1000569,0.1661297,7.632987,0.641669,-0.5028003,53.125,-28.625,18,61.80261,-82.21127,128.8168,-0.7289585,-0.6759353,-0.1053276,-0.02523985
29135,-0.06838218,-0.1041936,0.1734952,-0.1726831,-0.0941695,0.1410184,7.805376,0.3256231,-0.7134976,42.375,-26.75,19.75,58.171,-82.2906,132.7219,-0.7311125,-0.6735316,-0.1047893,-0.02913626
29146,-0.07066677,-0.1053588,0.1749807,-0.1744759,-0.08898553,0.1134468,7.642565,0.3064688,-0.7996919,22.125,-23.875,22.125,54.42455,-82.37309,136.4826,-0.7332188,-0.6714762,-0.1025319,-0.03157786
29158,-0.07294197,-0.106497,0.1760635,-0.1750292,-0.08755962,0.08330165,7.407925,0.5363203,-0.7709605,0.625,-21.875,26,50.85471,-82.44501,139.7833,-0.735164,-0.6699007,-0.09865493,-0.0321597
29171,-0.0755856,-0.1078966,0.1767891,-0.1755631,-0.09295235,0.0481845,7.350461,0.9481377,-0.8763091,-13.25,-20.25,30.125,46.95655,-82.4734,143.1542,-0.7373813,-0.6682934,-0.09316992,-0.03117835
29183,-0.07803962,-0.109317,0.1770189,-0.1765225,-0.1021672,0.01652566,7.374404,1.211509,-0.9960235,1,-18.75,28.375,43.91938,-82.42568,145.9013,-0.7392646,-0.6666816,-0.08979185,-0.03099635
29195,-0.08032986,-0.1107485,0.1768454,-0.1766073,-0.110389,-0.01337657,7.35525,1.163624,-0.9577149,26.875,-17.75,23,41.6646,-82.35007,148.2244,-0.7407165,-0.6650959,-0.08901377,-0.03260674
29206,-0.08263555,-0.1122352,0.1762556,-0.1761957,-0.113612,-0.04506834,7.278633,0.7470176,-0.8715205,42.25,-16.875,19.125,39.4011,-82.30135,150.7643,-0.7419441,-0.6635308,-0.08926672,-0.03573988
29219,-0.08511367,-0.1137746,0.1751875,-0.1776559,-0.1103575,-0.07657379,7.465387,0.2106973,-0.967292,24.625,-15.25,21,36.16648,-82.3075,154.0534,-0.7433438,-0.6620766,-0.0873074,-0.03836786
29230,-0.08745823,-0.1151429,0.1738845,-0.1808375,-0.1055381,-0.1004983,7.867628,0.0191543,-1.154046,-9.375,-13,25.75,32.5779,-82.33561,157.2513,-0.7447892,-0.6610746,-0.08238383,-0.03850102
29242,-0.08987836,-0.1164875,0.1723121,-0.185039,-0.1028031,-0.1202291,8.178885,0.1340801,-1.316858,-40.875,-10.375,29.375,28.87147,-82.36028,160.148,-0.7462645,-0.6604386,-0.07490681,-0.03604354
29253,-0.09229979,-0.117823,0.1705089,-0.187635,-0.1034936,-0.139725,8.174096,0.3735088,-1.249818,-52.25,-8.875,29.375,25.65147,-82.37834,162.419,-0.7474856,-0.660103,-0.06696158,-0.03233567
29264,-0.09473375,-0.1192316,0.1683863,-0.187228,-0.1083517,-0.1632828,7.886782,0.6847661,-1.029544,-46.75,-9.5,26.25,23.23981,-82.3762,163.9432,-0.7484286,-0.6598849,-0.06000376,-0.02839063
29276,-0.09716422,-0.1207556,0.165894,-0.1856878,-0.1164308,-0.1904116,7.628199,0.9098291,-0.9433491,-37.75,-11.5,24.125,21.37163,-82.33146,165.0334,-0.7493498,-0.6594948,-0.05415871,-0.02466957
29287,-0.09955261,-0.1224137,0.1630633,-0.1837505,-0.1275661,-0.2177755,7.58989,1.134892,-0.9385605,-35.875,-14.375,26.125,19.6219,-82.24303,166.0292,-0.7504182,-0.6588411,-0.04859831,-0.02095591
29299,-0.1018963,-0.1242592,0.159911,-0.1806883,-0.1422836,-0.2430276,7.747913,1.407841,-0.9050406,-35.75,-17.625,30.625,17.78884,-82.1245,167.1032,-0.751623,-0.6579665,-0.04295498,-0.0172582
29310,-0.1041943,-0.1263249,0.156473,-0.1770436,-0.1591431,-0.2648681,8.011285,1.561075,-0.9241948,-24.375,-21.75,33.25,15.84244,-81.9568,168.4323,-0.7530546,-0.6566953,-0.03805652,-0.01455767
29322,-0.1064374,-0.1285961,0.1527704,-0.1722365,-0.1743965,-0.2843138,8.217194,1.417418,-0.8858863,4.75,-26.125,30.625,13.95847,-81.74031,170.0787,-0.7546554,-0.6550108,-0.03537737,-0.01430647
29333,-0.1086089,-0.1309972,0.148791,-0.1656168,-0.1831259,-0.3034894,8.284233,0.8858863,-0.7661719,29.75,-30.625,26,11.93753,-81.48908,172.1969,-0.7563916,-0.6530052,-0.03443089,-0.01644231
29345,-0.1106984,-0.1334044,0.1445704,-0.1594065,-0.1836435,-0.3219879,8.346485,0.2059087,-0.8092691,26.875,-33.625,25.75,9.291399,-81.20065,174.9108,-0.7583674,-0.6507308,-0.03263765,-0.01905852
29357,-0.1128194,-0.1359008,0.1399013,-0.1548568,-0.1822731,-0.3409114,8.351274,-0.004788574,-1.000812,-0.75,-35.25,29,6.232767,-80.83597,177.6611,-0.7607703,-0.6481097,-0.02816779,-0.0197248
29368,-0.1148162,-0.1383273,0.1351636,-0.1515703,-0.1841905,-0.3596265,8.289022,0.1867544,-1.149258,-19.125,-35.875,29.5,3.730971,-80.43989,179.6204,-0.7632323,-0.6454599,-0.02271858,-0.0184921
29380,-0.1167236,-0.1407515,0.1302632,-0.1474319,-0.1873631,-0.3787573,8.236348,0.2537944,-1.130104,-18.5,-36.375,25.625,1.852981,-80.04598,-179.0241,-0.7655703,-0.6428819,-0.01785811,-0.01691905
29392,-0.1187976,-0.1435659,0.1243821,-0.1412326,-0.1916554,-0.4004874,8.245925,0.2777373,-1.091795,-8.75,-36.875,18.625,0.5030057,-79.60679,-178.1165,-0.7680883,-0.6400071,-0.01389353,-0.01543667
29404,-0.1206128,-0.1461698,0.1188138,-0.1365201,-0.1958426,-0.4187901,8.327331,0.2825259,-1.235452,1.625,-36.875,12.125,-0.148751,-79.19783,-177.7203,-0.7703888,-0.6373025,-0.01167982,-0.01450063
29416,-0.1223534,-0.1487713,0.1131413,-0.1334736,-0.1994862,-0.4349788,8.427891,0.2346401,-1.436572,8.625,-35.625,7,-0.4395103,-78.79337,-177.5826,-0.7726442,-0.6346022,-0.01042468,-0.01386691
29427,-0.1240501,-0.1513691,0.1073097,-0.1307919,-0.2002612,-0.4495525,8.528451,0.009577149,-1.532344,10.875,-32.625,2,-0.584759,-78.42815,-177.551,-0.7746711,-0.6321515,-0.009557553,-0.01333159
29439,-0.1256964,-0.1539356,0.1013235,-0.1269657,-0.1979208,-0.4616439,8.724782,-0.2298516,-1.522767,7,-29.125,-2.125,-0.6673028,-78.12589,-177.6231,-0.7763501,-0.6301215,-0.008549546,-0.01243511
29450,-0.1272811,-0.1564619,0.09518701,-0.1215419,-0.1937703,-0.4706651,8.978577,-0.3591431,-1.489247,-3.625,-25.875,-5.75,-0.6327536,-77.88596,-177.9448,-0.7776975,-0.6285126,-0.006978461,-0.01047857
29462,-0.128784,-0.1589292,0.08896606,-0.1155983,-0.1897759,-0.4784973,9.06956,-0.3304116,-1.503612,-17.625,-23.875,-8.125,-0.449873,-77.68,-178.5931,-0.7788661,-0.627133,-0.004641703,-0.007100456
29473,-0.1302163,-0.1613556,0.08265422,-0.1108555,-0.187788,-0.4884954,8.878016,-0.1484458,-1.589807,-32.625,-22,-9.125,-0.1099067,-77.486,-179.5912,-0.779958,-0.6258264,-0.001484393,-0.002182049
29485,-0.1316398,-0.1638724,0.0759953,-0.1073202,-0.1897436,-0.5020297,8.609857,0.1963315,-1.661635,-45,-19.875,-9.25,0.4612776,-77.29802,178.9917,-0.7809722,-0.6245462,0.002351531,0.004357689
29496,-0.1329696,-0.1663682,0.06942022,-0.1044134,-0.1959646,-0.5162593,8.49972,0.5889946,-1.690367,-46.25,-18.375,-9.375,1.246823,-77.12807,177.3712,-0.7818156,-0.623383,0.005793728,0.01115419
29507,-0.1343041,-0.1690721,0.06246798,-0.1019859,-0.2066411,-0.5313136,8.447045,0.9768692,-1.728675,-32.25,-17.5,-11,2.366185,-76.95054,175.5723,-0.7826219,-0.6222045,0.007876849,0.0173988
29519,-0.1356484,-0.1719753,0.05519634,-0.1011433,-0.2184293,-0.5471098,8.370428,1.110949,-1.853178,-10.75,-16.5,-13.5,3.661971,-76.75146,173.8738,-0.7834969,-0.6209506,0.0081444,0.02206269
29530,-0.136927,-0.1748505,0.0481195,-0.1014799,-0.2282091,-0.5616991,8.370428,1.053486,-1.972893,11.375,-14.625,-15.625,4.88588,-76.56274,172.552,-0.7843238,-0.6198269,0.006812854,0.02458685
29542,-0.1382486,-0.1779475,0.04058351,-0.1010024,-0.2366865,-0.5759258,8.447045,0.967292,-1.953738,26,-13,-16.5,6.087779,-76.39341,171.4439,-0.7850465,-0.6188836,0.004447251,0.02579783
29554,-0.1395691,-0.181182,0.03274727,-0.09925704,-0.2431243,-0.5890135,8.566759,0.8380005,-1.910641,36.75,-11.5,-16.625,7.184719,-76.25598,170.5891,-0.7856153,-0.6181736,0.001427076,0.02584761
29565,-0.1408163,-0.184354,0.02501209,-0.09668823,-0.2459103,-0.5996729,8.739148,0.5985718,-1.905853,41.5,-10.25,-16.375,8.045394,-76.15346,170.0297,-0.7860353,-0.6176684,-0.001554336,0.02513601
29576,-0.1419999,-0.1874624,0.01727861,-0.09315579,-0.2446357,-0.6086478,8.882805,0.3016802,-1.877121,38.5,-9.25,-15.75,8.659208,-76.08514,169.6798,-0.7863074,-0.6173449,-0.003948099,0.0242953
29588,-0.1431886,-0.1906679,0.009037042,-0.08903633,-0.2400948,-0.6172995,8.954634,0.07661719,-1.872333,27.25,-7.75,-14.25,9.075954,-76.04752,169.3929,-0.7864288,-0.6171895,-0.005301769,0.02405723
29599,-0.1442775,-0.1936781,0.001034584,-0.08514954,-0.2353926,-0.6257787,8.940269,0.06225147,-1.872333,13.875,-5.5,-12.625,9.394857,-76.04407,169.026,-0.7863536,-0.6172515,-0.005517638,0.02486118
29611,-0.1454412,-0.1970164,-0.008049655,-0.08128358,-0.2331859,-0.6345515,8.973788,0.3016802,-1.901064,2.625,-2.5,-10.75,9.833488,-76.07507,168.3655,-0.7860208,-0.6175907,-0.004933425,0.02699526
29623,-0.1464194,-0.1999548,-0.01610849,-0.07780708,-0.2337293,-0.6410143,9.064771,0.5267432,-1.896275,0.25,0,-9.25,10.29468,-76.13168,167.6743,-0.7855346,-0.6181142,-0.00430204,0.02918283
29634,-0.1473862,-0.2030491,-0.02459616,-0.07374436,-0.2360045,-0.6473701,9.098291,0.6799775,-1.843601,3.25,2.5,-7.5,10.8053,-76.22886,166.9586,-0.7848172,-0.6189292,-0.003816311,0.03121242
29646,-0.1482939,-0.2061488,-0.03307694,-0.06995565,-0.2389004,-0.6536252,9.098291,0.7470176,-1.834024,7,4.625,-5,11.23865,-76.35448,166.367,-0.7839785,-0.6199137,-0.003420867,0.03275861
29657,-0.1491691,-0.2093808,-0.04185124,-0.06580511,-0.2430079,-0.6597216,9.127023,0.8427891,-1.786138,11.125,6.25,-1.375,11.56946,-76.51626,165.9224,-0.7829906,-0.6211075,-0.0030558,0.03379301
29669,-0.1499393,-0.2125295,-0.05029348,-0.06070059,-0.2481458,-0.6653199,9.165331,0.9385605,-1.666424,18.5,7,1.625,11.81192,-76.6999,165.6591,-0.7819415,-0.6224152,-0.003027425,0.03402631
29680,-0.1506569,-0.2158262,-0.05899857,-0.05523337,-0.2537621,-0.6700858,9.246737,0.9625034,-1.632904,29.625,7.25,4.25,11.93639,-76.90125,165.6539,-0.7808771,-0.6237966,-0.003564809,0.03310825
29691,-0.1512841,-0.2191632,-0.06772234,-0.04842826,-0.25767,-0.6735979,9.376028,0.8140576,-1.527555,44.5,7.125,6.125,11.86993,-77.12627,166.0315,-0.7797972,-0.6252655,-0.004856213,0.03059085
29703,-0.1518169,-0.2226017,-0.07674379,-0.03988973,-0.257412,-0.6753597,9.557994,0.4644917,-1.426995,58.875,6.25,5.75,11.5841,-77.37285,166.8362,-0.7787057,-0.6267969,-0.006974919,0.02635202
29714,-0.1522195,-0.2257835,-0.08527841,-0.03187088,-0.2518587,-0.6755817,9.692075,0.009577149,-1.436572,65,5.125,4.25,11.08517,-77.5969,167.9118,-0.7777714,-0.6281124,-0.009189069,0.02149526
29726,-0.1525427,-0.2289512,-0.09412496,-0.02472727,-0.2423665,-0.6768587,9.610668,-0.3256231,-1.479669,57.75,4.25,3.625,10.35431,-77.80969,169.1502,-0.7769018,-0.629304,-0.01077359,0.01685406
29737,-0.1527983,-0.2319921,-0.1030057,-0.01957514,-0.2329466,-0.6803101,9.419126,-0.3687202,-1.565864,35.25,4.625,5.25,9.479034,-78.00599,170.237,-0.776072,-0.6303978,-0.01060414,0.01408979
29749,-0.1530072,-0.2349111,-0.1118277,-0.01622337,-0.2266294,-0.6849375,9.294622,-0.1723887,-1.652058,13.125,5.5,7.5,8.612803,-78.18657,171.0206,-0.775261,-0.631437,-0.008877689,0.01337734
29760,-0.1531834,-0.2378401,-0.1208394,-0.01349689,-0.2244144,-0.6904434,9.218005,0.1245029,-1.661635,-0.5,6.125,9.375,7.841278,-78.36401,171.5231,-0.7744065,-0.6325007,-0.006270805,0.01407471
29772,-0.1533162,-0.2407926,-0.129904,-0.01019443,-0.22668,-0.6959403,9.222795,0.4549146,-1.585018,1.5,6.375,8.875,7.365294,-78.54228,171.7517,-0.7734841,-0.6336243,-0.004165955,0.0150094
29783,-0.1533961,-0.2437854,-0.1389748,-0.006171362,-0.2310105,-0.700176,9.328143,0.6081489,-1.517978,16,5.75,6.5,7.160218,-78.71198,171.899,-0.7725812,-0.634729,-0.003457069,0.01501133
29794,-0.1534168,-0.2468127,-0.1480628,-0.001600897,-0.2342018,-0.7030797,9.443069,0.5123774,-1.474881,34.75,4.125,3.125,7.088297,-78.86153,172.1612,-0.7717963,-0.6357115,-0.004304461,0.01352342
29806,-0.1533788,-0.2498904,-0.157307,0.002897858,-0.2347264,-0.7050218,9.524474,0.292103,-1.484458,41,2.25,1.75,6.916069,-78.98746,172.6131,-0.7711604,-0.6365159,-0.005554889,0.01133887
29818,-0.1532893,-0.2529387,-0.1665362,0.00684615,-0.2330352,-0.7055382,9.629823,0.1053486,-1.532344,32.5,0.625,3.125,6.488078,-79.08952,173.2097,-0.770674,-0.6371293,-0.005915408,0.009628869
29829,-0.1531569,-0.255962,-0.1757564,0.01011719,-0.2310856,-0.7047474,9.720806,0.06704004,-1.589807,18.125,-0.125,5.375,5.870611,-79.17599,173.8052,-0.7702749,-0.6376289,-0.005017413,0.009000824
29841,-0.1529685,-0.2591465,-0.1854428,0.01368312,-0.2312413,-0.7033898,9.759114,0.2106973,-1.575441,7.375,-1.125,7,5.222382,-79.25298,174.2776,-0.7699102,-0.6380751,-0.003243204,0.009386955
29853,-0.1529685,-0.2591465,-0.1854428,0,0,0,9.749537,0.4166059,-1.551498,10.125,-2.5,6.25,4.820574,-79.30502,174.5456,-0.7696534,-0.6383836,-0.002006839,0.009795278
29865,-0.1529685,-0.2591465,-0.1854428,0,0,0,9.668132,0.5458975,-1.565864,20,-4,4.625,4.62134,-79.32919,174.7402,-0.7695389,-0.6385256,-0.001740284,0.00958491
29877,-0.1529685,-0.2591465,-0.1854428,0,0,0,9.4718,0.5363203,-1.61375,25.625,-5.25,3.875,4.466922,-79.32113,174.9706,-0.7696047,-0.6384555,-0.001991028,0.008902374
29889,-0.1529685,-0.2591465,-0.1854428,0,0,0,9.352086,0.4166059,-1.690367,21.125,-5.75,5.375,4.128756,-79.29594,175.3196,-0.7697763,-0.6382557,-0.001676191,0.008454324
29900,-0.1529685,-0.2591465,-0.1854428,0,0,0,9.323354,0.3208345,-1.771773,7.25,-5.25,8.625,3.488271,-79.26826,175.7882,-0.7699705,-0.6380175,5.065456E-06,0.008885122
29912,-0.1529685,-0.2591465,-0.1854428,0,0,0,9.352086,0.3830859,-1.74783,-6,-4.5,11.75,2.697112,-79.25655,176.2289,-0.7700622,-0.6378787,0.002863555,0.01033272
29923,-0.1529598,-0.2592178,-0.1854841,0.0006705506,-0.005512722,-0.003196181,9.37124,0.5650518,-1.699944,-9.25,-4.25,12.875,1.998645,-79.25466,176.5335,-0.7700763,-0.6378088,0.005861186,0.01217413
29936,-0.152952,-0.2593923,-0.1855737,0.0005570331,-0.0124104,-0.00637118,9.380817,0.6225147,-1.762195,2.125,-4.5,10.875,1.44502,-79.23616,176.8208,-0.7701775,-0.6376406,0.007977895,0.0133292
29947,-0.1529492,-0.2596397,-0.1857045,0.0002130748,-0.01905734,-0.0100763,9.318565,0.6368804,-1.771773,14.625,-4.5,8.375,1.129972,-79.21402,177.0549,-0.7703049,-0.6374721,0.008787845,0.01351364
29958,-0.1529466,-0.2599759,-0.1859143,0.0001989531,-0.02570247,-0.01603873,9.155754,0.6225147,-1.719098,24.5,-4.5,7,0.9139169,-79.19463,177.3201,-0.7704269,-0.637337,0.008760948,0.01293631
29970,-0.1529488,-0.2603769,-0.1862076,-0.0001694185,-0.03134194,-0.02292242,9.06956,0.5458975,-1.738253,29.75,-4.5,6.125,0.7097588,-79.17046,177.6415,-0.770581,-0.6371762,0.008341816,0.0119147
29981,-0.152955,-0.2608526,-0.1866028,-0.0004718071,-0.03620178,-0.03006923,9.064771,0.4644917,-1.738253,35.25,-4,4.375,0.5641919,-79.15202,177.983,-0.7707066,-0.6370617,0.007418854,0.01042971
29993,-0.1529517,-0.2613726,-0.187086,0.0002467531,-0.03991122,-0.03709679,9.083925,0.3687202,-1.666424,42.25,-3.5,1.5,0.5505519,-79.15188,178.2869,-0.7707317,-0.6370771,0.005820927,0.008461443
30004,-0.1529343,-0.261923,-0.1876482,0.001345705,-0.0423907,-0.04329127,9.150966,0.2681602,-1.652058,49.25,-3.375,-2,0.701081,-79.15674,178.5224,-0.7707258,-0.6371288,0.003500052,0.00604039
30016,-0.1529118,-0.2624786,-0.1882706,0.001740895,-0.04312114,-0.0483038,9.227583,0.1292915,-1.723887,50,-2.875,-4.375,0.9027074,-79.15879,178.7184,-0.7707266,-0.6371551,0.001054436,0.003600856
30027,-0.1528772,-0.2630291,-0.1889746,0.002656006,-0.04216725,-0.05393627,9.194062,-0.004788574,-1.676001,43.875,-2.625,-5.625,1.088351,-79.17087,178.8591,-0.7706628,-0.6372405,-0.0009751481,0.001620758
30038,-0.1528334,-0.2635514,-0.1897607,0.003363983,-0.04018009,-0.06046613,9.122234,-0.08619434,-1.676001,31.875,-2.5,-5.625,1.208469,-79.1824,178.9092,-0.7705975,-0.6373187,-0.002060015,0.0006145979
30051,-0.1527948,-0.2641005,-0.1907111,0.002723832,-0.03869327,-0.06697734,9.146177,-0.03352002,-1.78135,18.75,-1.875,-5.25,1.360378,-79.18615,178.7554,-0.7705728,-0.6373476,-0.002225958,0.0008030999
30062,-0.1527652,-0.2646,-0.1916349,0.002317387,-0.03916492,-0.07242398,9.179697,0.1197144,-1.771773,10.375,-1.125,-5.25,1.620414,-79.20075,178.3847,-0.7704826,-0.6374555,-0.001910268,0.001846963
30074,-0.1527202,-0.2651494,-0.1926749,0.003432469,-0.04187863,-0.07927299,9.107868,0.3064688,-1.632904,12.25,-1.125,-6.25,2.113232,-79.23347,177.8012,-0.7702799,-0.6376957,-0.001969997,0.003021454
30085,-0.1526536,-0.2657322,-0.1938123,0.005123752,-0.04489246,-0.08761693,8.997731,0.3495659,-1.561075,22.125,-2,-8.5,2.785017,-79.25941,177.17,-0.7701031,-0.6379028,-0.002965423,0.003517566
30097,-0.1525642,-0.266394,-0.1951769,0.00631758,-0.04674809,-0.09639457,9.012096,0.2681602,-1.608961,30.625,-2.75,-10.875,3.600823,-79.26593,176.5237,-0.7700198,-0.637993,-0.00484704,0.003317288
30109,-0.1524665,-0.2669981,-0.1964817,0.007634446,-0.04720457,-0.1019567,9.198852,0.191543,-1.623327,32.875,-2.875,-11.875,4.324004,-79.27162,175.9851,-0.7699372,-0.6380778,-0.006705352,0.002907099
30120,-0.152348,-0.2676196,-0.1978645,0.009079702,-0.04760853,-0.1059325,9.328143,0.2059087,-1.637692,30.125,-2.875,-11.5,5.032469,-79.27753,175.4286,-0.7698444,-0.6381712,-0.008363578,0.002697753
30132,-0.1522157,-0.2682565,-0.1992904,0.01019291,-0.04908149,-0.1098651,9.323354,0.3064688,-1.661635,26.75,-2.875,-10.375,5.72624,-79.27806,174.8396,-0.7697726,-0.6382378,-0.009743245,0.002790812
30143,-0.1520703,-0.2689446,-0.2007796,0.01122273,-0.0530984,-0.1149165,9.232371,0.5219546,-1.652058,27.5,-2.625,-9.25,6.508551,-79.27749,174.1673,-0.7696871,-0.6383153,-0.01125354,0.002949933
30155,-0.1519054,-0.2697315,-0.2023768,0.01262469,-0.06026933,-0.1223348,9.055194,0.7805376,-1.594595,38.375,-2.75,-9,7.491407,-79.27334,173.433,-0.7695854,-0.6383909,-0.01376758,0.002408932
30166,-0.1517265,-0.2706194,-0.204092,0.01378343,-0.06840308,-0.1321348,8.863651,0.8715205,-1.585018,58.375,-3,-9.625,8.579225,-79.25713,172.8515,-0.769518,-0.6383759,-0.01784602,0.0002671748
30178,-0.1515437,-0.271591,-0.2059641,0.01403973,-0.07459732,-0.1437303,8.719994,0.7230747,-1.632904,74.375,-2.25,-9.75,9.542951,-79.2402,172.6069,-0.7694432,-0.6382928,-0.02296967,-0.003443959
30189,-0.1513628,-0.2726109,-0.2080101,0.0137283,-0.07742593,-0.1553262,8.729571,0.4549146,-1.671212,81.5,-0.5,-8.125,10.17094,-79.24854,172.8027,-0.7692467,-0.6382728,-0.02826907,-0.008264423
30201,-0.1511835,-0.2736272,-0.2101233,0.0140501,-0.07963128,-0.1655882,8.815765,0.4070288,-1.632904,83,1.25,-6.375,10.64255,-79.29158,173.1472,-0.768851,-0.6384224,-0.03331358,-0.01324409
30212,-0.1509614,-0.274729,-0.2124276,0.01702285,-0.08444841,-0.1766162,8.806189,0.6129375,-1.436572,101.25,1.5,-9,11.52326,-79.36194,173.3382,-0.7681547,-0.6387022,-0.04021941,-0.01950185
30224,-0.1506928,-0.2759117,-0.2148691,0.02018582,-0.08888903,-0.1834867,9.131811,0.584206,-1.489247,137.5,0,-16.25,12.89303,-79.40259,173.5532,-0.767344,-0.6385989,-0.05055533,-0.02861813
30235,-0.1504203,-0.2770271,-0.2171874,0.02166338,-0.08864885,-0.1842568,9.57236,0.2154858,-1.652058,154,-1.125,-18.875,14.04506,-79.41692,174.1156,-0.7665367,-0.6380807,-0.06138421,-0.03881546
30246,-0.1501291,-0.2781348,-0.2195564,0.02224833,-0.08462805,-0.1809877,9.878829,-0.1005601,-1.733464,147.375,-2,-16.625,14.83307,-79.42612,175.0258,-0.7656786,-0.6373099,-0.07170868,-0.04929639
30258,-0.1498548,-0.2791741,-0.2218996,0.0206144,-0.07813103,-0.1761538,9.969811,-0.3447773,-1.877121,125.5,-1.875,-11.625,15.09398,-79.42858,176.1969,-0.7649412,-0.6364287,-0.07995722,-0.05857022
30269,-0.1496321,-0.2800844,-0.2241058,0.01741188,-0.07114834,-0.1724253,9.878829,-0.4692803,-1.968104,89.5,-0.875,-4.125,14.7525,-79.43573,177.4477,-0.7644727,-0.6357617,-0.0846151,-0.06502895
30281,-0.1494236,-0.2810068,-0.2264904,0.01509869,-0.06679844,-0.1726987,9.577148,-0.2681602,-1.872333,50.25,0.625,4.375,13.94214,-79.47125,178.6832,-0.764159,-0.6355506,-0.08603477,-0.0688074
30293,-0.1492206,-0.2818965,-0.228868,0.01514695,-0.06638721,-0.1774077,9.270679,0.01436572,-1.699944,22.875,1.125,10.875,12.94533,-79.52718,179.7129,-0.7639686,-0.6357593,-0.08506131,-0.07019023
30304,-0.1490309,-0.2827557,-0.23119,0.01492452,-0.06760288,-0.182708,9.198852,0.1053486,-1.728675,13.5,1,13.375,11.91872,-79.56795,-179.353,-0.7639225,-0.6359759,-0.08337612,-0.07074998
30317,-0.1488172,-0.2837923,-0.2339194,0.01460201,-0.0708252,-0.1864804,9.352086,0.1963315,-1.78135,14.375,1,13.375,10.84081,-79.6063,-178.3708,-0.7638759,-0.6361933,-0.0816241,-0.07133803
30329,-0.1485931,-0.2848152,-0.2365202,0.01648848,-0.0752594,-0.1913512,9.280257,0.3112573,-1.623327,20.375,0.125,12.625,10.01924,-79.65078,-177.5577,-0.7637007,-0.6364292,-0.08064586,-0.07221828
30341,-0.148343,-0.2858282,-0.2390558,0.01955613,-0.07923127,-0.1983088,9.117445,0.2968916,-1.484458,24.75,-2.125,12.25,9.284067,-79.67815,-176.774,-0.7635654,-0.6365299,-0.08009081,-0.07336856
30352,-0.1480507,-0.2868918,-0.2417081,0.02257888,-0.08215559,-0.2048728,9.155754,0.1867544,-1.479669,24.375,-5,12.625,8.44537,-79.66652,-175.89,-0.7636436,-0.6363781,-0.07941451,-0.07459735
30364,-0.1477253,-0.2879959,-0.2444511,0.0246308,-0.08356687,-0.2076186,9.43828,0.0191543,-1.589807,17.625,-7.375,13.625,7.411994,-79.60799,-174.8984,-0.7640318,-0.6359812,-0.07803814,-0.07545603
30375,-0.1473804,-0.2890913,-0.2471119,0.02684554,-0.08526307,-0.2071109,9.682497,0.01436572,-1.632904,10.375,-8.625,14.5,6.386321,-79.53214,-174.0077,-0.7645576,-0.6355506,-0.07613972,-0.0756961
30386,-0.146983,-0.290244,-0.2497948,0.03059653,-0.08874881,-0.2065688,9.701652,0.1484458,-1.561075,9,-10.125,14,5.534896,-79.44973,-173.312,-0.7651175,-0.6351029,-0.07430777,-0.07561619
30398,-0.1465313,-0.2914786,-0.2525519,0.03413821,-0.09330723,-0.2083682,9.519686,0.2011201,-1.58023,13.5,-11.75,13,4.834784,-79.33997,-172.7106,-0.7657822,-0.6344426,-0.07294498,-0.07575876
30409,-0.1460739,-0.2927126,-0.2552321,0.03599126,-0.09709956,-0.2108899,9.433492,0.1101372,-1.695155,13.875,-12.5,13.125,4.131066,-79.20548,-172.0963,-0.7665681,-0.6336178,-0.07160801,-0.07598662
30421,-0.1455739,-0.2940177,-0.2580031,0.03841537,-0.1002726,-0.2129074,9.481377,0.03830859,-1.671212,6,-12.5,15.25,3.236266,-79.06905,-171.3975,-0.7674141,-0.6328638,-0.06943909,-0.07574461
30432,-0.1450561,-0.2953725,-0.260796,0.03971756,-0.1039131,-0.2142148,9.514897,0.02873145,-1.790927,-2.875,-11.875,17,2.258536,-78.92124,-170.7346,-0.7683782,-0.6321192,-0.06648824,-0.07483043
30444,-0.1445184,-0.2968077,-0.2636292,0.04109835,-0.1097127,-0.2165724,9.433492,0.1723887,-1.819658,-5.375,-10.875,17.625,1.37949,-78.78344,-170.2078,-0.7692978,-0.6314629,-0.06342938,-0.07356668
30455,-0.1439589,-0.2983121,-0.2664643,0.04367257,-0.1174172,-0.2212844,9.265891,0.3352002,-1.733464,-1.125,-9.625,17.375,0.6687273,-78.67942,-169.7905,-0.7699913,-0.6309903,-0.06089871,-0.07249867
30467,-0.1433512,-0.2999648,-0.2694326,0.04637992,-0.126137,-0.2265497,9.232371,0.3830859,-1.743041,9.875,-8.5,16.375,0.05476262,-78.59053,-169.3326,-0.7705136,-0.6305404,-0.05923922,-0.07223975
30478,-0.142726,-0.3017298,-0.2724534,0.04770447,-0.1346734,-0.2304944,9.308989,0.3256231,-1.872333,21.75,-7.25,15,-0.4964085,-78.50309,-168.7802,-0.7709274,-0.6300178,-0.05851325,-0.07297077
30489,-0.1421065,-0.3035711,-0.2754927,0.0477629,-0.1419528,-0.2343143,9.294622,0.1963315,-1.958527,32.5,-5.25,12.625,-0.9788706,-78.43196,-168.1532,-0.7711607,-0.6295298,-0.05866191,-0.07458053
30502,-0.141445,-0.3056123,-0.2788191,0.04789079,-0.147774,-0.240812,9.122234,0.04309717,-1.896275,39.75,-3.125,9.625,-1.423695,-78.39343,-167.4486,-0.7711354,-0.6292017,-0.05950798,-0.07690389
30513,-0.1408065,-0.3076238,-0.282117,0.04825826,-0.152041,-0.2492808,8.959422,-0.06225147,-1.824447,42.875,-1.625,6.375,-1.731121,-78.38779,-166.8458,-0.7709169,-0.6290569,-0.06074416,-0.07927591
30525,-0.1401812,-0.3096186,-0.285445,0.04851508,-0.1547659,-0.258201,8.906748,-0.1867544,-1.795715,42.125,-0.875,4.125,-1.985439,-78.39616,-166.3091,-0.7706308,-0.629004,-0.06198765,-0.08148431
30537,-0.139492,-0.3118111,-0.2892575,0.04823364,-0.1534519,-0.266834,8.983365,-0.5123774,-1.78135,36.875,-0.25,0.5,-2.293686,-78.41719,-165.7522,-0.7702831,-0.6290634,-0.06299125,-0.08351931
30548,-0.1388984,-0.3137076,-0.2927116,0.04683404,-0.1496237,-0.2725094,9.117445,-0.7518061,-1.84839,25.25,0.625,-3.375,-2.493953,-78.44316,-165.4711,-0.7700459,-0.6292291,-0.06321344,-0.08428731
30560,-0.1383167,-0.3156206,-0.2963302,0.04469782,-0.146986,-0.2780345,9.131811,-0.6608232,-1.920218,7.125,2,-5.125,-2.522002,-78.48534,-165.5961,-0.7699227,-0.6295999,-0.06237932,-0.0832579
30571,-0.1377649,-0.3175403,-0.3000547,0.04239305,-0.1474813,-0.2861256,8.940269,-0.3974517,-1.939373,-11.25,3.375,-5.25,-2.360587,-78.54465,-166.1542,-0.7699105,-0.6301809,-0.06045236,-0.08034674
30583,-0.1372309,-0.3195142,-0.303926,0.04096776,-0.1514415,-0.297013,8.748725,-0.08140577,-1.877121,-18.125,4.375,-6.125,-1.924069,-78.6324,-167.0812,-0.7698382,-0.63095,-0.05836195,-0.07645317
30594,-0.1366881,-0.3215746,-0.3079228,0.04188235,-0.1589883,-0.3084186,8.743937,0.2681602,-1.733464,-12.625,4.375,-8,-1.120628,-78.75589,-168.3032,-0.7695501,-0.6318706,-0.05712392,-0.07258838
30606,-0.136112,-0.3237737,-0.312044,0.04441627,-0.1695289,-0.3177024,8.930691,0.5554746,-1.671212,1.125,3.125,-9.625,0.0110632,-78.88515,-169.6763,-0.7691245,-0.6327212,-0.05723201,-0.06954078
30617,-0.1354921,-0.3261156,-0.316275,0.04749751,-0.1794538,-0.3242128,9.150966,0.5458975,-1.652058,18.125,1.375,-11.5,1.26117,-78.99729,-170.9434,-0.7686319,-0.6333655,-0.05868048,-0.06789657
30629,-0.1348423,-0.3285086,-0.3205161,0.05029109,-0.1852051,-0.3282382,9.332932,0.258583,-1.642481,32.5,-0.375,-13.375,2.390821,-79.08186,-171.8963,-0.7681367,-0.633763,-0.06102198,-0.06772661
30640,-0.1341576,-0.330947,-0.3248352,0.05241339,-0.1866654,-0.3306311,9.452645,-0.05746289,-1.652058,33.375,-1.75,-14,3.320149,-79.14052,-172.6293,-0.7677411,-0.6340044,-0.06321365,-0.06794287
30651,-0.1334551,-0.3333723,-0.3291471,0.05403978,-0.1865571,-0.3316843,9.548417,-0.1628115,-1.68079,21.5,-2.25,-12.125,4.027307,-79.18213,-173.2959,-0.7675102,-0.6342371,-0.06427178,-0.06738551
30663,-0.132719,-0.3358356,-0.3334974,0.05632256,-0.1884753,-0.3328467,9.548417,0.02394287,-1.656847,10.125,-2.875,-9.5,4.697291,-79.216,-174.0793,-0.7674006,-0.6345154,-0.06442732,-0.06584606
30674,-0.131953,-0.3383225,-0.3378019,0.05979527,-0.1941324,-0.3360272,9.40476,0.3639317,-1.585018,10.25,-3.875,-8.25,5.530172,-79.24426,-175.0277,-0.7673118,-0.6347674,-0.0647544,-0.06410914
30686,-0.1311156,-0.3409774,-0.3422998,0.06370524,-0.2019766,-0.3421782,9.189274,0.5554746,-1.54671,23.375,-4.75,-8.875,6.582169,-79.26175,-176.0275,-0.7671683,-0.634872,-0.06625894,-0.06324561
30697,-0.1302435,-0.3436914,-0.346824,0.06696531,-0.2084013,-0.347399,9.246737,0.4692803,-1.589807,42.75,-5.25,-11,7.678295,-79.26481,-176.8152,-0.7669408,-0.6347497,-0.06923185,-0.06404556
30709,-0.1293414,-0.3464537,-0.3513973,0.06884535,-0.2108129,-0.349031,9.50532,0.158023,-1.690367,54.25,-5,-12.625,8.610838,-79.25891,-177.2798,-0.7666591,-0.6344686,-0.0729002,-0.06609883
30720,-0.1284568,-0.3491315,-0.3558436,0.06930859,-0.2097884,-0.3483439,9.668132,-0.1149258,-1.776561,54.875,-4.125,-13.375,9.341406,-79.25365,-177.5418,-0.7663664,-0.6341751,-0.07633853,-0.06838861
30732,-0.127549,-0.3518282,-0.3603893,0.06951685,-0.2065214,-0.348114,9.634611,-0.2777373,-1.752618,46.5,-3.125,-13.125,9.929794,-79.26241,-177.758,-0.7660496,-0.6340245,-0.07907337,-0.07020266
30743,-0.1266463,-0.3544636,-0.3649376,0.06939469,-0.2025806,-0.3496315,9.500531,-0.3256231,-1.738253,31.75,-2.5,-11.5,10.35438,-79.27601,-178.0049,-0.7658304,-0.634026,-0.08054032,-0.0709083
30755,-0.1256708,-0.3572924,-0.36994,0.06878886,-0.1994805,-0.3527552,9.390394,-0.2394287,-1.766984,10.625,-1.75,-7.375,10.5706,-79.29101,-178.3338,-0.7657975,-0.6342244,-0.08015952,-0.069915
30767,-0.1247992,-0.3598371,-0.374484,0.06836471,-0.1995977,-0.3564222,9.318565,0,-1.790927,-7.375,-1.25,-3.625,10.69356,-79.30427,-178.7952,-0.7659153,-0.634559,-0.07842068,-0.06751873
30778,-0.1238949,-0.3625083,-0.3792259,0.06890877,-0.203553,-0.3613355,9.23716,0.3208345,-1.757407,-13.125,-1.25,-0.875,10.88598,-79.32047,-179.4195,-0.7660552,-0.6349777,-0.07624112,-0.06442111
30790,-0.1229824,-0.3652316,-0.3839814,0.07036346,-0.2099993,-0.366712,9.20364,0.5458975,-1.71431,-4.125,-1.5,-0.25,11.20779,-79.33826,179.9448,-0.7660949,-0.6353384,-0.07485995,-0.06196661
30801,-0.1220346,-0.3680609,-0.3888411,0.07254158,-0.2165374,-0.3719369,9.227583,0.5746289,-1.661635,16.25,-2.125,-1.875,11.6557,-79.35582,179.4488,-0.7659709,-0.6355397,-0.07509352,-0.06114649
30813,-0.1210708,-0.3709312,-0.393738,0.07410732,-0.2207123,-0.3765407,9.270679,0.3974517,-1.68079,33.125,-2.75,-3.875,12.07929,-79.36246,179.2021,-0.7657863,-0.6355199,-0.07655213,-0.06185149
30824,-0.1201089,-0.3737997,-0.3986655,0.07437506,-0.2217929,-0.3810019,9.270679,0.1436572,-1.733464,39.25,-2.625,-4,12.2904,-79.36275,179.25,-0.7656161,-0.635374,-0.07822857,-0.06334289
30836,-0.1191554,-0.3766583,-0.4036827,0.07344442,-0.2201835,-0.3864449,9.189274,-0.08619434,-1.766984,32.25,-1.75,-2.5,12.20466,-79.36744,179.5065,-0.7655056,-0.6352773,-0.07907494,-0.06458472
30848,-0.1181224,-0.379789,-0.4093472,0.07186597,-0.2178019,-0.3940815,9.074348,-0.1436572,-1.771773,20,-0.5,-0.75,11.92519,-79.38592,179.7975,-0.7654311,-0.6353583,-0.07881006,-0.0649923
30860,-0.1171672,-0.3827445,-0.4148395,0.07002523,-0.2166618,-0.4026285,8.973788,-0.07182861,-1.790927,10.75,0.625,-0.125,11.68485,-79.41162,179.9205,-0.7653835,-0.6355817,-0.07787199,-0.06449911
30872,-0.116277,-0.3855724,-0.4201846,0.06846149,-0.2174849,-0.4110706,8.949845,0.07661719,-1.795715,8,1.75,0,11.5791,-79.44849,179.8762,-0.7652751,-0.6359169,-0.07689891,-0.06364183
30883,-0.1153874,-0.3884502,-0.4256605,0.06804671,-0.2201176,-0.4188331,9.016886,0.2346401,-1.738253,9.75,2.375,-0.125,11.61921,-79.50409,179.706,-0.7650339,-0.6363793,-0.07618945,-0.06276575
30894,-0.1145128,-0.3913181,-0.4311247,0.0681291,-0.2234101,-0.4256622,9.083925,0.3016802,-1.71431,16.5,2.125,-0.875,11.76485,-79.55956,179.5192,-0.764731,-0.6367942,-0.07609131,-0.06236726
30906,-0.1136216,-0.3942814,-0.4367681,0.06827179,-0.2269965,-0.4323084,9.107868,0.3256231,-1.709521,25.375,1.875,-2.125,12.02046,-79.61252,179.3389,-0.764365,-0.6371279,-0.07676221,-0.06262343
30917,-0.1127331,-0.3972939,-0.4425047,0.06794487,-0.2303872,-0.4387131,9.122234,0.3064688,-1.738253,33.625,1.75,-3,12.31962,-79.65818,179.2245,-0.7639724,-0.6373447,-0.07809214,-0.06355829
30929,-0.1118393,-0.4004022,-0.4484375,0.06708846,-0.2333055,-0.4453096,9.112657,0.258583,-1.762195,37.625,1.5,-2.75,12.56077,-79.69611,179.2254,-0.7635955,-0.6374612,-0.07967976,-0.06493454
30940,-0.1110045,-0.4033546,-0.4540988,0.06671228,-0.235923,-0.4523911,9.050406,0.2537944,-1.709521,37.125,1.25,-1.875,12.72456,-79.73402,179.2818,-0.7632378,-0.63758,-0.08105944,-0.0662505
30952,-0.1101316,-0.4064836,-0.4601452,0.06662776,-0.2388421,-0.4615228,8.925902,0.2681602,-1.661635,33.5,0.625,-0.125,12.78509,-79.76872,179.4019,-0.7629318,-0.6376903,-0.08210786,-0.06741397
30963,-0.109251,-0.4096946,-0.4664046,0.06649567,-0.2424645,-0.4726611,8.782246,0.3112573,-1.64727,29.875,-0.125,2.125,12.72512,-79.79113,179.593,-0.7627371,-0.6377374,-0.08275764,-0.06836967
30975,-0.108335,-0.4131315,-0.4731752,0.0657878,-0.2468554,-0.4862844,8.638588,0.3352002,-1.671212,28.75,-0.875,3.875,12.55763,-79.79459,179.88,-0.7626666,-0.6376534,-0.08323772,-0.06935036
30987,-0.1075174,-0.4163335,-0.4795488,0.06413212,-0.2511569,-0.4999331,8.533239,0.3304116,-1.738253,30.75,-1,4.5,12.36534,-79.7816,-179.7937,-0.7626801,-0.637446,-0.08378173,-0.07044341
30999,-0.1066878,-0.4197355,-0.4864051,0.06227414,-0.2553828,-0.5147011,8.494931,0.2968916,-1.738253,36.375,-0.25,4.125,12.17013,-79.77675,-179.3826,-0.7625951,-0.6372328,-0.08477139,-0.07208978
31010,-0.1059065,-0.4230427,-0.4931681,0.06111496,-0.2586991,-0.5290184,8.494931,0.2394287,-1.676001,43,0.375,2.625,12.04639,-79.79036,-178.9647,-0.7623446,-0.6370909,-0.08626433,-0.07419153
31022,-0.1050372,-0.4267435,-0.5008672,0.06154342,-0.2619867,-0.5450336,8.504508,0.2298516,-1.54671,49,0.75,0.875,12.04702,-79.83479,-178.5534,-0.7618251,-0.6370729,-0.08853249,-0.07695913
31034,-0.1042154,-0.4302033,-0.5081955,0.06278674,-0.2643236,-0.5598762,8.518873,0.1819658,-1.465304,50.125,0.875,0.5,12.03561,-79.89071,-178.1445,-0.7612427,-0.6371334,-0.09070255,-0.07964782
31045,-0.1034026,-0.4335997,-0.5155439,0.06354345,-0.2655524,-0.5745445,8.504508,0.08140577,-1.470092,46.875,1.125,0.875,11.909,-79.94508,-177.6701,-0.7607053,-0.637206,-0.09247427,-0.08212639
31057,-0.1025809,-0.4370539,-0.5231939,0.06347691,-0.266839,-0.5909632,8.375216,0.05746289,-1.503612,38.25,1.75,2.25,11.66562,-79.9961,-177.1879,-0.760268,-0.6373307,-0.09351919,-0.08400195
31068,-0.1017559,-0.4406113,-0.5312497,0.06243065,-0.2691951,-0.6095969,8.221982,0.1053486,-1.561075,27.125,3.25,4.5,11.3033,-80.04996,-176.7325,-0.7599261,-0.6375854,-0.0936287,-0.08503543
31080,-0.1009615,-0.4441181,-0.5393193,0.0618309,-0.2729418,-0.6280782,8.198039,0.2154858,-1.541921,21.75,5.125,5.625,10.97655,-80.12745,-176.3875,-0.7595015,-0.6380634,-0.09335592,-0.08554117
31091,-0.1001385,-0.447725,-0.5476966,0.06336954,-0.2777324,-0.6450531,8.356062,0.3256231,-1.407841,29,6.875,4.125,10.8525,-80.2569,-176.1508,-0.7586989,-0.6388249,-0.09381149,-0.08647624
31102,-0.09925093,-0.4514641,-0.5564404,0.06712057,-0.2827496,-0.6612033,8.470988,0.3782974,-1.245029,52.25,7.625,-1.75,11.22543,-80.43265,-176.0956,-0.7573591,-0.6396623,-0.09653066,-0.089001
31114,-0.09833882,-0.4551166,-0.5650747,0.07171195,-0.2871695,-0.6788569,8.322542,0.3782974,-1.115738,80,7,-8.875,12.14594,-80.61366,-176.2437,-0.7556611,-0.6402609,-0.1017167,-0.09325268
31125,-0.09736799,-0.4588789,-0.5742122,0.07460441,-0.2891197,-0.7021776,7.910725,0.1628115,-1.110949,100.5,5.75,-14.875,13.37243,-80.77109,-176.4037,-0.7537819,-0.640421,-0.1088352,-0.09914054
31137,-0.09640783,-0.4626106,-0.5837476,0.0736436,-0.2862154,-0.7313537,7.441444,-0.2777373,-1.192355,96.875,5.5,-16.625,14.24263,-80.8885,-176.2441,-0.7521257,-0.6402664,-0.1153902,-0.1051248
31148,-0.09550531,-0.4662581,-0.5936846,0.06915843,-0.2795019,-0.7614611,7.345673,-0.6464576,-1.326435,70,6.625,-15.25,14.55416,-80.98269,-175.8716,-0.7509262,-0.6402153,-0.1194692,-0.1093686
31160,-0.09468843,-0.469746,-0.603798,0.06360018,-0.2715597,-0.7873986,7.62341,-0.7805376,-1.403052,41.625,8.75,-14.625,14.67903,-81.09351,-175.6873,-0.7499914,-0.6406329,-0.1212641,-0.1113441
31171,-0.09390281,-0.4732205,-0.614411,0.05997064,-0.2652287,-0.8101553,7.92509,-0.5937832,-1.321646,26,10.75,-17.25,15.27067,-81.2599,-176.169,-0.7488902,-0.6416662,-0.1223538,-0.111614
31183,-0.09311292,-0.4766586,-0.6253115,0.06027,-0.2623338,-0.8317193,8.054382,-0.2154858,-1.110949,28.125,11.5,-23.625,16.88545,-81.48069,-177.645,-0.7473366,-0.6431376,-0.124485,-0.1112011
31194,-0.09229577,-0.4800876,-0.636511,0.06231108,-0.2614714,-0.8540138,8.016073,0.02394287,-1.000812,40.75,10.25,-30.75,19.48825,-81.69395,-179.9394,-0.7454876,-0.6445374,-0.1283704,-0.1110896
31206,-0.09143033,-0.4836405,-0.6485283,0.06324887,-0.2596568,-0.8782641,7.939456,-0.01436572,-1.024755,49.875,8.375,-35,22.61553,-81.86015,177.3851,-0.7435818,-0.645633,-0.1334428,-0.1115213
31218,-0.09062007,-0.4870364,-0.6604455,0.06131325,-0.2569793,-0.9017896,7.910725,-0.1053486,-1.182778,40,7.25,-34.375,25.45904,-81.95356,174.8486,-0.7421683,-0.6464653,-0.1374453,-0.1112545
31229,-0.08989403,-0.4903409,-0.6723779,0.05633854,-0.2564181,-0.9259217,7.781433,0.004788574,-1.436572,14.875,8.25,-29,27.83572,-81.99389,172.4424,-0.7413933,-0.6473389,-0.1391788,-0.1091682
31241,-0.08919355,-0.4939916,-0.6856746,0.05022488,-0.2617584,-0.9533764,7.652142,0.4405488,-1.604172,-4,11.25,-23.125,30.41303,-82.02267,169.5597,-0.7407997,-0.6486138,-0.1394909,-0.1051583
31253,-0.08856983,-0.4975582,-0.6985264,0.04739486,-0.2710146,-0.9765791,7.85805,0.8810977,-1.508401,1.75,14.5,-21.25,33.28257,-82.08778,166.4722,-0.7397365,-0.6501946,-0.1403868,-0.1016289
31264,-0.0879334,-0.5011716,-0.7113246,0.04941627,-0.2805654,-0.9937233,8.322542,1.115738,-1.201932,32.375,15.875,-24,36.70359,-82.19384,163.2333,-0.7378033,-0.6518297,-0.1437732,-0.1004669
31276,-0.08723021,-0.5048858,-0.7244399,0.05400381,-0.2852452,-1.007244,8.662531,0.8906748,-0.900252,66.25,13.75,-28.125,40.30017,-82.30005,160.268,-0.7352874,-0.6530662,-0.1497048,-0.1022036
31288,-0.08643349,-0.5089268,-0.7391097,0.0553972,-0.280979,-1.020011,8.844497,0.2394287,-0.900252,85.625,9.5,-31.75,43.61934,-82.36146,157.9353,-0.7326639,-0.6535195,-0.1574736,-0.1063864
31300,-0.08579063,-0.5123745,-0.7521077,0.05104883,-0.2737812,-1.032162,8.753514,-0.158023,-1.182778,71.625,6.5,-30.375,45.67776,-82.35417,156.5678,-0.7311084,-0.653453,-0.1628462,-0.1093653
31311,-0.08522984,-0.5158411,-0.7657225,0.0431749,-0.2668828,-1.048177,8.461411,-0.2154858,-1.398264,35.125,5.25,-23.875,46.92685,-82.32468,155.5536,-0.7304276,-0.6535488,-0.1651306,-0.1099148
31323,-0.084749,-0.5192974,-0.7796857,0.03676679,-0.2642883,-1.067686,8.183674,0.1436572,-1.379109,-10.875,5.375,-13.625,47.65982,-82.32,154.4442,-0.7304486,-0.6544204,-0.1634875,-0.1070079
31334,-0.08428376,-0.5227609,-0.7936797,0.03612371,-0.2689219,-1.086571,8.193251,0.8571548,-1.163624,-35.125,4.875,-5.5,48.59831,-82.33241,152.8076,-0.73056,-0.6559412,-0.1600677,-0.1019882
31345,-0.08373351,-0.5264282,-0.8080562,0.04213268,-0.2808039,-1.100807,8.552394,1.61375,-0.9050406,-23.125,2.25,-1.875,50.06484,-82.32205,150.7777,-0.7303374,-0.657427,-0.1578225,-0.09741229
31357,-0.08310129,-0.5302468,-0.8225179,0.04854989,-0.2932463,-1.11056,8.882805,1.723887,-0.9241948,17.875,-1.625,-4.5,51.55595,-82.24379,149.2594,-0.729893,-0.6578681,-0.1589156,-0.09597734
31368,-0.08247378,-0.5341656,-0.8370972,0.04816213,-0.3007788,-1.118994,8.973788,1.211509,-1.312069,66.375,-3.875,-11.25,52.65469,-82.08496,148.7769,-0.7294211,-0.6568174,-0.1637805,-0.09854774
31380,-0.08193497,-0.5380521,-0.8516089,0.0419054,-0.3022663,-1.128607,8.882805,0.6081489,-1.58023,88.5,-2.75,-15.5,53.33781,-81.92645,148.9977,-0.7288894,-0.6551028,-0.1700322,-0.1031969
31391,-0.08149296,-0.5419616,-0.8665803,0.03368428,-0.2979307,-1.140942,8.729571,0.1197144,-1.527555,79.75,0.125,-14.75,53.64007,-81.85143,149.5089,-0.7282739,-0.6536798,-0.1751764,-0.1078569
31403,-0.08113525,-0.5457667,-0.8816675,0.02738526,-0.2913054,-1.155043,8.624223,-0.004788574,-1.307281,52.5,2.125,-10.875,53.73311,-81.86721,149.8676,-0.7277231,-0.6531177,-0.1777491,-0.1107325
31414,-0.08078926,-0.5495007,-0.8969953,0.026367,-0.2845623,-1.168099,8.743937,0.1532344,-0.933772,24.75,1.875,-6.625,53.87843,-81.95182,149.8042,-0.7272078,-0.6534984,-0.1779696,-0.111515
31426,-0.08039971,-0.5533355,-0.9132237,0.02831652,-0.278757,-1.17965,8.906748,0.3352002,-0.775749,10.625,-0.625,-4.75,54.05192,-82.03222,149.5166,-0.7268853,-0.6541765,-0.1771036,-0.1110186
31438,-0.08002707,-0.5569509,-0.928817,0.02844539,-0.2759849,-1.190326,8.897171,0.4788574,-0.9768692,9.25,-2,-4.75,54.17247,-82.04996,149.2683,-0.7268661,-0.6545308,-0.1763791,-0.1102073
31449,-0.0796637,-0.5605319,-0.9443355,0.02811584,-0.2770736,-1.200752,8.86844,0.7470176,-1.125315,18.75,-1.625,-6.625,54.63474,-82.01443,148.8028,-0.7267461,-0.6546291,-0.1767966,-0.1097439
31462,-0.07926549,-0.5645865,-0.9620383,0.02726919,-0.2776587,-1.212269,8.887594,0.708709,-1.139681,36.375,-0.25,-9.875,55.45115,-81.96911,148.2443,-0.7262003,-0.6544883,-0.1789695,-0.1106711
31473,-0.0789724,-0.5679908,-0.9772885,0.02349261,-0.2728626,-1.222366,8.897171,0.225063,-1.187566,44.5,2.125,-13.375,56.0162,-81.96695,148.0097,-0.7255492,-0.6542967,-0.181218,-0.1124024
31485,-0.07871885,-0.5713829,-0.9931936,0.01964289,-0.2627905,-1.23219,8.992943,-0.1292915,-1.015178,33.375,4.125,-14.25,56.52639,-82.03637,147.7018,-0.7247661,-0.6546176,-0.1823964,-0.1136723
31496,-0.07847463,-0.5746489,-1.009372,0.01872361,-0.2504012,-1.240422,9.160542,-0.1771773,-0.7326519,14.875,4,-13.875,57.15058,-82.15053,147.0389,-0.7239791,-0.6555995,-0.1820681,-0.1135551
31507,-0.0782524,-0.5777262,-1.025455,0.01723368,-0.2386464,-1.247231,9.256314,-0.1484458,-0.7853262,-5.625,1.75,-13,57.58207,-82.23275,146.3029,-0.7236984,-0.6567286,-0.1802261,-0.1117441
31519,-0.07807283,-0.5807332,-1.041891,0.01370496,-0.2294905,-1.254326,9.208428,-0.009577149,-1.000812,-27.875,0.625,-10.25,57.72082,-82.27961,145.5606,-0.7240129,-0.6579711,-0.1766412,-0.1080613
31530,-0.07790965,-0.5836682,-1.058326,0.01256386,-0.2259832,-1.265421,8.863651,0.4453374,-0.9529263,-52.5,0.375,-4.875,57.87158,-82.32011,144.4833,-0.7246169,-0.6596565,-0.1712237,-0.1023035
31542,-0.07772394,-0.5866507,-1.075005,0.0142965,-0.2295935,-1.28401,8.245925,1.010389,-0.8667319,-63.625,0,0.375,58.22087,-82.33607,143.0533,-0.7252772,-0.6615273,-0.1651189,-0.09534339
31553,-0.07750215,-0.5897579,-1.09197,0.01711709,-0.2398089,-1.309301,7.676085,1.498824,-0.8858863,-58.125,-0.125,4.5,58.75726,-82.30678,141.5028,-0.7258695,-0.6631622,-0.1596848,-0.08848908
31565,-0.07724154,-0.5930685,-1.109456,0.01992547,-0.2531262,-1.336974,7.484541,1.723887,-0.9241948,-41.125,0.125,6.625,59.33537,-82.25636,140.1204,-0.72629,-0.6644078,-0.1555715,-0.08284082
31576,-0.07694857,-0.5965102,-1.127139,0.02256767,-0.2651153,-1.362113,7.671296,1.661635,-0.9050406,-18.625,0.375,8,59.7099,-82.23838,139.2401,-0.7264726,-0.665249,-0.1529224,-0.07934846
31588,-0.07661165,-0.6000953,-1.145225,0.02576274,-0.2741339,-1.382908,8.044805,1.489247,-0.8188462,4.375,-1,7.875,59.85057,-82.25225,138.8918,-0.726476,-0.6656755,-0.1517268,-0.07802407
31599,-0.07631082,-0.6036708,-1.163197,0.02343812,-0.2785743,-1.400239,8.293811,1.039121,-1.144469,23.75,-2.5,6.25,59.2745,-82.25374,139.52,-0.7268044,-0.6652439,-0.1517147,-0.07866825
31611,-0.07609968,-0.6073003,-1.181682,0.01618056,-0.2781376,-1.416571,8.408736,0.5458975,-1.403052,30.625,-2.375,4.75,58.12141,-82.2665,140.823,-0.7273821,-0.6643742,-0.1518986,-0.08030638
31622,-0.07594547,-0.61092,-1.200444,0.01179011,-0.2767548,-1.434523,8.312965,0.517166,-1.168412,24.25,-2.875,6.125,57.01166,-82.31423,141.9964,-0.7278453,-0.6638208,-0.1514371,-0.08154795
31634,-0.07578168,-0.6146009,-1.219773,0.01232277,-0.2769315,-1.454192,8.221982,0.7230747,-0.8475776,14.75,-6.625,9.5,55.89014,-82.36738,143.0472,-0.7283698,-0.6634831,-0.1501609,-0.08197203
31645,-0.07562828,-0.6180805,-1.238241,0.0122279,-0.2773694,-1.47214,8.265079,0.708709,-0.9194063,11.625,-11,11.75,54.35949,-82.37811,144.4684,-0.7293048,-0.6627775,-0.148604,-0.08220303
31656,-0.07553264,-0.6217268,-1.257753,0.007298824,-0.2782612,-1.488976,8.375216,0.6033604,-1.321646,9.625,-12.75,12.875,52.19542,-82.32757,146.494,-0.7308432,-0.6614763,-0.1467323,-0.08238368
31668,-0.07552876,-0.6254271,-1.277669,0.0002923841,-0.2794559,-1.504146,8.494931,0.5554746,-1.517978,6,-11.125,13.875,49.90892,-82.27221,148.5934,-0.7324708,-0.6601755,-0.1444634,-0.08237235
31680,-0.07561864,-0.6292873,-1.298804,-0.00646737,-0.2777727,-1.520799,8.466199,0.3304116,-1.426995,-3,-7.875,14.875,47.46537,-82.28423,150.7174,-0.7339398,-0.6593436,-0.1410107,-0.08194165
31691,-0.07575069,-0.6327823,-1.318444,-0.010339,-0.2736449,-1.537807,8.370428,0.1532344,-1.182778,-21.5,-4.25,16.5,45.22509,-82.384,152.4277,-0.7349896,-0.6593913,-0.1361266,-0.08039331
31703,-0.07585226,-0.6363908,-1.339152,-0.007621776,-0.2707663,-1.553837,8.538028,0.3830859,-0.7374405,-38.5,-2.875,18.375,43.32202,-82.56128,153.5451,-0.7356129,-0.6603618,-0.1297242,-0.07725081
31714,-0.07583621,-0.6398438,-1.359141,0.001255931,-0.270183,-1.564038,8.973788,0.6799775,-0.3447773,-40.875,-5.625,18.375,41.89496,-82.7341,154.1827,-0.7359596,-0.6615432,-0.1236475,-0.0737244
31727,-0.07569191,-0.6437187,-1.381561,0.01010932,-0.2714684,-1.570725,9.285046,0.7805376,-0.483646,-26.375,-10.75,14.875,40.40336,-82.80637,155.0006,-0.7366768,-0.6620181,-0.118546,-0.07061346
31738,-0.07551695,-0.6472708,-1.401944,0.01351943,-0.2744823,-1.575059,9.37124,0.8188462,-0.8954634,-3.75,-15,8.625,39.29144,-82.72404,155.7991,-0.7377264,-0.661417,-0.1162698,-0.06905514
31750,-0.07535642,-0.6508616,-1.422126,0.01254721,-0.2806625,-1.577424,9.462223,0.9768692,-1.336012,10,-16.625,5.375,38.42438,-82.5381,156.5342,-0.7390679,-0.6601417,-0.1155079,-0.06818719
31761,-0.07525364,-0.6546112,-1.442563,0.007940449,-0.2896546,-1.578752,9.490954,1.110949,-1.709521,15.375,-15.75,6.125,37.54306,-82.30865,157.3512,-0.7405953,-0.6585317,-0.115224,-0.06766126
31773,-0.07520967,-0.6585401,-1.46346,0.003326952,-0.2973079,-1.581319,9.40476,0.9864463,-1.699944,17.75,-13.75,8.5,36.44996,-82.12059,158.4093,-0.7419966,-0.65703,-0.1147871,-0.06764992
31784,-0.07520337,-0.6624438,-1.483797,0.0004902077,-0.3039127,-1.583278,9.462223,0.9433491,-1.594595,16.625,-12,11,35.29665,-81.99132,159.512,-0.7431414,-0.6558561,-0.1140024,-0.06780221
31795,-0.07520194,-0.6664912,-1.504308,0.0001110079,-0.3117168,-1.579658,9.902772,1.077429,-1.513189,21,-11,13.125,34.18306,-81.89928,160.6277,-0.7440469,-0.6548682,-0.1134119,-0.06840811
31807,-0.07518462,-0.6707065,-1.525041,0.001309085,-0.318738,-1.567779,10.53486,1.039121,-1.489247,31.75,-11.375,14.25,32.93167,-81.82536,162.0222,-0.7448189,-0.6538036,-0.1134419,-0.07011815
31818,-0.07515847,-0.6748199,-1.544766,0.002056193,-0.3233829,-1.550665,10.98499,0.8523662,-1.570652,48,-12.875,13,31.65042,-81.73554,163.6502,-0.7455391,-0.6524429,-0.1146147,-0.07316546
31830,-0.07514782,-0.679061,-1.564768,0.0008181605,-0.3260136,-1.537565,10.64021,0.5985718,-1.666424,60.75,-13.75,10.375,30.38005,-81.6096,165.4452,-0.7462995,-0.6506964,-0.1168497,-0.0773132
31841,-0.07517393,-0.6833561,-1.584974,-0.001986518,-0.3268476,-1.537637,9.629823,0.3543545,-1.632904,55.625,-13.5,10.125,28.99751,-81.47085,167.2924,-0.7471737,-0.6488984,-0.1186216,-0.08118711
31853,-0.07521837,-0.6875996,-1.605035,-0.003429936,-0.3274813,-1.548147,8.844497,0.3064688,-1.441361,28.625,-13.375,14.5,27.35278,-81.3548,169.0409,-0.7482373,-0.6475472,-0.1180171,-0.08303991
31864,-0.07525337,-0.6918187,-1.625081,-0.002724924,-0.3284644,-1.560614,8.705628,0.3399888,-1.288126,-5.25,-14.25,20.625,25.34956,-81.25857,170.7044,-0.7495867,-0.6466985,-0.1144981,-0.08240756
31876,-0.07527503,-0.6961361,-1.645558,-0.001654745,-0.329919,-1.564812,9.347297,0.3591431,-1.393475,-32.5,-16.25,24.375,23.04518,-81.13437,172.3016,-0.7513759,-0.6459814,-0.1086218,-0.07964715
31887,-0.07528809,-0.7004673,-1.665955,-0.0009959595,-0.330275,-1.55537,10.37205,0.2537944,-1.594595,-43.75,-18.625,23.375,20.75858,-80.96728,173.7336,-0.7534208,-0.6451421,-0.1019214,-0.07590102
31899,-0.07531639,-0.7048984,-1.686917,-0.002073209,-0.3245956,-1.535564,11.09034,-0.2346401,-1.776561,-53.375,-21.125,19.625,18.35096,-80.74686,175.1288,-0.7558008,-0.6440631,-0.0941967,-0.07123772
31911,-0.07537543,-0.7090877,-1.706788,-0.00449377,-0.318868,-1.512462,11.36808,-0.292103,-1.98247,-72.75,-22,15.625,16.41653,-80.49819,175.8386,-0.7582751,-0.6430274,-0.08567971,-0.06475865
31922,-0.07546607,-0.713278,-1.726439,-0.006853385,-0.316848,-1.485894,11.59314,0,-2.130916,-83.25,-20.75,10.625,15.16631,-80.24783,175.7193,-0.7606125,-0.6421297,-0.07697899,-0.05667629
31934,-0.07558078,-0.7173779,-1.745235,-0.008901628,-0.3181675,-1.458603,11.68412,0.292103,-2.21711,-74.75,-17.75,2.75,14.77551,-80.03088,174.8907,-0.7624437,-0.6414123,-0.06995856,-0.04874282
31946,-0.07574198,-0.7220816,-1.765868,-0.01113609,-0.324932,-1.425337,11.83736,0.7278633,-2.327247,-50.75,-12.25,-7.75,15.52969,-79.84176,173.1228,-0.7637317,-0.6409152,-0.06529415,-0.04096812
31958,-0.07585941,-0.7263,-1.783385,-0.009333512,-0.3352985,-1.39235,12.18213,1.206721,-2.15007,-14.375,-7.5,-15.375,17.00004,-79.74547,171.2336,-0.7640623,-0.6408581,-0.06465006,-0.03647049
31970,-0.07590428,-0.7310858,-1.802206,-0.003215899,-0.3430183,-1.348981,12.71845,1.077429,-1.910641,29,-5.125,-23.875,19.15206,-79.68832,169.2354,-0.7637511,-0.6409694,-0.06790239,-0.03509877
31982,-0.07589355,-0.7358394,-1.820399,0.0007658303,-0.3393537,-1.298769,13.20689,0.3399888,-2.030355,56.375,-4.625,-32.25,21.37449,-79.61707,167.5703,-0.7632802,-0.6408436,-0.07351524,-0.03631131
31994,-0.07591394,-0.7403948,-1.837733,-0.001465774,-0.327511,-1.246256,13.36012,-0.2346401,-2.408653,47.5,-3.125,-35.75,23.38417,-79.52178,166.0029,-0.7629541,-0.6406288,-0.07830895,-0.03692636
32007,-0.07601884,-0.7448135,-1.854578,-0.00744411,-0.3135635,-1.195343,13.16858,-0.3447773,-2.614562,11,-0.25,-32.75,25.06877,-79.44338,164.2517,-0.7627469,-0.6408143,-0.07988989,-0.03452288
32018,-0.07621571,-0.7488095,-1.86982,-0.01489438,-0.3023102,-1.153154,12.72324,-0.1723887,-2.691179,-40.25,4,-24.5,26.16978,-79.42485,162.4022,-0.7625964,-0.6416611,-0.07690886,-0.02833295
32030,-0.07648986,-0.7526692,-1.884311,-0.02111869,-0.2973375,-1.116319,12.35452,0.3735088,-2.58583,-73.75,8.375,-18.25,27.21022,-79.46315,160.1817,-0.7621915,-0.6431188,-0.07129343,-0.01948387
32041,-0.07679632,-0.7564634,-1.897986,-0.02420743,-0.2997007,-1.08012,12.36889,1.067852,-2.375133,-70.875,11.375,-18.125,28.69692,-79.52238,157.575,-0.7613435,-0.6448537,-0.06637848,-0.01066343
32053,-0.0771418,-0.76047,-1.911662,-0.02632209,-0.3052666,-1.041969,12.4072,1.417418,-2.269784,-33.625,12.625,-23.375,30.80755,-79.55244,154.7961,-0.7601686,-0.6464878,-0.06465095,-0.004191263
32064,-0.07752823,-0.7644812,-1.92478,-0.02966163,-0.30789,-1.006955,12.1965,1.259395,-2.264996,5.625,13.375,-29.375,33.16129,-79.54193,152.3004,-0.7589306,-0.6477981,-0.06618939,-0.0009088791
32076,-0.0780038,-0.7686803,-1.938229,-0.0344867,-0.3044971,-0.9752503,11.84693,0.8475776,-2.21711,31.125,14.375,-32.25,35.56702,-79.52737,150.1053,-0.7575801,-0.6490066,-0.06973448,5.100602E-05
32088,-0.07851779,-0.7725555,-1.950647,-0.03926635,-0.2960454,-0.9486822,11.62666,0.4788574,-2.11655,34.375,14.375,-31,37.52438,-79.53728,148.3935,-0.7563142,-0.6501311,-0.07292709,0.000229209
32099,-0.07910977,-0.776292,-1.962793,-0.04503783,-0.2842712,-0.9240974,11.49258,0.2490059,-2.106973,25.125,13.375,-27.625,39.06591,-79.56376,146.9759,-0.7551959,-0.6511997,-0.07495134,0.0007311656
32111,-0.07978223,-0.7798173,-1.974479,-0.05195126,-0.2723546,-0.9027737,11.26752,0.225063,-2.135704,11.5,12.375,-23.25,40.21663,-79.59737,145.7669,-0.7542785,-0.6521922,-0.07553241,0.002025243
32123,-0.08063772,-0.7835618,-1.987132,-0.05988333,-0.2621038,-0.8857242,10.79823,0.4070288,-2.08303,-0.625,10.625,-17.125,41.09455,-79.63807,144.6422,-0.753497,-0.6531742,-0.07475,0.004270542
32135,-0.0814911,-0.7868106,-1.998289,-0.06700516,-0.2550884,-0.8759882,10.35769,0.5458975,-2.025567,-1,7.5,-12.875,41.56427,-79.65506,143.9405,-0.7530886,-0.6537412,-0.07377206,0.006139206
32146,-0.0824651,-0.7900388,-2.009581,-0.07505589,-0.2487618,-0.8701502,10.03206,0.5794175,-2.044721,1.25,3.125,-9.125,41.61525,-79.64024,143.6761,-0.7531024,-0.6538345,-0.07265548,0.007642895
32157,-0.08354344,-0.7931888,-2.020797,-0.08324424,-0.2431698,-0.8658248,9.90756,0.6225147,-2.054298,3.75,-1.375,-5.125,41.25254,-79.60123,143.8512,-0.7535082,-0.6534898,-0.07141927,0.008712442
32169,-0.08472776,-0.796307,-2.032112,-0.09021293,-0.2375213,-0.8618989,9.883617,0.6225147,-1.968104,11,-5.625,-2.75,40.61082,-79.54483,144.392,-0.7541875,-0.6528019,-0.07049399,0.009029347
32180,-0.0859653,-0.7992878,-2.0432,-0.09576992,-0.23068,-0.8581268,9.897983,0.517166,-1.886698,21.875,-9.875,-2.125,39.75906,-79.46777,145.2817,-0.755109,-0.6517732,-0.0702367,0.008309412
32192,-0.08728763,-0.8021858,-2.05431,-0.1016947,-0.2228678,-0.8543834,9.893194,0.4213945,-1.939373,27.375,-12.375,-1.375,38.70975,-79.36951,146.4396,-0.756258,-0.6504532,-0.07025412,0.006999373
32203,-0.08868633,-0.8049877,-2.065425,-0.1072541,-0.2148515,-0.8523437,9.763903,0.3687202,-1.925007,26.25,-13.875,1.375,37.45167,-79.2749,147.7884,-0.7575207,-0.6490314,-0.06992717,0.005563711
32215,-0.09019937,-0.8077908,-2.076998,-0.1114907,-0.2065514,-0.8527538,9.591515,0.3304116,-1.819658,19.75,-15.125,4.875,35.94506,-79.19556,149.296,-0.7588558,-0.647604,-0.06875926,0.004387612
32227,-0.09172304,-0.81046,-2.088434,-0.1139699,-0.1996636,-0.8554283,9.428702,0.3878745,-1.709521,11.375,-16.375,8.125,34.35476,-79.1256,150.7691,-0.7601705,-0.6462729,-0.0667645,0.003835287
32238,-0.09321575,-0.8130206,-2.099659,-0.1142876,-0.196051,-0.8593949,9.323354,0.5985718,-1.585018,5.375,-18.125,11.5,32.79154,-79.05151,152.1306,-0.7614567,-0.6450085,-0.0642898,0.003840099
32250,-0.09468726,-0.8155627,-2.110929,-0.1127596,-0.1947924,-0.8635712,9.308989,0.7565947,-1.489247,4.625,-20.125,14.125,31.21235,-78.96654,153.491,-0.7627742,-0.6437034,-0.06169244,0.003931561
32261,-0.09608997,-0.8180397,-2.122013,-0.1097491,-0.1938002,-0.8672418,9.356874,0.7518061,-1.412629,4.125,-22.125,16.75,29.52977,-78.88216,154.948,-0.7641166,-0.6423716,-0.05890015,0.003912636
32273,-0.09748543,-0.8205614,-2.133456,-0.1061351,-0.1917981,-0.8703392,9.419126,0.641669,-1.412629,0.25,-23.125,18.875,27.62132,-78.79707,156.5713,-0.7655424,-0.6409762,-0.05548299,0.003998782
32284,-0.09882887,-0.8230307,-2.144813,-0.103215,-0.1897071,-0.8725049,9.476588,0.5889946,-1.508401,-7.375,-22.75,21.125,25.6043,-78.7117,158.2052,-0.766969,-0.6396108,-0.05134103,0.004564119
32296,-0.1002383,-0.8257062,-2.157112,-0.100219,-0.1902556,-0.8746212,9.4718,0.742229,-1.565864,-13.625,-21.125,23.125,23.51049,-78.62352,159.7926,-0.768379,-0.6382863,-0.04637329,0.005815456
32308,-0.1014789,-0.8282072,-2.168407,-0.09648491,-0.1945038,-0.8784546,9.318565,0.9912349,-1.498824,-11.125,-19.375,23.875,21.85138,-78.55328,161.016,-0.7694482,-0.637275,-0.04220397,0.006997267
32320,-0.1026802,-0.8308362,-2.179955,-0.09192944,-0.2011785,-0.8836688,9.218005,1.134892,-1.450938,3.875,-18.125,22.125,20.47129,-78.48223,162.1488,-0.7703759,-0.6363323,-0.0393732,0.007204142
32331,-0.1038176,-0.8335224,-2.191465,-0.087695,-0.2071123,-0.887448,9.323354,1.053486,-1.513189,22.25,-16.375,18.875,19.30091,-78.41506,163.3178,-0.7711881,-0.6354371,-0.03811828,0.005967803
32342,-0.1049067,-0.8362642,-2.20302,-0.08382402,-0.2110175,-0.8892683,9.476588,0.8667319,-1.585018,37.625,-13.875,15.75,18.253,-78.36644,164.5717,-0.7718427,-0.6346619,-0.03810023,0.003423353
32354,-0.1059585,-0.8390472,-2.214672,-0.08042474,-0.2128011,-0.8909535,9.490954,0.6608232,-1.632904,41.125,-11.125,14.375,17.21109,-78.3457,165.8721,-0.7723211,-0.6340756,-0.03831466,0.0004649892
32365,-0.1069585,-0.8417969,-2.226185,-0.07756677,-0.2132845,-0.8930504,9.457435,0.517166,-1.666424,33.875,-7.875,14.875,16.12777,-78.36289,167.119,-0.7725822,-0.6337806,-0.03788277,-0.001974907
32377,-0.107923,-0.8445872,-2.237885,-0.07387641,-0.2137383,-0.8961946,9.395183,0.4740689,-1.589807,22.75,-5.25,16.5,14.97211,-78.42442,168.2936,-0.7726002,-0.6338328,-0.03649786,-0.003594195
32389,-0.1088919,-0.8476708,-2.250792,-0.06761825,-0.2151977,-0.9007856,9.347297,0.5075889,-1.417418,15.125,-4.25,16.625,13.78436,-78.52609,169.3913,-0.7723832,-0.6342068,-0.03442816,-0.00456209
32401,-0.1097312,-0.8506132,-2.263124,-0.06151773,-0.2156713,-0.9039347,9.443069,0.4118174,-1.412629,16.75,-4.375,13.25,12.81575,-78.61234,170.3021,-0.7721619,-0.6345534,-0.03283661,-0.005447571
32413,-0.1104798,-0.8534057,-2.274913,-0.05755165,-0.2146775,-0.9062163,9.476588,0.2681602,-1.551498,16.25,-3.875,9.75,12.01009,-78.67223,171.0532,-0.7720258,-0.6347808,-0.03149949,-0.006115973
32424,-0.1112084,-0.8562083,-2.286824,-0.05568014,-0.2141639,-0.9102692,9.313777,0.2729487,-1.68079,6.625,-2.5,8.625,11.28871,-78.72041,171.5954,-0.7719281,-0.6349941,-0.0295922,-0.005824707
32436,-0.1119059,-0.858981,-2.298551,-0.05449621,-0.2166355,-0.9162008,9.146177,0.4884346,-1.704732,-0.375,-1.625,8.625,10.76696,-78.76316,171.8489,-0.7718132,-0.6352398,-0.0274398,-0.00468566
32447,-0.1125997,-0.8619052,-2.310689,-0.05279057,-0.2224917,-0.9235696,9.050406,0.7374405,-1.652058,5.5,-1.5,7.25,10.53933,-78.80454,171.876,-0.7716396,-0.6355174,-0.02601591,-0.003647784
32459,-0.1132696,-0.864887,-2.322817,-0.05145285,-0.2290386,-0.9315488,8.992943,0.7901148,-1.666424,16.5,-2,5.875,10.44389,-78.83018,171.9168,-0.7715196,-0.6356823,-0.0255746,-0.003419133
32470,-0.113937,-0.8679187,-2.335095,-0.0510953,-0.2321035,-0.9399446,8.959422,0.5075889,-1.723887,22.125,-2.5,5.5,10.13233,-78.8441,172.252,-0.7715017,-0.6357108,-0.02532321,-0.003961395
32481,-0.1145774,-0.8708978,-2.347204,-0.05003443,-0.2327562,-0.9460938,9.1366,0.3160459,-1.690367,14,-2.375,6.75,9.600946,-78.87526,172.7039,-0.7714307,-0.6358389,-0.02422408,-0.004084222
32493,-0.1152041,-0.8739496,-2.359627,-0.04797149,-0.2336114,-0.9509173,9.261103,0.3208345,-1.632904,0.625,-2.625,9.375,8.896894,-78.91875,173.1482,-0.7713194,-0.6360627,-0.0219136,-0.003206934
32504,-0.1158175,-0.8770245,-2.372119,-0.04701271,-0.2356595,-0.9574129,9.117445,0.3926631,-1.690367,-12,-3.125,12.125,8.066615,-78.94338,173.5498,-0.771323,-0.6361727,-0.01853412,-0.001320637
32516,-0.1164824,-0.8804178,-2.3857,-0.04728187,-0.2413232,-0.9658761,8.992943,0.6225147,-1.762195,-20.875,-2.75,15.75,7.119378,-78.95823,173.9014,-0.7713767,-0.6362208,-0.01409914,0.001560446
32528,-0.1170901,-0.8836139,-2.398191,-0.04736121,-0.2490772,-0.973413,9.007308,0.8140576,-1.74783,-20.875,-2.625,18.5,6.235869,-78.97525,174.2348,-0.7713842,-0.6362774,-0.009991869,0.004209652
32540,-0.1177015,-0.8870018,-2.411047,-0.04661148,-0.2582805,-0.9801304,9.093503,0.900252,-1.695155,-6.125,-3.5,17.75,5.455764,-78.98842,174.6455,-0.7713871,-0.6363015,-0.007012907,0.005768621
32551,-0.1182914,-0.8904513,-2.42383,-0.04546298,-0.2658384,-0.9850644,9.232371,0.7661719,-1.690367,15.5,-4.625,14,4.824515,-78.98781,175.1985,-0.7714531,-0.6362353,-0.005834006,0.00555148
32564,-0.1189356,-0.8942768,-2.437915,-0.04517685,-0.2682672,-0.9877501,9.414337,0.3256231,-1.800504,27.625,-5.125,11.5,3.928312,-78.96852,176.1922,-0.771644,-0.6360209,-0.0053251,0.003844804
32575,-0.1195066,-0.8976777,-2.450476,-0.04493465,-0.2676606,-0.9886194,9.534052,0.07661719,-1.829235,20,-5.25,12.25,2.912906,-78.94956,177.1999,-0.7718196,-0.6358229,-0.004085535,0.002700299
32586,-0.120079,-0.9011586,-2.463382,-0.04387359,-0.2668122,-0.9892803,9.562783,0.02873145,-1.776561,4.75,-6,13.75,1.759906,-78.92735,178.1442,-0.7719935,-0.6356226,-0.001563356,0.002740948
32598,-0.1206304,-0.9046298,-2.476247,-0.04247439,-0.2673626,-0.9908723,9.495743,0.1101372,-1.743041,-5.625,-7.25,14.625,0.6447464,-78.88957,178.9143,-0.7722243,-0.6353367,0.001674761,0.003742103
32609,-0.1211663,-0.9081258,-2.48914,-0.04134395,-0.2697302,-0.9947281,9.318565,0.2298516,-1.738253,-10.875,-9.125,15.125,-0.3801409,-78.82147,179.5237,-0.7725949,-0.6348559,0.005202007,0.005317625
32621,-0.1217055,-0.9116971,-2.502213,-0.04130456,-0.2735595,-1.001428,9.088714,0.3256231,-1.790927,-12.625,-10.375,15.375,-1.321255,-78.72134,-179.9788,-0.7731193,-0.6341592,0.008797422,0.007169458
32632,-0.1222514,-0.9153037,-2.515313,-0.04205853,-0.2778596,-1.00923,8.988154,0.3495659,-1.84839,-13.125,-10.875,16.25,-2.266824,-78.60395,-179.4828,-0.7737158,-0.6333461,0.01244809,0.009037116
32644,-0.1228051,-0.918999,-2.528569,-0.04248785,-0.2835565,-1.017172,8.983365,0.4405488,-1.834024,-8.75,-11.125,16,-3.099752,-78.4868,-179.0458,-0.7742981,-0.6325369,0.01568066,0.01066344
32655,-0.1233551,-0.92282,-2.542055,-0.04177973,-0.2902816,-1.024507,9.050406,0.4980117,-1.771773,2.875,-11.625,13.625,-3.71873,-78.37671,-178.6719,-0.7748506,-0.631788,0.01782738,0.01152257
32666,-0.1238694,-0.9265816,-2.555212,-0.04028728,-0.2946549,-1.030665,9.131811,0.3112573,-1.74783,12.375,-12.25,11,-4.279711,-78.2702,-178.2212,-0.7753915,-0.6310845,0.01916876,0.01153209
32678,-0.1243693,-0.9304473,-2.568729,-0.03831896,-0.2963186,-1.036137,9.194062,0.07661719,-1.752618,12.5,-12.25,9.125,-4.893671,-78.16387,-177.7123,-0.7759202,-0.6303924,0.02055943,0.01142733
32690,-0.1248529,-0.9343722,-2.582504,-0.03658583,-0.2969096,-1.042019,9.160542,-0.0191543,-1.786138,3.25,-11.625,8.125,-5.503244,-78.05979,-177.3288,-0.7764156,-0.6296983,0.02262095,0.01213699
32701,-0.1252969,-0.9381599,-2.595791,-0.03504217,-0.2989279,-1.048624,9.083925,0.09098291,-1.786138,-7,-10.5,7.75,-5.970208,-77.97518,-177.21,-0.7767952,-0.6290975,0.02517032,0.01385724
32712,-0.1257289,-0.9421414,-2.609615,-0.03299323,-0.3041214,-1.055916,9.059982,0.3304116,-1.738253,-12.625,-9,7.125,-6.231633,-77.91864,-177.3855,-0.7770207,-0.6286398,0.02793114,0.01645373
32724,-0.1261437,-0.946334,-2.623879,-0.03088292,-0.312158,-1.062068,9.160542,0.5411089,-1.74783,-8.375,-7.625,5.875,-6.270009,-77.88456,-177.7401,-0.7771425,-0.6283132,0.03015163,0.01905271
32735,-0.126529,-0.9505943,-2.63806,-0.02896186,-0.3202257,-1.065902,9.323354,0.5602632,-1.795715,2.75,-6.25,3.25,-6.147748,-77.8687,-178.1002,-0.7771993,-0.6281306,0.03130292,0.02081685
32747,-0.1268886,-0.9549009,-2.652136,-0.02730816,-0.3270028,-1.068776,9.385606,0.4788574,-1.834024,10.125,-4.625,1.75,-6.007455,-77.87085,-178.3752,-0.7771749,-0.6280955,0.03185783,0.02191379
32759,-0.1272327,-0.95937,-2.666504,-0.0256758,-0.3334591,-1.072081,9.356874,0.4549146,-1.829235,11.875,-2.875,1.5,-5.875424,-77.89615,-178.62,-0.7770256,-0.6282243,0.03229512,0.02286108
32770,-0.1275383,-0.9636812,-2.680175,-0.02404799,-0.3393105,-1.075925,9.3042,0.4405488,-1.805292,12,-1.5,1.625,-5.77351,-77.93889,-178.8271,-0.7767785,-0.6284755,0.03272483,0.0237239
32783,-0.1278632,-0.968704,-2.695886,-0.02235078,-0.3455431,-1.080873,9.265891,0.4166059,-1.800504,12.5,-0.625,1.75,-5.689527,-77.99857,-179.0238,-0.776434,-0.6288409,0.0332147,0.02461966
32794,-0.1281277,-0.9731836,-2.709742,-0.02072724,-0.3510074,-1.085706,9.232371,0.4213945,-1.771773,13.5,0,1.375,-5.592468,-78.06087,-179.2066,-0.7760808,-0.6292306,0.03354009,0.02534801
32806,-0.1283711,-0.9777191,-2.723606,-0.01914902,-0.3569058,-1.090979,9.198852,0.4644917,-1.752618,13.875,0.5,1.375,-5.46636,-78.12964,-179.4138,-0.7756939,-0.6296634,0.03380333,0.02608298
32817,-0.1286093,-0.9824457,-2.737851,-0.0183362,-0.3637819,-1.096372,9.189274,0.5411089,-1.795715,12.625,0.875,2.75,-5.369786,-78.19587,-179.6124,-0.7753127,-0.6300749,0.0342226,0.02691934
32829,-0.128855,-0.9874636,-2.752691,-0.01822526,-0.3722724,-1.100946,9.256314,0.6512461,-1.843601,13.875,1.375,4.5,-5.306217,-78.26388,-179.7691,-0.7749206,-0.6305028,0.03463548,0.02765166
32840,-0.1290803,-0.9922505,-2.766577,-0.01792289,-0.3806703,-1.104245,9.33772,0.6895547,-1.829235,20.75,1.625,4.875,-5.249129,-78.33321,-179.8273,-0.7745421,-0.630968,0.03455175,0.02775357
32851,-0.1293023,-0.9972641,-2.780885,-0.0171663,-0.3877832,-1.106656,9.419126,0.5650518,-1.810081,30.375,1.625,4.375,-5.256585,-78.40804,-179.6938,-0.7741596,-0.6315116,0.03384651,0.02691625
32863,-0.1295156,-1.002369,-2.795324,-0.01637959,-0.3919553,-1.108559,9.457435,0.3256231,-1.824447,31.875,1.75,4,-5.420269,-78.48185,-179.3792,-0.7737775,-0.6320641,0.03319674,0.02571893
32874,-0.1297265,-1.007461,-2.809705,-0.01628961,-0.3932863,-1.110856,9.414337,0.1005601,-1.877121,20,2.125,5,-5.812904,-78.54799,-178.9883,-0.7733852,-0.6325371,0.03366905,0.02527072
32886,-0.1299478,-1.012603,-2.824208,-0.01701031,-0.3951521,-1.114572,9.299411,0.1388687,-1.901064,3.5,3.125,6.625,-6.278337,-78.61781,-178.7422,-0.7729151,-0.6329776,0.03542536,0.02620899
32897,-0.13019,-1.017797,-2.838779,-0.01863447,-0.3997181,-1.12131,9.064771,0.3543545,-1.891487,-7.5,3.875,7.625,-6.631694,-78.68975,-178.7557,-0.772402,-0.6333737,0.03785497,0.02828429
32909,-0.1304585,-1.023145,-2.853634,-0.0204326,-0.4070693,-1.130574,8.887594,0.5698403,-1.829235,-14.25,4.75,9.25,-6.917301,-78.77656,-178.9353,-0.7717779,-0.6338226,0.04073835,0.03111336
32920,-0.1307251,-1.028508,-2.868168,-0.02086124,-0.4195775,-1.137147,9.107868,0.9864463,-1.699944,-10.625,4.375,10.625,-6.971977,-78.8819,-179.2944,-0.7710739,-0.6343844,0.04305297,0.03388118
32932,-0.131016,-1.034198,-2.883173,-0.02217054,-0.4336354,-1.143513,9.127023,1.096583,-1.74783,19.25,2.5,6.375,-6.655516,-78.95646,-179.6395,-0.770677,-0.6348507,0.04280793,0.03448136
32943,-0.131326,-1.039989,-2.8982,-0.02375848,-0.4437724,-1.151677,8.978577,0.8092691,-1.771773,49.375,1.25,0.75,-6.184946,-79.00398,-179.7337,-0.7705568,-0.6352733,0.0401499,0.0325257
32955,-0.1316525,-1.045833,-2.913351,-0.02505365,-0.4485058,-1.162646,8.763091,0.3878745,-1.74783,56.625,1,-0.75,-5.957063,-79.04364,-179.4828,-0.7704819,-0.6356864,0.03721352,0.02958962
32966,-0.1319857,-1.05159,-2.928374,-0.02603313,-0.4497799,-1.17386,8.729571,0.1101372,-1.738253,43.125,1,1.25,-6.097405,-79.08137,-179.0432,-0.7703373,-0.6360451,0.03570518,0.02742774
32977,-0.1323344,-1.057522,-2.943939,-0.02652972,-0.4513249,-1.184153,8.830131,0.1149258,-1.709521,27.5,1,2.5,-6.316543,-79.12668,-178.7239,-0.7700932,-0.6363969,0.03538895,0.02651753
32989,-0.1326786,-1.06345,-2.959501,-0.02643259,-0.4552298,-1.194978,8.796611,0.292103,-1.632904,23.125,0.625,1.5,-6.304062,-79.17778,-178.6959,-0.7698198,-0.6367516,0.03512973,0.0262818
33001,-0.1330505,-1.069904,-2.97644,-0.02653759,-0.4605538,-1.208876,8.638588,0.3782974,-1.604172,24.25,0,0.125,-6.098217,-79.22327,-178.842,-0.7695966,-0.6370596,0.03454252,0.02613877
33013,-0.1334026,-1.075907,-2.992218,-0.02729068,-0.4653304,-1.222937,8.533239,0.3782974,-1.632904,25.5,-0.375,-0.625,-5.854208,-79.25121,-179.014,-0.7694753,-0.6372509,0.03385027,0.02594817
33024,-0.1337707,-1.082059,-3.008402,-0.02816236,-0.4705796,-1.238065,8.466199,0.4166059,-1.623327,26.75,-0.75,-1,-5.545815,-79.27328,-179.2332,-0.7693929,-0.6374049,0.03299125,0.02571292
33035,-0.1341452,-1.088227,-3.024656,-0.02888477,-0.4757175,-1.253601,8.427891,0.4166059,-1.604172,29.75,-1.375,-1.625,-5.198702,-79.28844,-179.4521,-0.7693584,-0.6375218,0.0318736,0.02525657
33047,-0.1345763,-1.095134,-3.042954,-0.0299539,-0.4799471,-1.271398,8.384793,0.3208345,-1.623327,32.125,-1.625,-2.5,-4.846291,-79.29573,-179.6249,-0.769376,-0.6376002,0.03046726,0.0244587
33059,-0.134966,-1.101202,-3.059145,-0.03097417,-0.4823229,-1.286919,8.384793,0.2202744,-1.637692,31,-1.125,-3.5,-4.564241,-79.30568,-179.7613,-0.7693655,-0.6376908,0.02933009,0.02380789
33071,-0.1353774,-1.107498,-3.076112,-0.0316084,-0.4837421,-1.303618,8.341697,0.1436572,-1.599384,27,-0.375,-4.625,-4.266587,-79.33051,-179.9577,-0.7692622,-0.6378691,0.02841914,0.0234761
33082,-0.1357872,-1.113807,-3.093317,-0.03148387,-0.4846564,-1.32186,8.236348,0.1101372,-1.517978,22.625,-0.25,-6.5,-3.870088,-79.36665,179.6931,-0.7690861,-0.6381078,0.02769523,0.02362119
33094,-0.1361908,-1.120089,-3.110702,-0.03114139,-0.4846616,-1.341204,8.150153,0.05267432,-1.484458,18.125,-0.375,-8.875,-3.368044,-79.40248,179.1837,-0.7689002,-0.6383313,0.02715785,0.02424977
33105,-0.1366015,-1.126392,-3.128453,-0.03149953,-0.4834433,-1.361544,8.073536,-0.0191543,-1.527555,10.625,-0.125,-11.125,-2.78324,-79.42937,178.498,-0.7687396,-0.6384767,0.02705259,0.02559609
33117,-0.1370277,-1.132671,-3.14645,-0.03275792,-0.4826933,-1.383397,7.944245,0.04788574,-1.565864,-0.25,1.25,-13.25,-1.995664,-79.45904,177.47,-0.7685205,-0.6386158,0.02749823,0.02810398
33128,-0.1374793,-1.138982,-3.164804,-0.03464159,-0.4840136,-1.407809,7.747913,0.2442173,-1.556287,-6.625,3.25,-14.75,-0.9128288,-79.50256,176.0621,-0.7681745,-0.6388478,0.02809023,0.03150504
33139,-0.137959,-1.145258,-3.183309,-0.03722784,-0.487004,-1.435954,7.431867,0.4166059,-1.532344,-6.75,5.125,-16.75,0.4720664,-79.55082,174.3544,-0.7677492,-0.6391538,0.02834472,0.03521651
33151,-0.1384864,-1.151683,-3.202531,-0.04027859,-0.4908242,-1.468228,7.149342,0.517166,-1.494035,-2.25,7.125,-18.125,2.09112,-79.60804,172.4671,-0.767219,-0.6395954,0.02805703,0.03880084
33162,-0.1390448,-1.158106,-3.222041,-0.04305188,-0.4951125,-1.504034,6.862027,0.5889946,-1.403052,5.375,8.75,-19.5,3.893093,-79.67555,170.4994,-0.7665844,-0.640207,0.02702857,0.04186745
33174,-0.1396352,-1.164597,-3.242121,-0.04540281,-0.4991915,-1.544243,6.541193,0.5985718,-1.297704,11.75,9.5,-20.375,5.799277,-79.74503,168.5115,-0.7658871,-0.6409315,0.02545367,0.04444935
33185,-0.1402397,-1.1711,-3.262666,-0.04669157,-0.5022425,-1.586886,6.359227,0.5411089,-1.173201,12.75,9.875,-20,7.62656,-79.82829,166.6171,-0.7650679,-0.641801,0.02393748,0.04679418
33197,-0.140851,-1.177653,-3.283926,-0.04685472,-0.5023292,-1.62946,6.411901,0.3352002,-1.096583,4.75,10,-18.5,9.110632,-79.93692,164.9641,-0.764085,-0.6427962,0.02343412,0.04937696
33208,-0.1414619,-1.184187,-3.305772,-0.04669286,-0.499429,-1.669849,6.598655,0.1388687,-1.106161,-9.75,9.625,-17,10.22804,-80.05379,163.4905,-0.7630235,-0.64375,0.02442271,0.05276902
33220,-0.1421009,-1.190934,-3.329051,-0.04692058,-0.4953946,-1.709252,6.790198,0.1053486,-1.154046,-31.75,10,-14.875,11.17865,-80.17959,161.8685,-0.7617707,-0.6446598,0.02740775,0.05803318
33232,-0.1427298,-1.197464,-3.352086,-0.04766111,-0.4948782,-1.745786,6.900336,0.4070288,-1.154046,-48,10.875,-12.75,12.31936,-80.29623,159.856,-0.7603546,-0.6455076,0.03135518,0.06479014
33243,-0.1433599,-1.204058,-3.375565,-0.04778723,-0.5000782,-1.780716,7.010473,0.8810977,-1.029544,-44.625,11.25,-12.625,14.05357,-80.39954,157.2875,-0.7587684,-0.6464636,0.03453243,0.07185431
33255,-0.1439657,-1.210628,-3.399014,-0.04687752,-0.5083475,-1.814401,7.05357,1.158835,-0.8810977,-32.5,10,-12.375,16.05132,-80.47839,154.6239,-0.757229,-0.6474417,0.03652111,0.07803634
33267,-0.1446706,-1.218107,-3.425958,-0.04846345,-0.5142259,-1.852541,7.02005,0.9912349,-1.058275,-29,9.75,-8.25,17.61148,-80.55211,152.3664,-0.7557646,-0.648258,0.03915424,0.08395449
33279,-0.1453126,-1.224538,-3.449364,-0.05166908,-0.5175669,-1.883669,7.12061,0.9194063,-1.216298,-28.5,12,-5.875,18.66425,-80.62843,150.7266,-0.7545084,-0.6489422,0.04168745,0.08861976
33290,-0.1460139,-1.23136,-3.474317,-0.05379046,-0.5233059,-1.914007,7.302576,1.115738,-1.082218,-11.75,13.875,-8.25,20.27566,-80.71746,148.718,-0.7530625,-0.6500168,0.04270602,0.09247322
33301,-0.1467077,-1.23825,-3.49953,-0.05337816,-0.5300905,-1.939895,7.65693,1.221087,-0.8906748,18.625,13.5,-12.875,22.36828,-80.79201,146.6268,-0.7517521,-0.6514025,0.04105171,0.09411856
33313,-0.1473914,-1.245117,-3.524792,-0.05309208,-0.5331869,-1.961502,7.982553,1.000812,-0.9720806,39.75,12.125,-15.25,24.23381,-80.84256,145.0405,-0.7508475,-0.6526822,0.03799832,0.09375633
33325,-0.1481026,-1.252217,-3.551233,-0.05325133,-0.531653,-1.979834,8.303388,0.7039204,-1.091795,51.5,10.875,-16.375,25.79648,-80.88751,143.9299,-0.7502229,-0.6538596,0.03423613,0.09198443
33336,-0.1487803,-1.258947,-3.576663,-0.05313198,-0.5276248,-1.993807,8.59549,0.5411089,-1.125315,56,9.25,-17.125,27.08655,-80.92225,143.1309,-0.7497881,-0.6548563,0.03046798,0.08973686
33347,-0.149465,-1.265741,-3.602738,-0.05263245,-0.522274,-2.004373,8.887594,0.4788574,-1.134892,54.625,6.5,-16.375,28.15262,-80.9435,142.5463,-0.7495033,-0.6556545,0.02690755,0.08739623
33359,-0.1501617,-1.272522,-3.629275,-0.05284962,-0.5143769,-2.012942,9.055194,0.3208345,-1.230664,44.125,3.875,-14,28.74449,-80.96189,142.3027,-0.7493662,-0.6561503,0.02449334,0.08554061
33370,-0.1508639,-1.279006,-3.655184,-0.05475882,-0.5056441,-2.020322,9.117445,0.2633716,-1.379109,25.75,2.25,-9.375,28.80294,-80.98721,142.3445,-0.7492918,-0.6563448,0.02395863,0.0848492
33382,-0.1515945,-1.285495,-3.681436,-0.05637954,-0.500801,-2.026085,9.227583,0.5746289,-1.316858,7.875,1.75,-4.625,28.81998,-81.02478,142.1891,-0.7490047,-0.6565359,0.02486547,0.08564183
33393,-0.1523548,-1.292185,-3.708463,-0.05705168,-0.5019811,-2.028011,9.500531,1.048698,-1.197144,6.125,0.25,0.125,28.89606,-81.06112,141.9368,-0.7486624,-0.6567414,0.02593833,0.08673253
33404,-0.1530921,-1.298548,-3.73393,-0.05863542,-0.5060152,-2.025212,9.835732,1.321646,-1.278549,22.125,-1.875,2.5,28.85257,-81.06686,142.0104,-0.7486817,-0.6567573,0.02582019,0.08648165
33416,-0.1538908,-1.305229,-3.760387,-0.06096018,-0.5099214,-2.0193,10.05601,1.316858,-1.374321,48,-3.375,2.875,28.64282,-81.05544,142.5901,-0.7491205,-0.6566626,0.0238301,0.08393344
33427,-0.1547422,-1.311993,-3.787041,-0.06418402,-0.5098925,-2.009497,10.3529,1.029544,-1.54671,78.125,-4.5,1.125,28.19756,-81.03056,143.8137,-0.7500204,-0.6564384,0.01964861,0.07856202
33439,-0.1556024,-1.318484,-3.812899,-0.06635171,-0.5007515,-1.994549,10.82218,0.3160459,-1.64727,98.375,-6.25,-2.125,27.38674,-81.01778,145.6557,-0.7511647,-0.6561086,0.01436895,0.0711812
33450,-0.1564612,-1.324639,-3.837916,-0.06770618,-0.485187,-1.972227,11.46385,-0.2154858,-1.74783,88,-7.625,-0.875,26.12976,-81.03277,147.7923,-0.7522194,-0.6556835,0.01043157,0.06431457
33462,-0.1574356,-1.330801,-3.863408,-0.0742645,-0.4696433,-1.942818,11.87566,-0.1676001,-2.221899,46.625,-7.25,8.25,24.11148,-81.05884,150.171,-0.7532006,-0.6549557,0.01016208,0.06015609
33473,-0.1584695,-1.336686,-3.888335,-0.0793848,-0.4518862,-1.913886,11.87566,-0.4405488,-2.154858,-3,-5.125,19.5,21.23319,-81.18851,152.7531,-0.7535768,-0.6545168,0.01468058,0.0592831
33485,-0.1595849,-1.342792,-3.914681,-0.0796665,-0.4361418,-1.881865,11.97622,-0.3256231,-1.786138,-41.5,-5.25,26,17.80412,-81.3803,155.3147,-0.753364,-0.6543089,0.02306055,0.06157041
33497,-0.1606208,-1.348333,-3.938507,-0.08043922,-0.4302768,-1.850134,12.11509,0.2873144,-1.776561,-60.25,-7.125,29,14.77422,-81.50041,157.2961,-0.7530974,-0.6538523,0.03192439,0.06559248
33508,-0.1617119,-1.353991,-3.962423,-0.08294601,-0.4300291,-1.818046,12.05763,0.675189,-1.84839,-56.625,-8.375,30.75,11.75968,-81.57061,159.2814,-0.7529351,-0.6531458,0.04054389,0.06960926
33520,-0.1628263,-1.359585,-3.985549,-0.08614569,-0.4325016,-1.787716,11.95228,0.8284234,-1.867544,-42.125,-8.625,30.5,8.94068,-81.60829,161.2743,-0.7528778,-0.6524066,0.04777508,0.07251485
33532,-0.164302,-1.365567,-4.007872,-0.1035088,-0.4195763,-1.565724,24.95326,0.4453374,-4.673648,-45.75,26.75,20,7.256606,-82.0487,162.0249,-0.7501636,-0.6544797,0.05517687,0.07659249
33545,-0.1668493,-1.370607,-4.025601,-0.1846898,-0.3654239,-1.285496,28.85595,-1.695155,-10.94668,-26.875,-51.375,36.125,0.8874094,-81.22741,167.7261,-0.7552816,-0.6478345,0.06374384,0.07613915
33557,-0.169705,-1.375297,-4.04481,-0.2043855,-0.3356645,-1.374819,3.107785,-1.637692,-2.336824,-162.75,56.75,32.75,-6.492568,-81.54959,172.6021,-0.7521063,-0.6479148,0.08485967,0.08568283
33568,-0.1725187,-1.380192,-4.063048,-0.2128547,-0.3702841,-1.379666,9.275469,2.968916,-1.063064,-182.25,59.25,26.125,-5.124509,-82.39316,168.5207,-0.7449889,-0.651323,0.09927373,0.1044734
33580,-0.1751284,-1.385218,-4.080291,-0.2053777,-0.39553,-1.35697,11.5692,2.059087,-0.225063,-105.375,13,22.25,-5.28126,-82.76199,167.0605,-0.741329,-0.6522599,0.1087574,0.1147188
33591,-0.177707,-1.39056,-4.097956,-0.1982322,-0.41068,-1.358058,9.701652,1.240241,-0.2059087,-39.625,15.75,9.125,-4.561457,-83.14056,165.5581,-0.7383019,-0.6540116,0.1128747,0.1201605
33603,-0.1802266,-1.396063,-4.115918,-0.1916762,-0.4186258,-1.366437,9.141388,0.7278633,-0.3112573,24.625,17.125,-5.25,-2.77105,-83.47929,163.8384,-0.7362897,-0.656408,0.1114194,0.1207967
33614,-0.1825769,-1.401487,-4.133754,-0.1802665,-0.4160198,-1.367976,9.696863,-0.1436572,-0.225063,23.125,10.125,-5.25,-2.298287,-83.77046,163.4228,-0.734629,-0.6583813,0.111002,0.1205525
33625,-0.184825,-1.406769,-4.151231,-0.1761131,-0.4137664,-1.369177,9.663342,0.04788574,-0.708709,-13.125,6.875,0.875,-2.565096,-83.95224,163.2775,-0.7331606,-0.6591265,0.1136945,0.122888
33637,-0.1871964,-1.412253,-4.169209,-0.1811377,-0.4189513,-1.373135,9.385606,0.8284234,-1.144469,-21.25,5.375,3,-2.220912,-84.01846,162.3975,-0.7321653,-0.6590424,0.1166118,0.1264864
33649,-0.1897187,-1.417906,-4.187266,-0.1924485,-0.431304,-1.37782,9.280257,1.532344,-1.388687,-7.25,4.75,2.625,-0.9764488,-84.00001,160.7955,-0.7317554,-0.6586755,0.1178555,0.1295793
33660,-0.1925373,-1.423944,-4.206045,-0.207557,-0.4446462,-1.382826,9.23716,1.685578,-1.608961,22.375,5,-0.25,0.7180923,-83.92485,159.1348,-0.7320356,-0.6584202,0.1164918,0.1305235
33672,-0.1954734,-1.429896,-4.224385,-0.2222458,-0.4504939,-1.388223,9.194062,1.187566,-1.805292,57.75,6,-4.625,2.050455,-83.83875,158.311,-0.7329298,-0.6585526,0.1126004,0.1282332
33684,-0.1985759,-1.435859,-4.24282,-0.2345899,-0.4508809,-1.393953,9.189274,0.7326519,-1.78135,64.875,8.375,-4.375,2.810781,-83.81338,158.1582,-0.7336388,-0.6590842,0.1085792,0.1248706
33695,-0.2017106,-1.441637,-4.260846,-0.2432653,-0.4483812,-1.398881,9.270679,0.4261831,-1.608961,53.375,10,-1.375,2.965935,-83.86774,158.4473,-0.7337863,-0.6598668,0.1059963,0.1220585
33708,-0.2053302,-1.448146,-4.281265,-0.2487568,-0.4473781,-1.403265,9.385606,0.4405488,-1.278549,41.625,10.875,1.125,3.097739,-84.00848,158.6431,-0.7333117,-0.6610785,0.1042152,0.1198687
33719,-0.2084444,-1.453799,-4.298889,-0.2484977,-0.451014,-1.406299,9.486166,0.6560347,-0.7709605,43.375,9.125,1,3.71889,-84.16605,158.3226,-0.7326404,-0.6624318,0.1023105,0.1181303
33730,-0.2115755,-1.459685,-4.317082,-0.2424359,-0.4558128,-1.408716,9.586726,0.5985718,-0.2968916,53.25,5.875,-0.875,4.634272,-84.34802,157.844,-0.731921,-0.6640927,0.09949246,0.1156453
33742,-0.21464,-1.465635,-4.335424,-0.2357321,-0.4576545,-1.410931,9.610668,0.3639317,-0.3016802,60.625,2.25,-2.625,5.264379,-84.48701,157.7515,-0.731575,-0.6655154,0.09621286,0.1123854
33753,-0.217609,-1.471502,-4.353627,-0.2305307,-0.4555794,-1.41334,9.586726,0.09577148,-0.483646,55.25,-1.25,-2.375,5.177516,-84.57027,158.3032,-0.7315621,-0.6664114,0.09368552,0.1092513
33765,-0.2205939,-1.477426,-4.372212,-0.2275104,-0.4514973,-1.416543,9.514897,-0.0191543,-0.6847661,31.375,-3.375,0.875,4.260839,-84.61858,159.379,-0.7315558,-0.6667261,0.09334803,0.1076503
33776,-0.2235556,-1.483292,-4.390633,-0.2283298,-0.4522642,-1.420193,9.447857,0.4070288,-0.8619434,13.125,-4.625,4,3.466353,-84.61304,160.0897,-0.7316056,-0.6665255,0.0942791,0.1077428
33788,-0.2266392,-1.489253,-4.409218,-0.2363254,-0.4568639,-1.42433,9.356874,0.8427891,-1.316858,12.75,-5,4.75,3.004348,-84.51385,160.4598,-0.7321433,-0.6657681,0.09495203,0.1081817
33799,-0.2298825,-1.495265,-4.427833,-0.2489726,-0.4614466,-1.428953,9.280257,0.9433491,-1.68079,19.625,-4.5,4.875,2.535767,-84.3634,160.9263,-0.7330601,-0.6647584,0.09505553,0.1080906
33810,-0.2332688,-1.501318,-4.446409,-0.2613041,-0.4671291,-1.433458,9.285046,1.019966,-1.661635,28.375,-3.125,5.375,2.223021,-84.23557,161.3495,-0.7339354,-0.6640006,0.09445318,0.107335
33822,-0.2367953,-1.507459,-4.4651,-0.271271,-0.4723909,-1.437819,9.313777,0.9289834,-1.513189,33.75,-1.875,6.25,1.819301,-84.15618,161.9335,-0.7346051,-0.6635975,0.09356667,0.1060143
33833,-0.2404201,-1.513667,-4.483947,-0.277355,-0.4749975,-1.442109,9.352086,0.6320918,-1.292915,36.125,-1.125,7,1.046483,-84.1377,162.9198,-0.7349879,-0.6635725,0.09279126,0.1041833
33846,-0.2443845,-1.520362,-4.504435,-0.2799528,-0.4728167,-1.446769,9.380817,0.1867544,-1.125315,38.875,-1.625,6.25,-0.3152536,-84.15567,164.5552,-0.7352533,-0.6637847,0.09207224,0.1015635
33857,-0.2479603,-1.526308,-4.522964,-0.2800639,-0.4656297,-1.451243,9.376028,-0.2873144,-1.067852,35,-1.75,4.875,-2.022882,-84.18854,166.4641,-0.7353629,-0.6640335,0.09199502,0.09918571
33869,-0.251642,-1.532274,-4.542053,-0.2808714,-0.4551337,-1.45623,9.33772,-0.5363203,-1.182778,26.5,-1.5,3,-3.920487,-84.20356,168.4601,-0.7354587,-0.6641106,0.09261487,0.09736598
33880,-0.2554918,-1.538299,-4.561867,-0.2839705,-0.4444854,-1.461518,9.308989,-0.5028003,-1.345589,18.5,-1,0.75,-5.521018,-84.18577,170.0551,-0.7356103,-0.6639389,0.09363919,0.09640752
33892,-0.2593281,-1.544126,-4.581345,-0.288838,-0.4386721,-1.46648,9.313777,-0.1388687,-1.393475,13.875,0,-1.5,-6.170475,-84.15672,170.6362,-0.7357365,-0.6636809,0.09443551,0.09644406
33904,-0.2631824,-1.549901,-4.600643,-0.2937751,-0.440208,-1.470873,9.356874,0.4070288,-1.259395,12.125,0.5,-2.125,-5.831833,-84.14111,170.2027,-0.7357405,-0.6635089,0.09476729,0.09726784
33915,-0.2670715,-1.555698,-4.619713,-0.300781,-0.4483059,-1.474902,9.366451,0.9625034,-1.283338,14.125,0.875,-1.5,-4.761233,-84.1133,169.06,-0.7358116,-0.6632993,0.09449976,0.09841339
33928,-0.2716448,-1.562384,-4.641259,-0.3140962,-0.4591852,-1.479812,9.299411,1.201932,-1.61375,20.25,1.75,0.125,-3.522406,-84.03162,167.8269,-0.7362422,-0.6628265,0.09364212,0.09919496
33939,-0.2757291,-1.568245,-4.659841,-0.3262514,-0.4681818,-1.484282,9.270679,1.201932,-1.68079,24.125,3.125,2.625,-2.786052,-83.97461,167.1428,-0.7365804,-0.6625398,0.09283457,0.09935859
33950,-0.2800615,-1.574394,-4.679074,-0.3353195,-0.4759528,-1.488631,9.318565,1.019966,-1.455727,26.625,4.625,5,-2.480492,-83.98334,166.9234,-0.736586,-0.6626839,0.09214447,0.09899761
33962,-0.2844979,-1.580654,-4.698501,-0.3408713,-0.4809355,-1.492647,9.376028,0.7278633,-1.245029,27.375,5.375,6.75,-2.72492,-84.04994,167.2654,-0.7362971,-0.6631775,0.09177674,0.0981801
33973,-0.2889695,-1.586948,-4.71801,-0.3430693,-0.4828995,-1.496786,9.395183,0.4166059,-1.043909,23.875,5.625,8.375,-3.563876,-84.1636,168.1575,-0.735722,-0.6639119,0.09206037,0.09725734
33985,-0.2934284,-1.593229,-4.737479,-0.3437649,-0.48427,-1.500898,9.409549,0.3208345,-0.9289834,20,5.125,9.375,-4.661417,-84.28938,169.2574,-0.7350323,-0.6646829,0.09278131,0.09651817
33996,-0.2979152,-1.599564,-4.757021,-0.3454518,-0.4877315,-1.504651,9.433492,0.4788574,-0.9481377,19.25,4.25,9.625,-5.588361,-84.39241,170.1754,-0.7344463,-0.6653163,0.09343018,0.09598698
34008,-0.3024509,-1.605986,-4.776606,-0.3492791,-0.4945571,-1.508128,9.443069,0.7613833,-1.029544,21.25,3.625,10,-6.15975,-84.46502,170.7614,-0.7340445,-0.6657856,0.09370474,0.09553917
34020,-0.3075375,-1.613166,-4.798193,-0.3563049,-0.5029641,-1.512192,9.409549,0.8619434,-1.197144,27.125,3.125,10.625,-6.758184,-84.50474,171.4587,-0.7339008,-0.6661155,0.09349192,0.09454677
34032,-0.3121421,-1.619627,-4.817513,-0.3613476,-0.5069629,-1.5161,9.395183,0.5506861,-1.173201,34.25,2.5,10.5,-7.764045,-84.54005,172.6458,-0.7338454,-0.6664873,0.09303391,0.09279298
34043,-0.3168522,-1.626196,-4.837267,-0.3624493,-0.5055285,-1.520158,9.414337,0.02873145,-0.9768692,37.875,2,9.375,-9.453435,-84.60421,174.5713,-0.7336376,-0.6671121,0.09264211,0.09030461
34054,-0.3215601,-1.632731,-4.857268,-0.358839,-0.4980734,-1.524461,9.423914,-0.5458975,-0.7326519,35.25,1,7.125,-11.79347,-84.69135,177.1203,-0.7332131,-0.6679177,0.09274358,0.08765414
34066,-0.3261004,-1.638974,-4.876872,-0.3540716,-0.4868709,-1.528792,9.414337,-0.9050406,-0.7039204,29.125,0,4,-14.25345,-84.75652,179.7102,-0.7327897,-0.6685814,0.093339,0.08547588
34077,-0.3306805,-1.64517,-4.896891,-0.3508557,-0.4746835,-1.533505,9.376028,-0.9625034,-0.8332119,20.25,-1,0.25,-16.29934,-84.77888,-178.2253,-0.7325133,-0.6688992,0.09435296,0.08423534
34089,-0.3352581,-1.651278,-4.917013,-0.3499749,-0.4669516,-1.538377,9.356874,-0.5985718,-0.9194063,13.125,-1.5,-2.875,-17.22211,-84.7793,-177.3781,-0.7323701,-0.6689247,0.09530508,0.08420696
34100,-0.3400349,-1.657606,-4.93796,-0.3518557,-0.466129,-1.542989,9.385606,-0.02394287,-0.9912349,14,-2.5,-5.875,-16.66198,-84.76004,-178.0073,-0.7324832,-0.6686923,0.09541651,0.08493907
34112,-0.3447059,-1.663858,-4.958431,-0.3529011,-0.4723245,-1.546572,9.4718,0.4980117,-0.8092691,21.75,-4.25,-8,-14.92567,-84.75013,-179.7107,-0.7327093,-0.6685123,0.09426361,0.08568937
34124,-0.3493485,-1.670171,-4.978832,-0.3526751,-0.4795405,-1.549803,9.50532,0.5794175,-0.7039204,29.25,-6.375,-9,-12.97376,-84.72474,178.4689,-0.7330852,-0.668328,0.09241492,0.08592694
34135,-0.3539098,-1.676416,-4.998941,-0.3523541,-0.4824347,-1.553381,9.467011,0.2825259,-0.7853262,31.25,-8.25,-9.25,-11.59875,-84.66003,177.2516,-0.7336514,-0.667969,0.09074611,0.0856631
34147,-0.3584837,-1.682671,-5.019165,0,0,0,9.428702,0.02394287,-0.8810977,27.375,-9.25,-9.25,-10.72752,-84.56841,176.4901,-0.7343055,-0.6674306,0.08963878,0.085421
34158,-0.3585126,-1.682632,-5.019224,0,0,0,9.366451,-0.08140577,-1.110949,22.125,-9.25,-10,-9.997426,-84.44117,175.8033,-0.7351087,-0.6666187,0.08899548,0.08552548
34170,-0.3585837,-1.682588,-5.019293,0,0,0,9.289834,-0.03352002,-1.369532,18.375,-8.625,-10.75,-9.163728,-84.27902,174.9644,-0.7360754,-0.6655463,0.0885575,0.08601563
34181,-0.3586878,-1.682586,-5.01936,0,0,0,9.256314,0.2825259,-1.556287,16.625,-7.125,-11.5,-7.863328,-84.10895,173.6351,-0.737069,-0.6644032,0.08793191,0.08698169
34193,-0.3588461,-1.68269,-5.019436,0,0,0,9.289834,0.8380005,-1.565864,18.625,-5.875,-11,-5.639433,-83.92113,171.4024,-0.7381498,-0.6631889,0.08653506,0.08847059
34205,-0.358938,-1.682811,-5.019485,0,0,0,9.366451,1.087006,-1.355167,23,-4.75,-9.5,-3.625131,-83.79991,169.4332,-0.7388337,-0.6624943,0.08490693,0.08953702
34216,-0.3589846,-1.682947,-5.01953,0,0,0,9.414337,1.130104,-1.067852,25.875,-4.25,-7.25,-1.822834,-83.72868,167.7111,-0.7392191,-0.6621832,0.08320101,0.0902566
34228,-0.3590519,-1.683051,-5.019582,0,0,0,9.366451,0.9625034,-1.235452,28.75,-4.125,-5.125,-0.586255,-83.6398,166.5943,-0.7397427,-0.6617803,0.08161318,0.09037142
34239,-0.3591211,-1.683092,-5.01964,0,0,0,9.342508,0.6033604,-1.340801,30.25,-4.25,-3.625,-0.09568375,-83.55007,166.2472,-0.7403349,-0.6613408,0.08038208,0.08984151
34251,-0.3591558,-1.683076,-5.019696,0,0,0,9.352086,0.2394287,-1.245029,27.375,-3.375,-3.25,-0.1051108,-83.50484,166.362,-0.7406792,-0.661121,0.07974555,0.08918504
34262,-0.3591904,-1.683034,-5.019753,0,0,0,9.356874,0.08140577,-1.283338,20.875,-1.875,-3.125,-0.30821,-83.47968,166.5889,-0.7408599,-0.6609581,0.07973018,0.0889065
34274,-0.3592487,-1.683022,-5.019814,0,0,0,9.332932,0.2968916,-1.359955,17.25,-0.75,-3.5,-0.1663196,-83.44725,166.422,-0.741016,-0.6607422,0.07975131,0.08918964
34285,-0.359322,-1.683068,-5.01987,0,0,0,9.308989,0.6895547,-1.407841,16.75,0.25,-3.25,0.4503235,-83.40852,165.7722,-0.7411597,-0.6605224,0.07947873,0.08986453
34297,-0.3594183,-1.683179,-5.019927,0,0,0,9.313777,1.072641,-1.422207,19.5,1.125,-1.875,1.440545,-83.36677,164.7794,-0.7413017,-0.6603472,0.07875828,0.0906124
34308,-0.3595316,-1.683293,-5.019985,0,0,0,9.3042,1.115738,-1.503612,25.5,2,-0.125,2.265941,-83.32688,164.03,-0.7415009,-0.6602316,0.07769711,0.09074047
34320,-0.3596514,-1.683356,-5.020046,0,0,0,9.265891,0.8619434,-1.637692,30.25,3.625,1.625,2.536827,-83.30437,163.8967,-0.7417068,-0.6602109,0.07668868,0.09006343
34331,-0.3597555,-1.683379,-5.020108,0,0,0,9.256314,0.6177261,-1.623327,29.125,5.875,3.125,2.40681,-83.32756,164.1488,-0.7416847,-0.6604263,0.07610195,0.08915967
34342,-0.3598549,-1.683384,-5.020171,0,0,0,9.280257,0.4788574,-1.575441,25.875,8.25,4.25,2.060694,-83.3985,164.579,-0.7413815,-0.6609008,0.07593176,0.08830574
34354,-0.3599344,-1.683386,-5.020233,0,0,0,9.299411,0.4213945,-1.460515,23.875,10,5,1.653435,-83.51148,165.0437,-0.740819,-0.6616245,0.07599203,0.08755213
34366,-0.3600074,-1.683418,-5.0203,0,0,0,9.33772,0.5411089,-1.312069,24.625,11.25,5.25,1.455364,-83.66705,165.3123,-0.7399974,-0.6626531,0.07586263,0.08683118
34378,-0.3600332,-1.683468,-5.020355,0,0,0,9.376028,0.6129375,-1.043909,26.875,11.25,5.375,1.452257,-83.84524,165.4083,-0.7390401,-0.6638609,0.07548763,0.08608282
34389,-0.3600203,-1.68353,-5.020403,0,0,0,9.452645,0.6081489,-0.7805376,27.5,10.625,6.125,1.427668,-84.05821,165.5346,-0.7378872,-0.6652944,0.07510354,0.08523672
34401,-0.3599929,-1.683574,-5.020444,0,0,0,9.500531,0.4788574,-0.6895547,30.125,9.125,6.125,1.191896,-84.26319,165.9054,-0.7368202,-0.6666775,0.0746441,0.08405702
34413,-0.3599679,-1.683608,-5.020497,0,0,0,9.486166,0.3830859,-0.7182862,31.125,7.75,5.875,0.7303765,-84.46151,166.5306,-0.7358227,-0.6680197,0.07413243,0.08257761
34424,-0.3599484,-1.683606,-5.020545,0,0,0,9.452645,0.1867544,-0.7374405,32.625,6.25,4.75,0.08327302,-84.61559,167.3458,-0.7350888,-0.669072,0.07364599,0.0810145
34436,-0.3599077,-1.683562,-5.020594,0,0,0,9.467011,-0.1053486,-0.6512461,33,4.5,3.25,-0.8947148,-84.76344,168.5016,-0.7344054,-0.6700779,0.07326022,0.07922977
34447,-0.3598243,-1.6835,-5.020638,0,0,0,9.524474,-0.2825259,-0.4070288,30.875,2.125,1.25,-1.901706,-84.91343,169.6604,-0.7336757,-0.6710913,0.07301085,0.07762758
34459,-0.3597098,-1.683435,-5.020678,0,0,0,9.562783,-0.3495659,-0.2154858,26.875,-0.25,-1.125,-2.710693,-85.05422,170.571,-0.7329451,-0.6720303,0.072913,0.07648846
34470,-0.3596087,-1.683371,-5.02072,0,0,0,9.543629,-0.3399888,-0.2777373,23.25,-3.375,-3.625,-3.236384,-85.13518,171.152,-0.7325198,-0.6725702,0.07289452,0.07583264
34482,-0.3595336,-1.683317,-5.020766,0,0,0,9.50532,-0.2537944,-0.4118174,20.25,-6.375,-6.125,-3.332246,-85.14736,171.2648,-0.7324616,-0.6726567,0.07284886,0.07567071
34493,-0.3594815,-1.683251,-5.020818,0,0,0,9.462223,-0.2873144,-0.5650518,18.25,-8.625,-8.5,-3.224144,-85.10211,171.1492,-0.7327206,-0.6723644,0.07282206,0.07578807
34504,-0.3594531,-1.683186,-5.020871,0,0,0,9.433492,-0.2537944,-0.708709,13.125,-9.875,-10.625,-2.822408,-85.01508,170.6749,-0.7331733,-0.6717711,0.07300341,0.07649155
34516,-0.3594683,-1.68317,-5.020926,0,0,0,9.409549,0.1101372,-0.9194063,9.375,-10.375,-11.75,-1.724667,-84.87703,169.4532,-0.7338617,-0.6708456,0.07307233,0.07793338
34527,-0.3595414,-1.683225,-5.020984,0,0,0,9.356874,0.6273032,-1.187566,11.5,-10.5,-12.125,0.09573927,-84.67954,167.534,-0.7348552,-0.669611,0.072512,0.07969297
34539,-0.3596455,-1.683315,-5.021042,0,0,0,9.328143,0.9098291,-1.345589,17.125,-10.25,-11.875,2.09777,-84.45058,165.5047,-0.7360212,-0.6682755,0.07132327,0.08120213
34550,-0.3597458,-1.683422,-5.021098,0,0,0,9.328143,1.058275,-1.345589,24.125,-9.375,-11.125,4.023889,-84.23224,163.6404,-0.7371384,-0.6671081,0.06958183,0.08217189
34562,-0.3598399,-1.683542,-5.021152,0,0,0,9.347297,1.130104,-1.302492,30.5,-8.375,-10,5.831874,-84.02972,161.9782,-0.7381852,-0.666126,0.06736626,0.0825868
34573,-0.3599327,-1.683631,-5.021206,0,0,0,9.342508,0.9864463,-1.359955,36.125,-7,-8.5,7.13886,-83.85076,160.8906,-0.7391765,-0.6653032,0.06501397,0.0822376
34585,-0.3600139,-1.683655,-5.021272,0,0,0,9.313777,0.5889946,-1.359955,38,-6.125,-7.625,7.780804,-83.70344,160.505,-0.7400933,-0.6646141,0.06289326,0.08120649
34597,-0.3600693,-1.683618,-5.021339,0,0,0,9.308989,0.2346401,-1.316858,35.5,-5,-7.375,7.935785,-83.60319,160.5713,-0.74079,-0.6641248,0.06135814,0.08002195
34608,-0.3601048,-1.683575,-5.021399,0,0,0,9.342508,0.1771773,-1.235452,26.625,-3.375,-6.625,8.03095,-83.54676,160.5772,-0.7411634,-0.6638368,0.06062416,0.07951277
34620,-0.3601358,-1.683585,-5.021454,0,0,0,9.37124,0.4884346,-1.154046,19.375,-2.125,-5.5,8.496714,-83.50822,160.1148,-0.7413048,-0.6636728,0.06023102,0.07986187
34632,-0.3601749,-1.683681,-5.021518,0,0,0,9.385606,0.8954634,-1.082218,19,-2.25,-4,9.434004,-83.45888,159.1707,-0.7414103,-0.6635245,0.05955588,0.08061726
34644,-0.3601885,-1.68377,-5.02156,0,0,0,9.423914,1.000812,-0.967292,23.25,-2.75,-3,10.26836,-83.426,158.3819,-0.7414681,-0.6634994,0.05866907,0.08094264
34655,-0.3601875,-1.683846,-5.021602,0,0,0,9.452645,0.8906748,-0.900252,28,-3.375,-2.25,10.89084,-83.40453,157.8679,-0.7415406,-0.6635431,0.0575802,0.08070114
34667,-0.3601716,-1.683883,-5.021647,0,0,0,9.452645,0.641669,-0.8619434,30.75,-4.25,-1.75,11.12203,-83.39518,157.7833,-0.7416487,-0.6636041,0.05655666,0.07992569
34678,-0.3601377,-1.683888,-5.021695,0,0,0,9.452645,0.4309717,-0.7901148,30.5,-5.625,-1.625,11.05243,-83.39286,157.9956,-0.7417745,-0.6636456,0.055774,0.07895906
34689,-0.3600883,-1.683864,-5.021744,0,0,0,9.462223,0.2394287,-0.7470176,25.625,-6.875,-1.25,10.67223,-83.39482,158.4583,-0.7418963,-0.6636218,0.05555897,0.07816209
34701,-0.3600452,-1.683834,-5.021793,0,0,0,9.457435,0.2059087,-0.7853262,18.875,-7.5,-0.875,10.18345,-83.38683,158.9409,-0.7420317,-0.6634734,0.05591579,0.07788114
34712,-0.3600183,-1.683833,-5.021842,0,0,0,9.443069,0.3830859,-0.8571548,14.25,-8.625,-0.875,9.851807,-83.34438,159.2045,-0.7422852,-0.6631103,0.05646625,0.07816119
34724,-0.3600103,-1.683858,-5.021889,0,0,0,9.428702,0.5602632,-0.9481377,14,-9.375,-1,9.693417,-83.27032,159.2906,-0.7426793,-0.6625778,0.05687157,0.07863676
34735,-0.360015,-1.683893,-5.021939,0,0,0,9.414337,0.6368804,-1.024755,15.75,-10,-0.75,9.547306,-83.17498,159.3857,-0.7432042,-0.6619232,0.05711269,0.07901475
34747,-0.3600217,-1.683928,-5.021987,0,0,0,9.409549,0.641669,-1.053486,17.25,-10.375,-0.75,9.386868,-83.07377,159.5149,-0.7437779,-0.6612377,0.05724286,0.07926065
34758,-0.3600321,-1.683989,-5.022036,0,0,0,9.409549,0.7949033,-1.063064,19.625,-10.5,-0.375,9.369692,-82.96486,159.5299,-0.7443873,-0.6605443,0.05709108,0.07943119
34769,-0.3600684,-1.684052,-5.022085,0,0,0,9.366451,0.8619434,-1.230664,22.5,-10.125,0.375,9.301155,-82.84015,159.6326,-0.7451198,-0.6597577,0.0567431,0.0793514
34781,-0.3601351,-1.684087,-5.022144,0,0,0,9.3042,0.7134976,-1.450938,23.75,-9.125,1.375,8.911342,-82.70728,160.075,-0.7459732,-0.6588636,0.05652241,0.07891784
34792,-0.3602192,-1.6841,-5.022208,0,0,0,9.261103,0.5937832,-1.594595,24.375,-7.75,2.25,8.313767,-82.58179,160.7345,-0.7468306,-0.6579804,0.0564324,0.07823911
34804,-0.360304,-1.684106,-5.022272,0,0,0,9.265891,0.5506861,-1.61375,25.5,-6.125,2.375,7.729302,-82.47749,161.3971,-0.7475759,-0.6572433,0.05628665,0.07741754
34815,-0.360356,-1.684114,-5.022329,0,0,0,9.294622,0.5219546,-1.474881,27,-4.375,2.125,7.29829,-82.42224,161.9216,-0.7480262,-0.6568568,0.05601394,0.07654035
34827,-0.3603727,-1.684117,-5.022385,0,0,0,9.356874,0.4453374,-1.264184,28.125,-3.5,1.875,6.908861,-82.4123,162.4234,-0.7482251,-0.6567791,0.05566669,0.0755094
34838,-0.3603557,-1.684116,-5.022439,0,0,0,9.399971,0.3735088,-1.082218,29.375,-3.625,1.25,6.567511,-82.43004,162.8954,-0.7482693,-0.656898,0.05521342,0.0743619
34850,-0.3603185,-1.684113,-5.022489,0,0,0,9.419126,0.3304116,-0.9577149,29.5,-4.125,0.5,6.296514,-82.45813,163.2952,-0.7482387,-0.657096,0.05472687,0.07327115
34861,-0.3602618,-1.684104,-5.022537,0,0,0,9.452645,0.2681602,-0.8475776,27.75,-4.75,0,6.029089,-82.49533,163.6695,-0.7481395,-0.657344,0.05437251,0.07231721
34873,-0.3601991,-1.6841,-5.022586,0,0,0,9.467011,0.2873144,-0.8332119,26.25,-5.875,-0.625,5.815548,-82.51764,163.9739,-0.748104,-0.6574975,0.05404735,0.07152956
34884,-0.360147,-1.684114,-5.022632,0,0,0,9.452645,0.3974517,-0.8427891,27,-7.125,-1.375,5.776442,-82.51405,164.1084,-0.7481895,-0.6575131,0.05352694,0.07088023
34897,-0.36009,-1.684129,-5.022693,0,0,0,9.43828,0.3926631,-0.900252,27.875,-8.5,-2,5.734416,-82.47869,164.2721,-0.7484697,-0.6573358,0.05282032,0.07009162
34908,-0.3600659,-1.684127,-5.022741,0,0,0,9.414337,0.3256231,-1.043909,25.875,-8.875,-2.125,5.585219,-82.42495,164.5036,-0.7488458,-0.6570041,0.05240443,0.06949396
34919,-0.3600543,-1.684122,-5.022794,0,0,0,9.385606,0.3256231,-1.134892,23.75,-9.5,-2.5,5.433784,-82.34875,164.7114,-0.7493327,-0.6565148,0.0521154,0.0690857
34931,-0.3600408,-1.68412,-5.022849,0,0,0,9.376028,0.3352002,-1.134892,22,-10,-2.625,5.299377,-82.26645,164.8799,-0.7498377,-0.655978,0.05193629,0.06884079
34942,-0.3600163,-1.684112,-5.022905,0,0,0,9.385606,0.292103,-1.096583,19.25,-10.25,-2.625,5.126069,-82.18922,165.0518,-0.7502983,-0.6554517,0.05200051,0.06878787
34954,-0.3599874,-1.684095,-5.022959,0,0,0,9.385606,0.2298516,-1.082218,14.5,-10.5,-2.625,4.896589,-82.11806,165.2197,-0.7506962,-0.6549288,0.05246525,0.06907329
34965,-0.35997,-1.684105,-5.023013,0,0,0,9.380817,0.4070288,-1.139681,10.375,-10.625,-2.625,4.84481,-82.03046,165.1539,-0.7511269,-0.6542979,0.05308525,0.06988964
34976,-0.3599857,-1.684179,-5.023065,0,0,0,9.356874,0.8284234,-1.283338,10.875,-10.75,-2.125,5.152939,-81.90556,164.7296,-0.7517118,-0.6534804,0.05334698,0.07104221
34989,-0.360034,-1.6843,-5.023128,0,0,0,9.323354,1.039121,-1.417418,15.75,-10.375,-1.25,5.58785,-81.74924,164.2346,-0.7524828,-0.6525068,0.05313291,0.07198131
35000,-0.3600724,-1.684389,-5.023185,0,0,0,9.289834,0.9816577,-1.436572,20.875,-9.625,0,5.806236,-81.62377,164.0271,-0.7531559,-0.6517338,0.05272966,0.07224131
35012,-0.3601058,-1.684443,-5.023245,0,0,0,9.285046,0.7613833,-1.455727,23.25,-8.875,0.625,5.75361,-81.51742,164.1237,-0.7537875,-0.6510541,0.05239904,0.07202425
35023,-0.3601292,-1.684474,-5.023305,0,0,0,9.299411,0.6081489,-1.436572,22.5,-7.875,1.75,5.483289,-81.43954,164.4292,-0.7542907,-0.6505178,0.05235097,0.07163479
35035,-0.360141,-1.684486,-5.023361,0,0,0,9.318565,0.483646,-1.403052,19.5,-6.5,2.875,5.054126,-81.39632,164.8548,-0.7546012,-0.6501637,0.05271162,0.0713141
35046,-0.3601591,-1.684497,-5.023417,0,0,0,9.328143,0.4740689,-1.446149,15,-5,3.625,4.579777,-81.36844,165.2664,-0.7547936,-0.6498775,0.05347059,0.07132261
35058,-0.3601812,-1.684554,-5.023472,0,0,0,9.328143,0.7374405,-1.426995,14.5,-4.125,4.25,4.355828,-81.34663,165.4174,-0.7549049,-0.6496663,0.05406621,0.07161897
35069,-0.3601986,-1.684655,-5.023527,0,0,0,9.347297,0.9481377,-1.359955,20.75,-3.875,4.375,4.359499,-81.33084,165.4201,-0.7549973,-0.649566,0.05401013,0.07159597
35081,-0.3601994,-1.684727,-5.023578,0,0,0,9.376028,0.7901148,-1.302492,31.875,-4.125,3.75,4.265386,-81.32609,165.67,-0.7551343,-0.6495942,0.05320872,0.07048719
35093,-0.3601682,-1.684689,-5.023633,0,0,0,9.380817,0.1149258,-1.230664,36,-4.5,2.625,3.598315,-81.34987,166.5553,-0.7552296,-0.649754,0.0526091,0.06841298
35104,-0.3601268,-1.68458,-5.023692,0,0,0,9.361663,-0.3495659,-1.230664,31.5,-4.5,0.75,2.654379,-81.38106,167.6615,-0.7552718,-0.6499106,0.05258537,0.06644975
35117,-0.3600849,-1.684442,-5.023769,0,0,0,9.33772,-0.3687202,-1.278549,23.125,-4.125,-1.625,1.815235,-81.40269,168.5644,-0.7552816,-0.6499867,0.05301256,0.06524296
35128,-0.3600707,-1.684388,-5.023825,0,0,0,9.33772,-0.04788574,-1.336012,19.5,-3.5,-3.75,1.601401,-81.40434,168.7862,-0.7552996,-0.6499785,0.05316505,0.06499287
35139,-0.360047,-1.684376,-5.02388,0,0,0,9.361663,0.2154858,-1.240241,19.25,-3.625,-5.5,1.820769,-81.40693,168.5701,-0.7552634,-0.6500206,0.05294683,0.065171
35151,-0.3599888,-1.684385,-5.023933,0,0,0,9.409549,0.3160459,-1.019966,19.5,-4.125,-6.625,2.273487,-81.43156,168.1233,-0.7550778,-0.6502348,0.05251729,0.06552992
35163,-0.3599109,-1.684377,-5.023984,0,0,0,9.447857,0.2202744,-0.9385605,20.375,-5.625,-8.125,2.747418,-81.44836,167.6692,-0.7549387,-0.6504098,0.05198565,0.06581975
35174,-0.3598509,-1.684374,-5.024032,0,0,0,9.433492,0.2633716,-1.000812,18.125,-6.5,-8.75,3.254656,-81.43996,167.1524,-0.754917,-0.6504139,0.05156968,0.06635172
35185,-0.3598282,-1.684414,-5.024082,0,0,0,9.390394,0.5794175,-1.192355,17.125,-7.125,-8.75,4.019065,-81.38177,166.3621,-0.7551259,-0.6501247,0.05096303,0.0672715
35197,-0.3598306,-1.684505,-5.024133,0,0,0,9.361663,0.9194063,-1.297704,20,-7.5,-8.25,5.017162,-81.29044,165.3715,-0.7554917,-0.649682,0.04990812,0.06822807
35208,-0.3598384,-1.684592,-5.024186,0,0,0,9.347297,0.9146177,-1.340801,21.625,-7.375,-6.75,5.846197,-81.19783,164.5704,-0.755887,-0.6492283,0.04887597,0.0689096
35220,-0.3598516,-1.684649,-5.024238,0,0,0,9.328143,0.7949033,-1.407841,19,-6.75,-4.625,6.32263,-81.1194,164.0874,-0.7562342,-0.6488,0.04837431,0.06948639
35231,-0.3598735,-1.684721,-5.024292,0,0,0,9.313777,0.8810977,-1.450938,16.375,-6.125,-2.75,6.724369,-81.04459,163.6422,-0.7565475,-0.6483705,0.04814883,0.0702385
35243,-0.3598998,-1.684812,-5.024345,0,0,0,9.313777,1.010389,-1.465304,17.625,-5.5,-1.125,7.112476,-80.9772,163.2241,-0.7568263,-0.6479957,0.04786398,0.0708859
35254,-0.3599271,-1.684894,-5.024395,0,0,0,9.318565,0.9912349,-1.489247,20.375,-5,0.25,7.357679,-80.92108,162.9838,-0.7570895,-0.6476831,0.04752791,0.07115629
35265,-0.3599586,-1.684995,-5.024448,0,0,0,9.313777,1.077429,-1.498824,23.75,-4.25,1.75,7.577821,-80.87467,162.8109,-0.7573293,-0.6474468,0.04698783,0.07111383
35277,-0.3599901,-1.685112,-5.024498,0,0,0,9.313777,1.192355,-1.489247,27.125,-3.625,3.625,7.767647,-80.84093,162.7088,-0.7575294,-0.6473038,0.04626376,0.07075958
35288,-0.3600052,-1.685204,-5.024551,0,0,0,9.328143,1.015178,-1.422207,29.875,-2.75,5.5,7.683968,-80.84463,162.9172,-0.7576032,-0.64736,0.04564494,0.06985
35300,-0.3600042,-1.685237,-5.024601,0,0,0,9.342508,0.6512461,-1.383898,30,-2.25,6.875,7.191645,-80.88104,163.5349,-0.7575793,-0.6475453,0.0454577,0.06850182
35311,-0.3599873,-1.685225,-5.024658,0,0,0,9.347297,0.3495659,-1.331224,26.875,-2,7.625,6.371144,-80.94334,164.4459,-0.7574463,-0.6478283,0.04581117,0.06704459
35323,-0.3599592,-1.685194,-5.024715,0,0,0,9.352086,0.191543,-1.278549,22.875,-2,7.375,5.447056,-81.01522,165.4097,-0.7572324,-0.6481509,0.04655155,0.06582222
35335,-0.359912,-1.685154,-5.024779,0,0,0,9.376028,0.1388687,-1.201932,20.25,-2.25,6.25,4.52159,-81.09598,166.3425,-0.756933,-0.648535,0.04747402,0.06481628
35346,-0.3598674,-1.685126,-5.02483,0,0,0,9.399971,0.1532344,-1.168412,18,-2.5,5.125,3.783931,-81.16544,167.0583,-0.7566383,-0.6488742,0.04836076,0.06420252
35358,-0.3598309,-1.685118,-5.024883,0,0,0,9.395183,0.258583,-1.197144,17.125,-2.75,4,3.234205,-81.2181,167.5742,-0.756397,-0.649132,0.04911585,0.06386656
35369,-0.3598077,-1.685125,-5.024936,0,0,0,9.37124,0.3543545,-1.249818,17,-3,2.875,2.871465,-81.25024,167.9017,-0.7562419,-0.6492826,0.04968185,0.06373455
35381,-0.3597953,-1.685144,-5.024996,0,0,0,9.356874,0.4166059,-1.307281,18,-3,2.125,2.615427,-81.26925,168.1345,-0.7561532,-0.649366,0.05006816,0.06363513
35393,-0.3597908,-1.685158,-5.025054,0,0,0,9.347297,0.3926631,-1.350378,19,-2.875,1.625,2.382262,-81.28109,168.3592,-0.7561085,-0.6494133,0.05034322,0.06346558
35405,-0.3597946,-1.685168,-5.025109,0,0,0,9.33772,0.3782974,-1.398264,18.375,-2.375,1.5,2.154066,-81.29121,168.5713,-0.7560681,-0.6494473,0.05065446,0.06335194
35416,-0.3598119,-1.685231,-5.025162,0,0,0,9.33772,0.7039204,-1.426995,18.625,-1.875,1.875,2.230119,-81.29403,168.4785,-0.756035,-0.6494663,0.05068099,0.06353161
35428,-0.359842,-1.685366,-5.025216,0,0,0,9.33772,1.091795,-1.431784,25,-1.75,2.625,2.641805,-81.28706,168.1296,-0.7560611,-0.6494961,0.04993665,0.06350496
35439,-0.3598674,-1.685464,-5.025264,0,0,0,9.33772,0.9625034,-1.446149,32,-1.375,3.5,2.827544,-81.28941,168.0921,-0.7561077,-0.6495972,0.0489257,0.06269802
35450,-0.3598772,-1.685516,-5.025316,0,0,0,9.352086,0.6320918,-1.393475,35.5,-0.875,4.25,2.644348,-81.31877,168.4762,-0.7560723,-0.6498535,0.04798048,0.06118078
35462,-0.3598766,-1.685539,-5.025369,0,0,0,9.352086,0.4309717,-1.355167,35.625,-0.5,4.5,2.258961,-81.36439,169.0659,-0.7559649,-0.6501957,0.04721301,0.05944447
35473,-0.3598609,-1.685533,-5.025428,0,0,0,9.352086,0.2346401,-1.288126,35,-0.625,4,1.724709,-81.42252,169.8031,-0.7557939,-0.650607,0.04659363,0.05757644
35485,-0.3598301,-1.685488,-5.025484,0,0,0,9.356874,-0.04309717,-1.216298,32.25,-0.625,3,1.035227,-81.49201,170.6568,-0.7555431,-0.6510694,0.04633585,0.05582389
35496,-0.3597917,-1.685416,-5.025544,0,0,0,9.356874,-0.2154858,-1.192355,26.75,-0.75,1.875,0.2570786,-81.56387,171.5341,-0.7552418,-0.6515239,0.04651818,0.0544287
35508,-0.3597603,-1.685365,-5.025603,0,0,0,9.366451,-0.09098291,-1.211509,21.125,-0.625,0.125,-0.2296072,-81.62601,172.0468,-0.7549322,-0.6519125,0.04683882,0.05379299
35519,-0.3597494,-1.68535,-5.025657,0,0,0,9.356874,0.1197144,-1.288126,18.5,-0.5,-1,-0.3832288,-81.6674,172.1906,-0.7547011,-0.6521721,0.04705032,0.05370403
35530,-0.3597567,-1.685346,-5.025711,0,0,0,9.352086,0.2011201,-1.383898,17.875,-0.125,-2.125,-0.3591965,-81.69459,172.149,-0.7545371,-0.6523446,0.04714121,0.05383198
35542,-0.3597789,-1.685327,-5.025764,0,0,0,9.366451,0.1292915,-1.474881,15,0.5,-2.625,-0.3740985,-81.7166,172.1087,-0.7543861,-0.6524667,0.04747779,0.05417327
35553,-0.359823,-1.685348,-5.02582,0,0,0,9.332932,0.3735088,-1.551498,9,1.625,-1.75,-0.1968427,-81.73645,171.7914,-0.7541956,-0.6525496,0.04812687,0.05524513
35566,-0.3598361,-1.685428,-5.025874,0,0,0,9.356874,0.7134976,-1.326435,10.5,1.5,-1.5,0.3484145,-81.7814,171.1256,-0.7538446,-0.6528307,0.04835386,0.05650153
35577,-0.3597475,-1.685493,-5.025919,0,0,0,9.500531,0.5363203,-0.7709605,13.5,0.375,-1.5,0.7796565,-81.90569,170.6122,-0.7530638,-0.6536449,0.04851332,0.05735771
35589,-0.3596045,-1.685483,-5.025955,0,0,0,9.586726,0.05267432,-0.4261831,7,-1,-0.875,0.6541302,-82.06853,170.5814,-0.752066,-0.6546368,0.04960723,0.05819346
35601,-0.3594696,-1.685397,-5.026,0,0,0,9.562783,-0.2681602,-0.7039204,-7.25,-2.375,-0.25,-0.03741541,-82.19284,170.8915,-0.7512083,-0.6552328,0.05243913,0.06005248
35613,-0.3594511,-1.685304,-5.026037,0,0,0,9.476588,-0.3495659,-1.249818,-19.25,-3.875,-0.625,-0.8230091,-82.19772,171.1883,-0.7509679,-0.6549847,0.05589402,0.06259632
35624,-0.3595366,-1.685183,-5.026076,0,0,0,9.37124,-0.4166059,-1.925007,-19,-2.125,-5,-1.350344,-82.11442,171.2394,-0.7512085,-0.6541694,0.05902115,0.06530515
35635,-0.3595261,-1.68513,-5.025879,0,0,0,10.85091,-0.01436572,-1.450938,31.375,1.25,-23.875,0.4931004,-82.12656,169.5753,-0.7511166,-0.6544645,0.05644522,0.06568179
35647,-0.3593434,-1.685202,-5.025136,0,0,0,14.26516,0.7518061,-0.7230747,96.5,1.625,-44.625,4.959254,-82.1778,166.1375,-0.7509133,-0.6557503,0.04686932,0.06264196
35658,-0.3591893,-1.685189,-5.024054,0,0,0,15.99384,0.4980117,-1.230664,129,-3,-52,9.695271,-82.07932,162.8884,-0.7514485,-0.6564344,0.03430206,0.05694364
35670,-0.3592007,-1.684965,-5.023099,0,0,0,15.33301,-0.5889946,-2.260207,85.375,-3.5,-40,12.17423,-81.93306,161.307,-0.7521583,-0.6562705,0.0268676,0.05334
35681,-0.3592928,-1.684721,-5.022398,0,0,0,13.75757,-0.6847661,-2.547522,-4.875,1.875,-18.75,12.64478,-81.89317,160.5495,-0.7521298,-0.656059,0.02804931,0.05568365
35693,-0.3593705,-1.684662,-5.021758,0,0,0,13.24998,0.4261831,-2.226687,-56.5,6.125,-6.5,13.0217,-81.94297,159.1796,-0.7512528,-0.6562008,0.03350889,0.06242604
35704,-0.3594296,-1.68472,-5.021071,0,0,0,13.83419,1.197144,-2.106973,-25,4.5,-11.5,14.29621,-81.93771,157.3503,-0.7506316,-0.6563365,0.03562287,0.06712408
35715,-0.3595138,-1.684727,-5.020317,0,0,0,14.01137,0.9720806,-2.308093,34.625,1.75,-21.75,16.09893,-81.83456,155.7658,-0.7507928,-0.6562787,0.03267476,0.06738657
35727,-0.3596003,-1.684628,-5.019621,0,0,0,13.62349,0.3782974,-2.355978,62.125,1,-26.75,17.79922,-81.70564,154.6557,-0.7512825,-0.6561718,0.02760124,0.06520398
35738,-0.3596759,-1.684465,-5.019025,0,0,0,13.25477,-0.03830859,-2.322459,52.25,1.375,-24.875,18.97674,-81.61035,153.9294,-0.7516401,-0.6560832,0.02381506,0.06344222
35750,-0.3597465,-1.684272,-5.018475,0,0,0,12.83817,-0.1771773,-2.231476,10.75,2.625,-17.75,19.53273,-81.57827,153.2873,-0.7515642,-0.6560642,0.02376749,0.0645465
35761,-0.3598055,-1.684101,-5.018026,0,0,0,12.2779,-0.08140577,-2.068664,-33.125,4.75,-9.375,19.57481,-81.62298,152.5795,-0.7509295,-0.6562021,0.0276548,0.06883889
35773,-0.3598545,-1.683991,-5.017632,0,0,0,11.93313,0.2777373,-1.891487,-64,7,-5.625,19.71363,-81.70791,151.3618,-0.7497578,-0.6564792,0.03393377,0.07580764
35784,-0.3598678,-1.683939,-5.017269,0,0,0,11.87566,0.5937832,-1.594595,-69.125,8.125,-5.875,20.25408,-81.81077,149.6996,-0.7482489,-0.6569373,0.04019594,0.08331436
35796,-0.3598739,-1.683935,-5.01688,0,0,0,11.93313,0.9241948,-1.460515,-52.375,8.375,-9.625,21.40294,-81.88178,147.6268,-0.7467454,-0.6574613,0.04478458,0.09005764
35807,-0.3598894,-1.683986,-5.016487,0,0,0,11.95228,1.316858,-1.417418,-18.125,7.75,-15,23.20086,-81.87769,145.3548,-0.7456487,-0.6579845,0.04610549,0.09454476
35819,-0.3599102,-1.684062,-5.016083,0,0,0,11.6937,1.450938,-1.364744,27.375,5.625,-20.75,25.52315,-81.78197,143.1614,-0.7452011,-0.6585059,0.04329842,0.09576331
35831,-0.3599295,-1.684087,-5.01579,0,0,0,11.37286,1.225875,-1.379109,51.875,2.75,-19.625,27.18655,-81.67502,141.9357,-0.7452937,-0.6588393,0.0391735,0.09451748
35842,-0.3599629,-1.68408,-5.015516,0,0,0,11.22442,1.048698,-1.479669,41,0.5,-9.25,27.76961,-81.62822,141.6456,-0.7454702,-0.6589583,0.03689082,0.09320551
35854,-0.3600067,-1.684079,-5.015274,0,0,0,11.07597,1.072641,-1.522767,17.5,-0.75,4.125,27.32444,-81.66827,142.0657,-0.7454783,-0.6589572,0.03750695,0.09290209
35866,-0.3600503,-1.684139,-5.015053,0,0,0,10.79345,1.331224,-1.398264,0.875,-1.625,16.625,26.13917,-81.78798,142.9836,-0.7452504,-0.6589833,0.04033405,0.09335981
35877,-0.3600794,-1.68427,-5.014898,0,0,0,10.48219,1.656847,-1.211509,5.875,-3,24.625,24.67001,-81.93328,144.2477,-0.7450403,-0.6590786,0.04308268,0.09313595
35889,-0.3600871,-1.68442,-5.014821,0,0,0,10.08474,1.699944,-1.024755,26.25,-5.5,27.75,23.02286,-82.07018,145.9539,-0.7451073,-0.6591989,0.04439753,0.09110891
35900,-0.3600803,-1.684542,-5.014838,0,0,0,9.553205,1.417418,-0.9289834,48.125,-8.875,29,20.9196,-82.1893,148.4009,-0.7455934,-0.6592134,0.044344,0.08695944
35912,-0.3600626,-1.684629,-5.014929,0,0,0,9.146177,1.115738,-0.8763091,57.5,-11.75,29.75,18.394,-82.28469,151.3886,-0.7463284,-0.6590758,0.04385036,0.08179376
35923,-0.3600347,-1.684681,-5.015082,0,0,0,8.806189,0.8044805,-0.8380005,49.625,-14.625,32.375,15.22233,-82.36208,154.9205,-0.7471414,-0.6587145,0.04439102,0.07683977
35935,-0.3600323,-1.684712,-5.015287,0,0,0,8.490142,0.6177261,-0.9960235,30.125,-16.25,36.875,11.33391,-82.3946,158.9131,-0.7480274,-0.6579647,0.04688558,0.07306894
35946,-0.3600435,-1.684769,-5.015519,0,0,0,8.322542,0.6991318,-1.053486,10.5,-15.75,41.375,7.209147,-82.39861,162.8813,-0.7487345,-0.6570958,0.05106167,0.07081423
35957,-0.3600469,-1.684895,-5.015776,0,0,0,8.150153,1.034332,-0.9289834,3.875,-14.875,44.25,3.47818,-82.39001,166.3645,-0.7491804,-0.6563761,0.05547528,0.06943908
35969,-0.3600299,-1.685073,-5.016093,0,0,0,7.872416,1.230664,-0.7374405,15.875,-15.5,43.5,0.2192617,-82.36313,169.5252,-0.7495981,-0.6558288,0.05867042,0.06744675
35980,-0.3600089,-1.68526,-5.016498,0,0,0,7.32173,1.235452,-0.6464576,38.5,-16.875,39.625,-2.401866,-82.29493,172.3434,-0.7502527,-0.6553329,0.05967014,0.0640259
35992,-0.3600032,-1.685448,-5.017012,0,0,0,6.71837,1.197144,-0.6847661,58,-17.375,35.125,-4.410333,-82.17765,174.8079,-0.7512152,-0.6547538,0.05871743,0.05937555
36003,-0.3600268,-1.685628,-5.017624,0,0,0,6.038392,1.168412,-0.7996919,71.375,-15.5,31.75,-5.811373,-82.0306,176.8326,-0.7523571,-0.6541093,0.05634808,0.05408078
36015,-0.360053,-1.68581,-5.018355,0,0,0,5.411089,1.134892,-0.7518061,76.375,-12.5,30.375,-6.822562,-81.90789,178.5377,-0.7533394,-0.6536641,0.05328457,0.04861868
36026,-0.3600634,-1.685993,-5.019219,0,0,0,4.716746,1.096583,-0.5794175,77.375,-9.625,29.625,-7.461695,-81.84428,179.8855,-0.7539563,-0.6535951,0.04981961,0.04337598
36038,-0.3600633,-1.686183,-5.020277,0,0,0,4.151694,1.019966,-0.4597031,77.375,-7.625,28.5,-7.840412,-81.82329,-178.994,-0.7543162,-0.6537905,0.04592868,0.03815269
36050,-0.360052,-1.686333,-5.021309,0,0,0,3.735088,0.8810977,-0.3591431,76.375,-6.25,26.5,-8.082915,-81.8425,-178.0556,-0.7544067,-0.6542015,0.04216031,0.03336946
36062,-0.3600298,-1.686458,-5.022374,0,0,0,3.644105,0.708709,-0.3064688,70.375,-5.75,24.875,-8.566509,-81.88403,-176.9445,-0.7543007,-0.6547363,0.03897467,0.02884199
36073,-0.3599968,-1.686558,-5.023375,0,0,0,3.787762,0.5698403,-0.2681602,57.625,-5.75,24.5,-9.430116,-81.93865,-175.6253,-0.7540145,-0.6553286,0.03708117,0.02513466
36085,-0.3599579,-1.686681,-5.024589,0,0,0,3.768608,0.5698403,-0.2681602,37.625,-6,24.625,-10.35838,-81.99019,-174.4802,-0.7536638,-0.6558389,0.03659682,0.02295448
36097,-0.3599331,-1.686795,-5.025588,0,0,0,3.653682,0.6656118,-0.2825259,26,-6.625,23.25,-10.72821,-82.02253,-174.0655,-0.7534444,-0.6561093,0.0366272,0.02237313
36108,-0.3598996,-1.686942,-5.026615,0,0,0,3.754242,0.8284234,-0.2346401,22.25,-7.625,19.5,-10.36469,-82.07269,-174.432,-0.7532035,-0.6563917,0.0362936,0.0227456
36120,-0.3598301,-1.687145,-5.027515,0,0,0,4.486894,1.144469,-0.08619434,26.125,-9.75,16.375,-9.388651,-82.16226,-175.3604,-0.7528127,-0.6568827,0.03512911,0.02332636
36131,-0.3597532,-1.687379,-5.028245,0,0,0,5.420666,1.355167,-0.1484458,39.125,-12.875,13.875,-8.211478,-82.19697,-176.3196,-0.7527708,-0.6570624,0.03287164,0.02290357
36143,-0.3596804,-1.687571,-5.028858,0,0,0,6.349649,1.029544,-0.3735088,61.75,-15.875,9.625,-7.477391,-82.14179,-176.5135,-0.7532476,-0.6567866,0.02919269,0.01993529
36154,-0.3596351,-1.687643,-5.029301,0,0,0,7.029627,0.3878745,-0.6608232,76.625,-16.125,4.375,-7.376365,-82.03284,-175.8949,-0.7539881,-0.656234,0.0250483,0.015221
36165,-0.3596013,-1.68766,-5.029652,0,0,0,7.666507,0.03352002,-0.8667319,76.125,-14,0.125,-7.387243,-81.92232,-175.1449,-0.7546981,-0.6556589,0.02089558,0.01027433
36177,-0.3595596,-1.687679,-5.029906,0,0,0,8.274656,0.0191543,-0.9241948,65.25,-12,-1.5,-7.258484,-81.84332,-174.6671,-0.755203,-0.6552302,0.01736644,0.006336983
36188,-0.3595244,-1.687703,-5.030066,0,0,0,8.743937,0.05267432,-1.024755,51.625,-10.875,-2,-7.042171,-81.77656,-174.4707,-0.7556214,-0.6548291,0.01486202,0.003759831
36200,-0.3595008,-1.68771,-5.030208,0,0,0,8.858863,-0.05267432,-1.130104,39.125,-9.875,-2.75,-6.870982,-81.7077,-174.3839,-0.7560353,-0.6543925,0.01328288,0.002162757
36211,-0.3594935,-1.687712,-5.030364,0,0,0,8.810977,-0.07661719,-1.235452,23.75,-8.375,-4.125,-6.597908,-81.64108,-174.5952,-0.7564401,-0.6539363,0.01273065,0.001954632
36223,-0.3595033,-1.687737,-5.030507,0,0,0,8.777456,0.08619434,-1.340801,11.25,-6.75,-5.125,-6.087038,-81.58576,-175.2064,-0.7567978,-0.6535152,0.01287775,0.003041311
36234,-0.3595256,-1.687811,-5.030663,0,0,0,8.758303,0.3830859,-1.407841,4.125,-5.375,-6,-5.169617,-81.53944,-176.3241,-0.7571255,-0.6531153,0.013214,0.00516928
36246,-0.3595608,-1.687941,-5.030823,0,0,0,8.782246,0.6991318,-1.474881,5.75,-4.875,-7.5,-3.762032,-81.48927,-177.9189,-0.7574824,-0.6526808,0.01301781,0.007669244
36257,-0.3595996,-1.688076,-5.03095,0,0,0,8.854074,0.8763091,-1.541921,16.625,-5.125,-10,-2.103912,-81.42751,-179.614,-0.7578861,-0.6522136,0.0117191,0.009422661
36268,-0.3596323,-1.6882,-5.031064,0,0,0,8.945057,0.8284234,-1.532344,33.75,-6.375,-13.375,-0.2772349,-81.34781,178.7446,-0.7583663,-0.651692,0.008975007,0.009885635
36280,-0.3596557,-1.688298,-5.031164,0,0,0,9.064771,0.675189,-1.508401,50.125,-7.75,-17.625,1.720949,-81.24803,177.1589,-0.7589219,-0.6511016,0.004744319,0.009039041
36291,-0.3596732,-1.688374,-5.03122,0,0,0,9.313777,0.5985718,-1.541921,75.25,-9.375,-24.625,4.104084,-81.11891,175.5194,-0.7595744,-0.6503865,-0.001781453,0.006413709
36303,-0.3596963,-1.688375,-5.031225,0,0,0,9.610668,0.1963315,-1.632904,100.125,-10.375,-31.5,6.707403,-80.95089,174.0707,-0.7603289,-0.6494449,-0.01092542,0.001352222
36315,-0.3597452,-1.688279,-5.031194,0,0,0,9.802212,-0.3543545,-1.843601,100.875,-9.375,-34.25,8.740329,-80.78266,173.1363,-0.7610158,-0.6484364,-0.01925509,-0.003829638
36327,-0.359811,-1.688126,-5.03114,0,0,0,9.921926,-0.6512461,-1.953738,76.25,-6.75,-32.625,10.34594,-80.64186,172.321,-0.7615293,-0.6475894,-0.02543633,-0.007364621
36338,-0.3598493,-1.687981,-5.031088,0,0,0,9.94108,-0.5937832,-1.810081,47.625,-5.625,-29.375,11.70374,-80.54269,171.3692,-0.761823,-0.6470702,-0.02918544,-0.008605884
36350,-0.3598494,-1.687844,-5.031048,0,0,0,9.878829,-0.4166059,-1.585018,20.375,-6.625,-25.25,12.91923,-80.46069,170.2024,-0.7620412,-0.6467521,-0.03077332,-0.007614069
36362,-0.3598288,-1.687753,-5.031005,0,0,0,9.917137,-0.1484458,-1.498824,2.25,-8.75,-21.25,13.96884,-80.36632,168.95,-0.7623475,-0.6464144,-0.0308065,-0.005084745
36373,-0.3598077,-1.687696,-5.030942,0,0,0,10.03685,0.06704004,-1.532344,-0.875,-10.625,-19.375,14.93878,-80.24664,167.7388,-0.7627813,-0.6459283,-0.03059608,-0.002326432
36385,-0.3597853,-1.687625,-5.030858,0,0,0,10.16614,0.02873145,-1.561075,5,-12.125,-19.625,15.81326,-80.10708,166.6997,-0.7633168,-0.645291,-0.03077183,-0.0001234705
36396,-0.3597687,-1.687516,-5.030773,0,0,0,10.17093,-0.1676001,-1.608961,7.75,-13,-20.125,16.49363,-79.95584,165.8932,-0.7639455,-0.6445334,-0.03100449,0.001663479
36408,-0.3597573,-1.687384,-5.030702,0,0,0,10.08953,-0.2873144,-1.642481,1.125,-12.875,-18.75,16.93049,-79.81138,165.2451,-0.7645896,-0.6437838,-0.03051181,0.003770059
36419,-0.3597458,-1.687243,-5.030644,0,0,0,10.00812,-0.3160459,-1.64727,-14.125,-11.875,-14.875,17.05562,-79.69383,164.7066,-0.7651619,-0.6431693,-0.02852156,0.006861692
36430,-0.3597296,-1.687113,-5.030602,0,0,0,9.917137,-0.2298516,-1.623327,-33.125,-9.625,-9.375,16.8859,-79.62421,164.2053,-0.765534,-0.6428223,-0.02469399,0.01128318
36442,-0.3596997,-1.687037,-5.030565,0,0,0,9.888406,0.08619434,-1.541921,-40.125,-7.25,-6,16.77906,-79.5973,163.5551,-0.7656204,-0.6427637,-0.02037968,0.01627349
36453,-0.3596493,-1.687024,-5.030529,0,0,0,9.883617,0.4932232,-1.422207,-25.875,-5.5,-6,17.03426,-79.59229,162.7133,-0.7654701,-0.642911,-0.01737121,0.0204746
36465,-0.3595951,-1.68703,-5.030486,0,0,0,9.917137,0.6320918,-1.398264,1.875,-4.875,-9,17.59923,-79.58055,161.9262,-0.7653002,-0.6430593,-0.0167504,0.02258277
36476,-0.359565,-1.687012,-5.030449,0,0,0,9.859674,0.5028003,-1.532344,30.625,-3.75,-12.75,18.29085,-79.55251,161.3943,-0.765238,-0.6430967,-0.01843761,0.02230771
36488,-0.3595485,-1.68695,-5.03045,0,0,0,9.648977,0.2346401,-1.570652,45.25,-1.75,-14.5,18.90247,-79.54408,161.1347,-0.765128,-0.6432024,-0.02108122,0.02062497
36499,-0.3595224,-1.686852,-5.030496,0,0,0,9.414337,0.02873145,-1.465304,44.375,0.125,-14.125,19.39508,-79.58023,160.9927,-0.7648183,-0.6435447,-0.02349993,0.01873488
36511,-0.3594923,-1.686734,-5.030576,0,0,0,9.222795,-0.1197144,-1.388687,31.25,1.375,-11.5,19.62348,-79.65582,160.94,-0.7643657,-0.6440727,-0.02457485,0.01764957
36522,-0.3594706,-1.686594,-5.030677,0,0,0,9.165331,-0.1628115,-1.426995,12.625,3.125,-7.5,19.56638,-79.76984,160.9237,-0.7637767,-0.6447923,-0.02387084,0.01784668
36534,-0.3594471,-1.686474,-5.030767,0,0,0,9.17012,-0.1292915,-1.383898,-2.625,5.5,-4.5,19.39959,-79.92272,160.8173,-0.7629897,-0.6457564,-0.02185021,0.01918395
36546,-0.3594042,-1.686377,-5.030866,0,0,0,9.1366,-0.004788574,-1.235452,-11.75,6.875,-2.625,19.28199,-80.11109,160.54,-0.7619701,-0.6469791,-0.01912018,0.02130915
36557,-0.3593438,-1.686322,-5.030957,0,0,0,9.179697,0.2346401,-1.101372,-15.125,7.25,-0.375,19.26313,-80.31639,160.116,-0.7608075,-0.6483389,-0.01617759,0.02381217
36569,-0.3592821,-1.686313,-5.031032,0,0,0,9.299411,0.517166,-1.110949,-5.375,7.25,0.375,19.4448,-80.51514,159.5973,-0.7596233,-0.6496994,-0.01403139,0.02581201
36581,-0.359231,-1.686329,-5.031099,0,0,0,9.313777,0.6608232,-1.125315,16,6.625,-1.125,19.84452,-80.67871,159.1536,-0.7586126,-0.6508709,-0.01381438,0.02613766
36592,-0.3591858,-1.68633,-5.031192,0,0,0,9.146177,0.5650518,-1.096583,39.125,5.75,-2.625,20.24658,-80.82172,159.011,-0.7577772,-0.6518728,-0.01535526,0.02448918
36604,-0.3591602,-1.6863,-5.031322,0,0,0,8.935479,0.3591431,-1.168412,48.75,5.25,-1.75,20.34855,-80.95654,159.2981,-0.7571102,-0.6526949,-0.01737242,0.02171919
36616,-0.3591534,-1.686229,-5.03152,0,0,0,8.782246,0.1723887,-1.245029,47,6.125,1,20.00543,-81.1254,160.0539,-0.7564034,-0.6535711,-0.01905465,0.01832394
36629,-0.3591501,-1.686157,-5.031686,0,0,0,8.748725,0.05746289,-1.230664,40.625,7.375,3.625,19.40242,-81.30746,160.9426,-0.7556679,-0.6544723,-0.01977255,0.01552669
36640,-0.35915,-1.686088,-5.031848,0,0,0,8.748725,0.03352002,-1.225875,33.25,8.375,6,18.60747,-81.50474,161.9207,-0.7548696,-0.6554446,-0.0197323,0.01323297
36652,-0.3591632,-1.686052,-5.031996,0,0,0,8.815765,0.2011201,-1.292915,26.75,9.5,8.75,17.75281,-81.70279,162.8695,-0.7540461,-0.6564412,-0.01916259,0.01150291
36663,-0.3591866,-1.686044,-5.032128,0,0,0,8.863651,0.3352002,-1.345589,25.375,10.25,11.5,16.81141,-81.89567,163.8815,-0.7532449,-0.6574076,-0.01842718,0.009897353
36674,-0.3592215,-1.686048,-5.032251,0,0,0,8.949845,0.3735088,-1.398264,28,9.75,14.375,15.57579,-82.08146,165.2206,-0.752523,-0.6582814,-0.01768536,0.007879898
36686,-0.3592635,-1.686059,-5.03234,0,0,0,9.1366,0.3735088,-1.450938,28.5,8.75,17,14.03968,-82.24914,166.8633,-0.7519219,-0.659014,-0.01678741,0.005669099
36697,-0.3593034,-1.686097,-5.0324,0,0,0,9.308989,0.4980117,-1.446149,23.375,7.75,21.375,12.17752,-82.40681,168.7594,-0.7513782,-0.6596847,-0.01527068,0.003733222
36709,-0.359325,-1.686138,-5.032444,0,0,0,9.40476,0.4740689,-1.340801,18.875,6.375,24.75,9.974281,-82.55734,170.9348,-0.7508557,-0.6603317,-0.0131882,0.001992365
36720,-0.3593312,-1.686174,-5.032475,0,0,0,9.50532,0.3830859,-1.240241,17.625,4.5,25.375,7.502513,-82.69239,173.3613,-0.7503694,-0.6609294,-0.01086594,0.0002278427
36732,-0.3593352,-1.68621,-5.032489,0,0,0,9.615458,0.3352002,-1.230664,19.5,2.375,23.75,5.111502,-82.78513,175.7327,-0.7500293,-0.6613438,-0.008835983,-0.00156119
36744,-0.3593495,-1.686251,-5.032462,0,0,0,9.830943,0.2873144,-1.302492,23,0.75,20.875,2.807859,-82.83714,178.0665,-0.7498384,-0.6615722,-0.007211817,-0.003557604
36755,-0.3593726,-1.686291,-5.032415,0,0,0,9.955446,0.2681602,-1.379109,26.375,-0.25,18,0.9545105,-82.85235,179.9942,-0.749783,-0.6616319,-0.006212111,-0.005473363
36767,-0.3593911,-1.686341,-5.032371,0,0,0,9.945868,0.2873144,-1.350378,30.375,-1,15.625,-0.5881015,-82.85488,-178.3348,-0.7497544,-0.6616485,-0.005766743,-0.007499421
36778,-0.3594012,-1.686385,-5.032328,0,0,0,9.950658,0.225063,-1.302492,35,-2,13.25,-1.899973,-82.84734,-176.8333,-0.7497519,-0.6616213,-0.00585171,-0.009750969
36790,-0.359421,-1.686432,-5.032277,0,0,0,9.960235,0.1819658,-1.355167,37.875,-2.75,11.5,-3.083399,-82.81837,-175.41,-0.7498453,-0.6614699,-0.006314883,-0.01224162
36802,-0.3594493,-1.686491,-5.032239,0,0,0,9.893194,0.2346401,-1.407841,42.5,-2.875,9.625,-3.920747,-82.77963,-174.2759,-0.7499835,-0.6612488,-0.007361901,-0.01484809
36814,-0.3594794,-1.686544,-5.032236,0,0,0,9.701652,0.1963315,-1.407841,48,-2.875,7.375,-4.506138,-82.73964,-173.3269,-0.7501206,-0.6610031,-0.008982939,-0.01770466
36825,-0.359513,-1.686572,-5.032263,0,0,0,9.514897,0.02873145,-1.407841,46.375,-2.625,6.25,-5.137519,-82.69738,-172.3526,-0.7502539,-0.6607504,-0.01044153,-0.02046906
36836,-0.3595514,-1.686573,-5.032314,0,0,0,9.366451,-0.1532344,-1.412629,34.875,-1.625,6.25,-5.96555,-82.6596,-171.329,-0.7503556,-0.6605642,-0.01089291,-0.02242457
36848,-0.3595848,-1.686569,-5.032375,0,0,0,9.318565,-0.2011201,-1.374321,19.625,-0.5,6.75,-6.896005,-82.63787,-170.4014,-0.7503802,-0.6605234,-0.01012861,-0.02315288
36859,-0.3596034,-1.686585,-5.032432,0,0,0,9.347297,-0.09098291,-1.292915,3.125,0.875,7.75,-7.802633,-82.64678,-169.7138,-0.7502654,-0.6607061,-0.008164317,-0.02242026
36871,-0.3596122,-1.686644,-5.03249,0,0,0,9.356874,0.1628115,-1.235452,-6.375,2.375,8.75,-8.529901,-82.68726,-169.3323,-0.7500072,-0.6610821,-0.005645134,-0.02068383
36882,-0.3596132,-1.686764,-5.032563,0,0,0,9.3042,0.4932232,-1.177989,-2.5,3.75,8.125,-8.832389,-82.76456,-169.3348,-0.7495811,-0.6616338,-0.003731475,-0.01884167
36894,-0.3596023,-1.686898,-5.032644,0,0,0,9.227583,0.6512461,-1.082218,13.125,4.25,5.625,-8.705835,-82.86694,-169.555,-0.7490309,-0.6622811,-0.003393423,-0.01802777
36905,-0.3595861,-1.687034,-5.032743,0,0,0,9.155754,0.6368804,-1.029544,33,4.125,2.125,-8.229968,-82.98225,-169.8641,-0.7484059,-0.6629612,-0.004832095,-0.01864505
36917,-0.3595735,-1.687153,-5.032856,0,0,0,9.088714,0.5267432,-1.029544,52.5,3.625,-0.875,-7.549166,-83.0922,-170.1138,-0.7477838,-0.6635675,-0.007937302,-0.02085082
36928,-0.3595699,-1.687236,-5.032952,0,0,0,9.122234,0.3687202,-1.067852,63.5,3.75,-2.75,-6.896908,-83.19023,-170.2116,-0.7471857,-0.6640821,-0.01171597,-0.0239027
36939,-0.359578,-1.687281,-5.03302,0,0,0,9.313777,0.1053486,-1.134892,65.375,4.25,-3,-6.548544,-83.28171,-169.96,-0.7465636,-0.6645649,-0.01552751,-0.02748148
36951,-0.3595951,-1.687279,-5.033064,0,0,0,9.452645,-0.191543,-1.168412,57.375,5.125,-2.125,-6.701919,-83.37043,-169.3036,-0.745911,-0.6650788,-0.01841842,-0.03078626
36963,-0.3596183,-1.687261,-5.03309,0,0,0,9.557994,-0.2873144,-1.182778,42.25,6.375,-0.625,-7.185787,-83.46874,-168.5087,-0.7452074,-0.6657133,-0.01998235,-0.03305494
36975,-0.3596416,-1.687263,-5.033113,0,0,0,9.567572,-0.191543,-1.182778,29.375,7.125,0.625,-7.678596,-83.56943,-167.8873,-0.7445351,-0.6663952,-0.02049571,-0.03412719
36986,-0.3596607,-1.687284,-5.033155,0,0,0,9.476588,-0.08619434,-1.130104,24.125,8,0.625,-8.073014,-83.69093,-167.4328,-0.743775,-0.6672099,-0.0207124,-0.03465443
36998,-0.3596686,-1.687318,-5.033201,0,0,0,9.43828,0.009577149,-1.053486,24,8.25,0.25,-8.304421,-83.82058,-167.1464,-0.7429878,-0.6680574,-0.02102612,-0.03502053
37010,-0.3596773,-1.687382,-5.033278,0,0,0,9.380817,0.09577148,-1.019966,25.125,7.75,0.625,-8.483042,-83.96808,-166.8876,-0.7420961,-0.6690065,-0.02154876,-0.0354883
37022,-0.3596895,-1.687445,-5.033355,0,0,0,9.294622,0.158023,-1.024755,26.875,7.75,1.5,-8.654089,-84.09425,-166.6222,-0.7413228,-0.6698133,-0.02214106,-0.03606174
37034,-0.3597014,-1.687508,-5.033429,0,0,0,9.275469,0.191543,-1.010389,29.375,7.75,1.875,-8.819292,-84.21371,-166.3351,-0.7405795,-0.6705689,-0.02289557,-0.03681149
37045,-0.359721,-1.687565,-5.033508,0,0,0,9.256314,0.1340801,-1.029544,32.375,8.125,2,-9.09697,-84.33012,-165.8949,-0.7398247,-0.6713095,-0.02382322,-0.03788868
37057,-0.3597453,-1.687598,-5.033595,0,0,0,9.227583,-0.0191543,-1.015178,32.625,8.625,2.125,-9.67005,-84.44737,-165.1515,-0.7390249,-0.6720867,-0.02463393,-0.03917902
37068,-0.3597676,-1.687638,-5.033669,0,0,0,9.280257,0.02873145,-1.000812,28.875,9.125,2.75,-10.26464,-84.56646,-164.4404,-0.7382264,-0.6728899,-0.02513591,-0.04011453
37080,-0.3597929,-1.687712,-5.033738,0,0,0,9.323354,0.2154858,-1.015178,29.25,9.375,3.625,-10.69405,-84.69001,-163.8901,-0.7374213,-0.6736967,-0.0257792,-0.04096287
37091,-0.3598211,-1.687795,-5.033809,0,0,0,9.328143,0.2490059,-1.010389,34.375,9.375,3.375,-11.05095,-84.81544,-163.3423,-0.7365887,-0.674487,-0.02689001,-0.04220608
37102,-0.3598464,-1.687879,-5.033868,0,0,0,9.366451,0.2873144,-0.9960235,42.25,8.75,2.875,-11.25293,-84.93106,-162.8567,-0.7357955,-0.6751686,-0.02862637,-0.0439652
37114,-0.3598746,-1.687968,-5.033934,0,0,0,9.352086,0.2968916,-0.9912349,50.25,7.75,2.625,-11.36693,-85.03571,-162.3484,-0.7350283,-0.6757341,-0.03105248,-0.04639722
37125,-0.3599118,-1.688058,-5.034012,0,0,0,9.285046,0.2729487,-1.019966,56.875,6.75,2.625,-11.4535,-85.11978,-161.7746,-0.7343337,-0.6761311,-0.03401461,-0.04943526
37137,-0.3599539,-1.688149,-5.034097,0,0,0,9.222795,0.2968916,-1.048698,62,6.125,2.5,-11.41843,-85.18896,-161.2652,-0.7337019,-0.6763864,-0.03735688,-0.05279671
37148,-0.3600024,-1.688237,-5.034193,0,0,0,9.155754,0.2681602,-1.077429,67.125,5.625,2,-11.3045,-85.24519,-160.771,-0.7331073,-0.6765115,-0.04109497,-0.05654253
37160,-0.360065,-1.688316,-5.0343,0,0,0,9.098291,0.1819658,-1.130104,67.875,5.5,2,-11.29274,-85.28557,-160.1531,-0.7325566,-0.6765251,-0.04488498,-0.06049743
37171,-0.3601325,-1.688395,-5.034409,0,0,0,9.088714,0.1628115,-1.154046,62.5,5.625,3.125,-11.46433,-85.31667,-159.4231,-0.732053,-0.6765141,-0.04815086,-0.06409802
37183,-0.3602193,-1.688463,-5.034529,0,0,0,9.079137,0.04309717,-1.201932,53.125,6.25,4.625,-12.10081,-85.33344,-158.3314,-0.7316061,-0.6765124,-0.05056107,-0.06728376
37195,-0.3603014,-1.688532,-5.034624,0,0,0,9.165331,0.06225147,-1.221087,41.75,7.875,6,-12.95284,-85.36114,-157.1939,-0.7311526,-0.6766818,-0.05189065,-0.06946266
37206,-0.3603662,-1.688622,-5.034701,0,0,0,9.285046,0.1723887,-1.130104,35.5,9.625,6.875,-13.92449,-85.42616,-156.0187,-0.7305108,-0.6771379,-0.05276427,-0.07109296
37218,-0.3604142,-1.688698,-5.034763,0,0,0,9.361663,0.1149258,-1.024755,30.75,10.375,7.875,-15.27486,-85.50224,-154.5306,-0.7297797,-0.6777561,-0.0531166,-0.07243519
37230,-0.3604865,-1.68878,-5.034845,0,0,0,9.361663,0.009577149,-1.029544,24.75,10.5,8.375,-17.14724,-85.57287,-152.5888,-0.7290197,-0.6784736,-0.05284956,-0.07355864
37242,-0.3605439,-1.68885,-5.034939,0,0,0,9.198852,0.03352002,-1.005601,25.5,10.75,6.125,-18.4508,-85.64972,-151.2127,-0.7283141,-0.6791351,-0.05289795,-0.07440315
37254,-0.3605963,-1.688906,-5.035052,0,0,0,9.06956,-0.02873145,-0.9481377,33.25,10.375,1.875,-19.23132,-85.74545,-150.2581,-0.727536,-0.6797622,-0.0538433,-0.07560162
37265,-0.3606692,-1.688912,-5.035136,0,0,0,9.227583,-0.3543545,-1.010389,35,9.25,-2.625,-19.7955,-85.82191,-149.4935,-0.7268842,-0.6802203,-0.05499901,-0.07690865
37277,-0.3607617,-1.688907,-5.035144,0,0,0,9.668132,-0.4549146,-1.125315,22.25,8.375,-3.375,-20.24595,-85.87631,-149.0071,-0.7264827,-0.6806046,-0.05517502,-0.07717526
37288,-0.3608733,-1.688955,-5.035078,0,0,0,10.10389,-0.1771773,-1.316858,11.875,7.625,-2.875,-20.02882,-85.92225,-149.3252,-0.7263461,-0.6808774,-0.05478502,-0.07632827
37300,-0.3610051,-1.68904,-5.034994,0,0,0,10.20924,0.02873145,-1.479669,17.625,7.5,-4,-19.10252,-85.96939,-150.2784,-0.7262805,-0.6809941,-0.05511566,-0.07567
37311,-0.3611388,-1.689123,-5.034964,0,0,0,9.888406,0.03830859,-1.460515,29.875,7.5,-6.5,-17.71572,-86.02724,-151.5308,-0.7261177,-0.6810277,-0.05660539,-0.07583088
37323,-0.3612517,-1.689174,-5.035024,0,0,0,9.356874,-0.08619434,-1.292915,37.75,6.375,-8.25,-16.29349,-86.08193,-152.7173,-0.7258915,-0.6810014,-0.0586952,-0.07663918
37334,-0.3613615,-1.689175,-5.035138,0,0,0,9.040829,-0.3591431,-1.182778,33.5,4.625,-8.375,-15.34607,-86.10394,-153.4792,-0.7257909,-0.6808901,-0.06021871,-0.07739468
37346,-0.3614812,-1.689154,-5.035249,0,0,0,9.055194,-0.4980117,-1.221087,19.5,3.25,-8,-14.62164,-86.09109,-154.1998,-0.7259672,-0.6807039,-0.06049825,-0.07716165
37357,-0.3616136,-1.689168,-5.035321,0,0,0,9.275469,-0.2968916,-1.359955,10.5,3.75,-8.25,-13.36371,-86.08363,-155.5721,-0.7262625,-0.6805421,-0.0603029,-0.07595276
37368,-0.3617531,-1.689214,-5.035369,0,0,0,9.414337,-0.09577148,-1.470092,10.625,5.5,-8.875,-11.67123,-86.09811,-157.3772,-0.7264749,-0.680469,-0.06033943,-0.07453404
37380,-0.3619065,-1.689252,-5.035417,0,0,0,9.423914,-0.1484458,-1.508401,12,7.375,-9.5,-10.08232,-86.12652,-159.0624,-0.7265618,-0.6805068,-0.06045595,-0.07323678
37391,-0.3620791,-1.689265,-5.035476,0,0,0,9.342508,-0.292103,-1.599384,6.5,8.625,-8.75,-8.981333,-86.14024,-160.3306,-0.7267066,-0.6805613,-0.05992778,-0.07171184
37403,-0.3622706,-1.689283,-5.035572,0,0,0,9.179697,-0.2490059,-1.604172,-2.375,8.75,-7.125,-8.058498,-86.1439,-161.5512,-0.72696,-0.6806467,-0.05853676,-0.0694452
37415,-0.3624249,-1.689358,-5.035686,0,0,0,9.040829,0.1292915,-1.537132,-2.375,7.125,-6.25,-6.431738,-86.1469,-163.4651,-0.7272581,-0.6806661,-0.05749473,-0.06695986
37427,-0.3625656,-1.689463,-5.035786,0,0,0,9.117445,0.3495659,-1.517978,14.375,3.25,-7.25,-3.999876,-86.11461,-165.9634,-0.7276657,-0.6803172,-0.05806116,-0.06557586
37438,-0.3627311,-1.689551,-5.035841,0,0,0,9.361663,0.2394287,-1.690367,34.375,-0.375,-8.75,-1.472218,-86.0111,-168.295,-0.72831,-0.6794155,-0.06019705,-0.06584448
37450,-0.3629891,-1.689644,-5.035855,0,0,0,9.586726,0.1292915,-2.025567,50.625,-3.125,-9,1.069592,-85.80479,-170.3896,-0.7293761,-0.6777563,-0.06383587,-0.06769036
37462,-0.3632131,-1.689719,-5.035879,0,0,0,9.495743,0.1197144,-2.174013,58.75,-5,-7.75,2.974246,-85.57066,-171.7912,-0.7305139,-0.6759192,-0.06759825,-0.0700939
37473,-0.3634487,-1.689779,-5.035941,0,0,0,9.265891,-0.004788574,-2.188379,63.875,-7.625,-6.25,4.319118,-85.28503,-172.554,-0.7318633,-0.6737124,-0.07161622,-0.07320339
37485,-0.3636886,-1.689802,-5.036021,0,0,0,9.141388,-0.2394287,-2.21711,61.5,-10.5,-5,4.981666,-84.95399,-172.6654,-0.7334657,-0.6712243,-0.07514101,-0.07641923
37496,-0.3639305,-1.689814,-5.036096,0,0,0,9.146177,-0.3304116,-2.303304,52,-13.5,-3.125,5.249074,-84.57884,-172.5095,-0.7353887,-0.6685219,-0.0777078,-0.07901587
37508,-0.3641665,-1.689854,-5.036166,0,0,0,9.179697,-0.1676001,-2.322459,43.875,-16.75,-1.125,5.567389,-84.16203,-172.5051,-0.7376101,-0.6656026,-0.07971843,-0.08092974
37519,-0.3643792,-1.689927,-5.036228,0,0,0,9.208428,0.03352002,-2.336824,45.875,-19.875,0,6.064157,-83.72102,-172.6587,-0.7399434,-0.6624961,-0.08197651,-0.0828397
37530,-0.3645768,-1.690028,-5.036281,0,0,0,9.256314,0.1963315,-2.375133,59.125,-22.875,-0.125,6.791483,-83.25253,-172.8724,-0.7422929,-0.6590677,-0.08540873,-0.08565289
37542,-0.3647691,-1.690133,-5.036324,0,0,0,9.289834,0.2011201,-2.442173,74.375,-25.5,0.25,7.465847,-82.75291,-172.8355,-0.744639,-0.6552598,-0.08997148,-0.08973644
37553,-0.3649625,-1.69023,-5.036362,0,0,0,9.3042,0.1053486,-2.514002,86.125,-27.375,2.75,7.791008,-82.22327,-172.2932,-0.7469879,-0.6510862,-0.09515614,-0.09508564
37565,-0.3651341,-1.690325,-5.036395,0,0,0,9.328143,0.08140577,-2.490059,93.875,-28.25,6.125,7.823626,-81.69649,-171.3643,-0.7491809,-0.6467965,-0.1005881,-0.1013137
37576,-0.3652747,-1.690403,-5.036415,0,0,0,9.409549,-0.03352002,-2.370344,108.75,-30,7.5,7.70954,-81.17268,-170.088,-0.7510973,-0.6422834,-0.1069419,-0.1090337
37588,-0.3654412,-1.690385,-5.036427,0,0,0,9.428702,-0.6847661,-2.394287,118.25,-31.5,5.875,7.253737,-80.6164,-168.3139,-0.7529287,-0.6373378,-0.1137138,-0.1181871
37599,-0.3656424,-1.690275,-5.036421,0,0,0,9.467011,-1.450938,-2.595407,97.25,-30.875,6.75,6.316972,-80.06071,-166.3908,-0.7549565,-0.6326936,-0.117984,-0.1257749
37611,-0.3658721,-1.690134,-5.036385,0,0,0,9.591515,-1.695155,-2.724699,40.875,-27.5,13.375,4.860324,-79.49498,-164.6506,-0.7576765,-0.6287538,-0.1176244,-0.1294584
37622,-0.3660535,-1.69005,-5.036348,0,0,0,9.610668,-1.283338,-2.614562,-9.75,-24.25,19.125,3.386747,-78.97543,-163.5748,-0.7608284,-0.6258588,-0.1133705,-0.1287943
37633,-0.3661486,-1.690044,-5.03634,0,0,0,9.514897,-0.7613833,-2.408653,-25.375,-23.375,18.75,2.435505,-78.55087,-163.2029,-0.7636721,-0.6237162,-0.1087162,-0.1263491
37645,-0.3662122,-1.690075,-5.036349,0,0,0,9.43828,-0.4884346,-2.312881,-19,-23.75,15,1.912703,-78.15248,-163.1976,-0.7663335,-0.6216097,-0.1049024,-0.123814
37657,-0.3662768,-1.690112,-5.036348,0,0,0,9.481377,-0.4740689,-2.394287,-9.5,-24.125,12,1.614268,-77.75665,-163.2945,-0.7688621,-0.619356,-0.1020206,-0.1218246
37668,0,0,0,0,0,0,9.514897,-0.5458975,-2.494847,-7.125,-23.75,11.375,1.313183,-77.35154,-163.3663,-0.7713981,-0.6170058,-0.09923792,-0.1200035
37682,0,0,0,0,0,0,9.500531,-0.6560347,-2.51879,-8.625,-22.75,10.875,0.9227166,-76.92111,-163.4105,-0.7740976,-0.6145398,-0.09596586,-0.1179173
37693,0,0,0,0,0,0,9.495743,-0.6608232,-2.624139,-9.625,-21.25,9.625,0.6526849,-76.56995,-163.5276,-0.776325,-0.6125323,-0.09317989,-0.1159368
37705,0,0,0,0,0,0,9.467011,-0.5363203,-2.676813,-8.125,-19.875,8.625,0.4981648,-76.24559,-163.7422,-0.7783983,-0.6106569,-0.09067836,-0.1138942
37716,0,0,0,0,0,0,9.376028,-0.4788574,-2.628927,-3.875,-19.125,7.5,0.4110524,-75.94826,-163.9689,-0.7802746,-0.608896,-0.08859859,-0.112105
37728,0,0,0,0,0,0,9.318565,-0.4884346,-2.662447,1.125,-19.125,6.25,0.3795565,-75.65198,-164.1875,-0.7820851,-0.6070728,-0.08694702,-0.1106608
37739,0,0,0,0,0,0,9.380817,-0.5650518,-2.705544,3.125,-20,5.75,0.3400674,-75.35799,-164.3619,-0.783839,-0.6052319,-0.08548222,-0.109469
37751,0,0,0,0,0,0,9.361663,-0.6273032,-2.705544,-2.75,-21.5,6.875,0.2232187,-75.03902,-164.5405,-0.785778,-0.6032884,-0.08344637,-0.1078546
37762,0,0,0,0,0,0,9.184485,-0.5315318,-2.710333,-13.5,-23.375,9,0.07445205,-74.68683,-164.8395,-0.7880145,-0.6012217,-0.08053011,-0.1052645
37774,0,0,0,0,0,0,8.911537,-0.3735088,-2.691179,-19.125,-25.75,10.375,-0.02787498,-74.31984,-165.2448,-0.790374,-0.599066,-0.0773713,-0.1021891
37785,0,0,0,0,0,0,8.6338,-0.225063,-2.609773,-15.625,-28.625,9.125,0.01832931,-73.93069,-165.7601,-0.7928264,-0.5966792,-0.07465991,-0.09912876
37797,0,0,0,0,0,0,8.475777,-0.03830859,-2.442173,-0.125,-32.5,4.875,0.3679585,-73.52953,-166.3814,-0.7952171,-0.594001,-0.07351866,-0.09689024
37808,4.63784E-05,-7.106148E-05,-0.0001589573,0.003683749,-0.00564428,-0.01262568,8.451834,-0.0191543,-2.341613,17.625,-36.875,0.25,0.9026471,-73.13521,-166.939,-0.7973847,-0.5911672,-0.07404168,-0.09600422
37820,0.0001665454,-0.0002094899,-0.0005452397,0.008490565,-0.009780852,-0.02729332,8.413525,-0.1484458,-2.327247,32.25,-41.375,-4.375,1.647215,-72.64946,-167.4872,-0.7998638,-0.5875098,-0.07605945,-0.09625544
37832,0.0003512385,-0.0003829166,-0.00106071,0.01390029,-0.01305236,-0.03879508,8.576337,-0.1771773,-2.379921,37.5,-44.25,-7.5,2.447843,-72.17371,-168.0254,-0.8022211,-0.5838639,-0.07859164,-0.09678701
37843,0.0006273494,-0.000610558,-0.001692273,0.02050126,-0.01690239,-0.04689362,8.830131,-0.1197144,-2.475693,34.875,-46.375,-8.25,3.293674,-71.67397,-168.6396,-0.8047069,-0.5800596,-0.08110853,-0.09694894
37855,0.001020245,-0.0008975957,-0.002396243,0.02995777,-0.02188622,-0.05367671,8.959422,0.04309717,-2.394287,28.375,-48,-6.875,4.089177,-71.19615,-169.3002,-0.8071266,-0.5764862,-0.08312216,-0.09644222
37867,0.001600066,-0.001287638,-0.003234344,0.04325082,-0.02909462,-0.06251686,8.887594,0.2968916,-2.221899,26.75,-49.875,-5.875,4.930106,-70.72187,-170.0327,-0.8095255,-0.5729569,-0.0851713,-0.09557707
37878,0.002357512,-0.001772064,-0.004162648,0.05960391,-0.03811973,-0.07304877,8.801399,0.5746289,-2.01599,39,-51.875,-7,5.842937,-70.29379,-170.6909,-0.811542,-0.5696486,-0.08819143,-0.09551048
37890,0.003390019,-0.002381192,-0.00525232,0.07961343,-0.04696799,-0.0840213,8.854074,0.641669,-1.84839,63.625,-53.625,-11,6.903965,-69.88034,-171.1646,-0.8131759,-0.5661811,-0.09324726,-0.09741081
37901,0.004739833,-0.003063593,-0.006497649,0.1017422,-0.05143598,-0.09386671,8.992943,0.3591431,-1.757407,91,-54.75,-16.375,8.022465,-69.47495,-171.2973,-0.8143713,-0.5624213,-0.1004465,-0.1019423
37913,0.006309415,-0.003688122,-0.007780525,0.1225374,-0.04875706,-0.1001542,9.227583,-0.1771773,-1.795715,101.75,-53.5,-20.25,8.987774,-69.10634,-171.1488,-0.815191,-0.5587618,-0.1079696,-0.1076639
37924,0.008168435,-0.00422829,-0.009095617,0.1436868,-0.04175054,-0.1016456,9.591515,-0.4980117,-1.872333,98.5,-50.125,-23.125,9.915502,-68.78531,-170.9784,-0.8157129,-0.5553964,-0.1153512,-0.1133205
37937,0.01068933,-0.004658874,-0.01054873,0.1689611,-0.02885947,-0.09739362,9.998543,-0.7853262,-1.910641,80.625,-46.25,-24.625,10.89775,-68.48545,-170.9487,-0.8161438,-0.5522169,-0.1224526,-0.1181996
37949,0.0131495,-0.004862916,-0.01179513,0.1894911,-0.01571609,-0.09600279,9.797423,-0.9289834,-1.934584,40.75,-42.25,-20.75,11.53064,-68.26248,-171.2246,-0.8168417,-0.5502545,-0.1256169,-0.1192059
37960,0.01592207,-0.004938386,-0.01310908,0.2117763,-0.005764633,-0.1003626,9.409549,-0.5937832,-1.786138,-11.375,-37.625,-12.125,11.93751,-68.10238,-171.9851,-0.8179621,-0.5495148,-0.1248653,-0.1156725
37972,0.01910684,-0.005009465,-0.01454288,0.2403237,-0.005363643,-0.1081949,9.275469,0.3064688,-1.54671,-37.625,-33.625,-6.125,12.43387,-68.03477,-173.2305,-0.818979,-0.5498847,-0.1224398,-0.1091273
37983,0.02259323,-0.005187705,-0.01602051,0.2741086,-0.01401361,-0.116175,9.361663,1.201932,-1.307281,-21,-30.875,-6.625,13.20738,-68.05158,-174.537,-0.819285,-0.55068,-0.1216924,-0.1035117
37995,0.02665227,-0.005527324,-0.0176501,0.3116109,-0.02607242,-0.1251026,9.356874,1.575441,-1.163624,36.5,-29.125,-14.125,14.36168,-68.11805,-175.4813,-0.8185644,-0.5511394,-0.1253838,-0.1023564
38006,0.0312008,-0.005939136,-0.01936585,0.3466863,-0.0313881,-0.1307742,9.557994,1.067852,-1.288126,92.625,-27.25,-23.125,15.61558,-68.19473,-175.7499,-0.8170211,-0.5508504,-0.1330129,-0.1065265
38018,0.03605486,-0.006248685,-0.02102952,0.3749764,-0.02391261,-0.1285181,10.04643,-0.009577149,-1.61375,113.5,-23.625,-26.75,16.56299,-68.27319,-175.4158,-0.8151832,-0.5501038,-0.1413332,-0.1135218
38029,0.04115976,-0.006340582,-0.02263326,0.3972368,-0.007151024,-0.1247948,10.07516,-0.8475776,-1.771773,83.25,-18.5,-22,17.03795,-68.38038,-174.9975,-0.8136381,-0.5498648,-0.146672,-0.1188658
38040,0.04663466,-0.00618391,-0.02423825,0.4178993,0.01195881,-0.1225092,9.936292,-1.039121,-1.776561,26.5,-12.375,-13.875,17.15228,-68.55119,-174.961,-0.8126169,-0.5509216,-0.1475876,-0.1198209
38052,0.05238961,-0.005808601,-0.02583403,0.4388737,0.02862113,-0.1216941,9.826155,-0.8380005,-1.752618,-21.875,-7.75,-7.25,17.08969,-68.77409,-175.4047,-0.8120604,-0.5531464,-0.1449101,-0.1165673
38063,0.05871328,-0.005261976,-0.02753871,0.4632388,0.04004287,-0.124876,9.577148,-0.3304116,-1.594595,-60.375,-4.125,-1.375,16.98458,-69.06786,-176.3818,-0.8117095,-0.5565586,-0.139294,-0.1093966
38075,0.06515299,-0.004681296,-0.02928476,0.4905698,0.04423553,-0.1330127,9.270679,0.3016802,-1.312069,-71.75,-3.875,0.625,17.05422,-69.38625,-177.6635,-0.8112339,-0.5602863,-0.1333664,-0.1009571
38087,0.07206869,-0.004103329,-0.0311828,0.5224917,0.04366631,-0.1433993,9.194062,0.7949033,-1.010389,-58,-6.375,-1.125,17.39499,-69.71319,-179.0534,-0.8104074,-0.5639077,-0.1287494,-0.09312204
38098,0.07924692,-0.003597928,-0.03315356,0.5572727,0.03923613,-0.152998,9.294622,1.216298,-0.7996919,-22.375,-11.5,-5.25,18.04683,-69.98724,179.7315,-0.8092861,-0.5666875,-0.1271569,-0.08804843
38111,0.08809383,-0.003109414,-0.03560583,0.597401,0.03298769,-0.1655933,9.184485,1.355167,-0.742229,35,-16.375,-13.625,19.22563,-70.22322,178.7719,-0.80753,-0.5685262,-0.1305174,-0.08739814
38123,0.09643915,-0.002702534,-0.03797964,0.6309299,0.0307613,-0.1794668,8.964211,1.115738,-0.7470176,89.75,-18.625,-23,20.54205,-70.38953,178.4026,-0.8054566,-0.5690976,-0.1377908,-0.09154881
38135,0.1050172,-0.002261378,-0.04048758,0.6615307,0.03402143,-0.193409,8.930691,0.7134976,-0.7565947,121.875,-19.125,-28.875,21.87902,-70.54006,178.4348,-0.8030255,-0.5690007,-0.1471799,-0.09862161
38146,0.1139364,-0.001725919,-0.04318814,0.6886904,0.04134497,-0.2085219,8.801399,0.3735088,-0.8427891,140.125,-18.75,-33.75,23.25666,-70.67744,178.681,-0.8002934,-0.5683925,-0.1578919,-0.1073809
38157,0.12326,-0.001057543,-0.04611217,0.716864,0.05138988,-0.2248214,8.767879,0.2681602,-0.6608232,157,-18.375,-41,24.89373,-70.84646,178.9125,-0.7968896,-0.5676301,-0.1702579,-0.1173686
38169,0.1329819,-0.0002223511,-0.04923789,0.7456624,0.06405826,-0.2397394,8.911537,0.1723887,-0.5602632,157.375,-19.5,-43.5,26.60492,-71.01675,179.0869,-0.7932292,-0.5667124,-0.1827916,-0.1273255
38180,0.142989,0.0008054998,-0.05252187,0.7698305,0.07907154,-0.2526332,8.983365,-0.09577148,-0.8092691,126.625,-19.875,-37.375,27.94975,-71.14178,179.2161,-0.790264,-0.5658225,-0.1925663,-0.1350782
38192,0.1533237,0.002028222,-0.05594856,0.7921185,0.09371673,-0.262642,9.150966,-0.1005601,-1.000812,81.75,-17.75,-27.375,28.9052,-71.26611,179.1329,-0.7881221,-0.5656742,-0.1985745,-0.1394434
38203,0.1638273,0.003397453,-0.05939596,0.8142931,0.1061502,-0.2672609,9.519686,0.07661719,-1.168412,41.625,-14,-18.75,29.59257,-71.41566,178.7673,-0.7866358,-0.5664961,-0.2012897,-0.1406009
38215,0.1747458,0.004945198,-0.06285635,0.8367957,0.1186193,-0.2652042,10.01291,0.1197144,-1.297704,18.75,-9.875,-14.625,30.13937,-71.60651,178.2377,-0.7853858,-0.5680616,-0.202151,-0.1400361
38226,0.1861019,0.006779777,-0.06632505,0.8717356,0.140829,-0.2662701,10.16614,-0.07182861,-0.009577149,-8.5,-5.75,-9.625,30.41916,-72.03216,177.6136,-0.7835633,-0.5717114,-0.2003412,-0.1379787
38238,0.1976617,0.008826109,-0.06977556,0.8926454,0.1580179,-0.266449,9.893194,-0.2346401,-1.048698,-46.375,-3.5,-2.375,30.30086,-72.3286,176.8891,-0.783167,-0.5751101,-0.1954596,-0.1330163
38249,0.2094701,0.01106615,-0.07327875,0.9142489,0.1734314,-0.2712287,9.553205,-0.09577148,-0.900252,-86.375,-3,5.375,29.91248,-72.64587,175.902,-0.7833652,-0.5793379,-0.1873396,-0.1249417
38261,0.2217914,0.01347411,-0.07693462,0.9383369,0.18338,-0.2784157,9.366451,0.3639317,-0.8284234,-115,-4.375,11.5,29.46782,-72.95387,174.5494,-0.7839651,-0.5840239,-0.1769374,-0.1140528
38272,0.2343826,0.01593095,-0.08067921,0.9638088,0.1880621,-0.2866343,9.265891,0.775749,-0.7901148,-126.125,-7,15.5,29.03637,-73.22432,173.0303,-0.7847105,-0.5885151,-0.1657583,-0.1019991
38284,0.2479438,0.01849838,-0.08471818,0.9919642,0.187801,-0.2954403,9.232371,1.168412,-0.7470176,-124.125,-10.75,18.875,28.60079,-73.45596,171.4358,-0.7855102,-0.5926509,-0.1541499,-0.08931123
38296,0.2613596,0.02089856,-0.0887372,1.018436,0.1822046,-0.3050961,9.083925,1.537132,-0.8332119,-101.5,-14.5,18.5,28.34274,-73.60023,170.0278,-0.7861708,-0.5956362,-0.1448158,-0.07862315
38307,0.2750782,0.02320391,-0.09291819,1.043633,0.1753786,-0.3180664,8.806189,1.599384,-0.8332119,-58.25,-17.75,12.375,28.36876,-73.67781,168.9163,-0.7864861,-0.59751,-0.1390605,-0.07129956
38319,0.2888626,0.02540729,-0.09722248,1.066331,0.1704479,-0.3329697,8.624223,1.426995,-0.8810977,-15,-20.75,5,28.59154,-73.68986,168.2012,-0.7865926,-0.5983153,-0.1368352,-0.06758076
38331,0.3049703,0.02794518,-0.1024042,1.087766,0.1713862,-0.3499247,8.614645,0.9194063,-1.048698,11.125,-22.125,0.875,28.67668,-73.66036,167.9616,-0.7867744,-0.5983567,-0.1362271,-0.06631403
38343,0.3195158,0.03021221,-0.1071642,1.10486,0.1722015,-0.3615685,8.825342,0.900252,-1.268972,30.25,-22.375,-3,28.8726,-73.59119,167.8891,-0.7869185,-0.5978733,-0.1373327,-0.06668261
38355,0.3341812,0.03247572,-0.1119647,1.124654,0.1735814,-0.3681385,9.246737,0.9625034,-1.177989,65.125,-24.25,-11,29.43377,-73.50109,167.9177,-0.7866551,-0.5969111,-0.1415168,-0.06959883
38366,0.3491306,0.03478908,-0.1167035,1.15039,0.1780196,-0.3646607,10.12783,0.9577149,-0.933772,109.25,-30.125,-20.5,30.35044,-73.36632,168.1777,-0.7859766,-0.5951123,-0.1494347,-0.07583853
38378,0.3643799,0.03721759,-0.1212844,1.176825,0.1874141,-0.3535159,10.75993,0.6704004,-0.9816577,125.75,-38.75,-19.875,31.00735,-73.14087,168.9106,-0.7856693,-0.5921869,-0.1581973,-0.08373896
38389,0.3799275,0.03987751,-0.1258917,1.192117,0.20395,-0.3532696,9.811789,-0.2298516,-1.407841,82.625,-45.125,-0.75,30.34745,-72.83434,170.3897,-0.7869477,-0.5885934,-0.1618957,-0.08978344
38401,0.3955316,0.04277405,-0.1306551,1.198292,0.222434,-0.3657909,8.700839,-0.7374405,-1.766984,-8,-46,21.375,28.47996,-72.49277,171.8679,-0.790047,-0.5857157,-0.1572462,-0.08964618
38412,0.4113091,0.04582413,-0.1355086,1.211693,0.2342436,-0.372744,9.17012,-0.1005601,-1.628115,-56.25,-47.625,31.75,26.60563,-72.16932,172.6865,-0.7935053,-0.5838692,-0.1490175,-0.08508704
38423,0.4271508,0.0489485,-0.1402961,1.229946,0.2425747,-0.3717003,9.816577,0.2490059,-1.61375,-55.75,-52.25,30.625,25.01023,-71.80248,173.2357,-0.7969257,-0.5818291,-0.1413138,-0.08009355
38435,0.4434755,0.05226938,-0.1451393,1.246921,0.2536577,-0.369941,9.845308,-0.02873145,-1.762195,-54,-54.5,29.125,23.36659,-71.38627,173.8472,-0.8005218,-0.5793589,-0.1335623,-0.07529488
38446,0.4598579,0.05572141,-0.1499079,1.262228,0.2659698,-0.3674054,9.864463,-0.2106973,-1.944161,-76.125,-53.25,32.75,21.5729,-70.97746,174.3268,-0.8042403,-0.5771278,-0.1239733,-0.06893224
38458,0.4764373,0.05929866,-0.1546047,1.278679,0.2758948,-0.3622413,10.04643,-0.04788574,-2.04951,-101.25,-49.875,37.125,19.74293,-70.61346,174.5043,-0.8078134,-0.5754492,-0.1124476,-0.06042579
38469,0.4932576,0.06295745,-0.1592037,1.297163,0.282162,-0.3546692,10.22839,0.2346401,-2.087818,-108.375,-45.625,37.75,18.05357,-70.30997,174.4399,-0.810903,-0.5742116,-0.1005456,-0.05106868
38481,0.5104459,0.0666953,-0.1637415,1.315701,0.2861177,-0.3473554,10.17572,0.3830859,-2.169224,-93.5,-42.75,32.875,16.62591,-70.02937,174.3015,-0.8135217,-0.5729418,-0.09004325,-0.04257217
38492,0.5278853,0.07048587,-0.168259,1.332576,0.2896442,-0.3451882,9.749537,0.3639317,-2.207533,-64.25,-41,22.625,15.59744,-69.74744,174.1671,-0.815721,-0.5714116,-0.08235828,-0.03612858
38504,0.546308,0.07441879,-0.1730429,1.348953,0.2879783,-0.3502895,9.165331,0.7230747,-2.212321,-25.125,-40.875,9.125,15.22105,-69.41624,173.8853,-0.8176841,-0.5693841,-0.07861646,-0.03184389
38516,0.5642613,0.07814677,-0.1777553,1.36548,0.2835398,-0.3584076,8.921114,0.9577149,-2.159647,33.5,-42.25,-8.5,15.60551,-69.058,173.6716,-0.8192151,-0.5668927,-0.08067883,-0.03178327
38527,0.5825175,0.08185902,-0.182575,1.384095,0.2814444,-0.3654123,9.055194,0.8332119,-2.087818,73.5,-45,-19.375,16.30951,-68.67458,173.6957,-0.820545,-0.563956,-0.0862475,-0.03494374
38539,0.6005956,0.08549622,-0.1873962,1.398692,0.2814077,-0.3730061,8.901959,0.6320918,-2.370344,61.25,-46.125,-12.625,16.65722,-68.25862,173.8934,-0.8222095,-0.560744,-0.09016342,-0.03752874
38551,0.6214895,0.08971113,-0.1930483,1.4108,0.2845989,-0.381644,8.796611,0.3447773,-2.695967,7.375,-44.875,7.25,16.13567,-67.7869,174.1972,-0.8247685,-0.5573199,-0.08840068,-0.03656297
38563,0.6402102,0.09346831,-0.1981284,1.422869,0.2855647,-0.3861133,9.026463,0.4980117,-2.777373,-28.625,-43.5,20.875,15.28408,-67.41155,174.3416,-0.8271471,-0.5547897,-0.08334644,-0.03300924
38575,0.6589465,0.09716553,-0.2031746,1.436174,0.2833988,-0.386801,9.289834,0.7470176,-2.882722,-28.375,-42.625,24.25,14.43206,-67.05704,174.4787,-0.8293904,-0.5523844,-0.07819626,-0.02946887
38586,0.6778278,0.1007569,-0.2081515,1.453527,0.2764707,-0.3831335,9.668132,1.154046,-2.830047,10.125,-42.625,18.125,13.93849,-66.72287,174.7638,-0.8312297,-0.5499149,-0.07630271,-0.02878573
38598,0.6969202,0.1042218,-0.2130408,1.473742,0.2674561,-0.3774089,9.869251,1.326435,-2.782162,69.625,-43.5,7.75,13.85248,-66.38638,175.4346,-0.8326928,-0.5470567,-0.07918782,-0.03287901
38609,0.7164253,0.1076531,-0.2178843,1.493387,0.2627179,-0.3708358,9.917137,0.9385605,-2.892299,132,-42.625,-4.625,14.06739,-66.04686,176.6695,-0.8337258,-0.5436357,-0.08690906,-0.04252445
38621,0.7360512,0.111068,-0.2225684,1.512475,0.263169,-0.3609826,10.16136,0.4788574,-3.026379,168,-38.625,-13.375,14.45914,-65.76254,178.2245,-0.8340794,-0.5401568,-0.09732716,-0.05540507
38632,0.7560274,0.1145742,-0.2271256,1.532858,0.2690433,-0.349694,10.32895,0.02394287,-2.940185,177.125,-33.25,-17.75,14.90592,-65.57768,179.8782,-0.833644,-0.537085,-0.1084747,-0.06935901
38644,0.776452,0.1182797,-0.2316041,1.551667,0.2815091,-0.3402312,10.19009,-0.5602632,-2.882722,158,-27,-18,15.23163,-65.48509,-178.5589,-0.8327227,-0.53465,-0.118205,-0.08215919
38655,0.7964347,0.1220609,-0.235876,1.565553,0.2962388,-0.3346863,9.816577,-0.9098291,-2.992859,121.5,-20.625,-16.625,15.42941,-65.45051,-177.3848,-0.831785,-0.5330014,-0.1251284,-0.09157681
38667,0.8170024,0.1260933,-0.2402464,1.576311,0.3090464,-0.3349419,9.280257,-0.8475776,-3.069476,68.625,-14.25,-12.5,15.53246,-65.46332,-176.7898,-0.8311226,-0.5323514,-0.1286364,-0.09638463
38678,0.8380752,0.1303122,-0.2448219,1.584181,0.3171596,-0.3439721,8.547606,-0.5506861,-3.102996,4.75,-9,-2.875,15.42672,-65.49767,-176.8605,-0.8311385,-0.5327693,-0.1275259,-0.09540972
38689,0.8580722,0.1342972,-0.2493643,1.588571,0.31657,-0.3608569,7.776645,0.04788574,-3.227499,-52.5,-4.625,9.875,15.14783,-65.51622,-177.526,-0.8318917,-0.5338551,-0.1223965,-0.08929858
38701,0.8789253,0.1383555,-0.2543468,1.591474,0.3097264,-0.3802566,7.551582,0.5267432,-3.395099,-86.25,-0.125,20.375,14.69837,-65.55015,-178.5499,-0.8329519,-0.5354914,-0.1143377,-0.07979345
38713,0.9001562,0.1423559,-0.2596176,1.597754,0.3010534,-0.3966532,7.872416,0.775749,-3.275385,-87.125,2.625,23.625,14.2017,-65.66645,-179.5743,-0.833553,-0.5376475,-0.1058667,-0.07012102
38724,0.9218151,0.1462802,-0.2651493,1.610325,0.2917688,-0.4112799,8.198039,0.967292,-2.892299,-61.75,0.875,20,13.86288,-65.84525,179.5732,-0.8335088,-0.5399072,-0.09929054,-0.06248716
38736,0.9431558,0.1500321,-0.2707651,1.622623,0.2852696,-0.4269926,8.12621,0.7949033,-2.782162,-25.625,-4.75,14,13.6433,-65.95663,179.1279,-0.8334059,-0.5412109,-0.09552492,-0.05831311
38748,0.9649943,0.1538256,-0.2767261,1.628883,0.2829525,-0.4446195,7.862839,0.3782974,-3.083842,-11.125,-8.375,13.625,13.25413,-65.9533,179.0513,-0.8337789,-0.5414433,-0.0923342,-0.05591454
38759,0.9857579,0.157414,-0.2825823,1.63429,0.2824429,-0.4609355,7.886782,0.2346401,-3.107785,-16.125,-9,17.375,12.71067,-65.94119,179.0851,-0.8342487,-0.5415882,-0.0885458,-0.05358196
38771,1.009107,0.1613833,-0.2893535,1.645255,0.279683,-0.4771168,8.145365,0.450126,-2.877933,-10.125,-10.25,17.625,12.18569,-65.96746,179.1164,-0.8345075,-0.5419961,-0.08485628,-0.05134976
38783,1.030609,0.1649593,-0.2956995,1.656006,0.2754135,-0.4887531,8.380005,0.584206,-2.949762,7.625,-12,14.375,11.85406,-65.96868,179.2315,-0.8346936,-0.5420681,-0.08298454,-0.05062006
38794,1.051972,0.168433,-0.3020844,1.664589,0.2706661,-0.4975019,8.509296,0.5794175,-3.18919,20.625,-10.875,12.5,11.58139,-65.95418,179.4626,-0.834856,-0.541917,-0.08209912,-0.05100304
38806,1.073715,0.171882,-0.3086698,1.673444,0.2654521,-0.5068382,8.480565,0.5937832,-3.165248,28.125,-7.875,11.75,11.34176,-65.9803,179.7589,-0.8347707,-0.542003,-0.08174127,-0.05204714
38817,1.095388,0.175227,-0.3153402,1.683327,0.2598052,-0.518088,8.375216,0.6273032,-3.02159,39.5,-4.5,9.125,11.20999,-66.06445,-179.9016,-0.8343098,-0.5424339,-0.0823485,-0.0539571
38829,1.117666,0.1785812,-0.3223251,1.693505,0.2549707,-0.5309711,8.293811,0.5363203,-2.944973,54.625,-1.125,4.5,11.19944,-66.20023,-179.4644,-0.8334618,-0.5431096,-0.08428219,-0.05718387
38840,1.139743,0.1818515,-0.3293712,1.702529,0.2522015,-0.5433905,8.303388,0.3447773,-2.973705,64.875,2.125,-0.125,11.27152,-66.36925,-178.9644,-0.8323461,-0.5439279,-0.08710746,-0.06127583
38851,1.161965,0.185166,-0.3365736,1.709273,0.2549428,-0.5539895,8.408736,-0.1388687,-3.074265,63.625,6.125,-3.625,11.2779,-66.57621,-178.388,-0.8310352,-0.5449839,-0.08981241,-0.06562639
38863,1.184169,0.1885897,-0.3438742,1.713906,0.2642791,-0.5635287,8.470988,-0.6991318,-3.102996,35.875,10.625,-2.5,11.03953,-66.83112,-177.914,-0.8297262,-0.5466014,-0.09025346,-0.06808653
38874,1.206562,0.1921113,-0.35133,1.720591,0.2705792,-0.5728649,8.547606,-0.4309717,-2.973705,-7.75,15,1.75,10.76183,-67.16104,-177.9892,-0.8284002,-0.5492153,-0.08777682,-0.06641483
38886,1.229017,0.1956147,-0.3588953,1.728986,0.2697602,-0.5825284,8.552394,0.158023,-2.901876,-24.875,16.875,3.375,10.65677,-67.5202,-178.4821,-0.827023,-0.5522444,-0.08452669,-0.06256603
38897,1.251858,0.1991035,-0.3666563,1.737071,0.2653331,-0.5902397,8.686474,0.450126,-2.983282,-17.375,19,1.25,10.73309,-67.89865,-179.0677,-0.8254435,-0.5553621,-0.08210465,-0.05894864
38909,1.274139,0.2024151,-0.3742654,1.743861,0.2591813,-0.5955305,8.825342,0.6033604,-3.08863,-2,21.875,-1,10.936,-68.28531,-179.5661,-0.8236682,-0.5583987,-0.0809807,-0.05660086
38920,1.297081,0.2057388,-0.3821494,1.749572,0.2534663,-0.6012351,8.796611,0.5602632,-3.093419,15.75,25.25,-3.5,11.21601,-68.71362,-179.9075,-0.8215432,-0.5615785,-0.08112638,-0.05581168
38932,1.319953,0.2090403,-0.3900583,1.752494,0.2529687,-0.6059989,8.839708,0.1340801,-3.170036,29.125,28.875,-6.625,11.43285,-69.16654,-179.9893,-0.8192028,-0.564773,-0.08205757,-0.05661236
38943,1.342804,0.2123808,-0.3979615,1.753704,0.2563708,-0.6065399,9.146177,-0.1819658,-3.270596,26.375,32.875,-8.625,11.59681,-69.66029,179.9597,-0.8166693,-0.5682525,-0.08272922,-0.0574146
38954,1.365261,0.2156952,-0.4056865,1.754522,0.2589392,-0.603513,9.423914,-0.1149258,-3.318482,10.625,36.75,-7,11.73252,-70.18932,179.7275,-0.814056,-0.5721154,-0.08226583,-0.0568262
38966,1.388329,0.2190744,-0.4135712,1.755,0.2570838,-0.5998706,9.462223,0.2394287,-3.328059,2.625,39.125,-5,11.95084,-70.74995,179.2916,-0.8113077,-0.5762932,-0.08132167,-0.05525289
38977,1.411179,0.2223528,-0.4213364,1.754311,0.2517007,-0.5961798,9.452645,0.5123774,-3.371156,12.5,40.25,-5,12.29321,-71.29787,178.8566,-0.8085142,-0.580306,-0.08122169,-0.05433953
38989,1.435261,0.2257586,-0.4294629,1.752727,0.2478785,-0.5914447,9.534052,0.3782974,-3.328059,30.125,40.875,-6.75,12.67792,-71.8792,178.6252,-0.8054056,-0.5843744,-0.08238705,-0.05514452
39001,1.458319,0.22903,-0.4371848,1.750241,0.2483212,-0.5861523,9.620246,0.05746289,-3.261019,34.375,41.875,-7.125,12.92628,-72.44883,178.5887,-0.80234,-0.5882674,-0.0835678,-0.05664262
39013,1.481149,0.2323179,-0.4447702,1.747396,0.251655,-0.580583,9.682497,-0.1676001,-3.15567,24.875,42.625,-5.875,13.02101,-73.02739,178.5823,-0.7993052,-0.5922598,-0.08380899,-0.05758207
39024,1.503784,0.2356525,-0.4522308,1.744776,0.2570455,-0.5750889,9.725595,-0.3208345,-3.012013,15.25,42.125,-5.875,13.04552,-73.60281,178.5235,-0.7963443,-0.5962878,-0.083284,-0.05779461
39036,1.527515,0.2392232,-0.4600201,1.740604,0.2618981,-0.5713143,9.581937,-0.2729487,-2.98807,9.625,39.75,-8.375,13.21861,-74.15522,178.2411,-0.7934891,-0.6002283,-0.082625,-0.05722038
39048,1.5506,0.2427264,-0.4676546,1.732979,0.2629837,-0.573116,9.122234,-0.03830859,-3.107785,8.625,36.875,-10.625,13.62667,-74.59964,177.7121,-0.7911354,-0.6034706,-0.08233992,-0.05610805
39059,1.573017,0.246105,-0.4751849,1.723415,0.2597494,-0.5789486,8.777456,0.2777373,-3.184402,15.25,34.625,-12.5,14.30652,-74.95914,176.9975,-0.7891086,-0.6061242,-0.08296704,-0.05511512
39071,1.595317,0.2494228,-0.4828202,1.712917,0.2548457,-0.5864698,8.643376,0.4118174,-3.193979,22.25,32.5,-12,15.05106,-75.27022,176.3065,-0.787264,-0.6083989,-0.08415268,-0.0546306
39082,1.617401,0.2526762,-0.4905486,1.700857,0.2505653,-0.5952193,8.538028,0.3543545,-3.237076,20.25,30,-7.375,15.51972,-75.53036,175.8596,-0.7857641,-0.6102782,-0.08474813,-0.05434172
39094,1.639382,0.2558904,-0.4984114,1.688769,0.2469448,-0.6040873,8.547606,0.3112573,-3.18919,13.625,27.75,-2,15.67726,-75.76794,175.6303,-0.7845055,-0.6119883,-0.0843716,-0.05387921
39105,1.661252,0.2590775,-0.5063902,1.677872,0.2445221,-0.6121575,8.648165,0.2394287,-3.064687,9.5,25.125,2.625,15.53625,-75.99548,175.6395,-0.7834038,-0.6135914,-0.0832314,-0.0534466
39116,1.682804,0.2622347,-0.5143715,1.668405,0.2444069,-0.6178387,8.86844,0.08140577,-2.944973,7.375,21.875,4.625,15.17737,-76.20628,175.8397,-0.7824534,-0.6150432,-0.08164784,-0.05312561
39128,1.70437,0.2654403,-0.5224329,1.659452,0.2466584,-0.6203039,9.141388,-0.09577148,-2.901876,7.375,18.25,3.75,14.73792,-76.38618,176.1234,-0.7816768,-0.6162655,-0.08000376,-0.05289505
39139,1.725942,0.2687029,-0.5305361,1.649881,0.2495295,-0.6197468,9.366451,-0.1532344,-2.968916,4.75,15,2.125,14.3385,-76.51944,176.3345,-0.7811461,-0.6172056,-0.07829569,-0.05232425
39151,1.747248,0.2719603,-0.5385782,1.639752,0.2507012,-0.6189526,9.37124,-0.03352002,-3.026379,0.375,13.5,1.125,14.06644,-76.6188,176.3617,-0.7807876,-0.6179827,-0.07649983,-0.05114386
39162,1.768404,0.2752,-0.5466135,1.63082,0.249727,-0.6193932,9.294622,0.1532344,-2.930608,-0.125,12.625,-0.25,13.99037,-76.71137,176.1852,-0.7804206,-0.6187599,-0.07494798,-0.04962516
39174,1.768404,0.2752,-0.5466135,0,0,0,9.318565,0.3304116,-2.806104,4.625,11.375,-1.375,14.08982,-76.80186,175.8936,-0.7799971,-0.6195186,-0.07396804,-0.04826889
39186,1.768404,0.2752,-0.5466135,0,0,0,9.37124,0.5889946,-2.849202,12.875,10,-1.25,14.35755,-76.87101,175.5283,-0.7796071,-0.6201099,-0.07375052,-0.04730412
39198,1.768404,0.2752,-0.5466135,0,0,0,9.285046,0.7470176,-2.978493,23.125,10.125,0.375,14.60265,-76.91177,175.322,-0.7793161,-0.6204168,-0.074262,-0.04727111
39210,1.768404,0.2752,-0.5466135,0,0,0,9.131811,0.6704004,-2.834836,36.75,11.125,1.625,14.74813,-76.98418,175.4043,-0.7787995,-0.6207903,-0.07562655,-0.04869719
39221,1.768404,0.2752,-0.5466135,0,0,0,9.007308,0.4644917,-2.604985,54,11,-0.375,14.8814,-77.07941,175.722,-0.7780615,-0.6211603,-0.07816226,-0.05168163
39233,1.768404,0.2752,-0.5466135,0,0,0,8.878016,0.2681602,-2.51879,69.125,10.125,-4.25,15.11253,-77.16657,176.1473,-0.7772332,-0.6213418,-0.08195391,-0.05591534
39244,1.768404,0.2752,-0.5466135,0,0,0,8.791822,0.03830859,-2.55231,76.375,9.25,-8.375,15.42361,-77.22952,176.5901,-0.7764416,-0.6212822,-0.08640459,-0.06067154
39256,1.768316,0.2752235,-0.5467208,-0.006438437,0.001714959,-0.007842885,8.830131,-0.05267432,-2.504424,69,8.625,-9.5,15.7638,-77.29578,176.9463,-0.775628,-0.6212665,-0.09057773,-0.06499911
39268,1.768145,0.2752816,-0.5469107,-0.01280749,0.004353914,-0.01420911,8.930691,-0.1388687,-2.504424,50,8.375,-6.5,15.86012,-77.36305,177.2728,-0.775,-0.6214019,-0.09293813,-0.06780296
39279,1.76788,0.2753578,-0.5471547,-0.02046431,0.005875836,-0.01882558,9.021674,-0.09577148,-2.648082,26.5,9,-1.875,15.71627,-77.41927,177.5146,-0.7746705,-0.6216693,-0.09322599,-0.06871685
39291,1.76753,0.2754037,-0.5474438,-0.02691258,0.003534123,-0.02225035,9.117445,0.2154858,-2.633716,15.75,9.625,0.875,15.63506,-77.488,177.5447,-0.774348,-0.6221561,-0.09277924,-0.06855133
39302,1.767127,0.2753751,-0.5477554,-0.03118251,-0.002207155,-0.02406194,9.261103,0.5123774,-2.547522,21.25,9.25,1.75,15.70967,-77.5675,177.484,-0.7738953,-0.6226948,-0.09288291,-0.06862978
39314,1.766657,0.2752767,-0.5480649,-0.03602647,-0.007546382,-0.02372923,9.419126,0.4644917,-2.604985,33.125,8.75,1.625,15.75016,-77.63713,177.6137,-0.7734081,-0.623033,-0.09379904,-0.06979835
39325,1.766105,0.2751317,-0.5483549,-0.04243311,-0.01115939,-0.02231229,9.486166,0.292103,-2.700756,40.75,8.875,2.125,15.63896,-77.69638,177.9957,-0.7729436,-0.623185,-0.09507397,-0.07183218
39337,1.765467,0.2749466,-0.5486413,-0.04897042,-0.01419795,-0.02196525,9.409549,0.225063,-2.672024,40.25,9.125,3.375,15.41315,-77.75921,178.4855,-0.7724807,-0.6233417,-0.09616274,-0.07397009
39348,1.76474,0.2747224,-0.5489585,-0.05524533,-0.01704877,-0.02412099,9.232371,0.191543,-2.595407,37.375,9,5,15.07197,-77.8233,179.053,-0.7720492,-0.6235179,-0.09689967,-0.07599994
39360,1.763955,0.274478,-0.5493174,-0.06157567,-0.01917304,-0.02816193,9.083925,0.1149258,-2.561887,36.375,8.625,5.25,14.68264,-77.87725,179.6493,-0.7716859,-0.6236367,-0.09748135,-0.07794645
39371,1.763065,0.2742106,-0.5497465,-0.06812446,-0.02045677,-0.03282279,9.050406,0.02394287,-2.533156,34.75,8.25,5,14.24224,-77.92831,-179.7181,-0.7713477,-0.6237444,-0.09792433,-0.07985282
39383,1.762077,0.2739181,-0.5502464,-0.07424824,-0.021987,-0.03757151,9.059982,0.02873145,-2.490059,29.125,8,5.875,13.75335,-77.98173,-179.1102,-0.7710471,-0.6239284,-0.09790951,-0.0813249
39394,1.761087,0.2736123,-0.5507735,-0.07873233,-0.02433201,-0.04194077,9.088714,0.1053486,-2.403864,25.5,7,7.25,13.27413,-78.03101,-178.5677,-0.770799,-0.6241403,-0.09761134,-0.08240154
39405,1.760009,0.2732581,-0.5513723,-0.08231486,-0.02703145,-0.04570539,9.165331,0.1245029,-2.336824,27.5,4.75,7.625,12.77689,-78.06393,-177.9794,-0.7706157,-0.6242222,-0.09745415,-0.08367218
39417,1.758862,0.2728676,-0.5520142,-0.08619573,-0.02936311,-0.04826338,9.256314,0.06704004,-2.365556,31.125,2.5,6.875,12.295,-78.06474,-177.3553,-0.7705615,-0.6240512,-0.09761286,-0.08524536
39428,1.757631,0.2724446,-0.552682,-0.09150745,-0.0314423,-0.04964007,9.323354,-0.004788574,-2.480481,31.625,1.375,6.75,11.78532,-78.03365,-176.6941,-0.7706697,-0.6236604,-0.09779748,-0.08689941
39441,1.756343,0.2720063,-0.5533366,-0.09774402,-0.03325551,-0.04966588,9.40476,-0.06704004,-2.576253,29.875,1.5,6.75,11.26326,-77.99287,-176.0462,-0.7708434,-0.6232311,-0.09782439,-0.08839581
39452,1.754953,0.271545,-0.5539728,-0.1039255,-0.03449573,-0.04757043,9.562783,-0.1340801,-2.590619,25,2.125,7.25,10.66977,-77.96279,-175.3906,-0.7710051,-0.6229297,-0.09740485,-0.08956636
39464,1.753556,0.2710951,-0.5545412,-0.1099769,-0.03540051,-0.0447298,9.625034,-0.1819658,-2.614562,14.5,2.625,9.375,9.961499,-77.93605,-174.7594,-0.7712552,-0.6227709,-0.09607465,-0.08995396
39476,1.751831,0.2705302,-0.5551863,-0.1169429,-0.03830047,-0.04374224,9.467011,-0.07661719,-2.614562,2,2.75,12,9.061636,-77.89672,-174.14,-0.7717309,-0.6226956,-0.09338716,-0.08922206
39488,1.750192,0.269942,-0.5558107,-0.1215857,-0.04365399,-0.04633433,9.232371,0.1436572,-2.494847,6.125,1.375,11.125,8.483854,-77.85525,-173.7657,-0.7721341,-0.6225608,-0.09153129,-0.08859458
39500,1.748586,0.2692986,-0.5564764,-0.1255876,-0.05031274,-0.05205804,8.983365,0.2681602,-2.45175,25.25,-0.75,6.625,8.328054,-77.79427,-173.5546,-0.7724293,-0.6220993,-0.0916295,-0.08915944
39511,1.746904,0.2685521,-0.5572653,-0.1298936,-0.05762821,-0.0609052,8.743937,0.3016802,-2.446961,52,-2.25,0.375,8.601663,-77.71516,-173.4179,-0.7725335,-0.6212357,-0.09421707,-0.09155031
39523,1.745154,0.2676966,-0.5581861,-0.1324667,-0.06476074,-0.06969105,8.787034,0.3016802,-2.332036,80.875,-3.875,-6.125,9.283978,-77.64544,-173.2908,-0.7722344,-0.6200963,-0.09950712,-0.09608819
39534,1.743422,0.2668051,-0.5591865,-0.1347417,-0.06933245,-0.07781697,8.825342,0.1101372,-2.288939,90.625,-5.625,-7,9.868229,-77.56358,-172.957,-0.7718729,-0.6187385,-0.1052514,-0.1014751
39545,1.741631,0.2658946,-0.5603078,-0.1379584,-0.07017229,-0.08641286,8.787034,-0.2154858,-2.279361,74.25,-6.625,-2.25,9.951432,-77.45665,-172.3272,-0.7718091,-0.6173472,-0.1092127,-0.1061409
39557,1.739777,0.2649592,-0.5615554,-0.1401237,-0.07068503,-0.09427671,8.86844,-0.2442173,-2.221899,49.25,-7,3.875,9.664639,-77.34644,-171.6526,-0.7720534,-0.6162185,-0.1109111,-0.1091198
39568,1.73799,0.2640284,-0.5628319,-0.1406158,-0.07323365,-0.1004346,8.992943,-0.07661719,-2.193167,31.625,-7.375,8.125,9.285175,-77.24289,-171.1337,-0.7724888,-0.6153749,-0.1111355,-0.1105611
39580,1.736177,0.2630092,-0.5642062,-0.1392941,-0.07832199,-0.1056102,9.098291,0.1292915,-2.154858,32.625,-7.875,7.75,9.079082,-77.14815,-170.7752,-0.7728579,-0.6145809,-0.1116604,-0.1118617
39591,1.734399,0.2619038,-0.5656441,-0.1363763,-0.08478821,-0.1102966,9.155754,0.2537944,-2.097396,48,-8.5,4.25,9.170166,-77.06878,-170.5102,-0.7729393,-0.6136899,-0.1136851,-0.1141293
39603,1.73265,0.2607268,-0.5671492,-0.134014,-0.090175,-0.1153039,9.122234,0.1484458,-2.121338,64,-9,0.25,9.435404,-76.98627,-170.2026,-0.7728102,-0.6125492,-0.117109,-0.1176153
39614,1.730942,0.2595327,-0.5686881,-0.1330054,-0.09300005,-0.1198494,9.131811,-0.08619434,-2.174013,71.875,-9.125,-2.375,9.701748,-76.89806,-169.7967,-0.7725894,-0.6112473,-0.1210598,-0.1217661
39626,1.729203,0.2583075,-0.570305,-0.1327652,-0.09349922,-0.1233896,9.20364,-0.3016802,-2.197956,68,-8.5,-3,9.871063,-76.81329,-169.3264,-0.7723603,-0.6099816,-0.1246939,-0.1258312
39637,1.727457,0.2571015,-0.5719644,-0.13322,-0.09201435,-0.126615,9.218005,-0.483646,-2.207533,55.75,-7.5,-2.125,9.874898,-76.73562,-168.8496,-0.7722479,-0.6089227,-0.127241,-0.129059
39649,1.725633,0.2558845,-0.5737377,-0.1342166,-0.08956408,-0.1305037,9.17012,-0.5746289,-2.21711,37.125,-6,-0.875,9.74308,-76.66752,-168.4736,-0.7723377,-0.6081882,-0.1283348,-0.1308895
39661,1.723863,0.2547103,-0.5755211,-0.1340435,-0.0889552,-0.1351035,9.122234,-0.4213945,-2.178801,21,-4.875,0.25,9.646625,-76.62354,-168.3578,-0.772552,-0.6078678,-0.1282888,-0.131157
39672,1.722105,0.2535045,-0.5773806,-0.1329673,-0.09115654,-0.1405782,9.064771,-0.191543,-2.18359,12.625,-4.125,0.5,9.685091,-76.59393,-168.4927,-0.7728232,-0.6077725,-0.1278259,-0.1304507
39684,1.72041,0.252276,-0.5792597,-0.1315406,-0.09534419,-0.1458468,9.06956,-0.02394287,-2.21711,12.625,-2.625,0,9.842711,-76.58632,-168.747,-0.7729776,-0.6078248,-0.1275384,-0.1295711
39696,1.718498,0.2507911,-0.5814877,-0.1295779,-0.1006382,-0.1509952,9.131811,0.02394287,-2.221899,17,-1.375,-0.75,10.0815,-76.60125,-169.0319,-0.7729521,-0.6079748,-0.1276407,-0.1289172
39708,1.716792,0.2493976,-0.583554,-0.1285715,-0.1050189,-0.1557299,9.112657,-0.01436572,-2.260207,20.75,-0.375,-1.5,10.30047,-76.62118,-169.2409,-0.7728347,-0.6080981,-0.1280118,-0.1286711
39720,1.715125,0.2479882,-0.5856423,-0.1284452,-0.10863,-0.1609623,9.055194,-0.07661719,-2.288939,22.75,0.5,-2.625,10.52694,-76.64557,-169.4291,-0.7726604,-0.6082211,-0.1285438,-0.1286069
39731,1.713447,0.2465401,-0.5878111,-0.1294623,-0.1117125,-0.1672982,8.954634,-0.1340801,-2.332036,21.625,1.75,-3.5,10.75406,-76.6749,-169.6306,-0.7724717,-0.6083934,-0.1290091,-0.1284583
39743,1.711757,0.2450396,-0.5900823,-0.130016,-0.1154276,-0.1747091,8.882805,-0.06225147,-2.293727,20.25,2.25,-3.75,11.03232,-76.71537,-169.9018,-0.772242,-0.6086643,-0.129448,-0.1281144
39754,1.710057,0.2434821,-0.5924634,-0.1304303,-0.1194571,-0.1826256,8.849285,-0.02394287,-2.279361,20.5,2.25,-3.625,11.32463,-76.75627,-170.1845,-0.7720048,-0.608937,-0.1299186,-0.1277709
39766,1.70835,0.2418657,-0.5949374,-0.1312579,-0.1243424,-0.1903295,8.854074,0.03830859,-2.332036,24.125,2.375,-4.25,11.69267,-76.79224,-170.4959,-0.7717379,-0.6091267,-0.1307436,-0.1276375
39777,1.70663,0.2401772,-0.5975026,-0.1318644,-0.1294021,-0.1965822,8.969,0.06225147,-2.341613,29.625,2.875,-5,12.10771,-76.83884,-170.7815,-0.7713276,-0.6093091,-0.1320197,-0.1279339
39788,1.704901,0.2384667,-0.6000878,-0.1341578,-0.1327481,-0.2006309,9.107868,-0.1053486,-2.446961,29.75,3.75,-4.5,12.37186,-76.87894,-170.914,-0.7709522,-0.6094405,-0.1330913,-0.1284588
39800,1.703095,0.236707,-0.6027333,-0.138252,-0.13474,-0.2025638,9.246737,-0.258583,-2.561887,21.5,5.375,-2.5,12.41621,-76.92013,-170.9334,-0.7706985,-0.6096944,-0.1332845,-0.1285769
39811,1.701246,0.2349231,-0.6053695,-0.1420732,-0.1370418,-0.2025241,9.399971,-0.2298516,-2.576253,9.75,7.125,-0.125,12.32784,-76.98264,-170.9775,-0.7705104,-0.6102703,-0.1324526,-0.1278293
39823,1.699366,0.2330982,-0.6079958,-0.1449661,-0.1407366,-0.2025395,9.409549,-0.09577148,-2.537944,2.375,7.75,1.75,12.20979,-77.05656,-171.092,-0.770371,-0.6110365,-0.1310451,-0.1264529
39834,1.697468,0.2312127,-0.6106255,-0.1470533,-0.1460603,-0.2037122,9.332932,0.05746289,-2.494847,0.125,7.625,3.375,12.09637,-77.13021,-171.2438,-0.7702651,-0.6118352,-0.1294687,-0.1248494
39846,1.695512,0.2292089,-0.6133347,-0.1490356,-0.1526569,-0.2064009,9.222795,0.158023,-2.480481,3.375,7,4,12.01719,-77.19392,-171.394,-0.7701693,-0.612524,-0.1281304,-0.1234362
39857,1.693536,0.2271208,-0.6160843,-0.15118,-0.1597779,-0.2103941,9.122234,0.2011201,-2.475693,10.625,6.625,4.375,11.94928,-77.24795,-171.4608,-0.7700223,-0.6130385,-0.1273136,-0.1226405
39869,1.691446,0.2248455,-0.6190221,-0.1536249,-0.1672848,-0.2159972,9.016886,0.2059087,-2.461327,17.5,6.25,4.75,11.8639,-77.29472,-171.4226,-0.7698209,-0.6134058,-0.1269417,-0.1224544
39881,1.689376,0.2225432,-0.621957,-0.1562792,-0.1738291,-0.2215838,9.007308,0.1388687,-2.45175,22.375,5.75,5.5,11.6927,-77.33039,-171.2325,-0.7696121,-0.6136214,-0.1268079,-0.1228249
39892,1.687289,0.2202022,-0.6249277,-0.1589471,-0.1782496,-0.2262012,9.083925,-0.02394287,-2.408653,21.75,5.125,6.5,11.35137,-77.36032,-170.8791,-0.769446,-0.613801,-0.1264082,-0.1233784
39904,1.685219,0.2178637,-0.6278908,-0.1600212,-0.1807628,-0.2290395,9.246737,-0.1340801,-2.269784,16.375,4.125,7.5,10.87885,-77.39806,-170.4632,-0.7693111,-0.6141096,-0.1254646,-0.1236469
39916,1.682852,0.215218,-0.6312914,-0.16048,-0.1793594,-0.2305383,9.385606,-0.4118174,-2.140493,2.5,2,9.125,10.03052,-77.42331,-169.8808,-0.7694653,-0.6145633,-0.1228935,-0.1230134
39929,1.680721,0.2128733,-0.6343662,-0.1610091,-0.1771687,-0.2323404,9.352086,-0.4932232,-2.11655,-21.375,0.5,11.75,9.082638,-77.41833,-169.4897,-0.7700755,-0.615125,-0.1186237,-0.1205543
39940,1.678671,0.2105237,-0.6374228,-0.1574261,-0.1804779,-0.2347785,9.356874,0.009577149,-1.94895,-39.5,-1,14.5,8.338953,-77.42647,-169.5414,-0.7708374,-0.6160008,-0.1133472,-0.1162115
39951,1.676725,0.208044,-0.6405329,-0.1497142,-0.1907157,-0.2391972,9.261103,0.6320918,-1.78135,-40,-4.375,16.75,7.913216,-77.42607,-169.929,-0.7716365,-0.6167956,-0.1083969,-0.1113129
39963,1.6749,0.2054,-0.6437172,-0.1408298,-0.2040399,-0.2457413,9.112657,0.9050406,-1.728675,-24.5,-8.125,17.375,7.676126,-77.38814,-170.3063,-0.7724243,-0.617115,-0.1047602,-0.1074951
39974,1.673153,0.2025704,-0.6470302,-0.1339705,-0.216965,-0.2540272,8.949845,0.8284234,-1.84839,-0.375,-11.25,16.125,7.505753,-77.28833,-170.4364,-0.7732445,-0.6167123,-0.1028894,-0.1057007
39986,1.671485,0.1996083,-0.650438,-0.1281368,-0.2275899,-0.2618344,8.969,0.6320918,-1.896275,24.375,-12.75,11.75,7.46807,-77.16956,-170.3668,-0.7738618,-0.6158758,-0.1029838,-0.1059691
39997,1.669936,0.1965216,-0.6539052,-0.1188886,-0.2369659,-0.2661815,9.285046,0.6033604,-1.704732,53.875,-15.5,4.375,7.823813,-77.07269,-170.2938,-0.773997,-0.6148164,-0.105758,-0.1083731
40009,1.668551,0.193378,-0.6573303,-0.1074414,-0.2439177,-0.2657614,9.682497,0.4692803,-1.594595,74.25,-19.875,-0.75,8.387101,-76.95798,-170.1588,-0.7739605,-0.6133643,-0.1102634,-0.1123014
40020,1.667278,0.1901497,-0.6607327,-0.09723312,-0.2465624,-0.2598656,10.07037,0.09098291,-1.719098,79.625,-23.875,-3.375,8.907428,-76.78086,-169.8881,-0.7741402,-0.6113687,-0.1151919,-0.1169028
40032,1.666131,0.1869749,-0.6639415,-0.08843255,-0.2446721,-0.247284,10.55881,-0.3016802,-1.853178,73.375,-25.25,-5.875,9.3545,-76.58231,-169.6221,-0.7744827,-0.609275,-0.1195939,-0.1210694
40043,1.665116,0.1838477,-0.6669122,-0.07828007,-0.2412207,-0.2291496,10.99936,-0.3974517,-1.84839,67.125,-25.125,-9.75,9.960727,-76.40862,-169.5895,-0.7747441,-0.6074026,-0.1238362,-0.1244931
40054,1.664265,0.1807643,-0.6696044,-0.06561697,-0.2377515,-0.207591,11.29625,-0.3256231,-1.762195,61.875,-24.375,-14.125,10.81938,-76.27775,-169.8714,-0.7748169,-0.6058735,-0.1281332,-0.1271148
40066,1.663596,0.177689,-0.6720231,-0.05125358,-0.2354746,-0.1851952,11.36808,-0.1676001,-1.723887,57,-24,-16.125,11.84943,-76.16705,-170.3834,-0.774816,-0.6045453,-0.1323873,-0.1290691
40077,1.663139,0.1746235,-0.6741361,-0.03487552,-0.2342224,-0.1614469,11.49258,-0.004788574,-1.666424,57.625,-24,-17.875,13.02922,-76.07319,-171.0353,-0.774675,-0.6033298,-0.1369306,-0.1308506
40089,1.662895,0.1715035,-0.6759835,-0.01794295,-0.2296465,-0.1359825,11.55962,-0.1867544,-1.623327,69,-24.875,-23.375,14.43634,-75.97765,-171.7274,-0.7742701,-0.6018965,-0.1428131,-0.1335323
40101,1.662829,0.1686465,-0.6774791,-0.005059882,-0.2161246,-0.1131363,11.39681,-0.8715205,-1.589807,78.375,-26.25,-33.125,15.95114,-75.87198,-172.3954,-0.7736933,-0.6002372,-0.1495657,-0.1369092
40113,1.662886,0.1661185,-0.6787512,0.004332264,-0.1918236,-0.09652701,10.94189,-1.666424,-1.403052,54.75,-28,-38.875,17.29873,-75.75284,-173.186,-0.7734936,-0.5988505,-0.1545682,-0.1385443
40124,1.663058,0.1640108,-0.6798903,0.01334016,-0.1628921,-0.08803178,10.38642,-1.968104,-1.149258,1.25,-30.75,-37.5,18.30903,-75.6144,-174.3358,-0.7742431,-0.5982486,-0.1554486,-0.135949
40136,1.663459,0.1620574,-0.6811597,0.02719212,-0.1326446,-0.08619913,9.917137,-1.632904,-0.9481377,-69.25,-35.125,-32,19.23806,-75.41084,-176.4753,-0.7765306,-0.5986521,-0.1506829,-0.1261373
40149,1.664058,0.1605723,-0.6823029,0.04527491,-0.112176,-0.08634901,9.845308,-0.9385605,-0.7949033,-112.75,-40,-27.25,20.12547,-75.1862,-179.0472,-0.7792612,-0.5994934,-0.1434361,-0.1130748
40160,1.664946,0.1592718,-0.6834471,0.06809887,-0.09971078,-0.08772096,9.792634,-0.1819658,-0.6847661,-125.5,-45.5,-24.25,21.1523,-74.90573,178.0792,-0.7821288,-0.6001364,-0.1356657,-0.09851801
40172,1.666197,0.157996,-0.6846331,0.09620296,-0.0981658,-0.09126142,9.644189,0.8236348,-0.5650518,-101.75,-51.875,-23.75,22.55214,-74.54568,175.1239,-0.7847307,-0.6000024,-0.1301946,-0.08511447
40183,1.667825,0.1566472,-0.685905,0.1257132,-0.1041353,-0.09820618,9.342508,1.494035,-0.6033604,-50.625,-59.375,-24.875,24.16637,-74.05924,172.6046,-0.7871423,-0.598437,-0.1287879,-0.07545756
40195,1.66982,0.1551958,-0.6873388,0.1528698,-0.1112071,-0.1098465,8.921114,1.58023,-0.7949033,12,-67,-25,25.63235,-73.42889,171.036,-0.7896268,-0.5950465,-0.131722,-0.07112391
40206,1.672155,0.1537262,-0.6889461,0.1798088,-0.1131762,-0.1237866,8.777456,1.254606,-0.7470176,56,-72.375,-22.875,26.66798,-72.76073,170.4684,-0.7920505,-0.5905842,-0.1370837,-0.0712353
40217,1.674861,0.1523414,-0.6907191,0.2077378,-0.1063173,-0.1361223,8.997731,0.6656118,-0.641669,79.25,-76.75,-18,27.10579,-72.09863,170.8053,-0.7945218,-0.5854405,-0.143004,-0.07446261
40229,1.677973,0.151114,-0.6926346,0.2363707,-0.09321326,-0.145473,9.289834,0.2490059,-0.6608232,78.625,-79,-11.75,27.07413,-71.44244,171.6098,-0.797195,-0.5800031,-0.1480048,-0.07855554
40240,1.681363,0.1501135,-0.6946038,0.2654328,-0.07835005,-0.1542043,9.361663,0.1149258,-0.6320918,65.75,-80.75,-4.625,26.745,-70.82076,172.5136,-0.7999826,-0.5748221,-0.151295,-0.08195905
40252,1.685232,0.1492911,-0.6967881,0.2966643,-0.06304707,-0.1674547,9.079137,0.1149258,-0.517166,53.125,-82.75,0.75,26.26004,-70.19753,173.4098,-0.8029633,-0.5697128,-0.1533621,-0.08460149
40263,1.689633,0.1486252,-0.6992614,0.330871,-0.05006045,-0.1859338,8.748725,0.3304116,-0.3974517,48,-85.625,4,25.8022,-69.55488,174.2051,-0.8060538,-0.5645511,-0.155048,-0.08671625
40275,1.694241,0.1481036,-0.7018415,0.3662337,-0.04146218,-0.2050686,8.652954,0.6799775,-0.3352002,63.375,-88.875,2.625,25.61655,-68.92123,174.8962,-0.8087872,-0.5593512,-0.1580384,-0.08951887
40286,1.699538,0.1476578,-0.7047934,0.4041423,-0.03401466,-0.2252452,8.638588,0.8236348,-0.4118174,96.25,-91.375,-2.5,25.70582,-68.22295,175.7731,-0.8112548,-0.5531737,-0.1638875,-0.09489725
40298,1.705388,0.1473341,-0.7080793,0.4400198,-0.02434472,-0.2471575,8.490142,0.6081489,-0.6081489,129.625,-91.375,-8.25,25.95619,-67.49694,176.971,-0.8132595,-0.5461034,-0.1723601,-0.1033056
40309,1.711715,0.1471763,-0.7117198,0.4731569,-0.01180476,-0.272224,8.231559,0.3208345,-0.742229,140.125,-88,-9,26.1811,-66.80836,178.3597,-0.8148153,-0.5388865,-0.1813813,-0.1130412
40321,1.718366,0.1472168,-0.7156816,0.502913,0.003060902,-0.29957,7.996919,0.03830859,-0.8715205,126.875,-81.75,-5.5,26.24014,-66.20507,179.7274,-0.8161204,-0.5323337,-0.1888849,-0.1220288
40333,1.725505,0.1475029,-0.7200038,0.532375,0.02133617,-0.322316,8.351274,-0.225063,-1.039121,105.25,-73.5,-2.25,26.15082,-65.69743,-179.0212,-0.8172466,-0.5267166,-0.194566,-0.1296993
40344,1.732487,0.1479422,-0.7241642,0.5497886,0.03459464,-0.3276102,9.131811,-0.3687202,-2.446961,83.875,-62.875,-1.625,26.06533,-65.16767,-178.1025,-0.818777,-0.521443,-0.1986743,-0.1350188
40357,1.74112,0.148835,-0.7290587,0.5864897,0.06065592,-0.3325298,9.759114,-0.5123774,-1.302492,66.375,-51.125,-3.375,25.99386,-64.95272,-177.3107,-0.8189415,-0.5185998,-0.2019526,-0.1400155
40369,1.74944,0.1500069,-0.7336244,0.6162554,0.08680157,-0.3381747,9.601091,-0.8140576,-1.431784,35.5,-40.75,-2.75,25.81634,-64.87459,-176.8808,-0.8190853,-0.5174966,-0.2026953,-0.1421661
40380,1.757609,0.1514262,-0.7381014,0.6385103,0.1109398,-0.3499267,8.959422,-0.9960235,-1.608961,-18.625,-28.25,2.25,25.41497,-64.91419,-176.9406,-0.8196809,-0.5183811,-0.1995216,-0.139984
40392,1.766125,0.1531141,-0.7428699,0.6575469,0.1303276,-0.3681945,8.341697,-0.7661719,-1.776561,-75.75,-15.75,9.125,24.84363,-65.06779,-177.6043,-0.8207392,-0.5213028,-0.1922912,-0.1328711
40403,1.775058,0.1549742,-0.7480294,0.6761773,0.1407983,-0.3905448,7.949033,-0.1292915,-1.963315,-125.125,-1.5,16.875,24.23152,-65.36657,-178.9524,-0.8218501,-0.5263298,-0.1814751,-0.1208568
40415,1.783993,0.1568007,-0.75332,0.6949906,0.1420665,-0.4115004,7.92509,0.5746289,-2.135704,-146.375,11.75,22.125,23.72467,-65.79615,179.3338,-0.8223423,-0.5325414,-0.1695038,-0.1068709
40426,1.793265,0.1585536,-0.7588864,0.7145289,0.1350815,-0.4289714,8.121422,1.245029,-2.31767,-138.25,24.75,24.5,23.38081,-66.36884,177.5174,-0.8217632,-0.5395299,-0.1579271,-0.09312256
40438,1.802941,0.1602075,-0.7647753,0.7311811,0.1249727,-0.4449857,8.154942,1.426995,-2.514002,-104.75,38.25,23.875,23.12754,-67.08703,176.0162,-0.8199056,-0.5468343,-0.1481581,-0.08231896
40449,1.812421,0.1617274,-0.770614,0.7458911,0.119595,-0.459414,8.279445,1.101372,-2.38471,-83.125,48.875,25.375,22.72949,-67.92861,175.0217,-0.8171377,-0.5543033,-0.1394921,-0.07467163
40460,1.822306,0.1632507,-0.7766951,0.7590876,0.1169708,-0.4669448,8.825342,0.8715205,-2.494847,-78.375,57.25,30.125,22.05663,-68.89795,174.336,-0.8137596,-0.5623414,-0.130122,-0.06808722
40472,1.83229,0.164724,-0.782842,0.7663494,0.1130945,-0.4718593,8.901959,0.8427891,-2.834836,-68.375,64.25,31.375,21.31333,-69.88977,173.8579,-0.8100838,-0.5702218,-0.1212074,-0.06261247
40483,1.842313,0.1661226,-0.7890948,0.7678692,0.1071479,-0.4790354,8.638588,0.8715205,-3.050322,-44.625,73.125,27.625,20.73061,-70.92247,173.5426,-0.8058231,-0.5780324,-0.1141747,-0.0590916
40495,1.852186,0.1673409,-0.7952757,0.7689684,0.09488171,-0.4813767,8.983365,1.359955,-3.131728,-22.75,80.375,26,20.44184,-72.00127,173.2267,-0.800943,-0.5859368,-0.1091314,-0.05708586
40506,1.862259,0.1683059,-0.8015698,0.7687168,0.07364326,-0.4803169,9.20364,1.977681,-3.265808,2,86,29.625,20.27888,-73.1359,173.0822,-0.795495,-0.5939331,-0.1057496,-0.05699285
40518,1.872225,0.1689706,-0.8079136,0.7602984,0.0507087,-0.4839686,8.753514,1.905853,-3.610585,34.625,91.25,30.25,20.06602,-74.23759,173.4219,-0.7899305,-0.6012325,-0.1045948,-0.05991172
40529,1.882317,0.1694101,-0.8145393,0.7449666,0.03244451,-0.4890869,8.652954,1.321646,-3.797339,72.25,98,24.25,19.79415,-75.40215,174.3631,-0.7836632,-0.6083991,-0.106205,-0.06665755
40541,1.891905,0.169712,-0.821052,0.7242229,0.02280082,-0.4919309,8.844497,0.5219546,-3.93142,88.5,104.375,16.875,19.35994,-76.58579,175.6955,-0.7770463,-0.6153839,-0.1089349,-0.07506692
40553,1.901137,0.1699179,-0.8276762,0.6979946,0.01556746,-0.5008531,8.403948,0.1436572,-4.003248,78.5,109.375,13.25,18.77041,-77.76198,177.0594,-0.7704049,-0.6223558,-0.1110109,-0.0826204
40564,1.909794,0.1699908,-0.8343961,0.6718597,0.005658467,-0.521526,7.546793,0.2825259,-3.763819,53.875,112.25,13.875,18.15065,-78.88599,178.1088,-0.7641397,-0.6292821,-0.1114404,-0.08761065
40577,1.919196,0.1698375,-0.8424917,0.6397707,-0.01042564,-0.5508675,7.197227,0.517166,-3.773396,28.875,112.375,17,17.29353,-80.10316,179.077,-0.7575202,-0.6370692,-0.1099538,-0.09064278
40589,1.927274,0.1694688,-0.8501177,0.6048989,-0.02760998,-0.5710256,7.676085,0.5602632,-4.175637,23,112.125,15.75,16.4491,-81.15002,179.9449,-0.7517877,-0.6438054,-0.1083474,-0.09268675
40600,1.934591,0.1688573,-0.8576567,0.5648105,-0.0472105,-0.5819826,8.332119,0.6177261,-4.659283,37.625,113,7.75,16.19463,-82.13374,-179.5803,-0.746083,-0.6499966,-0.1085779,-0.09526627
40612,1.941336,0.1679782,-0.865332,0.5205842,-0.0678469,-0.5924124,8.408736,0.5746289,-4.855614,56.125,114,-1.5,16.76596,-83.08817,-179.6824,-0.7401785,-0.6558051,-0.1109337,-0.09873897
40623,1.947478,0.1668465,-0.8732536,0.4724838,-0.08706106,-0.6093999,7.958611,0.3543545,-4.913077,60.625,114.375,-8.5,18.00794,-83.98657,179.6136,-0.7344142,-0.6611872,-0.1140879,-0.1022314
40635,1.952947,0.1654368,-0.8815021,0.4203856,-0.1083501,-0.633962,7.417501,0.3974517,-5.085466,52.625,114.625,-11,20.01758,-84.80058,178.041,-0.7291104,-0.6661412,-0.1169722,-0.1047456
40646,1.957696,0.1636822,-0.8900975,0.3645552,-0.1346892,-0.659813,7.35525,0.675189,-5.367992,42,114.75,-9.625,22.95437,-85.55318,175.4033,-0.7241715,-0.6708826,-0.1192423,-0.1061774
40658,1.961675,0.1615345,-0.898981,0.3049482,-0.1646006,-0.6808364,7.771856,0.8427891,-5.650517,41,115.375,-7.125,26.75951,-86.2887,171.8864,-0.7192462,-0.6755552,-0.1213515,-0.107629
40669,1.964867,0.1589859,-0.9079376,0.2475954,-0.1977323,-0.6948997,8.36085,1.125315,-5.559535,69.75,114.875,-11.5,33.98973,-87.0033,165.3158,-0.7137042,-0.6800106,-0.1261436,-0.1109042
40681,1.96743,0.1559733,-0.9170969,0.1963263,-0.2307123,-0.7014289,9.036039,1.192355,-4.989695,142.75,108.625,-24.5,49.04393,-87.59214,151.8908,-0.7068011,-0.683571,-0.1376998,-0.119171
40692,1.969337,0.1526649,-0.9262282,0.1464688,-0.2541583,-0.7014948,9.610668,0.450126,-4.558722,201.5,98.625,-36.875,70.22048,-87.87892,133.1118,-0.6992074,-0.6855539,-0.1541249,-0.1317969
40959,1.970515,0.1492205,-0.9352466,0.09092551,-0.265769,-0.6958667,10.12783,-0.6799775,-4.496471,206.125,88,-39.875,89.60942,-87.9284,116.1754,-0.6921051,-0.6862315,-0.1701858,-0.145306
16776972,1.97092,0.1457049,-0.9441351,0.03130902,-0.272022,-0.6877461,10.38163,-1.297704,-4.482106,158.25,80.75,-32.875,104.8303,-87.92699,102.7822,-0.6863365,-0.6867937,-0.1815042,-0.1559256
40970,1.970523,0.1420479,-0.9530697,-0.03023973,-0.278648,-0.6807848,10.31938,-1.383898,-4.458163,80.75,76.125,-19.625,117.4674,-87.98452,90.98248,-0.6824716,-0.6881697,-0.1858332,-0.1616204
16776984,1.969378,0.1382251,-0.9618983,-0.0876787,-0.2926449,-0.6758528,10.17572,-0.7661719,-4.395911,20.5,74.625,-8.875,129.5839,-88.01111,78.90968,-0.6800045,-0.6905084,-0.1850834,-0.1628994
40981,1.967487,0.1339067,-0.9709895,-0.1394462,-0.3185573,-0.6706342,10.18051,0.2681602,-4.209157,1.875,74.375,-4.875,141.1139,-87.85707,67.17183,-0.6776016,-0.6935077,-0.1833077,-0.1621775
16776997,1.964998,0.1292751,-0.9798154,-0.1872033,-0.3482943,-0.6637045,10.33374,0.6799775,-4.079865,30.5,75.5,-9.625,149.6754,-87.51888,58.78677,-0.6743376,-0.6961558,-0.1845302,-0.1630478
40992,1.961918,0.124382,-0.9884162,-0.2344381,-0.3724654,-0.6546964,10.53965,0.3304116,-3.802128,59.75,76.75,-15.875,156.4228,-87.0935,52.59821,-0.6702163,-0.698446,-0.1881763,-0.1660512
16777009,1.958248,0.1194027,-0.9967528,-0.2839056,-0.3852507,-0.6449981,10.66416,-0.5411089,-3.490871,58.125,75.375,-17.75,162.6809,-86.71009,46.86762,-0.6662502,-0.7006434,-0.1910302,-0.169461
41004,1.953251,0.1136445,-1.006125,-0.3393665,-0.3910238,-0.6364501,10.53008,-1.043909,-3.050322,23.625,69.625,-16.75,168.9244,-86.33259,40.71283,-0.6628833,-0.7035941,-0.190638,-0.170875
16777021,1.948165,0.1084107,-1.014457,-0.3839306,-0.3950582,-0.6288738,10.51571,-0.9050406,-2.590619,-2.875,59.75,-17.875,172.3864,-86.01247,36.97396,-0.6608477,-0.7063716,-0.188421,-0.169756
41016,1.942603,0.1032133,-1.022576,-0.4266865,-0.39876,-0.6229402,10.40557,-0.8571548,-2.475693,-21.125,49.625,-19,174.0399,-85.781,34.80568,-0.6599593,-0.7087559,-0.1850692,-0.1669385
16777032,1.936502,0.09796324,-1.030653,-0.4692214,-0.4037874,-0.6212092,10.08953,-0.7326519,-2.523579,-35.75,41.625,-20.375,174.2181,-85.63448,33.92139,-0.6600646,-0.7107281,-0.1809205,-0.162629
41028,1.929908,0.09264594,-1.038753,-0.5090575,-0.410444,-0.6252789,9.629823,-0.4932232,-2.442173,-39.125,34.125,-22.75,172.956,-85.54209,34.43389,-0.6607647,-0.7122033,-0.1770212,-0.1575442
16777043,1.922771,0.08724764,-1.047038,-0.5471411,-0.4138847,-0.6351916,9.174909,-0.6129375,-2.236264,-40.125,27,-24.5,171.1466,-85.51524,35.47231,-0.6619646,-0.7132107,-0.1730957,-0.1522213
41039,1.91521,0.08189891,-1.055489,-0.5810456,-0.410998,-0.6493744,8.825342,-0.8810977,-1.790927,-50.125,18.25,-24.625,169.4293,-85.56107,36.28532,-0.6637334,-0.7139877,-0.1681179,-0.1463418
16777055,1.907232,0.07665645,-1.064135,-0.6124586,-0.4024925,-0.6637833,8.796611,-1.154046,-1.479669,-65.25,10,-24.25,167.7775,-85.6813,36.83071,-0.6661348,-0.7146139,-0.1616371,-0.1395168
41050,1.898938,0.07161809,-1.07284,-0.643437,-0.3908732,-0.6753418,9.00252,-1.336012,-1.426995,-88.25,2.875,-22.375,165.9741,-85.88748,37.24046,-0.6693259,-0.7150745,-0.1531561,-0.1312044
16777067,1.890145,0.06665577,-1.081824,-0.6715839,-0.3790056,-0.6861351,9.050406,-1.206721,-1.268972,-108.375,-2.125,-19.75,163.8326,-86.13112,37.70335,-0.6729796,-0.7155407,-0.1428474,-0.1212219
41061,1.881144,0.06187233,-1.090895,-0.6936008,-0.3685804,-0.6989745,8.849285,-0.9241948,-0.9720806,-116.625,-8.25,-18.125,160.9488,-86.38123,38.81585,-0.6767274,-0.7158082,-0.132098,-0.1104944
16777079,1.871914,0.05718512,-1.100167,-0.7121992,-0.3616676,-0.7154333,8.542816,-0.5602632,-0.9050406,-109.75,-14.25,-18.125,156.2685,-86.63692,41.81659,-0.6805721,-0.715464,-0.1223191,-0.09985518
41072,1.862475,0.05252207,-1.109694,-0.7278007,-0.3595534,-0.7345953,8.308176,-0.1053486,-0.8763091,-92,-19.75,-17.75,149.2041,-86.86438,47.43186,-0.684396,-0.7144167,-0.1144615,-0.09005218
16777091,1.852805,0.0477866,-1.119548,-0.7405024,-0.3626488,-0.7546203,8.221982,0.3830859,-0.8380005,-63.75,-25.25,-15.75,139.6243,-87.03014,55.92253,-0.6881483,-0.7125989,-0.1092579,-0.08196021
41083,1.842961,0.04294369,-1.129655,-0.7519968,-0.3699424,-0.7720997,8.394371,0.7661719,-0.900252,-30.375,-29.625,-13.125,128.0438,-87.10835,66.84884,-0.6918389,-0.7100018,-0.1069674,-0.07625256
16777103,1.832619,0.0377743,-1.14029,-0.7635708,-0.3816737,-0.7851868,8.73436,1.125315,-1.043909,11.875,-33.25,-10.375,114.8517,-87.06081,79.93628,-0.6955557,-0.7064372,-0.1082679,-0.0736674
41095,1.822329,0.03256389,-1.150817,-0.7758952,-0.3928826,-0.7938059,9.036039,1.120526,-1.221087,55.125,-35.875,-7.5,102.1358,-86.91974,93.12182,-0.6991015,-0.7020884,-0.1127842,-0.07489173
16777114,1.811898,0.02730608,-1.161384,-0.7908219,-0.3986215,-0.8011423,9.1366,0.6656118,-1.426995,82.875,-36.75,-4.125,90.15002,-86.75321,105.9405,-0.7026181,-0.6971146,-0.1187659,-0.07908068
41107,1.801476,0.02214668,-1.171844,-0.8063226,-0.3991486,-0.8092195,9.074348,0.2298516,-1.489247,84.75,-36.5,1.125,79.11848,-86.58762,117.8123,-0.7060678,-0.6921179,-0.123913,-0.08418272
16777126,1.789392,0.01630444,-1.183884,-0.8230659,-0.3979188,-0.8200071,8.954634,0.06704004,-1.508401,64.625,-36.125,9.25,67.08636,-86.3802,130.5022,-0.7101839,-0.686707,-0.1270525,-0.08905192
41119,1.778264,0.01098934,-1.194902,-0.837716,-0.4001128,-0.8294277,8.949845,0.2633716,-1.652058,42,-35.5,17.125,57.01315,-86.11153,140.8671,-0.7141444,-0.6820843,-0.1276707,-0.091973
16777138,1.767177,0.005684108,-1.205826,-0.8502219,-0.4068431,-0.8377288,8.992943,0.5937832,-1.723887,29.25,-33.875,23.125,48.62626,-85.77849,149.3699,-0.7179895,-0.6778725,-0.1271279,-0.09390697
41130,1.756011,0.0002295892,-1.216789,-0.8589152,-0.4195783,-0.8433462,9.174909,1.082218,-1.695155,30.875,-31.625,28.5,42.05007,-85.41533,156.0767,-0.7214435,-0.6739956,-0.1266979,-0.09590055
16777150,1.744813,-0.005416803,-1.227739,-0.864401,-0.4358802,-0.8452904,9.447857,1.379109,-1.661635,51.25,-29.625,30.125,37.02384,-85.04252,161.4925,-0.724303,-0.6701822,-0.1279018,-0.09940862
41141,1.733493,-0.01131997,-1.238765,-0.8672441,-0.4522462,-0.8446552,9.653766,1.383898,-1.58023,88.375,-28.125,28,33.20585,-84.67079,166.1864,-0.7263966,-0.6661075,-0.1320774,-0.1058509
16777162,1.722211,-0.01732718,-1.249699,-0.8690937,-0.4627693,-0.8423823,9.802212,0.9194063,-1.465304,117,-27.25,25.375,29.77383,-84.32291,170.8636,-0.7278351,-0.6617988,-0.138167,-0.1148405
41152,1.710852,-0.02339324,-1.260636,-0.8720226,-0.465653,-0.8395382,9.859674,0.2490059,-1.412629,124,-26.75,24.75,26.05811,-83.98266,175.9238,-0.729018,-0.6573416,-0.1442745,-0.1249788
16777174,1.699314,-0.02946656,-1.271664,-0.876236,-0.4612527,-0.8375641,9.797423,-0.4022402,-1.340801,108.125,-26.25,24.75,22.01666,-83.63468,-178.8806,-0.7302824,-0.6530678,-0.1486978,-0.1344586
41163,1.688085,-0.0352668,-1.282343,-0.879629,-0.4543508,-0.8364832,9.735171,-0.6608232,-1.249818,84.625,-26.25,23.625,18.46588,-83.28411,-174.5082,-0.7316746,-0.6493684,-0.1511873,-0.1418286
16777185,1.676583,-0.04111931,-1.293252,-0.8814864,-0.4485368,-0.8360642,9.682497,-0.5985718,-1.221087,63.125,-27.25,20.75,15.72948,-82.90499,-171.211,-0.7333315,-0.6459857,-0.1525041,-0.1472073
41175,1.664876,-0.04705196,-1.304407,-0.8803974,-0.4461313,-0.8388445,9.452645,-0.3160459,-1.154046,53.375,-29,17.5,14.00311,-82.51151,-169.0426,-0.7350849,-0.6427642,-0.1537092,-0.151255
16777196,1.653843,-0.05267686,-1.315054,-0.8771912,-0.4472369,-0.8465995,9.055194,-0.02873145,-1.115738,49.25,-31.625,16.5,13.04654,-82.12048,-167.7214,-0.7368608,-0.6396956,-0.1549632,-0.154312
41187,1.642405,-0.05859889,-1.326315,-0.8728471,-0.4519252,-0.8593564,8.696051,0.225063,-1.177989,49.625,-33.75,16.875,12.52171,-81.68449,-166.8152,-0.7388408,-0.6363083,-0.1565885,-0.1571818
16777207,1.630864,-0.06469491,-1.337943,-0.867809,-0.458382,-0.8743454,8.538028,0.3352002,-1.240241,60.125,-36.375,15.75,12.38413,-81.21271,-166.1516,-0.7408019,-0.6324694,-0.1592987,-0.1606832
41199,1.61969,-0.0706939,-1.349439,-0.8635333,-0.4635999,-0.8883616,8.566759,0.2059087,-1.326435,72.5,-38.375,13.625,12.40061,-80.72835,-165.4927,-0.7425923,-0.6283117,-0.1629294,-0.1650306
41201,1.608689,-0.07665624,-1.360938,-0.8610905,-0.4666834,-0.9000953,8.700839,-0.04788574,-1.474881,72.5,-39.125,13.75,12.25851,-80.22185,-164.6813,-0.7444736,-0.6239875,-0.1663099,-0.1695283
41213,1.597294,-0.08284851,-1.372996,-0.8609383,-0.4678353,-0.9109457,8.758303,-0.3208345,-1.652058,50.375,-38.25,17.375,11.69217,-79.66882,-163.7157,-0.746964,-0.6197384,-0.1676788,-0.1727799
41224,1.586259,-0.08885664,-1.384804,-0.8612827,-0.4689451,-0.9216557,8.719994,-0.3830859,-1.752618,21.375,-35.75,21.25,10.90263,-79.1431,-162.9165,-0.7498432,-0.6162491,-0.1666085,-0.1738213
41236,1.573988,-0.09562005,-1.39815,-0.8592054,-0.4735621,-0.9344929,8.667319,-0.1245029,-1.771773,0.125,-32.125,22.25,10.20391,-78.6243,-162.5184,-0.7531288,-0.61325,-0.1639001,-0.1727957
41249,1.562195,-0.1022904,-1.411255,-0.8522471,-0.4820634,-0.9470925,8.705628,0.2825259,-1.64727,1.375,-28.875,19.25,10.00618,-78.23451,-162.5994,-0.7556839,-0.6110389,-0.1619547,-0.1713013
41260,1.551386,-0.1086236,-1.423554,-0.8409353,-0.4927025,-0.9568364,8.916326,0.6320918,-1.489247,19.125,-27.375,14,10.31199,-77.96738,-162.9355,-0.7572237,-0.6092548,-0.1620428,-0.1707722
41272,1.540668,-0.1151523,-1.436052,-0.8258014,-0.5030225,-0.9629382,9.251526,0.7182862,-1.326435,49.5,-27.5,8,10.95524,-77.76091,-163.2077,-0.7578483,-0.607284,-0.1647482,-0.1724243
41283,1.530237,-0.1217116,-1.448469,-0.8099872,-0.5093794,-0.9642661,9.629823,0.4597031,-1.249818,72.375,-28,2.375,11.69211,-77.5825,-163.2697,-0.7578475,-0.6050462,-0.169213,-0.1759354
41294,1.519772,-0.1284451,-1.461084,-0.7955138,-0.5118186,-0.9588546,10.11347,0.09577148,-1.359955,78,-27.625,-1.5,12.41362,-77.4017,-163.217,-0.7576748,-0.6026207,-0.1741863,-0.1801014
41306,1.509648,-0.1350826,-1.473372,-0.7816838,-0.5125132,-0.9488131,10.46303,-0.05746289,-1.436572,66.75,-26.875,-2.125,13.04972,-77.22994,-163.2339,-0.7576628,-0.6004721,-0.1782367,-0.1833365
41317,1.499633,-0.1417527,-1.485572,-0.7689051,-0.5120995,-0.9366626,10.59711,-0.1819658,-1.537132,44.875,-25.875,-1.375,13.56204,-77.0555,-163.4083,-0.7580937,-0.5987361,-0.1806496,-0.1848639
41329,1.48983,-0.1483846,-1.497544,-0.7571394,-0.512234,-0.9247206,10.56359,-0.1723887,-1.652058,23,-24.5,-0.625,14.01794,-76.88493,-163.8139,-0.7589572,-0.5974814,-0.1814958,-0.1845515
41340,1.480139,-0.1550816,-1.509439,-0.7447205,-0.5145968,-0.913999,10.46303,0.02394287,-1.709521,2.75,-22.75,0,14.51589,-76.73418,-164.5298,-0.7601366,-0.5967893,-0.1810254,-0.1823858
41352,1.470633,-0.1618227,-1.521204,-0.7319962,-0.5191057,-0.9059266,10.25713,0.2202744,-1.752618,-9.25,-21.25,0.375,15.06415,-76.60029,-165.4561,-0.7614624,-0.5964696,-0.1798162,-0.1790672
41363,1.461186,-0.168712,-1.533047,-0.7188276,-0.5242242,-0.9011531,10.00333,0.3160459,-1.719098,-12.75,-19.875,-0.75,15.68526,-76.4894,-166.5065,-0.7627174,-0.5963945,-0.1784675,-0.175286
41374,1.452169,-0.1754619,-1.54455,-0.7056422,-0.5282383,-0.9002594,9.725595,0.3160459,-1.608961,-8.125,-19.25,-4,16.41228,-76.40819,-167.5872,-0.7636645,-0.5964183,-0.1776836,-0.1718441
41386,1.443085,-0.18243,-1.55638,-0.6922996,-0.5310223,-0.9015351,9.562783,0.2681602,-1.551498,0.5,-18.75,-8.5,17.32949,-76.34554,-168.7467,-0.7643051,-0.596425,-0.1777688,-0.1688586
41398,1.434191,-0.1893778,-1.56817,-0.6815951,-0.532486,-0.9036034,9.462223,0.1340801,-1.676001,6,-18,-13.25,18.38507,-76.27668,-169.9625,-0.7648134,-0.596302,-0.1784986,-0.1662014
41409,1.425418,-0.1963236,-1.579978,-0.673659,-0.5333437,-0.9066975,9.33772,0.04309717,-1.834024,0.875,-16,-14.875,19.42739,-76.20413,-171.2281,-0.7653976,-0.5962827,-0.1788959,-0.1631249
41420,1.416884,-0.203174,-1.591648,-0.6663402,-0.534857,-0.9111137,9.218005,0.1245029,-1.877121,-11.875,-12.875,-13.875,20.39001,-76.15875,-172.5772,-0.7660379,-0.5967228,-0.1783262,-0.1590843
41432,1.408238,-0.2102445,-1.603695,-0.6577715,-0.5379274,-0.9165673,9.155754,0.3208345,-1.84839,-19.375,-10.5,-12.75,21.3863,-76.14307,-174.0742,-0.7666229,-0.5975762,-0.1771974,-0.1542505
41443,1.399807,-0.2173151,-1.615694,-0.6478297,-0.5433038,-0.9219878,9.160542,0.5889946,-1.829235,-17.5,-8.625,-12.125,22.46036,-76.15221,-175.6253,-0.766973,-0.5986074,-0.1762823,-0.1494868
41455,1.391047,-0.2248878,-1.62845,-0.6369634,-0.5506268,-0.9275216,9.165331,0.7661719,-1.857967,-8.25,-7.625,-11.75,23.65074,-76.16513,-177.1962,-0.7670946,-0.5995787,-0.1760263,-0.1452105
41467,1.382799,-0.2322378,-1.640736,-0.6262124,-0.5579996,-0.9327503,9.17012,0.8523662,-1.843601,7.375,-6.5,-11.625,24.79898,-76.18814,-178.5042,-0.766847,-0.6003061,-0.1768403,-0.142498
41479,1.374765,-0.239612,-1.652985,-0.6145829,-0.5641658,-0.9370738,9.256314,0.8475776,-1.752618,26.5,-6,-12.25,25.93501,-76.22836,-179.547,-0.7661639,-0.600787,-0.1789292,-0.1415356
41490,1.366937,-0.2469691,-1.665162,-0.603784,-0.5674096,-0.9391854,9.428702,0.6560347,-1.743041,43,-6.125,-13.625,26.98657,-76.26808,179.7144,-0.7652136,-0.600914,-0.1820341,-0.1421763
41502,1.358834,-0.2547109,-1.677975,-0.5933927,-0.566956,-0.9383281,9.663342,0.3974517,-1.728675,54.75,-5.5,-15.5,28.01025,-76.32384,179.1895,-0.7639338,-0.6008497,-0.1860382,-0.1441337
41514,1.351075,-0.262222,-1.690436,-0.5829432,-0.5643219,-0.9361872,9.783057,0.2873144,-1.64727,59.75,-5,-17,29.01484,-76.39693,178.7422,-0.7624707,-0.6007949,-0.1902823,-0.1465488
41525,1.343601,-0.2695102,-1.7026,-0.5740721,-0.5598122,-0.9343175,9.763903,0.1292915,-1.652058,58.75,-4.125,-17.75,29.93796,-76.4754,178.3553,-0.7610126,-0.6007729,-0.1942759,-0.1489587
41537,1.343601,-0.2695102,-1.7026,0,0,0,9.668132,-0.0191543,-1.685578,52.25,-3.125,-17.875,30.77328,-76.55669,177.9746,-0.7596606,-0.6008663,-0.1976988,-0.1509652
41549,1.343601,-0.2695102,-1.7026,0,0,0,9.467011,-0.04788574,-1.704732,42,-2,-17.625,31.63163,-76.64698,177.4605,-0.7583821,-0.6012171,-0.2005448,-0.1522378
41560,1.343601,-0.2695102,-1.7026,0,0,0,9.246737,0.09098291,-1.637692,34.75,-1.125,-17,32.48871,-76.74208,176.827,-0.7572268,-0.6018131,-0.2027295,-0.1527392
41572,1.343601,-0.2695102,-1.7026,0,0,0,9.107868,0.191543,-1.585018,30.75,-0.875,-15.625,33.3358,-76.84049,176.1479,-0.7561215,-0.6025308,-0.2045839,-0.152913
41583,1.343601,-0.2695102,-1.7026,0,0,0,9.079137,0.2729487,-1.561075,29.625,-0.625,-14.25,34.15271,-76.94025,175.4803,-0.7550378,-0.6032834,-0.206277,-0.1530258
41595,1.343701,-0.2694713,-1.70267,0.007783984,0.003012997,-0.005456619,9.189274,0.3256231,-1.508401,33.25,-0.5,-14.125,34.99001,-77.04697,174.8372,-0.7538399,-0.6040149,-0.2082,-0.1534419
41607,1.343924,-0.2693627,-1.702804,0.01571218,0.007684825,-0.009462483,9.332932,0.2442173,-1.508401,36.875,-0.625,-13.5,35.80005,-77.16325,174.292,-0.7525021,-0.6046687,-0.2104212,-0.1544003
41619,1.344203,-0.2691845,-1.702967,0.0212952,0.01360079,-0.01245968,9.380817,0.08619434,-1.556287,34.125,-0.125,-12.25,36.36338,-77.27129,173.9395,-0.7513931,-0.6052474,-0.2120389,-0.1553178
41630,1.344562,-0.2688989,-1.703202,0.02595616,0.02063935,-0.01698272,9.280257,0,-1.561075,27.625,0.5,-11,36.81724,-77.39001,173.6182,-0.7503874,-0.6059834,-0.2130702,-0.155898
41642,1.344958,-0.2685428,-1.703506,0.0305679,0.02746596,-0.02343713,9.122234,0,-1.479669,22.875,0.25,-10.375,37.20652,-77.50409,173.2905,-0.7495334,-0.6067873,-0.2136445,-0.1560931
41654,1.345429,-0.2680913,-1.703922,0.03574494,0.03429344,-0.03158892,9.012096,0.03352002,-1.407841,20,-0.875,-9.875,37.59087,-77.61059,172.9293,-0.7487717,-0.6076117,-0.2140157,-0.1560331
41665,1.345955,-0.2675661,-1.704431,0.04083687,0.04073047,-0.03944628,9.021674,0.06225147,-1.403052,18.75,-2.125,-9.75,37.96851,-77.69628,172.5573,-0.7481413,-0.6083335,-0.2143224,-0.1558235
41678,1.346645,-0.2668809,-1.705124,0.04696202,0.04661823,-0.04721092,9.093503,0.1771773,-1.436572,24.375,-3,-11.125,38.57327,-77.76855,172.0416,-0.7473466,-0.6089321,-0.2153687,-0.1558558
41690,1.347348,-0.2661994,-1.70583,0.05282484,0.05123344,-0.05304032,9.179697,0.2537944,-1.450938,34.375,-3.375,-12.125,39.22733,-77.82243,171.6012,-0.7464436,-0.6092086,-0.2171687,-0.1566036
41701,1.348096,-0.2654624,-1.706576,0.05740676,0.05656973,-0.0572819,9.285046,0.1676001,-1.508401,40.25,-3.25,-11.75,39.76947,-77.87109,171.3462,-0.7455193,-0.6092535,-0.219229,-0.1579555
41713,1.348883,-0.2646409,-1.707358,0.06051844,0.06316168,-0.06007168,9.390394,0.03352002,-1.565864,40.375,-2.375,-10.75,40.15141,-77.92827,171.2537,-0.7446297,-0.6092576,-0.2210859,-0.1595392
41724,1.349711,-0.2637295,-1.708164,0.06391646,0.07033315,-0.06225285,9.447857,0.009577149,-1.517978,37.75,-1.375,-9.75,40.46888,-78.00763,171.1896,-0.7437107,-0.6094305,-0.2226185,-0.1610278
41736,1.350599,-0.2627248,-1.709008,0.06805193,0.07706021,-0.06472233,9.433492,0.07182861,-1.470092,35.5,-0.625,-8.5,40.76943,-78.10309,171.112,-0.7427616,-0.6097485,-0.2239266,-0.1623849
41747,1.351535,-0.2616459,-1.70988,0.07198096,0.08290755,-0.06700724,9.43828,0.1197144,-1.503612,32.625,-0.25,-6.125,40.95647,-78.19934,171.1062,-0.7419268,-0.6100885,-0.2248758,-0.1636081
41759,1.352522,-0.2605016,-1.710776,0.07568669,0.0878307,-0.06878576,9.467011,0.1676001,-1.54671,27.75,0.375,-3.125,40.99204,-78.30026,171.1839,-0.7412448,-0.6105081,-0.2252769,-0.1645796
41770,1.353554,-0.259321,-1.711684,0.08008268,0.09159876,-0.07042525,9.476588,0.2633716,-1.527555,26,1.375,-0.375,40.93768,-78.41663,171.3229,-0.7405735,-0.6110311,-0.225386,-0.1655088
41782,1.354678,-0.2580772,-1.712624,0.08584865,0.09499441,-0.07176971,9.514897,0.3352002,-1.446149,32.125,1.875,1,40.86274,-78.55257,171.5609,-0.7396985,-0.6115101,-0.2258458,-0.1670187
41793,1.355883,-0.2567913,-1.71355,0.09289373,0.09908199,-0.07135639,9.67292,0.3352002,-1.336012,44.625,1.625,0.5,40.83113,-78.69962,171.9166,-0.7385035,-0.611761,-0.2271906,-0.169545
41804,1.357196,-0.2554384,-1.714434,0.101312,0.1043908,-0.06825304,9.90756,0.3064688,-1.216298,63.5,0.125,-1.5,40.90969,-78.84274,172.4087,-0.7368922,-0.6115454,-0.2299851,-0.1735192
41816,1.358623,-0.2539808,-1.715253,0.1100277,0.1123894,-0.06310162,10.09431,0.1340801,-1.096583,77,-2.625,-2.875,40.94481,-78.96857,173.1231,-0.7350897,-0.6108235,-0.2337272,-0.1786318
41827,1.360183,-0.252354,-1.715982,0.1194074,0.1245746,-0.05581258,10.30022,-0.1197144,-0.8954634,77,-6.375,-1.875,40.72128,-79.0809,174.1025,-0.7334309,-0.6098596,-0.2372547,-0.1840125
41839,1.361915,-0.2505555,-1.716593,0.1323527,0.1373748,-0.04668097,10.48219,-0.0191543,-0.6656118,69,-11.75,0.75,40.38748,-79.15629,175.0835,-0.7321465,-0.6088274,-0.2401692,-0.1887051
41850,1.363958,-0.2485444,-1.717094,0.1512737,0.1489144,-0.03708082,10.53965,0.3064688,-0.4118174,68.125,-19.75,3.25,40.10217,-79.15946,176.0158,-0.7311787,-0.6073558,-0.2432881,-0.1931519
41862,1.366082,-0.2465681,-1.717435,0.1722904,0.1603107,-0.02771105,10.64021,0.4213945,-0.158023,78.125,-28.25,3.75,39.88668,-79.08999,176.9425,-0.7304164,-0.6053064,-0.2469629,-0.1977512
41873,1.368651,-0.2442699,-1.717649,0.1956362,0.1750238,-0.01627197,10.78387,0.3016802,-0.04309717,89.75,-36.75,2.875,39.6393,-78.9221,178.1028,-0.7297919,-0.6021582,-0.2518392,-0.2034366
41885,1.371502,-0.2417285,-1.717722,0.216516,0.192985,-0.005585213,10.72641,-0.0191543,-0.08619434,96.5,-44.625,0.625,39.35743,-78.64799,179.3966,-0.7295083,-0.5980572,-0.2573523,-0.2095589
41897,1.374858,-0.2386709,-1.717668,0.2376387,0.21654,0.003868497,10.61148,-0.3208345,0,95,-50.375,-2.5,39.12688,-78.29211,-179.2988,-0.7294615,-0.5932549,-0.2633246,-0.2158583
41909,1.378397,-0.2353273,-1.717512,0.2577,0.2434735,0.01133058,10.5205,-0.5746289,0.1197144,80.625,-55.625,-4.5,38.9352,-77.8997,-178.2515,-0.7299537,-0.5886768,-0.2681993,-0.2206727
41921,1.381973,-0.231803,-1.717322,0.2761081,0.2720788,0.01471102,10.27149,-0.7949033,0.2442173,57,-59.375,-5.25,38.71009,-77.50703,-177.5188,-0.7311073,-0.584859,-0.2711837,-0.2233416
41932,1.38584,-0.2278975,-1.71715,0.297956,0.3009113,0.01324415,9.955446,-0.6320918,0.4597031,32,-62.75,-6,38.66319,-77.11324,-177.287,-0.7328115,-0.5818529,-0.2727174,-0.2237404
41943,1.390044,-0.2236944,-1.717061,0.3262699,0.3262486,0.006891505,9.644189,-0.07661719,0.6895547,26.5,-66.75,-10.75,39.24569,-76.72331,-177.7578,-0.7343514,-0.5793155,-0.2747126,-0.2228331
41955,1.394854,-0.2190289,-1.717107,0.3601942,0.3493746,-0.003469287,9.399971,0.3926631,0.775749,58.125,-71.5,-22.375,40.78466,-76.28658,-178.7491,-0.7347863,-0.5758967,-0.2803456,-0.2232455
41966,1.399826,-0.2142649,-1.717311,0.3897845,0.3734708,-0.01599247,9.189274,0.2154858,0.6895547,95.75,-74.875,-35.125,42.7257,-75.82331,-179.6651,-0.7340944,-0.571386,-0.2890676,-0.2259723
41978,1.405194,-0.2090111,-1.717704,0.4125895,0.4037949,-0.03016764,9.064771,-0.4118174,0.5363203,101.625,-75.625,-41.75,44.53909,-75.32321,179.6666,-0.7332565,-0.566294,-0.2983544,-0.2294137
41989,1.410896,-0.2032284,-1.718307,0.431612,0.4377525,-0.04567097,8.978577,-0.7374405,0.4357603,64.25,-73.25,-40.125,45.98998,-74.83851,178.8898,-0.733367,-0.5623385,-0.3048252,-0.2302821
42001,1.416695,-0.1972368,-1.719099,0.4534162,0.4684574,-0.06192745,8.906748,-0.3735088,0.4644917,22.5,-69.875,-35.875,47.31951,-74.4241,177.6646,-0.7342553,-0.5603307,-0.3082452,-0.2277796
42012,1.422937,-0.1908166,-1.720124,0.4814292,0.4951618,-0.0790259,8.878016,0.2537944,0.5028003,-0.375,-66.75,-33.5,48.83126,-74.04843,175.9425,-0.7353384,-0.5596416,-0.3103958,-0.2230094
42024,1.42982,-0.183936,-1.72141,0.5168844,0.5167152,-0.09655613,8.873228,1.005601,0.5028003,5.625,-63.875,-34.25,50.74742,-73.68216,173.8712,-0.7358,-0.5593143,-0.3134939,-0.2179167
42035,1.436851,-0.1772474,-1.722835,0.5585284,0.5313068,-0.1131893,8.863651,1.896275,0.5937832,41.75,-60.875,-38,53.07929,-73.34824,171.831,-0.7347162,-0.5584953,-0.3193983,-0.2150811
42047,1.444909,-0.1701545,-1.724553,0.6146572,0.54107,-0.1310492,8.849285,3.050322,0.8954634,123.625,-60.125,-46.375,56.33361,-72.97926,169.9397,-0.7306401,-0.5555094,-0.3320754,-0.2174865
42058,1.453848,-0.1628165,-1.726535,0.6746085,0.5537636,-0.1496449,8.839708,3.313694,1.034332,229.375,-62.375,-58.875,60.1278,-72.54015,168.938,-0.7230884,-0.548549,-0.3526678,-0.2277335
42070,1.463123,-0.1553812,-1.72869,0.7204831,0.5775895,-0.1673398,8.916326,2.255419,0.8763091,329.25,-64.125,-72.875,63.76734,-72.08555,169.345,-0.7124718,-0.5371106,-0.3788544,-0.2456941
42081,1.472659,-0.1475682,-1.731041,0.7464684,0.611585,-0.1840829,8.983365,0.7518061,0.4980117,360.375,-61.875,-80,66.88678,-71.67233,170.694,-0.7004132,-0.5231674,-0.4056813,-0.2667207
42092,1.482598,-0.1390338,-1.733634,0.7575951,0.6505402,-0.1976496,9.194062,-0.2490059,0.03352002,333.5,-55.625,-82.25,69.69595,-71.31277,172.1627,-0.6880217,-0.5089983,-0.4305005,-0.2867337
42104,1.492607,-0.1301045,-1.736323,0.7675862,0.6847591,-0.2062192,9.43828,-0.009577149,-0.4357603,290.5,-47.875,-82.25,72.625,-71.007,172.9294,-0.6759434,-0.4968067,-0.4523154,-0.3028109
42116,1.503538,-0.1201506,-1.73929,0.7854956,0.7152905,-0.2131976,9.486166,0.8044805,-0.708709,262.25,-39.25,-83,76.18468,-70.75267,172.9074,-0.662572,-0.4858816,-0.4738781,-0.3167919
42128,1.513987,-0.1105124,-1.74218,0.8046655,0.7421999,-0.2225589,9.232371,1.168412,-0.7374405,252.875,-32,-83.875,79.70891,-70.59399,172.5582,-0.6492611,-0.4765818,-0.4931437,-0.328845
42139,1.524771,-0.1004217,-1.745276,0.8224794,0.7696359,-0.2360931,8.916326,1.187566,-0.6943433,240.5,-25.875,-82.875,83.25471,-70.51173,172.054,-0.6354805,-0.4680143,-0.5112438,-0.3402309
42150,1.535611,-0.09011821,-1.748492,0.8371139,0.7956942,-0.2483758,8.940269,1.130104,-0.8810977,228,-20,-83,86.72741,-70.46888,171.4281,-0.6217641,-0.4601696,-0.5279219,-0.3506451
42163,1.547196,-0.07890084,-1.752007,0.8462759,0.8193848,-0.256746,9.141388,0.8810977,-1.359955,218.875,-13.25,-86.125,90.37743,-70.42842,170.6824,-0.6071255,-0.4521313,-0.5446841,-0.3609644
42174,1.558587,-0.06772606,-1.755512,0.8531097,0.8369367,-0.2625101,9.160542,0.9098291,-1.834024,196.25,-3.75,-85.875,93.93909,-70.42288,169.6561,-0.5932555,-0.4456979,-0.5593413,-0.3695115
42186,1.569787,-0.05673011,-1.758986,0.8644812,0.8487147,-0.268187,8.992943,1.422207,-2.174013,170.625,6.25,-81.125,97.46046,-70.45924,168.2446,-0.5803637,-0.4413679,-0.5717596,-0.3761163
42197,1.581189,-0.04559919,-1.762526,0.8802795,0.8593319,-0.2732687,8.969,1.88191,-2.245841,159.25,14.25,-76,101.0211,-70.55207,166.6278,-0.567526,-0.4381203,-0.5829887,-0.3822159
42209,1.592764,-0.03427255,-1.766121,0.8897793,0.8706769,-0.2763207,9.155754,1.503612,-2.25063,155.375,18.75,-73.75,104.3719,-70.69696,165.1878,-0.5548176,-0.4348086,-0.5932682,-0.3887826
42220,1.604309,-0.02283039,-1.769754,0.8862526,0.8784093,-0.278948,9.189274,0.584206,-2.494847,139.5,22,-74.75,107.3718,-70.85281,163.9246,-0.543138,-0.4317161,-0.6021513,-0.3950139
42231,1.615713,-0.0113595,-1.773438,0.8773684,0.882512,-0.2834029,9.026463,0.2346401,-2.648082,103.375,25.875,-76.25,110.295,-71.00819,162.2809,-0.5330652,-0.4308134,-0.6089653,-0.3992525
42243,1.627086,0.0001890492,-1.777258,0.8710008,0.8844042,-0.2925336,8.629011,0.4884346,-2.643293,55,28.375,-72,113.2014,-71.14642,160.0161,-0.5252153,-0.4331967,-0.6131849,-0.4006169
42254,1.638254,0.01157005,-1.781218,0.8668488,0.8834119,-0.3073519,8.12621,0.7039204,-2.662447,-1.75,29.875,-63,115.8175,-71.25845,157.2821,-0.5205619,-0.4390472,-0.6141675,-0.3988121
42266,1.649537,0.0230775,-1.785451,0.8637947,0.8809872,-0.3240772,7.968188,0.900252,-2.662447,-43.625,30.375,-56.125,118.2727,-71.34676,154.1459,-0.5181589,-0.4475763,-0.6127191,-0.3946673
42277,1.660774,0.0345059,-1.789866,0.8630928,0.8777574,-0.3391525,8.044805,1.240241,-2.681602,-75,30.125,-51.125,120.6311,-71.39157,150.6863,-0.5173587,-0.4580747,-0.6094748,-0.3886491
42289,1.671944,0.04582508,-1.794412,0.8623595,0.8739331,-0.3509581,8.269868,1.431784,-2.705544,-96,30,-47.5,122.8526,-71.40741,147.0918,-0.517655,-0.4696906,-0.6048735,-0.3815131
42300,1.683072,0.05706273,-1.799059,0.8611991,0.8696526,-0.3596523,8.494931,1.604172,-2.705544,-109.25,29.875,-45.875,124.9969,-71.38786,143.405,-0.5185424,-0.4819632,-0.5993628,-0.3736169
42312,1.694342,0.06840372,-1.803879,0.8587244,0.864141,-0.3672282,8.581125,1.695155,-2.71991,-111.375,29,-46.875,127.1125,-71.30289,139.6993,-0.5194842,-0.4943016,-0.5936139,-0.3652733
42323,1.70547,0.0796026,-1.808792,0.8514477,0.8569037,-0.3759136,8.538028,1.484458,-2.767796,-114.75,28.375,-47.5,129.0064,-71.18245,136.189,-0.5207568,-0.5062752,-0.5875328,-0.3567953
42335,1.716822,0.09100878,-1.814005,0.8415208,0.8455285,-0.3864556,8.394371,1.474881,-2.949762,-131.75,29.125,-44.25,130.6879,-71.03531,132.6147,-0.523092,-0.5191746,-0.5799938,-0.3470441
42346,1.727139,0.1012957,-1.818933,0.8330132,0.8305298,-0.397841,8.164519,1.690367,-3.179613,-147.75,30.75,-38.625,131.997,-70.88243,129.3702,-0.5260774,-0.5314603,-0.5719408,-0.3371591
42357,1.737934,0.111904,-1.824314,0.8246009,0.8103462,-0.4110936,7.987342,1.929795,-3.371156,-153.625,33.25,-32.5,133.1868,-70.72506,126.0596,-0.5296077,-0.5443237,-0.5627335,-0.3264329
42369,1.748515,0.1221213,-1.829784,0.8158963,0.7878857,-0.421821,8.12621,2.154858,-3.486082,-152.75,36.125,-26.125,134.2397,-70.61381,122.9189,-0.5331438,-0.5566292,-0.5531299,-0.3161788
42381,1.760115,0.1329971,-1.835912,0.8104486,0.7598577,-0.428144,8.375216,2.758219,-3.553122,-143.5,39.875,-16.875,135.3917,-70.54549,119.5876,-0.5365721,-0.569422,-0.542508,-0.3058335
42394,1.77127,0.1430275,-1.841861,0.8113673,0.7295358,-0.432664,8.322542,3.404676,-3.538756,-105.5,43.875,-12,136.6124,-70.46206,116.7971,-0.5380422,-0.5793297,-0.5346931,-0.2983138
42405,1.78177,0.1520539,-1.847467,0.8154248,0.7010228,-0.435406,8.370428,3.759031,-3.390311,-41.625,47.75,-14.25,137.9803,-70.3357,114.7913,-0.5366206,-0.5851573,-0.5315916,-0.2950249
42416,1.792455,0.1609068,-1.853188,0.817587,0.6773982,-0.437725,8.533239,3.567488,-3.012013,35.25,50.125,-21.625,139.6156,-70.17731,113.5249,-0.5319483,-0.5868937,-0.5335809,-0.2964427
42428,1.802925,0.1693694,-1.858887,0.8143509,0.6582102,-0.4432468,8.475777,3.035956,-2.791739,87.125,50.875,-28.5,141.2836,-70.01445,112.9,-0.5253989,-0.5855633,-0.5389379,-0.3010274
42439,1.813571,0.1777981,-1.864877,0.8095216,0.6409188,-0.4555059,8.073536,2.724699,-2.590619,121.625,51.125,-34.125,143.0437,-69.8086,112.6695,-0.5171797,-0.5821226,-0.5468452,-0.3076018
42451,1.824011,0.185918,-1.870977,0.8046919,0.6258614,-0.4701818,7.920302,2.614562,-2.427807,140,49.875,-36.5,144.7825,-69.59023,112.6775,-0.5082483,-0.5775311,-0.5557963,-0.3150112
42462,1.834351,0.193879,-1.877271,0.7962415,0.6130441,-0.484634,8.054382,2.312881,-2.336824,149.75,47,-37.875,146.4159,-69.4059,112.917,-0.4991195,-0.5719711,-0.5651231,-0.3230554
42474,1.844505,0.2016634,-1.883733,0.7846798,0.6015722,-0.4993799,8.12621,2.039933,-2.28415,142.5,44.375,-35.875,147.896,-69.28788,113.205,-0.4906343,-0.5664272,-0.5735465,-0.3308818
42485,1.85463,0.2094081,-1.890465,0.7732961,0.591469,-0.5141467,8.159731,2.030355,-2.159647,122.625,41.5,-29.25,149.2527,-69.24981,113.3616,-0.4832446,-0.5617172,-0.5802752,-0.3379779
42497,1.864557,0.2169744,-1.897263,0.7647539,0.5828779,-0.5236931,8.490142,2.327247,-2.063875,105.875,37.75,-22,150.48,-69.26175,113.3945,-0.4769361,-0.557884,-0.585518,-0.3441889
42508,1.874465,0.2244802,-1.904116,0.7575989,0.5739243,-0.5240204,9.127023,2.633716,-2.164436,100.375,34.25,-13.5,151.5184,-69.34344,113.5348,-0.4714109,-0.5539249,-0.590087,-0.3503377
42519,1.884064,0.2316778,-1.91072,0.7478486,0.5607809,-0.5145284,9.869251,2.638505,-2.624139,98.375,34,-4.625,152.28,-69.53625,113.9034,-0.4668775,-0.5494438,-0.5940174,-0.3567638
42531,1.893625,0.2387799,-1.917248,0.7324065,0.5440525,-0.5000991,10.32895,2.269784,-2.944973,89.875,37.75,4,152.9222,-69.89906,114.307,-0.4632853,-0.5448878,-0.5967409,-0.3638193
42542,1.902954,0.2456706,-1.92357,0.7134375,0.5269744,-0.4834325,10.6019,1.958527,-2.959339,68.375,42.875,12.75,153.5834,-70.43237,114.414,-0.4609855,-0.5415404,-0.5972504,-0.3708346
42554,1.912102,0.2524135,-1.929754,0.69139,0.509588,-0.4674116,10.645,1.618538,-2.892299,38.5,46.125,20,154.242,-71.10847,114.136,-0.4603615,-0.5399434,-0.5952011,-0.3771793
42565,1.920511,0.2585813,-1.935501,0.667393,0.4895465,-0.4560694,10.41994,1.197144,-3.050322,-5.125,48.875,27.75,154.7347,-71.87029,113.4595,-0.4622088,-0.5407405,-0.5901707,-0.3816561
42577,1.928864,0.264688,-1.941378,0.6368855,0.4655967,-0.4481469,10.26191,0.6273032,-3.170036,-75.125,51.875,35.875,155.1212,-72.81334,111.9686,-0.4679277,-0.5456358,-0.5799258,-0.3834206
42588,1.936867,0.2705342,-1.947205,0.6046647,0.4417175,-0.4402213,10.32417,0.4692803,-3.045533,-153,54.25,43.5,155.6127,-73.87009,109.328,-0.4774333,-0.555411,-0.5639439,-0.3815015
42600,1.944782,0.2762587,-1.953132,0.5752865,0.4160571,-0.4307745,10.36726,0.7709605,-2.944973,-224,55.375,51.125,156.3446,-75.00137,105.3789,-0.490498,-0.5699097,-0.5419671,-0.3753485
42612,1.951898,0.2812628,-1.95855,0.5497612,0.3866319,-0.418648,10.57317,1.072641,-3.184402,-280.125,57.625,59.25,157.2509,-76.08904,100.7238,-0.5050303,-0.5861261,-0.5170221,-0.3661813
42624,1.958879,0.2859035,-1.963925,0.5249656,0.348946,-0.4041418,10.70246,1.403052,-3.519602,-320.625,63.5,65.875,158.7093,-77.20577,94.88986,-0.5210358,-0.6043246,-0.4878114,-0.3540529
42635,1.965331,0.2898531,-1.968922,0.5048724,0.3090482,-0.3910452,10.61627,1.838813,-3.481293,-326.125,70,65.625,160.9996,-78.15673,88.33494,-0.5352493,-0.6216912,-0.4588318,-0.3412943
42647,1.971986,0.2934295,-1.974072,0.4869352,0.2616977,-0.37682,10.62585,2.308093,-3.442985,-287.75,74,56.5,164.2496,-78.89069,81.05463,-0.5471215,-0.6380012,-0.4309036,-0.3285342
42659,1.978332,0.2962815,-1.979014,0.4682497,0.210446,-0.3646307,10.53965,2.45175,-3.533968,-216.5,75.375,41.375,167.6425,-79.30019,74.63033,-0.5547753,-0.6504316,-0.4094139,-0.3186587
42670,1.984084,0.2983613,-1.983555,0.4502191,0.1627798,-0.3554366,10.41036,2.432596,-3.347214,-132,74.25,22.75,170.5558,-79.38997,69.92861,-0.5579445,-0.6585672,-0.3963625,-0.3128642
42681,1.989632,0.2998907,-1.988052,0.4281937,0.1180479,-0.3471092,10.41994,2.068664,-3.150882,-30.875,70,-0.25,172.7414,-79.22414,67.22181,-0.5569212,-0.6626385,-0.3919758,-0.3116152
42693,1.994869,0.3008932,-1.992582,0.3964049,0.07588089,-0.3429,10.25713,1.288126,-3.237076,34.375,67,-16.75,174.2886,-78.96408,65.99319,-0.5535566,-0.6637789,-0.3932365,-0.3135886
42704,1.999521,0.3013895,-1.996983,0.3621104,0.03863269,-0.3425733,10.04164,0.8571548,-3.083842,71.75,66.25,-25.5,175.5828,-78.66218,65.48241,-0.5488294,-0.6633322,-0.3974866,-0.3174604
42716,2.00381,0.3014401,-2.001369,0.3303374,0.003896475,-0.3376969,10.35769,0.9960235,-2.705544,109,64,-34,176.712,-78.23841,65.61958,-0.5421277,-0.6616091,-0.4050008,-0.3230253
42727,2.007753,0.3010803,-2.005678,0.2979688,-0.02719022,-0.3256985,10.88922,0.9433491,-2.336824,165.125,57.375,-45.75,177.4634,-77.70223,66.88406,-0.5328172,-0.6573396,-0.4174882,-0.3312315
42739,2.011107,0.3004316,-2.009656,0.2638946,-0.05104703,-0.3130206,11.03766,0.5554746,-1.972893,210.125,48.625,-56,177.8441,-77.15736,68.99377,-0.5221736,-0.6508175,-0.4330074,-0.3409927
42750,2.014067,0.2995161,-2.013576,0.2272955,-0.07028832,-0.3009405,11.00414,0.2825259,-1.637692,234.875,37.25,-61.25,177.8835,-76.62329,71.81158,-0.5105523,-0.6421589,-0.4508093,-0.351766
42762,2.01653,0.29836,-2.017394,0.188993,-0.0887253,-0.2929998,10.72641,0.07182861,-1.637692,235.125,27.25,-59.5,177.6157,-76.19122,74.93446,-0.4995483,-0.6323023,-0.4684355,-0.3622341
42773,2.018423,0.2968781,-2.021265,0.1434847,-0.1123491,-0.2935134,10.21403,-0.4932232,-2.178801,204.75,22,-50.625,177.0978,-75.98523,77.95154,-0.4909435,-0.6222792,-0.4834245,-0.3715427
42784,2.019598,0.2951159,-2.025106,0.09256341,-0.1388046,-0.3025609,9.687285,-1.187566,-2.61935,142.375,24.75,-37.125,176.778,-76.05389,79.90528,-0.4862694,-0.6147302,-0.4923624,-0.3784552
42796,2.020071,0.2929427,-2.029258,0.03608981,-0.1657832,-0.3167509,9.390394,-1.642481,-2.662447,52.25,31.75,-20,177.0214,-76.39568,80.18679,-0.486052,-0.6113431,-0.4936685,-0.3824975
42808,2.019832,0.2904493,-2.03359,-0.0182488,-0.1901917,-0.3303784,9.385606,-1.58023,-2.437384,-62.5,40.375,1.75,178.1403,-76.97672,78.10267,-0.4912489,-0.6141405,-0.4852276,-0.3821782
42819,2.018965,0.2875796,-2.038176,-0.06444936,-0.2134365,-0.3411331,9.457435,-0.933772,-2.126127,-160.875,46.625,22.375,-179.7973,-77.69238,73.73611,-0.5009701,-0.6224144,-0.4681666,-0.3774247
42830,2.017778,0.2846967,-2.042501,-0.09602156,-0.2330949,-0.3497002,9.380817,-0.1676001,-1.704732,-234.875,48.875,41.875,-177.0494,-78.39943,67.95572,-0.512785,-0.6333211,-0.4464472,-0.3696497
42842,2.016153,0.281414,-2.047256,-0.1237482,-0.2499958,-0.3621087,9.050406,0.0191543,-1.240241,-274.5,46.875,54.125,-173.2199,-79.16569,60.38168,-0.5268793,-0.6460485,-0.4194628,-0.359264
42853,2.014247,0.2779568,-2.052169,-0.1470125,-0.2667382,-0.3790082,8.648165,0.1723887,-1.101372,-301.875,43.25,62.375,-168.7594,-79.8844,51.86821,-0.5417484,-0.658672,-0.3902357,-0.3469523
42865,2.011837,0.2737752,-2.057873,-0.1688945,-0.2929726,-0.3997026,8.494931,0.584206,-1.407841,-317,41.875,68.75,-163.3757,-80.57106,41.8146,-0.5583255,-0.6717625,-0.3566837,-0.3313377
42878,2.009246,0.2692704,-2.063648,-0.1874507,-0.325962,-0.4177969,8.652954,1.029544,-1.652058,-317.125,43.5,73.625,-157.5853,-81.06343,31.50656,-0.5734263,-0.6832569,-0.3239787,-0.3152462
42889,2.006649,0.2646247,-2.06922,-0.201326,-0.3601634,-0.4320304,8.858863,1.398264,-1.561075,-287.625,44.5,71,-152.23,-81.29396,22.30818,-0.5851946,-0.6924139,-0.295853,-0.3009673
42901,2.003896,0.2594701,-2.075016,-0.2117896,-0.396475,-0.4457657,8.901959,1.68079,-1.369532,-233.625,42.875,61.125,-147.8812,-81.33705,14.77338,-0.5940766,-0.6996663,-0.2724915,-0.2885976
42912,2.001064,0.253905,-2.080934,-0.2201509,-0.4325799,-0.4599977,8.849285,1.790927,-1.187566,-167,39,46.25,-145.156,-81.28719,9.733207,-0.5999575,-0.7048126,-0.255735,-0.2790872
42924,1.998079,0.2477407,-2.087143,-0.2273339,-0.4694818,-0.4729313,8.964211,1.867544,-1.039121,-90.625,34.375,31.25,-143.921,-81.21524,7.119699,-0.6030881,-0.707958,-0.2459911,-0.2730727
42935,1.995084,0.2411562,-2.093364,-0.2308242,-0.5075946,-0.4795557,9.409549,2.174013,-0.8236348,-24.5,28.875,17.875,-144.1408,-81.14639,6.822306,-0.6038217,-0.7094933,-0.2428759,-0.2702407
42947,1.992111,0.234046,-2.099615,-0.2279433,-0.545088,-0.4792522,9.864463,2.490059,-0.3543545,35.625,18.875,13.125,-145.0036,-81.12232,7.945132,-0.6028538,-0.7092718,-0.245244,-0.2708431
42958,1.989174,0.2266179,-2.105794,-0.2271165,-0.5743091,-0.4777302,9.921926,1.939373,-0.08140577,68.5,6.625,14.625,-145.3229,-81.23169,8.941272,-0.6018791,-0.7072718,-0.2498955,-0.2739716
42970,1.986107,0.2188866,-2.112065,-0.235043,-0.5925282,-0.4805942,9.601091,0.8044805,-0.07661719,58,-5.875,22.25,-144.0776,-81.5425,8.234686,-0.6028438,-0.704097,-0.2525856,-0.277538
42981,1.982862,0.2110212,-2.118433,-0.2494573,-0.6047043,-0.4895573,9.155754,0.03352002,-0.2442173,-0.75,-12.875,35.875,-140.7689,-81.98935,4.701522,-0.6070066,-0.7013374,-0.2491966,-0.2785137
42992,1.979406,0.2029441,-2.124979,-0.2647043,-0.6186057,-0.5013375,8.959422,-0.02394287,-0.4740689,-86.75,-15,53.5,-135.3161,-82.45525,-2.085019,-0.6146787,-0.7000815,-0.23783,-0.2747597
43004,1.975909,0.1947528,-2.131537,-0.2727133,-0.6387485,-0.5113779,9.079137,0.6129375,-0.4453374,-138.375,-15.125,63.875,-129.2109,-82.79889,-10.14845,-0.6235172,-0.7000659,-0.2225542,-0.2675887
43015,1.972332,0.1860007,-2.138353,-0.2721897,-0.6661623,-0.5188246,9.3042,1.340801,-0.2681602,-140.25,-17,63.875,-123.4899,-83.05235,-17.89568,-0.6319861,-0.7002389,-0.2074571,-0.2592692
43027,1.968829,0.1769331,-2.1452,-0.2690096,-0.6961725,-0.5257126,9.361663,1.565864,-0.2633716,-111.125,-19.625,57.5,-118.4221,-83.28268,-24.59871,-0.6392018,-0.6997088,-0.1955613,-0.2521596
43038,1.965335,0.1674049,-2.152225,-0.2657593,-0.724849,-0.5344331,9.222795,1.422207,-0.2442173,-72.25,-21.5,48.625,-113.7939,-83.50958,-30.37663,-0.6451113,-0.698377,-0.1872749,-0.247041
43050,1.961977,0.1579017,-2.159131,-0.264456,-0.7483479,-0.5437785,9.127023,1.029544,-0.2298516,-45.375,-22.5,40.5,-109.4472,-83.7095,-35.50333,-0.6499385,-0.6966056,-0.1816055,-0.2435981
43061,1.958491,0.147828,-2.166358,-0.2661657,-0.7692732,-0.5518697,9.227583,0.641669,-0.3304116,-36.125,-22.75,33.875,-104.8711,-83.89581,-40.77204,-0.6546254,-0.6945828,-0.1766359,-0.2404582
43073,1.954984,0.1375353,-2.173594,-0.2696321,-0.7913185,-0.5563028,9.514897,0.5985718,-0.5411089,-39.5,-21.5,28.375,-100.5204,-84.08553,-45.86155,-0.6592446,-0.6927415,-0.1718033,-0.2366208
43084,1.951211,0.1260588,-2.181424,-0.2695478,-0.8198146,-0.5593552,9.663342,1.019966,-0.5554746,-34.625,-20,22.375,-96.81023,-84.34251,-50.30149,-0.6635796,-0.6911348,-0.1678625,-0.2319852
43096,1.947824,0.1150883,-2.188717,-0.2619403,-0.8483859,-0.5639939,9.529263,1.513189,-0.2202744,-10,-20.875,15.25,-94.60004,-84.65974,-52.86772,-0.6663321,-0.6897984,-0.1670641,-0.2286251
43108,1.94457,0.1036123,-2.196228,-0.2482187,-0.8753566,-0.5729395,9.184485,1.690367,0.1723887,18.75,-25.25,10.5,-92.83829,-85.0416,-54.61185,-0.6681205,-0.6881514,-0.1690784,-0.2268812
43119,1.941559,0.09196311,-2.203809,-0.2319288,-0.8974069,-0.5840394,8.978577,1.54671,0.4644917,37.5,-32.25,9.875,-90.36776,-85.42153,-56.81894,-0.6696211,-0.6859244,-0.1725222,-0.2266086
43131,1.938608,0.07946975,-2.211918,-0.2162808,-0.9157345,-0.5943679,9.050406,1.201932,0.4884346,35.375,-39.25,13.125,-85.61977,-85.75684,-61.31837,-0.6719047,-0.6829246,-0.1754667,-0.2266486
43143,1.935876,0.06707723,-2.219924,-0.2051057,-0.9301597,-0.6009004,9.299411,0.7901148,0.292103,14.25,-43.75,18.75,-78.35841,-85.94614,-68.6198,-0.6754023,-0.6796483,-0.175913,-0.2257534
43154,1.933303,0.0547898,-2.227786,-0.1974497,-0.9430113,-0.6033744,9.591515,0.5219546,0.04788574,-23.25,-45.5,25.375,-69.61575,-85.9443,-77.89188,-0.6802511,-0.67664,-0.1727446,-0.2226568
43166,1.93085,0.04236479,-2.235627,-0.1889627,-0.9570212,-0.6039772,9.744749,0.5889946,-0.03352002,-55.125,-45.625,29.125,-61.13609,-85.8074,-87.3142,-0.6858775,-0.6741622,-0.1669105,-0.2172977
43177,1.928557,0.0297272,-2.243515,-0.1767282,-0.9742208,-0.6080083,9.510109,0.9433491,0.009577149,-68.625,-45.25,29,-53.70795,-85.64198,-95.8611,-0.6914946,-0.6721576,-0.1603594,-0.2105335
43189,1.926445,0.01676575,-2.251567,-0.1618365,-0.9929857,-0.6169322,9.155754,1.158835,0.06225147,-56.25,-44.5,24.125,-47.07269,-85.51053,-103.4628,-0.6964213,-0.67025,-0.1552716,-0.204091
43200,1.924537,0.003635263,-2.259714,-0.1469831,-1.011828,-0.6277935,9.00252,1.197144,-0.004788574,-25.625,-42.875,15.375,-40.73817,-85.44263,-110.3638,-0.7002501,-0.6681483,-0.1532146,-0.1993812
43212,1.922806,-0.009790751,-2.268045,-0.1328585,-1.030155,-0.6392497,8.949845,1.163624,-0.1053486,11.25,-40.125,5.125,-34.30757,-85.44572,-116.8848,-0.7028779,-0.6658005,-0.1546462,-0.1968675
43223,1.921236,-0.02356229,-2.276616,-0.1192081,-1.046151,-0.6510911,8.911537,1.024755,-0.1245029,49,-36.5,-5.375,-27.71682,-85.5166,-123.0714,-0.7041816,-0.6632814,-0.159552,-0.196798
43235,1.919897,-0.03708496,-2.285067,-0.1048798,-1.059023,-0.6618092,8.964211,0.9385605,-0.01436572,70,-33.5,-11.125,-21.45258,-85.61344,-128.6756,-0.7045017,-0.6609306,-0.1660613,-0.1981712
43246,1.918747,-0.05104407,-2.293825,-0.08815736,-1.070156,-0.6714064,9.06956,0.9385605,0.1388687,75.5,-31.875,-12,-15.34893,-85.70098,-134.034,-0.7043527,-0.6587217,-0.1730334,-0.2000814
43258,1.917825,-0.06532871,-2.302806,-0.06972572,-1.080205,-0.6791309,9.222795,0.9625034,0.2202744,70,-31.625,-9,-9.66217,-85.73102,-139.0401,-0.7042326,-0.6566147,-0.1793443,-0.2018644
43269,1.917164,-0.07907619,-2.311486,-0.05229852,-1.086672,-0.6861401,9.246737,0.7805376,0.2873144,60.625,-32,-5.375,-5.164748,-85.68562,-143.0061,-0.7043585,-0.6546866,-0.1841813,-0.2033275
43280,1.916682,-0.09335281,-2.320557,-0.03677006,-1.089652,-0.6923063,9.313777,0.4549146,0.225063,38.75,-31.875,-0.375,-1.947151,-85.54376,-145.9615,-0.7051919,-0.6528988,-0.186807,-0.2037908
43292,1.916381,-0.1080319,-2.329913,-0.0223755,-1.092437,-0.6963205,9.476588,0.3735088,0.08619434,6,-30.5,5.625,0.09470583,-85.33591,-148.1784,-0.706971,-0.6516162,-0.1863831,-0.2021132
43303,1.916292,-0.1224148,-2.339082,-0.006830396,-1.097848,-0.6998559,9.514897,0.6081489,0.03830859,-18.25,-29.25,9.625,1.636316,-85.13221,-150.2123,-0.7091985,-0.6509447,-0.1840105,-0.1986166
43315,1.916416,-0.1361269,-2.347813,0.01002443,-1.105994,-0.7042066,9.447857,0.9146177,0.03830859,-27.75,-28.625,11,3.163814,-84.96091,-152.3266,-0.7113746,-0.6506223,-0.181218,-0.1944139
43326,1.916812,-0.1510074,-2.357269,0.02974762,-1.117072,-0.7098858,9.380817,1.144469,0.03352002,-21.625,-28.25,9.25,5.205534,-84.80646,-154.9189,-0.7134079,-0.650296,-0.179002,-0.1900596
43338,1.917433,-0.165457,-2.366428,0.04848683,-1.128611,-0.7153982,9.37124,1.221087,-0.04309717,-6.875,-27.875,5.25,7.635022,-84.67292,-157.6885,-0.7149507,-0.6497694,-0.1782995,-0.1866936
43349,1.91828,-0.1801774,-2.375722,0.0655003,-1.138644,-0.7188945,9.514897,1.063064,-0.1532344,5.875,-26.75,1,10.17698,-84.53944,-160.4071,-0.7161726,-0.6490336,-0.1786697,-0.184199
43361,1.919326,-0.1951137,-2.385111,0.08027728,-1.145863,-0.7202602,9.663342,0.8044805,-0.2442173,8,-24,-2.375,12.49751,-84.41981,-162.8759,-0.7171949,-0.648411,-0.1791528,-0.1819314
43372,1.92056,-0.2101544,-2.39452,0.0946032,-1.152898,-0.7212264,9.687285,0.8092691,-0.292103,4.375,-20.75,-5.125,14.91895,-84.33757,-165.4927,-0.7180129,-0.6481583,-0.1794972,-0.1792463
43383,1.921974,-0.2251651,-2.403876,0.1092952,-1.160197,-0.7230996,9.615458,0.8954634,-0.2777373,5.125,-17.375,-8.75,17.68322,-84.30487,-168.4404,-0.7184399,-0.6482843,-0.1801519,-0.1763993
43396,1.923743,-0.2417109,-2.414182,0.1246918,-1.166761,-0.7267678,9.495743,0.8380005,-0.2681602,8.625,-14.625,-12,20.90788,-84.30029,-171.8146,-0.7185332,-0.6486527,-0.1812782,-0.1734877
43407,1.925502,-0.2566813,-2.423524,0.1376969,-1.171389,-0.730973,9.419126,0.7661719,-0.2729487,7.25,-12.125,-13.875,23.82753,-84.31277,-174.8855,-0.7184429,-0.6492176,-0.1821844,-0.1707782
43419,1.927464,-0.2719983,-2.43308,0.15068,-1.176332,-0.7339138,9.514897,0.8236348,-0.3064688,3,-10.25,-15.25,26.97889,-84.33022,-178.2462,-0.7182846,-0.6500286,-0.1828697,-0.1675969
43430,1.929593,-0.2873462,-2.442613,0.1640177,-1.182705,-0.7346156,9.677709,0.9960235,-0.3447773,4,-9,-17,30.51693,-84.33946,178.02,-0.7179788,-0.650937,-0.1838338,-0.1642948
43442,1.93191,-0.3028288,-2.452178,0.1780048,-1.189593,-0.7348725,9.70644,1.120526,-0.3208345,13.875,-8.75,-20.25,34.58332,-84.32767,173.8867,-0.7173607,-0.6517508,-0.1858305,-0.1614978
43453,1.934404,-0.3183692,-2.46176,0.1917227,-1.19468,-0.7366774,9.586726,1.058275,-0.258583,22.375,-9.25,-23,38.79129,-84.28629,169.7244,-0.7165353,-0.6524131,-0.1885675,-0.1593001
43464,1.937062,-0.333953,-2.471388,0.2041935,-1.197187,-0.739599,9.500531,0.900252,-0.2394287,20.25,-10.375,-23,42.56771,-84.21136,165.9669,-0.7158607,-0.6529855,-0.1909683,-0.1571129
43476,1.939874,-0.3496036,-2.48108,0.2153648,-1.198455,-0.7422027,9.519686,0.8236348,-0.2873144,8.125,-11.75,-20.375,45.64405,-84.10379,162.7496,-0.7156299,-0.6535777,-0.1921642,-0.1542172
43487,1.942778,-0.3650722,-2.490665,0.2253603,-1.200419,-0.7438418,9.577148,0.8858863,-0.3926631,-7.625,-12.625,-16.875,48.06577,-83.97082,159.9831,-0.7158949,-0.6542659,-0.1919367,-0.1503028
43499,1.945857,-0.3807889,-2.50039,0.2357828,-1.203698,-0.7447879,9.620246,1.034332,-0.4261831,-15.25,-13.375,-14.75,50.23079,-83.81639,157.3664,-0.7163852,-0.6550153,-0.1910557,-0.1457566
43510,1.949079,-0.3965301,-2.510095,0.2472757,-1.208075,-0.7448168,9.682497,1.201932,-0.4022402,-11.25,-14.875,-14.5,52.32224,-83.6336,154.8743,-0.7168579,-0.655592,-0.1905557,-0.1414303
43522,1.952447,-0.412358,-2.519802,0.2579705,-1.212123,-0.7433469,9.787846,1.206721,-0.4692803,-1,-16.25,-15.5,54.21167,-83.41668,152.7174,-0.7172965,-0.6557774,-0.1908747,-0.1378718
43533,1.952447,-0.412358,-2.519802,0,0,0,9.783057,1.024755,-0.5363203,5.75,-17.25,-15.75,55.62331,-83.19392,151.1311,-0.7177804,-0.655637,-0.1915271,-0.1350878
43545,1.952447,-0.412358,-2.519802,0,0,0,9.644189,0.7901148,-0.5698403,0.25,-17.375,-14,56.56253,-82.97286,149.9218,-0.7185395,-0.6554839,-0.1914009,-0.1319379
43557,1.952447,-0.412358,-2.519802,0,0,0,9.467011,0.7518061,-0.5458975,-11.25,-17.125,-11.375,57.10102,-82.79718,148.9832,-0.7194256,-0.6555869,-0.1901431,-0.128368
43569,1.952447,-0.412358,-2.519802,0,0,0,9.23716,0.8284234,-0.5363203,-20.5,-16.875,-9.125,57.52467,-82.62278,147.9984,-0.7205113,-0.6559111,-0.1879055,-0.1238374
43581,1.952447,-0.412358,-2.519802,0,0,0,9.074348,0.900252,-0.641669,-22.625,-16,-8.375,57.86094,-82.45631,147.1134,-0.7215614,-0.6562076,-0.1856655,-0.1194535
43592,1.952509,-0.4123787,-2.519911,0.00472431,-0.001586254,-0.008363425,8.992943,0.9912349,-0.7613833,-20.375,-13.75,-8.25,58.27805,-82.29136,146.1726,-0.7224952,-0.6565214,-0.1836176,-0.1151738
43604,1.952651,-0.4124433,-2.520155,0.01019826,-0.004623112,-0.01750204,8.964211,1.125315,-0.775749,-7.5,-11.125,-10.125,59.10878,-82.1184,144.9643,-0.723024,-0.6568279,-0.1826908,-0.1115245
43616,1.952859,-0.4125465,-2.520489,0.01572282,-0.007806004,-0.02518348,9.031251,1.201932,-0.775749,12.5,-9.25,-14.375,60.32536,-81.93836,143.6578,-0.723009,-0.6569221,-0.1836815,-0.1094192
43627,1.953127,-0.4126691,-2.520892,0.02103993,-0.00962769,-0.03172966,9.10308,1.158835,-0.7518061,36.375,-7.875,-18.25,61.7377,-81.75938,142.4667,-0.7225092,-0.6566998,-0.1865775,-0.1091546
43639,1.953465,-0.4127783,-2.5214,0.02596329,-0.00838274,-0.03893059,9.088714,0.9577149,-0.6943433,49.375,-7,-19.375,63.09537,-81.60396,141.5081,-0.7217377,-0.6562971,-0.1903617,-0.1101418
43650,1.953852,-0.4128241,-2.522005,0.02971018,-0.003509547,-0.04643723,9.093503,0.6895547,-0.6608232,45.5,-6.25,-17.125,64.07308,-81.50748,140.8797,-0.7210367,-0.6559901,-0.1933717,-0.1113128
43662,1.95428,-0.4127868,-2.522699,0.03300376,0.002874831,-0.05363042,9.127023,0.584206,-0.641669,30,-5.875,-13,64.68177,-81.46425,140.4158,-0.7206028,-0.6559996,-0.1947495,-0.1116645
43673,1.954753,-0.4126606,-2.523478,0.03628641,0.00968375,-0.05972343,9.218005,0.5698403,-0.6368804,10.125,-6,-7.5,64.89154,-81.46917,140.0885,-0.7205481,-0.6563722,-0.1941709,-0.1108321
43685,1.955263,-0.4124517,-2.524295,0.0392072,0.01606247,-0.06283256,9.43828,0.6081489,-0.6943433,-10.625,-6.25,-3.25,64.78436,-81.49934,139.8053,-0.7208998,-0.6570783,-0.19173,-0.1085876
43696,1.955815,-0.412188,-2.525128,0.0423254,0.0202238,-0.06389879,9.57236,0.7853262,-0.7613833,-22.125,-6.375,-1,64.60665,-81.52312,139.4389,-0.7214581,-0.6579517,-0.1883951,-0.1053804
43707,1.956404,-0.411905,-2.525971,0.04574927,0.02195398,-0.06540169,9.514897,0.967292,-0.7996919,-21.625,-6.5,-1.25,64.54876,-81.51932,138.9644,-0.7219946,-0.6587618,-0.1853228,-0.1020403
43719,1.957034,-0.4115919,-2.526877,0.04816983,0.0239365,-0.06922779,9.33772,0.9098291,-0.8427891,-16.75,-6.625,-2.5,64.48122,-81.50086,138.5572,-0.7225206,-0.659398,-0.1826437,-0.09899262
43730,1.957666,-0.4112423,-2.527851,0.04865336,0.02692531,-0.0750477,9.184485,0.7709605,-0.9289834,-16.75,-5.875,-3.25,64.32515,-81.48507,138.2448,-0.7230846,-0.6599594,-0.1799375,-0.0960452
43742,1.958295,-0.4108546,-2.52891,0.04801745,0.02958942,-0.08079771,9.184485,0.7709605,-1.015178,-21.5,-4.25,-3,64.17654,-81.47749,137.8602,-0.7236576,-0.6606491,-0.1768195,-0.09272235
43753,1.958904,-0.4104715,-2.529996,0.04746884,0.02986106,-0.08468503,9.294622,0.967292,-1.082218,-24.25,-1.875,-2.875,64.25724,-81.46811,137.2224,-0.7240701,-0.661522,-0.1736953,-0.08911251
43765,1.959542,-0.4101188,-2.531122,0.04886907,0.02701692,-0.08618261,9.457435,1.283338,-1.034332,-15.5,-0.375,-4.125,64.76567,-81.43773,136.2602,-0.7241352,-0.6624593,-0.1714983,-0.0858164
43776,1.960237,-0.4098205,-2.532256,0.05304844,0.0227786,-0.08661694,9.534052,1.494035,-0.8715205,9.75,-0.75,-7.875,65.72551,-81.36639,135.1757,-0.7237232,-0.6630855,-0.171642,-0.08415186
43788,1.961021,-0.4095558,-2.533432,0.05843078,0.0197246,-0.08763671,9.50532,1.460515,-0.7565947,37,-2.875,-12,66.84855,-81.24898,134.2917,-0.7230312,-0.6631329,-0.174203,-0.08446252
43799,1.961797,-0.4093044,-2.534544,0.06245122,0.02024577,-0.08955427,9.457435,1.197144,-0.7326519,53.5,-5.5,-13.875,67.64228,-81.13124,133.9255,-0.7224295,-0.6626504,-0.1776848,-0.08612937
43811,1.962643,-0.4089742,-2.535755,0.06447291,0.02515749,-0.09224498,9.443069,0.8332119,-0.775749,50.125,-7.75,-12.375,67.95041,-81.03928,134.0259,-0.7221372,-0.6619068,-0.1806728,-0.08805986
43822,1.963499,-0.4085503,-2.537007,0.06497927,0.03218531,-0.0950859,9.447857,0.641669,-0.8332119,29,-9,-8,67.75349,-80.99467,134.3523,-0.722325,-0.6613718,-0.1815426,-0.08874819
43834,1.96441,-0.4080205,-2.53836,0.06501248,0.03778825,-0.09650123,9.53884,0.7613833,-0.9385605,5.625,-9.375,-3.5,67.26066,-80.96509,134.6518,-0.7229596,-0.6611635,-0.1803111,-0.08763625
43847,1.965326,-0.4074714,-2.539694,0.06619751,0.03969627,-0.0964153,9.610668,1.048698,-0.9768692,-3.75,-9.625,-1.625,66.83398,-80.91626,134.7537,-0.7236938,-0.6611363,-0.1784509,-0.08556511
43858,1.966219,-0.4069583,-2.540945,0.0689847,0.03961663,-0.0965822,9.577148,1.235452,-0.9146177,0.75,-10.625,-2.25,66.5856,-80.84288,134.754,-0.7242965,-0.6610312,-0.1772508,-0.08375266
43870,1.967157,-0.4064399,-2.54221,0.07224903,0.03994712,-0.09750348,9.524474,1.221087,-0.8763091,8.375,-12.5,-3.25,66.30623,-80.74921,134.8827,-0.7249129,-0.6606656,-0.1766948,-0.08247016
43881,1.968121,-0.4059043,-2.543489,0.07480051,0.04156343,-0.09928709,9.467011,1.106161,-0.900252,7.625,-14.25,-3,65.83331,-80.65313,135.1959,-0.725704,-0.6601396,-0.175985,-0.08123195
43893,1.969146,-0.4053126,-2.544847,0.07677705,0.04430409,-0.1016773,9.433492,1.010389,-0.933772,-1.75,-15.75,-1.375,65.09083,-80.56264,135.6464,-0.7267972,-0.6596076,-0.1743207,-0.07934718
43904,1.970136,-0.4047199,-2.546164,0.07772703,0.04652127,-0.1033676,9.467011,1.019966,-1.039121,-11.375,-16.75,-0.5,64.24152,-80.46484,136.0939,-0.7280772,-0.6591105,-0.1719839,-0.07680179
43915,1.971151,-0.4040948,-2.547517,0.07792438,0.04799796,-0.1038624,9.543629,1.072641,-1.149258,-17.25,-17.25,-1.125,63.37216,-80.33999,136.4761,-0.7295108,-0.6585947,-0.1692609,-0.07360486
43927,1.972189,-0.4034466,-2.548904,0.07857697,0.04906916,-0.1050484,9.486166,1.120526,-1.144469,-17.125,-17.625,-3.125,62.64495,-80.18814,136.7117,-0.73091,-0.6580682,-0.1667139,-0.07016647
43938,1.973203,-0.4028102,-2.550292,0.07927524,0.04975162,-0.1084474,9.3042,1.144469,-1.149258,-15,-17.875,-5.5,62.08969,-80.01379,136.8193,-0.7322052,-0.6575047,-0.1646252,-0.06679656
43950,1.974239,-0.40216,-2.551769,0.07984996,0.05014226,-0.113971,9.1366,1.163624,-1.168412,-15.375,-17.875,-6.5,61.59633,-79.82364,136.8545,-0.733499,-0.6569212,-0.1625831,-0.06324919
43961,1.975311,-0.4014779,-2.553366,0.08055019,0.05122085,-0.119888,9.122234,1.134892,-1.163624,-20.625,-17.75,-5.625,61.04272,-79.64597,136.8673,-0.7348435,-0.6564334,-0.1599568,-0.05927922
43972,1.976333,-0.4008179,-2.554935,0.08118203,0.05242712,-0.1246579,9.184485,1.144469,-1.187566,-29.75,-17.75,-3.875,60.43081,-79.49551,136.8514,-0.7361833,-0.6561069,-0.1566535,-0.05493234
43984,1.977405,-0.4001333,-2.556623,0.08183339,0.05229693,-0.1289509,9.213217,1.268972,-1.240241,-37.375,-17.625,-2,59.75782,-79.34247,136.7693,-0.7376262,-0.6558556,-0.1525804,-0.04980181
43995,1.978514,-0.3994672,-2.55839,0.08358494,0.05020933,-0.1331481,9.20364,1.455727,-1.216298,-35.25,-17.625,-1.75,59.1988,-79.17612,136.5887,-0.7389781,-0.6555908,-0.14873,-0.0446268
44007,1.979647,-0.398852,-2.560182,0.08738734,0.04741374,-0.1381442,9.1366,1.570652,-1.082218,-21.75,-18.75,-4.125,58.86464,-78.98705,136.3729,-0.740105,-0.6551558,-0.1462305,-0.04040171
44018,1.980811,-0.3982718,-2.562004,0.09182639,0.04577499,-0.1437581,9.093503,1.517978,-1.019966,-4,-20.75,-6.625,58.57061,-78.77814,136.3548,-0.7411656,-0.6543506,-0.14521,-0.03758872
44030,1.982058,-0.3976641,-2.563971,0.0949889,0.04631834,-0.1499057,9.079137,1.340801,-1.110949,4.125,-22.5,-7.75,58.09365,-78.54888,136.6175,-0.742434,-0.6531445,-0.1446957,-0.03545719
44041,1.983319,-0.3970337,-2.566006,0.09677858,0.04835831,-0.1561061,9.074348,1.216298,-1.216298,0.875,-23.25,-6.75,57.43223,-78.32951,137.0242,-0.7438663,-0.6518386,-0.1437439,-0.03327315
44053,1.9847,-0.3963282,-2.568259,0.09905407,0.05062857,-0.1616117,9.150966,1.240241,-1.235452,-8.375,-23.25,-4.5,56.64716,-78.11887,137.4055,-0.7454391,-0.6506163,-0.1417815,-0.03028312
44065,1.986003,-0.3956382,-2.570373,0.100604,0.05324337,-0.1631918,9.414337,1.240241,-1.340801,-15.5,-23,-3.125,55.83766,-77.93778,137.7469,-0.746955,-0.6495602,-0.1392757,-0.02705632
44077,1.987319,-0.3948733,-2.572476,0.1002401,0.05829301,-0.1602764,9.759114,1.087006,-1.527555,-22.875,-21.75,-3.625,54.94982,-77.77046,138.0689,-0.7485191,-0.6485834,-0.1360657,-0.023345
44088,1.988583,-0.3940446,-2.574489,0.09764211,0.064012,-0.1554544,9.888406,1.029544,-1.733464,-33.25,-18.625,-5,54.16589,-77.61432,138.1673,-0.7499542,-0.6478714,-0.1321999,-0.01882826
44100,1.989843,-0.3931222,-2.576556,0.09259403,0.06776586,-0.1518558,9.725595,1.168412,-1.929795,-45.625,-13.25,-6.25,53.61552,-77.45619,137.8356,-0.7511681,-0.647568,-0.1274289,-0.01281266
44112,1.991034,-0.3921629,-2.578607,0.08863819,0.07141634,-0.1527235,9.409549,1.177989,-1.800504,-55.25,-7.375,-7.75,53.43233,-77.35262,137.0252,-0.7517887,-0.647971,-0.1221123,-0.005983887
44123,1.992168,-0.3911852,-2.580632,0.08772361,0.07558787,-0.1565809,9.218005,1.187566,-1.508401,-95.625,-3.375,-10.25,53.63648,-77.29623,135.3455,-0.7517818,-0.6494347,-0.1141997,0.004142616
44135,1.993332,-0.3901857,-2.582725,0.08974601,0.07709949,-0.1614071,9.1366,1.460515,-1.268972,-71,-2,-11.5,54.15309,-77.23435,133.6665,-0.7513614,-0.6508149,-0.1083482,0.01251712
44146,1.994529,-0.3891874,-2.58488,0.09194683,0.07669294,-0.1655577,9.160542,1.666424,-1.240241,-75,-1.625,-11.625,54.75111,-77.15309,131.8476,-0.7508013,-0.6522049,-0.1023093,0.02142933
44158,1.995729,-0.3881696,-2.587074,0.09212953,0.0781111,-0.1683377,9.265891,1.58023,-1.355167,-77.25,-0.875,-12.75,55.26508,-77.06747,130.0875,-0.7502218,-0.6534624,-0.09605928,0.0304454
44169,1.996901,-0.3871047,-2.589278,0.09013741,0.08193035,-0.1696418,9.385606,1.460515,-1.484458,-78.25,1.25,-16.75,55.84168,-76.96392,128.265,-0.7495049,-0.6546652,-0.08993549,0.03959118
44180,1.998006,-0.3860288,-2.591486,0.08467164,0.08241092,-0.169052,9.43828,1.800504,-1.738253,-69.25,5.875,-23.875,56.81694,-76.75932,126.1686,-0.748534,-0.6557727,-0.08534011,0.04874517
44192,1.998985,-0.3849994,-2.593643,0.07600465,0.07989692,-0.1674858,9.423914,2.126127,-1.963315,-46.625,12.125,-31.875,58.22211,-76.45902,123.964,-0.7472929,-0.656803,-0.08341113,0.05662043
44203,1.999847,-0.383981,-2.595845,0.06599133,0.07796685,-0.1685178,9.213217,2.140493,-1.98247,-15.625,20.5,-41,60.1574,-76.09644,121.6446,-0.7455719,-0.6580713,-0.08459391,0.06251869
44215,2.000581,-0.382953,-2.598108,0.05631486,0.07896373,-0.1738597,8.930691,1.953738,-1.862755,5.5,28.25,-47.625,62.449,-75.72378,119.2644,-0.7433495,-0.6597463,-0.08777619,0.06679497
44226,2.001181,-0.3818742,-2.600464,0.04631428,0.08324283,-0.1817851,8.782246,1.757407,-1.800504,12.75,36.375,-51.625,64.99042,-75.36826,116.7477,-0.7405703,-0.6619691,-0.09165039,0.07037624
44238,2.001629,-0.380719,-2.602933,0.03469213,0.08942269,-0.1911474,8.691262,1.676001,-1.838813,9.5,43.625,-52.75,67.64843,-75.02767,114.0885,-0.7373213,-0.664677,-0.09529018,0.07403828
44249,2.001918,-0.3794407,-2.605589,0.02204666,0.09740809,-0.2023329,8.59549,1.608961,-1.795715,-0.75,51.25,-51.375,70.48877,-74.7219,111.1267,-0.7334018,-0.6681216,-0.09802774,0.07826839
44261,2.002037,-0.3780282,-2.608393,0.009062078,0.1080935,-0.2146354,8.566759,1.470092,-1.704732,-24.375,57.375,-47.25,73.36675,-74.48941,107.8291,-0.7288667,-0.6723354,-0.09844735,0.08382493
44272,2.001955,-0.3763722,-2.611418,-0.006090402,0.1236329,-0.2258078,8.763091,1.245029,-1.71431,-63.625,63.375,-39.625,76.29539,-74.37299,103.9546,-0.7235188,-0.6775616,-0.09487215,0.09181538
44283,2.001684,-0.3746156,-2.614329,-0.02176117,0.1407517,-0.233231,9.059982,1.177989,-1.709521,-106.5,69,-32.125,79.08685,-74.34206,99.75414,-0.7177579,-0.6832023,-0.0876724,0.1018422
44295,2.001159,-0.3725754,-2.617459,-0.04009108,0.1558105,-0.239038,9.160542,1.522767,-1.671212,-140.625,74.5,-26.5,82.17086,-74.28165,94.7514,-0.7108062,-0.6896186,-0.07729562,0.114918
44306,2.000368,-0.3704245,-2.620603,-0.0609813,0.165814,-0.2424237,9.246737,2.044721,-1.64727,-156.125,80.625,-22.875,85.37447,-74.12568,89.45563,-0.703097,-0.6961434,-0.0659949,0.1291655
44319,1.999121,-0.3679462,-2.624066,-0.08770268,0.1743759,-0.2436238,9.385606,2.389498,-1.642481,-149.5,86.375,-22.25,88.93026,-73.82478,83.71545,-0.6941072,-0.7031584,-0.0544791,0.1442765
44331,1.997505,-0.3654706,-2.627409,-0.1176325,0.1801917,-0.2433461,9.452645,2.734276,-1.656847,-128.375,92,-22.625,92.285,-73.39021,78.55445,-0.6852484,-0.7096659,-0.04552837,0.1572769
44342,1.995557,-0.3631173,-2.630574,-0.1495624,0.1807133,-0.243044,9.361663,3.237076,-1.628115,-97.375,97.25,-21,95.33675,-72.84889,74.21062,-0.6769657,-0.7156234,-0.03996209,0.1673427
44354,1.993169,-0.3607761,-2.633765,-0.1832393,0.1796366,-0.244844,9.184485,3.409465,-1.537132,-55.625,100.375,-20.125,98.20682,-72.2262,70.60373,-0.6692307,-0.7213498,-0.03797422,0.1741918
44365,1.990402,-0.3584649,-2.636961,-0.2151824,0.179751,-0.2485205,9.06956,3.323271,-1.307281,6.25,101.625,-25.375,100.8158,-71.51055,68.06492,-0.6626126,-0.726666,-0.04137406,0.1766054
44377,1.987181,-0.3560978,-2.64028,-0.2452934,0.180223,-0.2527032,9.026463,3.313694,-1.010389,69.5,99.75,-34.125,103.1515,-70.65631,66.6227,-0.6570511,-0.7315139,-0.05069187,0.174933
44388,1.983644,-0.3537262,-2.643633,-0.2723009,0.1826142,-0.2582162,8.940269,3.170036,-0.775749,133.625,94.375,-43,105.0763,-69.74722,66.39896,-0.6529964,-0.7353364,-0.06557298,0.1690451
44400,1.979773,-0.3512541,-2.647096,-0.2981311,0.1903864,-0.2667154,8.839708,2.75343,-0.7374405,175.875,88.125,-47.875,106.7124,-68.88971,67.00047,-0.6501004,-0.7380914,-0.08370835,0.1599489
44411,1.975561,-0.3486164,-2.650691,-0.3255835,0.203873,-0.2778689,8.806189,2.322459,-0.9098291,191.125,83.25,-48.375,108.1602,-68.15395,67.97844,-0.647875,-0.7399285,-0.1024451,0.1492272
44423,1.970885,-0.345738,-2.654457,-0.3571823,0.2198554,-0.2876157,9.012096,2.236264,-1.163624,181.625,81,-44,109.5595,-67.53391,68.92245,-0.6456695,-0.7413301,-0.1199859,0.1383614
44434,1.965823,-0.342685,-2.658241,-0.3898718,0.2351385,-0.2914355,9.428702,2.446961,-1.173201,164.875,80.125,-36.375,111.0282,-67.02156,69.57282,-0.6430799,-0.7427769,-0.1353621,0.1280933
44446,1.960302,-0.3393796,-2.662033,-0.4220314,0.2527019,-0.2899563,9.864463,2.427807,-1.000812,141.125,78.25,-25.25,112.6649,-66.67529,69.76437,-0.6400824,-0.7446247,-0.1477164,0.1183571
44457,1.954493,-0.3358786,-2.665695,-0.4527345,0.2728575,-0.2853505,10.17572,2.279361,-0.8188462,118,74.5,-16.75,114.3276,-66.48307,69.59245,-0.637027,-0.7466998,-0.1569339,0.1095802
44468,1.948191,-0.3320222,-2.669317,-0.4827383,0.2953752,-0.2774646,10.45346,2.193167,-0.6033604,98.25,67.75,-11.375,115.9453,-66.39439,69.21534,-0.6340948,-0.748815,-0.1639347,0.1016134
44480,1.941482,-0.3278773,-2.672821,-0.5130413,0.3169872,-0.2679175,10.55881,2.264996,-0.5506861,85.5,60.125,-9,117.3581,-66.35962,68.86048,-0.6316064,-0.7505816,-0.1696056,0.09452415
44492,1.934191,-0.323396,-2.676246,-0.5467146,0.3360238,-0.2568739,10.62106,2.446961,-0.7230747,71.875,53.5,-5,118.5639,-66.38982,68.54502,-0.6296609,-0.751978,-0.17401,0.08818673
44504,1.926301,-0.3186342,-2.679564,-0.5838108,0.3523376,-0.2454582,10.62106,2.571464,-0.9241948,50.75,50,4.125,119.7132,-66.54144,68.0191,-0.6280971,-0.7534352,-0.1760476,0.08268424
44515,1.91813,-0.3138542,-2.682651,-0.6213747,0.3634962,-0.234798,10.51571,2.796527,-1.043909,23.25,49,17.25,120.9024,-66.81889,67.09043,-0.6267131,-0.7552938,-0.1749664,0.07841454
44527,1.909455,-0.3089732,-2.685643,-0.6582542,0.3703951,-0.2270632,10.22839,2.911453,-1.000812,-14.625,48.75,36.625,122.3401,-67.28957,65.43459,-0.62534,-0.758001,-0.1694061,0.07540626
44539,1.899739,-0.3037213,-2.688771,-0.694954,0.3756443,-0.2236773,9.878829,2.796527,-0.8044805,-56.875,48,55.75,124.2414,-67.99146,62.72595,-0.6237956,-0.7618496,-0.1581648,0.07381183
44551,1.889607,-0.2984977,-2.691848,-0.7306732,0.3766911,-0.2219068,9.730383,2.877933,-0.6895547,-94.625,47.25,70.5,126.467,-68.79057,59.19097,-0.6220976,-0.7662675,-0.1426439,0.0740373
44563,1.879725,-0.2936901,-2.694637,-0.7629641,0.3711819,-0.2153544,9.984178,3.308905,-0.4549146,-109.625,46.625,78.25,128.7951,-69.49858,55.45288,-0.6201918,-0.7704927,-0.1267167,0.07513987
44574,1.869456,-0.2890492,-2.697254,-0.7917339,0.3577937,-0.2017242,10.33853,3.878745,0.0191543,-101.5,43.625,82.125,131.2799,-70.11476,51.6578,-0.6180887,-0.7744274,-0.1116381,0.07593197
44585,1.858938,-0.2846612,-2.699614,-0.8161585,0.340502,-0.1831191,10.62585,4.09902,0.5219546,-73.125,36,84,133.7698,-70.68998,48.21591,-0.6164444,-0.777528,-0.09912632,0.07496864
44597,1.847729,-0.2803385,-2.701783,-0.8390421,0.3235809,-0.1623758,10.77429,3.850014,0.8092691,-43.375,25.375,85.125,136.3052,-71.33482,45.0687,-0.6157443,-0.77965,-0.08856817,0.07183794
44608,1.8368,-0.2764164,-2.703605,-0.8581004,0.3079502,-0.1430818,10.75993,3.610585,1.048698,-21.5,14.75,84.875,138.6376,-71.98851,42.40999,-0.6159582,-0.7807636,-0.08028447,0.06751519
44620,1.825413,-0.272673,-2.705223,-0.8745064,0.2874678,-0.1242652,10.63064,3.763819,1.235452,10.75,4,81.375,140.7047,-72.64949,40.40926,-0.6171043,-0.7808634,-0.0751412,0.06155106
44631,1.813715,-0.2691893,-2.706656,-0.8868538,0.2641193,-0.1086053,10.32895,3.787762,1.398264,68.25,-7.5,72.375,142.2484,-73.29584,39.66021,-0.6193581,-0.7796626,-0.07587948,0.05257582
44643,1.802257,-0.2660354,-2.707934,-0.8939386,0.2460663,-0.09978052,9.874041,3.270596,1.551498,119.75,-18,63.5,143.3631,-73.94392,39.94034,-0.6223751,-0.7773973,-0.08137179,0.04100725
44654,1.790628,-0.2629848,-2.70921,-0.897617,0.2354632,-0.09844925,9.390394,2.537944,1.589807,147.75,-29,57.75,144.23,-74.68603,40.80941,-0.6261749,-0.7740737,-0.0891892,0.02757115
44666,1.778627,-0.2598957,-2.710589,-0.9003897,0.2317709,-0.1034581,9.036039,1.853178,1.484458,142.25,-38.375,58.125,145.088,-75.59644,41.6382,-0.6307291,-0.7699112,-0.09606501,0.01375601
44677,1.767272,-0.2569804,-2.711996,-0.9029082,0.2318205,-0.1118896,8.825342,1.431784,1.350378,113.375,-46.25,62.75,145.9796,-76.59775,41.96369,-0.6355615,-0.7656175,-0.09943196,0.002149911
44689,1.75541,-0.2539527,-2.713602,-0.9043271,0.2308172,-0.1224639,8.705628,1.374321,1.278549,72.75,-53.625,69.75,147.0056,-77.75994,41.67176,-0.6411209,-0.7610031,-0.09890661,-0.007471441
44700,1.743436,-0.2509581,-2.715371,-0.9037451,0.2260139,-0.1334646,8.667319,1.532344,1.249818,42.375,-59.75,75.125,148.074,-78.99394,40.94339,-0.6471137,-0.7562258,-0.0956024,-0.01505598
44712,1.731772,-0.2481558,-2.717237,-0.9006041,0.2163762,-0.1441203,8.652954,1.800504,1.254606,25.375,-66,77.75,148.9757,-80.21947,40.1531,-0.6532785,-0.7513182,-0.09114643,-0.0209861
44723,1.720428,-0.2455701,-2.719192,-0.8934116,0.2036273,-0.1539589,8.681685,1.987258,1.403052,29.125,-71.75,76.5,149.6205,-81.39874,39.65909,-0.6593792,-0.746231,-0.08746659,-0.02660869
44734,1.708858,-0.2430647,-2.721336,-0.8821292,0.191033,-0.1634809,8.748725,1.88191,1.551498,45.25,-79.375,72.25,149.84,-82.62219,39.79446,-0.6658717,-0.7404267,-0.08533746,-0.03317767
44746,1.697538,-0.240691,-2.723578,-0.8677031,0.1819532,-0.1718604,8.873228,1.565864,1.68079,58.125,-87,67.125,149.4843,-83.86205,40.65779,-0.6725421,-0.7341157,-0.08444269,-0.04038185
44758,1.685729,-0.2382351,-2.726071,-0.8485028,0.1764491,-0.1790899,9.040829,1.225875,1.824447,63.125,-95.625,60.375,147.7134,-85.20265,43.02702,-0.6799573,-0.7268153,-0.08420052,-0.04804095
44770,1.674986,-0.2359863,-2.728453,-0.8281927,0.1733631,-0.1835937,9.256314,1.029544,1.857967,63.5,-103.375,54.25,143.1186,-86.44521,48.17751,-0.6871732,-0.7194976,-0.08438355,-0.05473315
44781,1.664419,-0.2337183,-2.730902,-0.8054102,0.1728616,-0.1867035,9.414337,0.7949033,1.867544,62.125,-110,47,131.168,-87.61665,60.66698,-0.6946996,-0.7116736,-0.08489502,-0.06087785
44793,1.654334,-0.2314138,-2.733406,-0.7791492,0.1780551,-0.1934493,9.184485,0.3399888,2.044721,49.375,-117.375,40.875,100.7409,-88.47312,91.45736,-0.7022791,-0.7038038,-0.08451601,-0.06573747
44804,1.644213,-0.2288892,-2.7362,-0.7489077,0.1867984,-0.2067408,8.777456,0.04788574,2.106973,16.875,-123.25,35.375,49.2305,-88.36111,142.9102,-0.7104474,-0.695693,-0.08168498,-0.06784898
44815,1.635219,-0.2265101,-2.738974,-0.7139018,0.1888438,-0.2202201,8.743937,0.5746289,2.360767,-3.875,-127.875,27.5,27.46973,-87.42944,164.3575,-0.7179185,-0.6884152,-0.07866175,-0.0670067
44827,1.626582,-0.2241525,-2.741997,-0.6698825,0.1828596,-0.2344291,8.782246,1.316858,2.672024,17.375,-133.75,12.375,22.57028,-86.25247,169.2118,-0.7251453,-0.6808474,-0.07917237,-0.06589987
44838,1.618502,-0.2218646,-2.74527,-0.6215317,0.1759837,-0.2517447,8.624223,1.517978,2.767796,70.25,-139.75,-8.125,23.43045,-84.97036,168.9962,-0.7319131,-0.6726391,-0.08564018,-0.0672724
44850,1.610902,-0.2195537,-2.748861,-0.5725172,0.1740874,-0.2705247,8.605068,1.254606,2.614562,106,-142.125,-21.875,25.28321,-83.61423,168.2788,-0.7384188,-0.663722,-0.0958601,-0.07086371
44861,1.604214,-0.2172961,-2.752493,-0.5269441,0.1778774,-0.2861608,8.844497,0.9289834,2.389498,115.75,-141.75,-29.375,26.87166,-82.30573,167.9027,-0.7443834,-0.6549318,-0.1065355,-0.07488633
44873,1.597954,-0.2148753,-2.756399,-0.4820419,0.1864007,-0.3008063,8.997731,0.6608232,2.130916,101,-139.5,-30.625,27.99075,-80.99139,167.834,-0.7503689,-0.6460548,-0.1161029,-0.07797398
44884,1.592236,-0.2123199,-2.760515,-0.4382297,0.1958634,-0.3154488,9.031251,0.6512461,1.857967,71,-134.5,-27.875,28.76121,-79.73405,167.7238,-0.7562457,-0.6377465,-0.1231411,-0.0787919
44895,1.587136,-0.2097414,-2.764745,-0.3939139,0.1991453,-0.3266712,9.275469,1.206721,1.561075,42.75,-125.5,-24.5,29.67078,-78.56946,167.0929,-0.7616885,-0.6304644,-0.1281286,-0.07699562
44907,1.582633,-0.2071752,-2.769097,-0.3452818,0.1967742,-0.3337408,9.615458,1.819658,1.489247,48.875,-116.875,-24.875,30.92319,-77.48979,166.1913,-0.7663198,-0.6238248,-0.1339057,-0.07527263
44918,1.578774,-0.2046265,-2.773515,-0.2965728,0.1958875,-0.3395466,9.730383,1.824447,1.345589,74,-108.625,-27.125,32.19779,-76.5115,165.5943,-0.7700344,-0.6174987,-0.1414406,-0.0757429
44930,1.575499,-0.2020261,-2.778047,-0.2507653,0.1991021,-0.3470077,9.60588,1.532344,1.096583,77.125,-100.25,-24.375,33.12928,-75.64635,165.3837,-0.7732136,-0.6116487,-0.1486018,-0.07709781
44941,1.572869,-0.1994357,-2.782606,-0.2051993,0.2020905,-0.3556103,9.519686,1.623327,1.039121,67.5,-91.25,-18.25,33.84322,-74.93774,165.2431,-0.7757717,-0.60684,-0.1543583,-0.0780825
44953,1.570807,-0.1967838,-2.787383,-0.1569055,0.2018117,-0.3635342,9.57236,1.977681,0.9385605,71.625,-84.5,-14.5,34.60232,-74.29587,165.114,-0.7778668,-0.6024017,-0.1603625,-0.07949358
44964,1.570807,-0.1967838,-2.787383,0,0,0,9.658554,2.274573,0.7613833,91.875,-76.875,-12.125,35.41471,-73.74088,165.1818,-0.7792631,-0.5981854,-0.167584,-0.0826976
44977,1.570807,-0.1967838,-2.787383,0,0,0,9.759114,2.523579,0.7230747,131.75,-69.625,-13.125,36.56758,-73.20972,165.6131,-0.7796642,-0.5932685,-0.1789667,-0.09015141
44989,1.570807,-0.1967838,-2.787383,0,0,0,9.826155,2.193167,0.6033604,181.25,-63.875,-17.375,37.67369,-72.81127,166.5873,-0.7788961,-0.5882149,-0.1924853,-0.1013584
45000,1.570807,-0.1967838,-2.787383,0,0,0,9.897983,1.551498,0.2968916,207,-57.5,-18.25,38.57849,-72.49296,168.1183,-0.7773347,-0.5826455,-0.2072186,-0.1154798
45012,1.570807,-0.1967838,-2.787383,0,0,0,9.821366,1.053486,0.2777373,204.125,-51.625,-14.875,39.2057,-72.29229,169.8578,-0.7752266,-0.577432,-0.2207442,-0.1298778
45024,1.570807,-0.1967838,-2.787383,0,0,0,9.601091,0.6895547,0.1532344,179.625,-45.75,-8.875,39.55053,-72.16915,171.8224,-0.7727625,-0.5723298,-0.2332072,-0.1445381
45036,1.570807,-0.1967838,-2.787383,0,0,0,9.562783,0.8475776,-0.04309717,160,-40.5,-4.5,39.81831,-72.11008,173.2984,-0.7705488,-0.5685311,-0.2424863,-0.1556511
45047,1.570807,-0.1967838,-2.787383,0,0,0,9.620246,0.9912349,-0.05746289,158.5,-35.625,-3.625,40.1837,-72.11239,174.699,-0.7677789,-0.5650108,-0.2518615,-0.1668657
45058,1.570807,-0.1967838,-2.787383,0,0,0,9.629823,0.8044805,-0.1149258,166.375,-31.125,-5.875,40.61034,-72.16866,176.1772,-0.764326,-0.5614216,-0.2618648,-0.1789926
45070,1.570807,-0.1967838,-2.787383,0,0,0,9.476588,0.6608232,-0.258583,170.25,-26.75,-7.5,41.07679,-72.26118,177.6431,-0.7604316,-0.5578604,-0.271945,-0.1912631
45081,1.570807,-0.1967838,-2.787383,0,0,0,9.045617,0.4405488,-0.3399888,169,-22.875,-7.75,41.503,-72.395,179.1847,-0.756103,-0.5542782,-0.2819915,-0.2038743
45093,1.570807,-0.1967838,-2.787383,0,0,0,8.696051,0.2394287,-0.4932232,157,-19.125,-5.875,41.77547,-72.54897,-179.3007,-0.7519081,-0.551007,-0.2908061,-0.21554
45104,1.571046,-0.1965991,-2.787595,0.01840359,0.014218,-0.0163143,8.619433,0.3016802,-0.5411089,141.5,-15.375,-2.625,41.9686,-72.74087,-177.9127,-0.7478051,-0.5483308,-0.2983887,-0.2260198
45117,1.571626,-0.1962041,-2.788047,0.04164589,0.02836265,-0.03251509,8.748725,0.5363203,-0.4261831,142.25,-13.375,-2,42.29894,-72.99368,-176.5449,-0.7429315,-0.5457194,-0.3066361,-0.237102
45128,1.572482,-0.1956628,-2.788623,0.06540952,0.0413634,-0.0439809,9.050406,0.6656118,-0.4118174,160.5,-13.375,-5.125,42.83086,-73.23569,-175.2386,-0.7375246,-0.5426399,-0.3158762,-0.2486398
45139,1.573627,-0.1949415,-2.789286,0.08807857,0.05550309,-0.05105183,9.37124,0.5602632,-0.4740689,188.375,-14.5,-10.375,43.5575,-73.45699,-173.7644,-0.731102,-0.5383436,-0.3271313,-0.2620325
45151,1.575026,-0.1940202,-2.790017,0.1073455,0.07068811,-0.05604639,9.486166,0.3160459,-0.6129375,203,-15.5,-12.875,44.30927,-73.64605,-172.1078,-0.7240781,-0.5330054,-0.3393559,-0.2765028
45162,1.5766,-0.1929026,-2.790795,0.1218863,0.08654173,-0.06022901,9.486166,-0.004788574,-0.7661719,195.875,-15.625,-10.75,44.83303,-73.79945,-170.3342,-0.7173419,-0.5273809,-0.3506289,-0.2904296
45174,1.578322,-0.1915586,-2.791635,0.1321766,0.1031838,-0.0644896,9.428702,-0.3256231,-0.8810977,169.625,-14.5,-5.625,44.98943,-73.93015,-168.5181,-0.7114934,-0.5222102,-0.3597385,-0.3027572
45185,1.580158,-0.1899916,-2.792544,0.1400382,0.1194971,-0.06938221,9.342508,-0.4932232,-0.9625034,126.75,-12.25,1.625,44.74007,-74.04922,-166.8557,-0.7072139,-0.5184063,-0.3655879,-0.3121683
45197,1.58216,-0.1881879,-2.793536,0.1497449,0.1349357,-0.0741716,9.366451,-0.3687202,-0.9433491,89.5,-10,6.75,44.31426,-74.18692,-165.5005,-0.704138,-0.5161495,-0.3689176,-0.3188718
45208,1.584174,-0.1863352,-2.794502,0.1615869,0.1486334,-0.07754818,9.486166,-0.1723887,-0.8715205,66.375,-8.25,7.625,43.97038,-74.34779,-164.584,-0.7018467,-0.5152249,-0.3707516,-0.3232614
45220,1.586473,-0.1842044,-2.795564,0.1750419,0.1622501,-0.08086093,9.510109,-0.08619434,-0.8571548,54.625,-6.625,5.625,43.73698,-74.54559,-163.9006,-0.699635,-0.5149878,-0.3721851,-0.3267672
45231,1.588952,-0.1819028,-2.796692,0.1882241,0.1747164,-0.08564091,9.385606,-0.05267432,-0.8810977,46.25,-5.375,3.375,43.62467,-74.75851,-163.4447,-0.6975815,-0.5152438,-0.3733295,-0.3294372
45243,1.591769,-0.1793078,-2.79799,0.2017343,0.1858233,-0.09290932,9.20364,0.01436572,-0.9481377,38.875,-3.75,1.25,43.65163,-74.99803,-163.2094,-0.6955585,-0.5159913,-0.3743082,-0.3314282
45256,1.594772,-0.1766091,-2.799394,0.2162815,0.1944037,-0.1011207,9.122234,0.1963315,-1.005601,37.875,-1.5,-1.5,43.91727,-75.26853,-163.2289,-0.693323,-0.5170809,-0.3755527,-0.3330028
45267,1.597751,-0.1740048,-2.80081,0.2303119,0.2013214,-0.1094786,9.064771,0.2968916,-1.010389,42.5,0,-4,44.33396,-75.54436,-163.355,-0.690868,-0.5181078,-0.3772091,-0.3346328
45279,1.600908,-0.1713082,-2.802349,0.2429394,0.2074925,-0.1184144,8.997731,0.2537944,-1.067852,42.875,1.5,-4.5,44.74915,-75.82283,-163.4727,-0.6883727,-0.5191191,-0.3788724,-0.3363246
45290,1.604197,-0.1685808,-2.803971,0.2553021,0.211711,-0.1258806,9.079137,0.3304116,-1.187566,41.25,4.125,-4,45.16925,-76.10862,-163.6225,-0.6859105,-0.5202612,-0.3803911,-0.3378724
45302,1.607787,-0.1657225,-2.805732,0.2690976,0.2142626,-0.1320819,9.184485,0.4788574,-1.254606,44.75,7.25,-3.75,45.65377,-76.43388,-163.7849,-0.6830562,-0.5215039,-0.3821688,-0.339728
45313,1.611389,-0.1629716,-2.807503,0.2825781,0.2158072,-0.1389069,9.112657,0.5602632,-1.245029,48.875,10,-2.875,46.09315,-76.77027,-163.8676,-0.6800473,-0.5226738,-0.3840021,-0.3418919
45324,1.615244,-0.1601405,-2.809413,0.2960331,0.2173893,-0.1466728,9.055194,0.5602632,-1.192355,48.75,12.875,-0.25,46.35486,-77.13892,-163.7706,-0.6769165,-0.5239686,-0.3855424,-0.3443805
45336,1.619325,-0.1572448,-2.811459,0.3092386,0.2194238,-0.1550189,9.026463,0.5315318,-1.115738,48.625,14.75,1.875,46.43811,-77.52924,-163.4945,-0.6737174,-0.5253254,-0.3868158,-0.3471478
45347,1.623426,-0.1543934,-2.813557,0.3201762,0.2226249,-0.1638024,8.973788,0.3687202,-1.029544,51.25,15.625,2,46.36623,-77.9137,-163.0369,-0.6705042,-0.5264934,-0.3880231,-0.3502385
45359,1.627691,-0.1514502,-2.815795,0.3289474,0.2270095,-0.1726153,8.973788,0.1771773,-0.9720806,51.625,15.875,0.375,46.2255,-78.30211,-162.4949,-0.6672206,-0.5276065,-0.389227,-0.3534835
45370,1.63216,-0.1483699,-2.818196,0.33551,0.2312584,-0.1802028,9.059982,0.02394287,-1.029544,47.375,16.375,-2.25,46.12183,-78.69237,-162.0298,-0.6640147,-0.5288731,-0.3903078,-0.3564232
45382,1.636441,-0.1454238,-2.820528,0.340358,0.2342468,-0.1854028,9.194062,-0.03352002,-1.120526,41.625,17.25,-4.25,46.10189,-79.05547,-161.7383,-0.6611935,-0.5302889,-0.3911159,-0.3586716
45393,1.640934,-0.142327,-2.823002,0.3429946,0.2364147,-0.1888748,9.313777,-0.1628115,-1.230664,30.75,18.75,-5,46.01861,-79.42508,-161.5128,-0.6587462,-0.5321658,-0.3912527,-0.3602419
45405,1.645488,-0.1391678,-2.82552,0.3431739,0.2380285,-0.189724,9.490954,-0.3112573,-1.321646,9,21.625,-3.5,45.65691,-79.80223,-161.2965,-0.6572244,-0.5349971,-0.3897493,-0.3604576
45416,1.649927,-0.1360666,-2.82797,0.343493,0.2400168,-0.1896709,9.57236,-0.3064688,-1.235452,-13,23.5,-0.75,45.03055,-80.18536,-161.0991,-0.6566091,-0.5387622,-0.3866522,-0.3593047
45427,1.654326,-0.1329967,-2.83038,0.3455719,0.2411376,-0.1892841,9.615458,-0.1388687,-1.173201,-33.5,24.125,1.875,44.30786,-80.5672,-161.0644,-0.656804,-0.5433609,-0.3822553,-0.3567187
45439,1.658914,-0.1298623,-2.83283,0.3500989,0.2391882,-0.1869575,9.763903,0.1436572,-1.254606,-46.625,24.75,5.125,43.54057,-80.94922,-161.1837,-0.6575837,-0.5485878,-0.3768758,-0.3529871
45450,1.663576,-0.1267979,-2.835213,0.3574653,0.234949,-0.1826888,9.926715,0.4357603,-1.254606,-46.5,25.875,6.875,42.83226,-81.34297,-161.3605,-0.6582317,-0.5538633,-0.3715423,-0.3491746
45462,1.668677,-0.1236187,-2.837679,0.3669135,0.2286849,-0.1773849,9.988966,0.6225147,-1.235452,-28.625,26,5,42.38751,-81.77517,-161.6094,-0.6579885,-0.5587856,-0.3673243,-0.3462409
45474,1.673537,-0.1207422,-2.839928,0.3738407,0.2212364,-0.1729933,9.926715,0.5794175,-1.336012,-12.5,26.25,4.125,42.01844,-82.15805,-161.6772,-0.6572083,-0.562564,-0.3644707,-0.344616
45486,1.678483,-0.1179543,-2.842147,0.3774571,0.2127678,-0.1693375,9.845308,0.4070288,-1.450938,-10.125,27.375,7.125,41.17035,-82.50943,-161.2388,-0.6565837,-0.5659671,-0.3614081,-0.3434579
45497,1.683418,-0.1153246,-2.8443,0.3808959,0.2029694,-0.1662173,9.807,0.4597031,-1.479669,-14.125,28.625,11.125,39.92343,-82.84272,-160.4522,-0.6562402,-0.5693597,-0.3578469,-0.3422337
45509,1.68863,-0.1127479,-2.846532,0.386272,0.1909935,-0.1654148,9.6394,0.6512461,-1.436572,-9.625,28.5,13.75,38.50749,-83.17797,-159.4577,-0.6557488,-0.5726376,-0.3544147,-0.341277
45520,1.693555,-0.1104841,-2.848652,0.3903973,0.1794281,-0.1680703,9.37124,0.6129375,-1.412629,-2,26.875,15.125,37.00777,-83.45123,-158.2556,-0.6552105,-0.5751494,-0.3516619,-0.3409344
45531,1.698607,-0.1083268,-2.850897,0.3918639,0.1673514,-0.1741614,9.098291,0.4405488,-1.465304,-4,24.875,18.125,35.00922,-83.65705,-156.5866,-0.6551558,-0.577316,-0.348514,-0.3406101
45543,1.703705,-0.1063031,-2.853261,0.3921705,0.1556544,-0.1817675,8.988154,0.3304116,-1.426995,-13.75,23.125,21.875,32.44778,-83.80704,-154.4852,-0.6557844,-0.5795321,-0.3444197,-0.3398007
45554,1.708925,-0.104395,-2.855778,0.392929,0.1436401,-0.189477,9.00252,0.3399888,-1.374321,-22.625,20.75,24.25,29.62646,-83.91211,-152.2524,-0.6569812,-0.5818939,-0.3395658,-0.3383345
45566,1.713946,-0.1027422,-2.858272,0.3956736,0.1302366,-0.1965795,9.036039,0.5411089,-1.383898,-20.75,18.75,23.5,27.37548,-83.99684,-150.5404,-0.6580698,-0.5840285,-0.3353726,-0.3367194
45577,1.719169,-0.1012637,-2.86093,0.4018965,0.1137617,-0.2044771,9.007308,0.8763091,-1.383898,-3,16.5,19.625,26.07593,-84.10209,-149.5614,-0.6583681,-0.5856653,-0.3329384,-0.3357076
45589,1.724502,-0.1000051,-2.863711,0.4090435,0.09654897,-0.2133672,8.940269,0.967292,-1.364744,26.75,14.125,15,25.55046,-84.21687,-148.9666,-0.6574762,-0.5862156,-0.3330105,-0.3364229
45600,1.729864,-0.09895492,-2.86659,0.414237,0.08112635,-0.222367,8.921114,0.7709605,-1.326435,50.375,11.875,10.875,25.33743,-84.31866,-148.3738,-0.6557516,-0.5857702,-0.3348683,-0.3387127
45612,1.735296,-0.09808654,-2.8696,0.4167125,0.06661457,-0.2309278,8.945057,0.5411089,-1.374321,61.875,9.75,8.5,25.25469,-84.38497,-147.755,-0.6537665,-0.5846261,-0.337589,-0.341812
45623,1.740748,-0.0973993,-2.872703,0.4187109,0.05277892,-0.238349,9.031251,0.4692803,-1.355167,62.75,8.625,8,25.18252,-84.43834,-147.1346,-0.6518067,-0.5833491,-0.3403686,-0.3449653
45634,1.746206,-0.09687292,-2.875852,0.421258,0.04062566,-0.2429935,9.251526,0.4213945,-1.240241,63.5,7.125,6.75,25.16227,-84.49712,-146.5568,-0.6497742,-0.5820632,-0.3432252,-0.3481269
45646,1.751677,-0.09649912,-2.878998,0.4234527,0.02893678,-0.243515,9.567572,0.3591431,-1.249818,64.375,5.375,5,25.35068,-84.5454,-146.1759,-0.6477599,-0.5806523,-0.3462533,-0.3512246
45657,1.757256,-0.09625679,-2.882155,0.4249591,0.01845575,-0.2405058,9.835732,0.2394287,-1.206721,61.375,3.75,3.25,25.63932,-84.58746,-145.9226,-0.6458569,-0.5792645,-0.3491895,-0.354102
45669,1.762825,-0.09613807,-2.885248,0.4270722,0.009104943,-0.2371731,9.869251,0.2394287,-1.115738,55.875,1.875,2,26.13921,-84.62888,-145.9544,-0.6441825,-0.5780762,-0.3518672,-0.3564356
45680,1.768449,-0.09615041,-2.888314,0.4295602,-0.0009420952,-0.2341962,9.84052,0.2968916,-1.149258,51.25,0,0.75,27.04815,-84.65789,-146.4529,-0.6427636,-0.576965,-0.3544743,-0.3582101
45692,1.768449,-0.09615041,-2.888314,0,0,0,9.859674,0.3304116,-1.173201,50.5,-1.25,-0.75,28.25661,-84.68179,-147.2702,-0.641431,-0.5758698,-0.3571448,-0.3597054
45704,1.768449,-0.09615041,-2.888314,0,0,0,9.874041,0.3256231,-1.130104,53.125,-2.375,-2.5,29.85636,-84.71083,-148.3969,-0.6397949,-0.5745501,-0.3604419,-0.3614365
45715,1.768449,-0.09615041,-2.888314,0,0,0,9.811789,0.2011201,-1.139681,51.875,-3.125,-3.5,31.32345,-84.72095,-149.4449,-0.6384138,-0.573288,-0.3633771,-0.3629405
45728,1.768449,-0.09615041,-2.888314,0,0,0,9.730383,0.1149258,-1.163624,42,-3.125,-2.875,32.7719,-84.71243,-150.5621,-0.6373985,-0.5721944,-0.3658563,-0.3639587
45740,1.768449,-0.09615041,-2.888314,0,0,0,9.677709,0.1388687,-1.087006,30.75,-3.375,-2.125,33.94291,-84.70657,-151.5849,-0.6369367,-0.5717085,-0.3672629,-0.3641139
45752,1.768449,-0.09615041,-2.888314,0,0,0,9.586726,0.2154858,-1.039121,24.125,-4.125,-2.25,35.20265,-84.70191,-152.7859,-0.636736,-0.5715324,-0.3682735,-0.3637205
45763,1.768449,-0.09615041,-2.888314,0,0,0,9.481377,0.3399888,-1.067852,21.625,-4.375,-2.5,36.71279,-84.69629,-154.27,-0.6366151,-0.5714839,-0.3692645,-0.3630029
45774,1.768449,-0.09615041,-2.888314,0,0,0,9.423914,0.4644917,-1.082218,26.25,-3.75,-3.625,38.47117,-84.70597,-155.9435,-0.636179,-0.5713822,-0.3706793,-0.3624851
45786,1.768449,-0.09615041,-2.888314,0,0,0,9.447857,0.4166059,-1.082218,33.25,-3.125,-5.25,40.33126,-84.72407,-157.6237,-0.6353545,-0.5710629,-0.3726111,-0.3624542
45797,1.768449,-0.09623212,-2.888341,-1.06146E-05,-0.006291616,-0.00204073,9.443069,0.2154858,-1.106161,31.125,-2.125,-5.75,41.84866,-84.73657,-158.9893,-0.6346569,-0.5707918,-0.3742046,-0.3624614
45810,1.768453,-0.09639994,-2.888414,0.0003057524,-0.01195253,-0.005206429,9.380817,0.225063,-1.019966,24.625,-1,-6.375,43.4622,-84.777,-160.5296,-0.6340137,-0.5709832,-0.3754206,-0.3620279
45821,1.76849,-0.09662718,-2.888527,0.002854845,-0.01764532,-0.008766273,9.33772,0.4309717,-0.9720806,30.75,-0.75,-9,45.58697,-84.83942,-162.5079,-0.6329238,-0.5711595,-0.37723,-0.3617761
45833,1.768582,-0.09693816,-2.88871,0.007038118,-0.0237579,-0.01399872,9.218005,0.5937832,-0.933772,52.125,-1.25,-13.75,48.71775,-84.91589,-165.2081,-0.6306649,-0.5706689,-0.3809237,-0.3626236
45844,1.768701,-0.09730971,-2.888989,0.009176923,-0.02860048,-0.02143419,9.040829,0.4549146,-0.9098291,71.75,-1.5,-17.375,52.13228,-84.98077,-167.9371,-0.6275353,-0.5693584,-0.3859774,-0.3647628
45855,1.768804,-0.09773312,-2.889377,0.007849708,-0.03249019,-0.02982149,8.959422,0.2154858,-0.9577149,79.75,-1.5,-19,55.37219,-85.01846,-170.3821,-0.6241503,-0.5675244,-0.391464,-0.367571
45867,1.768856,-0.09819539,-2.889859,0.004049973,-0.03581269,-0.03735488,9.012096,0.04788574,-1.010389,75.75,-1.25,-18.375,58.15157,-85.03414,-172.4248,-0.6210855,-0.5656916,-0.3964281,-0.3702574
45878,1.768848,-0.09870384,-2.890431,-0.000632619,-0.03899155,-0.04380836,9.098291,0.004788574,-1.034332,66.75,-0.625,-16.875,60.60457,-85.04456,-174.2511,-0.6184188,-0.5641525,-0.4006646,-0.3725023
45890,1.768773,-0.09926111,-2.891078,-0.005701051,-0.04254927,-0.04942729,9.160542,0.009577149,-1.077429,56.125,0.5,-14.625,62.68747,-85.05462,-175.845,-0.6162452,-0.5630197,-0.404019,-0.3741915
45901,1.768609,-0.09991719,-2.891844,-0.01163926,-0.04660035,-0.05441792,9.232371,0,-1.110949,41.625,1.75,-11.25,64.31052,-85.07082,-177.148,-0.6146857,-0.5624095,-0.4062898,-0.3752144
45914,1.768399,-0.1005673,-2.892584,-0.01649409,-0.0510436,-0.05809952,9.294622,0.07182861,-1.154046,25,3.125,-6.625,65.19148,-85.09251,-177.9543,-0.6140891,-0.5625053,-0.4069899,-0.375289
45925,1.768142,-0.1013043,-2.893397,-0.01953691,-0.05599848,-0.0617643,9.308989,0.2298516,-1.115738,12.5,4.25,-2.25,65.70356,-85.13385,-178.5568,-0.6140364,-0.5631942,-0.4066453,-0.3747147
45937,1.767888,-0.1020976,-2.894243,-0.01963479,-0.0612869,-0.06538353,9.313777,0.4597031,-1.048698,11.75,4.75,-0.625,66.37806,-85.19022,-179.3325,-0.6138971,-0.5640472,-0.4062655,-0.3740713
45949,1.767617,-0.1030689,-2.895266,-0.01871079,-0.06714791,-0.07072256,9.227583,0.5363203,-1.000812,24.75,4.5,-1,67.3672,-85.25385,179.7531,-0.6130586,-0.5644031,-0.4068525,-0.3742718
45960,1.767386,-0.1039717,-2.896252,-0.01832652,-0.0716445,-0.07819749,9.007308,0.4932232,-0.9433491,34.125,4.375,-0.625,68.11044,-85.31082,179.1935,-0.6119686,-0.5642643,-0.4078805,-0.3751451
45972,1.767151,-0.1049575,-2.897387,-0.01818427,-0.07614964,-0.08768913,8.86844,0.4740689,-0.9241948,37.625,4.375,0.875,68.61175,-85.36832,178.9255,-0.6107807,-0.5638796,-0.4090421,-0.3763926
45983,1.766921,-0.1060071,-2.898642,-0.017721,-0.08085587,-0.09665166,8.911537,0.5028003,-0.9241948,42.25,4.875,1.75,69.0312,-85.43177,178.7995,-0.609388,-0.5632829,-0.4104402,-0.378018
45995,1.766683,-0.1071443,-2.900021,-0.01789206,-0.08562543,-0.10384,9.059982,0.4549146,-0.9433491,52.375,5.5,1,69.47442,-85.50264,178.7919,-0.6074793,-0.5622147,-0.4125137,-0.3804157
46006,1.766431,-0.1083061,-2.901434,-0.01947939,-0.08963643,-0.1090734,9.198852,0.3304116,-0.9385605,61.875,6.375,-0.25,69.85522,-85.58439,178.9609,-0.6051461,-0.5607628,-0.4150752,-0.3834787
46017,1.766152,-0.1094895,-2.902875,-0.02188066,-0.09294111,-0.1131557,9.285046,0.2442173,-0.9098291,64.375,7,-0.375,70.07803,-85.67681,179.3106,-0.6027148,-0.5592256,-0.4176407,-0.3867531
46029,1.765829,-0.1107509,-2.904397,-0.02479553,-0.09677749,-0.1168114,9.323354,0.2154858,-0.9433491,61.5,8,0.125,70.16157,-85.77738,179.7754,-0.6003458,-0.5577689,-0.42,-0.389973
46041,1.765455,-0.1120874,-2.905975,-0.02841118,-0.1013909,-0.1196443,9.385606,0.1771773,-1.000812,57.125,9.625,0.625,70.07014,-85.8901,-179.636,-0.598124,-0.5565081,-0.4219991,-0.3930182
46052,1.765043,-0.113441,-2.907537,-0.03210595,-0.1055976,-0.1218891,9.428702,0.1484458,-0.967292,53.5,11.125,0.25,69.9789,-86.02162,-179.1077,-0.5959983,-0.5555629,-0.4236423,-0.3958069
46063,1.764606,-0.1148565,-2.909133,-0.03368235,-0.1092176,-0.1231614,9.514897,0.2873144,-0.8475776,52.25,12,-0.25,70.2884,-86.18284,-178.9919,-0.5936599,-0.5549078,-0.4252647,-0.3984913
46075,1.764164,-0.1163757,-2.910789,-0.03300857,-0.1132673,-0.1234425,9.596303,0.4597031,-0.7949033,57,11.75,-0.625,71.1218,-86.35181,-179.3224,-0.5908843,-0.5541107,-0.4273965,-0.4014343
46086,1.763767,-0.1178422,-2.912331,-0.03176324,-0.1174086,-0.1234106,9.620246,0.5219546,-0.7901148,68.25,11.125,-2.625,72.49332,-86.49826,179.9161,-0.5877223,-0.552892,-0.4302596,-0.4046848
46098,1.763356,-0.1194258,-2.913928,-0.03131807,-0.1207836,-0.1217964,9.744749,0.4453374,-0.7278633,83,10.25,-5.375,74.40423,-86.64561,178.84,-0.5836281,-0.5509149,-0.4343129,-0.4089542
46109,1.762904,-0.1210646,-2.915482,-0.03414436,-0.1236329,-0.1172382,9.965023,0.2011201,-0.7518061,88.25,9.125,-7,76.12578,-86.77341,178.0344,-0.5793623,-0.5484406,-0.4387079,-0.4136272
46121,1.76239,-0.1227048,-2.9169,-0.03988629,-0.1272526,-0.1100205,10.17572,-0.004788574,-0.8715205,79.75,9,-7.125,77.33259,-86.87794,177.6096,-0.5757807,-0.5462083,-0.4423628,-0.4176701
46132,1.761799,-0.12439,-2.91821,-0.04630357,-0.1320728,-0.1027,10.1853,-0.03830859,-0.9625034,64,9.75,-5.5,78.08714,-86.97612,177.4277,-0.573074,-0.5446281,-0.4448996,-0.4207503
46143,1.761107,-0.1262076,-2.919484,-0.05276174,-0.1385838,-0.09713429,10.03206,-0.004788574,-1.048698,41,11.125,-2,78.0953,-87.07947,177.7054,-0.571548,-0.5440184,-0.4458572,-0.4225971
46155,1.760344,-0.128105,-2.920718,-0.05847686,-0.1455303,-0.0946761,9.797423,0.04788574,-1.039121,18.25,12.375,2.125,77.18272,-87.19502,178.6039,-0.5712466,-0.5444554,-0.445129,-0.423209
46167,1.759479,-0.1302095,-2.922051,-0.06241265,-0.1517658,-0.09609797,9.514897,0.1676001,-0.8810977,-1.25,13,5.875,75.47861,-87.3437,-179.9796,-0.5719181,-0.5459925,-0.4428115,-0.4227529
46179,1.758653,-0.1322652,-2.923354,-0.06334078,-0.157631,-0.09993524,9.328143,0.3687202,-0.7949033,-10.5,12,7.375,74.0528,-87.47633,-178.9458,-0.5729655,-0.5479296,-0.4401408,-0.4216157
46190,1.757838,-0.1344218,-2.924728,-0.0621661,-0.1644851,-0.1048091,9.251526,0.5411089,-0.7996919,-10.375,10.375,8.25,72.93472,-87.58233,-178.2212,-0.5740674,-0.5498018,-0.4376396,-0.4202812
46202,1.757077,-0.1366534,-2.926148,-0.05875015,-0.1724189,-0.1096786,9.246737,0.7374405,-0.8236348,0.375,9.25,6.875,72.99071,-87.66737,-178.5264,-0.5745556,-0.5511949,-0.4361545,-0.419332
46213,1.756343,-0.1390993,-2.927684,-0.05447023,-0.1813811,-0.1138915,9.308989,0.8140576,-0.8523662,24,7.75,2.5,74.84852,-87.73031,179.6759,-0.5737563,-0.5515586,-0.4365856,-0.4194996
46225,1.75567,-0.1414976,-2.929162,-0.05331139,-0.189919,-0.1170708,9.366451,0.6081489,-0.9241948,41.5,6.375,-0.875,76.87137,-87.75755,177.932,-0.5722988,-0.5509344,-0.4382091,-0.4206167
46236,1.754949,-0.1440519,-2.930716,-0.05591568,-0.1981956,-0.120546,9.347297,0.3160459,-0.967292,40.25,5.625,-0.625,77.65554,-87.76804,177.4172,-0.5711371,-0.5500747,-0.4396077,-0.4218594
46247,1.754167,-0.1467372,-2.932333,-0.06011462,-0.2064774,-0.1243571,9.323354,0.191543,-0.9912349,23.25,5.625,2.75,76.79892,-87.77701,178.3244,-0.5710413,-0.5497923,-0.4396579,-0.4223046
46259,1.753339,-0.1495892,-2.934022,-0.0624311,-0.2148785,-0.1272558,9.399971,0.3304116,-0.9481377,12.5,6.125,4.25,76.0047,-87.80011,179.0266,-0.5713905,-0.5501395,-0.4389812,-0.4220841
46270,1.752559,-0.1524153,-2.935655,-0.0614438,-0.2226483,-0.1286699,9.510109,0.5746289,-0.8619434,17.75,5.625,2.25,76.883,-87.8285,178.1266,-0.5712064,-0.5504914,-0.43893,-0.4219277
46282,1.751787,-0.1554144,-2.93732,-0.05939071,-0.2308767,-0.1281757,9.658554,0.6704004,-0.8667319,32.75,4.5,-1.125,79.27727,-87.8397,175.9057,-0.5701531,-0.550243,-0.440143,-0.4224126
46293,1.751005,-0.1585393,-2.938953,-0.05991761,-0.2394753,-0.1251351,9.850098,0.4980117,-0.9529263,46.125,3.875,-4.625,82.05534,-87.82696,173.478,-0.5684746,-0.5492772,-0.4423505,-0.423624
46305,1.750178,-0.1617452,-2.940512,-0.06402928,-0.2480582,-0.1206096,9.965023,0.2394287,-1.034332,46.625,4.375,-6.375,84.27075,-87.8091,171.6174,-0.5668671,-0.5481951,-0.4444927,-0.4249354
46316,1.749254,-0.1651043,-2.942043,-0.07073026,-0.2571073,-0.1172,9.874041,0.06225147,-1.106161,35.125,5.875,-6,85.65984,-87.80127,170.4373,-0.5658827,-0.5475901,-0.4457503,-0.4257094
46328,1.748238,-0.1685624,-2.943563,-0.0780949,-0.2659202,-0.1169328,9.634611,0.009577149,-1.091795,15.375,7.625,-4.125,86.27444,-87.81914,169.7738,-0.5658848,-0.5479631,-0.4455334,-0.4254537
46339,1.747139,-0.1721413,-2.945139,-0.08422683,-0.2741051,-0.1206437,9.332932,0.09577148,-1.000812,-2.375,8.375,-2.375,86.7423,-87.85643,169.0245,-0.566698,-0.5492929,-0.4440883,-0.4241655
46350,1.746017,-0.1757517,-2.946786,-0.08751713,-0.2816629,-0.1284948,9.007308,0.3016802,-0.8906748,-15.125,8.125,-1,87.68816,-87.89717,167.638,-0.568001,-0.5513281,-0.4419244,-0.4220368
46362,1.744871,-0.1795628,-2.948603,-0.08718743,-0.2899528,-0.138229,8.878016,0.6033604,-0.8427891,-15.125,7.5,-1.5,90.20854,-87.92058,164.6649,-0.5691318,-0.5536054,-0.4399853,-0.419551
46373,1.743782,-0.183454,-2.950522,-0.0836004,-0.2987469,-0.147389,8.911537,0.8858863,-0.8140576,1.25,5.75,-4.375,94.70643,-87.89522,159.932,-0.569248,-0.5552471,-0.4395539,-0.4176721
46385,1.742734,-0.1874682,-2.952544,-0.08023235,-0.3072483,-0.1547347,9.050406,0.8954634,-0.7996919,23.125,4,-7.625,99.76837,-87.82346,154.9205,-0.5682681,-0.5558338,-0.4407614,-0.4169527
46396,1.741723,-0.191494,-2.954571,-0.07909215,-0.3150346,-0.1586092,9.308989,0.7565947,-0.8188462,41.125,2.5,-11.125,104.4583,-87.71535,150.5119,-0.5665013,-0.5554724,-0.4432011,-0.4172524
46408,1.740666,-0.1957271,-2.956645,-0.08067874,-0.3231359,-0.1582997,9.634611,0.5889946,-0.9050406,50,0.75,-12.25,108.0035,-87.57602,147.372,-0.5644854,-0.554409,-0.4462813,-0.4181148
46419,1.73957,-0.2000369,-2.958671,-0.08431168,-0.3314674,-0.1558593,9.797423,0.4644917,-0.9864463,48.375,-0.125,-10.75,110.0823,-87.43953,145.6744,-0.5628189,-0.5531619,-0.4490899,-0.4190046
46431,1.738327,-0.2047634,-2.960823,-0.08934981,-0.3397177,-0.1546657,9.696863,0.3830859,-0.9720806,39.25,-1.125,-7.875,110.9801,-87.31446,145.058,-0.5617662,-0.5520553,-0.451246,-0.4195602
46443,1.73711,-0.209281,-2.962861,-0.09337749,-0.3468169,-0.1564744,9.4718,0.4261831,-0.9194063,31,-2.5,-5.375,111.1782,-87.20361,145.0143,-0.561331,-0.5512888,-0.4526517,-0.4196363
46454,1.735849,-0.213912,-2.964972,-0.0962057,-0.3532963,-0.1610408,9.261103,0.5075889,-0.8571548,27.625,-4.5,-3.75,111.0397,-87.08288,145.2634,-0.5611718,-0.5505791,-0.4538708,-0.4194643
46466,1.734568,-0.2185725,-2.967141,-0.09872372,-0.3591075,-0.1671103,9.141388,0.5219546,-0.8236348,30.625,-7,-3.5,110.6195,-86.94225,145.8308,-0.5610018,-0.549589,-0.4553511,-0.4193856
46478,1.733194,-0.2234782,-2.969489,-0.1020613,-0.3643587,-0.1743919,9.06956,0.4597031,-0.8044805,35.625,-9.625,-3.75,109.8214,-86.77602,146.849,-0.5607493,-0.5481164,-0.4572788,-0.4195532
46489,1.731862,-0.2281178,-2.971767,-0.1057212,-0.3683693,-0.1808653,9.098291,0.4070288,-0.775749,38.75,-12.25,-4.25,108.8926,-86.60107,148.0222,-0.5604927,-0.5464483,-0.4593392,-0.4198212
46500,1.730446,-0.2329246,-2.974166,-0.1095705,-0.3719511,-0.1856368,9.241948,0.4022402,-0.7805376,42.25,-15,-5.875,108.0544,-86.38622,149.1571,-0.5601271,-0.5444729,-0.4618624,-0.4201074
46512,1.728959,-0.2377993,-2.976612,-0.1144264,-0.375093,-0.1881874,9.414337,0.3352002,-0.8140576,47.875,-17.5,-8.25,107.3334,-86.13416,150.2498,-0.5595517,-0.5421017,-0.4649399,-0.4205456
46523,1.72735,-0.242813,-2.979138,-0.1211817,-0.3774541,-0.190194,9.462223,0.2011201,-0.8284234,47.375,-19.25,-10.25,106.6271,-85.85835,151.3305,-0.5590476,-0.539614,-0.4681341,-0.4208717
46535,1.725688,-0.2477242,-2.981633,-0.128264,-0.3790955,-0.1925914,9.428702,0.1628115,-0.8284234,39.75,-20.125,-10.75,106.0012,-85.58504,152.223,-0.5589361,-0.5375553,-0.470791,-0.4206907
46546,1.723981,-0.2525673,-2.98412,-0.1340123,-0.3802399,-0.1952728,9.399971,0.2633716,-0.8140576,34.375,-20.625,-11.625,105.7551,-85.30664,152.663,-0.5589626,-0.5359149,-0.4731849,-0.4200622
46557,1.722162,-0.2575297,-2.986704,-0.1395325,-0.3807299,-0.1982567,9.380817,0.3016802,-0.7996919,35.75,-21.125,-14.375,105.9591,-85.00546,152.6761,-0.5587465,-0.534315,-0.4758953,-0.4193251
46569,1.720224,-0.2625492,-2.989373,-0.146731,-0.3800041,-0.2020692,9.328143,0.1867544,-0.7709605,35.75,-21.375,-17,106.3162,-84.7011,152.541,-0.5584276,-0.5327667,-0.4786775,-0.4185524
46580,1.718243,-0.2673835,-2.992014,-0.1548585,-0.3779466,-0.2064872,9.280257,0.1005601,-0.7182862,29,-21.375,-18.5,106.721,-84.41818,152.2663,-0.5583505,-0.5316967,-0.4809273,-0.4174354
46592,1.716142,-0.2722409,-2.994756,-0.1621224,-0.3747391,-0.2115016,9.241948,0.1867544,-0.6512461,23.25,-21.375,-19.875,107.4102,-84.13277,151.6346,-0.5583529,-0.531108,-0.4829262,-0.4158711
46603,1.713891,-0.2772019,-2.997657,-0.1681241,-0.3705816,-0.2167331,9.23716,0.3256231,-0.6033604,25.5,-21.75,-22.875,108.5689,-83.81654,150.566,-0.5579644,-0.5306312,-0.4853668,-0.4141563
46615,1.711715,-0.2817868,-3.000441,-0.1737297,-0.3660918,-0.2222461,9.189274,0.3591431,-0.584206,33.375,-21.75,-26.5,109.9325,-83.50321,149.3874,-0.5570143,-0.5299643,-0.4882876,-0.4128537
46626,1.709361,-0.2865068,-3.003438,-0.1798713,-0.3605501,-0.2289426,9.122234,0.3735088,-0.5506861,41.375,-21.75,-29.875,111.565,-83.16018,148.0547,-0.5554196,-0.5290075,-0.4919736,-0.4118524
46637,1.706891,-0.2912069,-3.006581,-0.1861751,-0.3542992,-0.2369621,9.031251,0.4118174,-0.5267432,50.5,-21.125,-33.75,113.4864,-82.79524,146.5609,-0.553064,-0.5277717,-0.4964355,-0.4112531
46649,1.704398,-0.2956878,-3.009748,-0.1935703,-0.3480032,-0.2459047,8.945057,0.3639317,-0.5458975,59.125,-20.375,-36.875,115.3934,-82.43114,145.1832,-0.5502024,-0.5262089,-0.5013447,-0.4111386
46660,1.701792,-0.3000433,-3.01301,-0.2040262,-0.3409865,-0.2553877,8.916326,0.1628115,-0.5458975,53.625,-19.375,-37,116.9762,-82.10221,144.0577,-0.5476781,-0.5248749,-0.5056399,-0.4109544
46672,1.69897,-0.3044252,-3.01646,-0.2152088,-0.3341647,-0.2631709,9.059982,0.1963315,-0.6177261,37.875,-17.5,-34.5,118.3645,-81.79685,142.9319,-0.5458846,-0.5243645,-0.5088565,-0.4100207
46683,1.696043,-0.3087118,-3.019972,-0.22435,-0.3285263,-0.2691353,9.17012,0.4213945,-0.7134976,25.5,-14.875,-31.25,119.6766,-81.51696,141.7174,-0.5446349,-0.5246403,-0.5111464,-0.4084786
46695,1.692796,-0.3131734,-3.023819,-0.2346739,-0.3224924,-0.2780895,8.983365,0.4022402,-0.7039204,14,-11.5,-27.125,120.8395,-81.29645,140.498,-0.5439462,-0.525627,-0.5123503,-0.4066153
46707,1.689592,-0.3172955,-3.027594,-0.2452575,-0.3155003,-0.2889186,8.820554,0.3399888,-0.5937832,-1,-8.25,-23.375,121.813,-81.17314,139.2744,-0.5440039,-0.527485,-0.5120593,-0.4044932
46719,1.686273,-0.3213459,-3.031521,-0.2529335,-0.308675,-0.2992521,8.839708,0.6033604,-0.5650518,-11.5,-4.625,-21.25,123.0318,-81.07768,137.6645,-0.5442752,-0.5302666,-0.5109688,-0.4018615
46730,1.682959,-0.3252608,-3.035511,-0.2562548,-0.3026867,-0.3084914,8.873228,0.9864463,-0.5554746,-4.25,-1.625,-21.875,124.6663,-80.96139,135.7369,-0.5437676,-0.5330189,-0.5104601,-0.3995473
46742,1.679485,-0.32925,-3.039795,-0.2578291,-0.2960611,-0.3179841,8.86844,1.173201,-0.483646,20.75,0.75,-25,126.7928,-80.8129,133.6439,-0.5415884,-0.534821,-0.5116427,-0.3985852
46753,1.676185,-0.3328996,-3.043908,-0.2610857,-0.2887785,-0.325414,9.00252,1.087006,-0.4213945,48.375,1.75,-29,128.9267,-80.65809,131.8946,-0.5381067,-0.5351242,-0.5144305,-0.399305
46764,1.672719,-0.3365131,-3.048171,-0.2689254,-0.2803609,-0.3307227,9.218005,0.8044805,-0.4070288,72.125,2.125,-33.25,131.062,-80.49601,130.4637,-0.5334293,-0.5340411,-0.5186816,-0.4015254
46776,1.669058,-0.3400656,-3.052523,-0.2814164,-0.2730957,-0.3345771,9.356874,0.5315318,-0.5506861,81.625,2.5,-34.875,132.9563,-80.33665,129.4091,-0.5284439,-0.5321307,-0.5234788,-0.4044181
46787,1.665096,-0.3436117,-3.056985,-0.2986466,-0.2672696,-0.3363265,9.543629,0.2681602,-0.7134976,75.75,3.875,-33,134.5405,-80.22243,128.6075,-0.5239432,-0.5301805,-0.5276998,-0.4073389
46799,1.661051,-0.3469293,-3.061245,-0.3186446,-0.2613699,-0.3355891,9.768692,0.03830859,-0.7182862,57.625,5.125,-29.125,135.7927,-80.18943,127.8742,-0.5207515,-0.5291012,-0.5302094,-0.4095702
46810,1.656628,-0.3502372,-3.065558,-0.3406394,-0.2547336,-0.3321578,9.993754,-0.04309717,-0.6799775,33.5,5.375,-24.25,136.835,-80.22042,127.0465,-0.5189155,-0.5292002,-0.5309365,-0.4108289
46822,1.651897,-0.3534923,-3.069834,-0.3621156,-0.2491479,-0.327251,10.08953,0.03352002,-0.742229,6.625,5.25,-18,137.5757,-80.29874,126.1657,-0.518719,-0.5306063,-0.5297656,-0.4107749
46833,1.646966,-0.3566468,-3.073984,-0.3820325,-0.2444161,-0.3216121,10.13262,0.1436572,-0.7709605,-14.375,5.5,-11.875,138.0765,-80.42345,125.2514,-0.5198128,-0.5329975,-0.527072,-0.4097603
46844,1.641722,-0.3597553,-3.078092,-0.4012922,-0.2378567,-0.3142995,10.26191,0.2011201,-0.6129375,-28.75,4,-6.875,138.4026,-80.59497,124.3119,-0.5218607,-0.5360814,-0.5231817,-0.4081165
46856,1.636261,-0.3627455,-3.082057,-0.4200264,-0.2299944,-0.3049938,10.42473,0.225063,-0.4980117,-33.125,1,-5.25,138.5507,-80.76371,123.4916,-0.5242973,-0.5392179,-0.5190352,-0.4061514
46867,1.630539,-0.3656453,-3.085899,-0.4378572,-0.2218847,-0.293968,10.54444,0.3016802,-0.4692803,-28.25,-3.5,-6.25,138.4896,-80.87941,122.9361,-0.5266742,-0.5418889,-0.5154671,-0.4040601
46879,1.62469,-0.3683908,-3.089516,-0.4563105,-0.2142032,-0.2822505,10.62106,0.2298516,-0.5075889,-16.625,-7.75,-8.75,138.1795,-80.93957,122.7892,-0.5286549,-0.543612,-0.5129957,-0.4023001
46890,1.618407,-0.3710944,-3.093053,-0.4782075,-0.2057742,-0.2691787,10.7312,0,-0.5219546,-8,-11.875,-11,137.5506,-80.97165,123.0619,-0.5305471,-0.544583,-0.5111988,-0.4007806
46902,1.611863,-0.3736447,-3.09637,-0.5024625,-0.1958149,-0.2547195,10.87964,-0.2106973,-0.4644917,-6.625,-15.5,-12.125,136.6774,-80.99244,123.5983,-0.5325873,-0.5452347,-0.509578,-0.3992496
46913,1.604962,-0.376054,-3.099485,-0.5292732,-0.1847885,-0.2388587,11.01372,-0.4118174,-0.4597031,-5.125,-19.625,-15.375,135.5953,-80.96867,124.3621,-0.5347132,-0.5456104,-0.5083125,-0.3975042
46925,1.597798,-0.3782793,-3.102336,-0.55902,-0.1736326,-0.2224754,11.1047,-0.675189,-0.5315318,-6.125,-23.25,-19.125,134.3229,-80.89999,125.3106,-0.5370077,-0.5458218,-0.5072782,-0.3954366
46936,1.590049,-0.3803908,-3.105029,-0.5924767,-0.1614385,-0.2058944,11.12386,-0.9289834,-0.5698403,-19.375,-26.25,-20.25,132.7739,-80.81703,126.356,-0.5401928,-0.54653,-0.5054638,-0.3924322
46948,1.581854,-0.3823239,-3.107514,-0.62828,-0.1482025,-0.1905049,11.06161,-1.154046,-0.5889946,-46.75,-29.25,-18.5,130.8698,-80.74886,127.3996,-0.5449649,-0.5484181,-0.5018311,-0.3878356
46959,1.572649,-0.3841824,-3.109965,-0.6648611,-0.1342347,-0.1770062,10.84133,-1.096583,-0.641669,-74.375,-31.625,-16.25,128.5958,-80.6676,128.375,-0.5515542,-0.5517759,-0.4961087,-0.3810612
46971,1.563558,-0.3857724,-3.11215,-0.695807,-0.121701,-0.1672868,10.57317,-0.8619434,-0.6895547,-91.25,-33.75,-14.25,126.3376,-80.56302,129.1841,-0.5585704,-0.5556809,-0.4896899,-0.3733922
46983,1.554065,-0.3872007,-3.114261,-0.7238883,-0.1089242,-0.1609425,10.29065,-0.6895547,-0.675189,-95.25,-35.625,-13.125,124.0357,-80.43486,129.976,-0.5657661,-0.5596565,-0.4829991,-0.365247
46994,1.544321,-0.3884448,-3.1163,-0.751023,-0.09588134,-0.1571586,10.09431,-0.6847661,-0.6991318,-93.875,-38,-12.375,121.6153,-80.29037,130.9183,-0.5729274,-0.5632214,-0.4764317,-0.3571397
47006,1.533864,-0.3895567,-3.118364,-0.7785914,-0.08279152,-0.1536773,10.04643,-0.6560347,-0.8092691,-95.5,-39.875,-10,118.8951,-80.13006,132.0849,-0.5805907,-0.5666183,-0.4694227,-0.3485694
47017,1.523723,-0.3904536,-3.120244,-0.8032601,-0.07104135,-0.1489352,10.13741,-0.5506861,-0.9241948,-99.5,-40.875,-5.25,116.1319,-79.98804,133.3331,-0.5881259,-0.5696713,-0.4623425,-0.3403262
47029,1.513026,-0.3912291,-3.122076,-0.827882,-0.06002074,-0.1417843,10.28586,-0.4788574,-1.096583,-103.625,-40.25,0.25,113.0964,-79.86795,134.7623,-0.5961486,-0.5726777,-0.4544719,-0.3318169
47040,1.501949,-0.3918749,-3.123813,-0.8522012,-0.04968417,-0.1336433,10.33374,-0.4453374,-1.240241,-106.375,-38.625,5.375,109.8876,-79.78052,136.318,-0.6043808,-0.5755864,-0.4459567,-0.3233373
47052,1.490324,-0.3924096,-3.125479,-0.8753391,-0.04025594,-0.1253749,10.29543,-0.3304116,-1.355167,-110,-36.625,11.5,106.4557,-79.7282,138.0094,-0.6129437,-0.5785228,-0.4365406,-0.3147122
47063,1.478747,-0.3928337,-3.127016,-0.8935024,-0.03272996,-0.1186767,10.1422,-0.0191543,-1.383898,-107.875,-35.375,16.75,103.1075,-79.68431,139.6812,-0.6210904,-0.5811977,-0.4272167,-0.3064995
47074,1.467206,-0.3931692,-3.12848,-0.906087,-0.02634596,-0.1148906,9.888406,0.3208345,-1.297704,-84.875,-36.25,18.5,99.98671,-79.60509,141.4406,-0.6280921,-0.5827515,-0.4195784,-0.2997586
47086,1.455251,-0.3934348,-3.129944,-0.9171848,-0.02037405,-0.1123415,9.768692,0.4118174,-1.326435,-44.25,-38.375,15,97.03692,-79.44346,143.5276,-0.6337072,-0.5823615,-0.414822,-0.2952849
47097,1.442991,-0.3936235,-3.131398,-0.9281484,-0.01428957,-0.1100746,9.735171,0.3878745,-1.393475,8,-40.875,8.75,94.40842,-79.18134,145.9765,-0.637455,-0.5794641,-0.4140474,-0.2940019
47109,1.430968,-0.3937117,-3.132795,-0.9399735,-0.00689475,-0.1092263,9.644189,0.191543,-1.407841,42.75,-42.625,6.25,91.98862,-78.88969,148.6706,-0.6399568,-0.5749673,-0.4156393,-0.2951472
47120,1.430968,-0.3937117,-3.132795,0,0,0,9.601091,-0.1628115,-1.412629,47.75,-43.625,10.5,89.22361,-78.62014,151.7778,-0.6426551,-0.56986,-0.4170404,-0.2972058
47133,1.430968,-0.3937117,-3.132795,0,0,0,9.692075,-0.3735088,-1.474881,15.875,-43.375,23.25,85.43999,-78.38909,155.4713,-0.6474559,-0.5653744,-0.4151521,-0.2979957
47144,1.430968,-0.3937117,-3.132795,0,0,0,9.821366,-0.1532344,-1.628115,-23.375,-41.375,36.125,81.72193,-78.20865,158.5972,-0.6533043,-0.5629987,-0.4102702,-0.2964866
47155,1.430968,-0.3937117,-3.132795,0,0,0,9.926715,0.3112573,-1.776561,-54.375,-37.125,48.5,77.70354,-78.05276,161.5802,-0.660415,-0.5620517,-0.4025599,-0.2930795
47167,1.430968,-0.3937117,-3.132795,0,0,0,9.850098,0.6368804,-1.81487,-65.5,-31.875,56.625,73.57392,-77.93199,164.4873,-0.6678177,-0.5618643,-0.3933801,-0.2891025
47178,1.430968,-0.3937117,-3.132795,0,0,0,9.601091,0.8667319,-1.78135,-66.75,-26.125,62.875,69.31637,-77.85242,167.4497,-0.6751364,-0.5620896,-0.3832654,-0.285226
47190,1.430968,-0.3937117,-3.132795,0,0,0,9.37124,1.096583,-1.704732,-63,-21.125,68,65.4223,-77.81375,170.1818,-0.6813977,-0.5624982,-0.3737603,-0.2821284
47202,1.430968,-0.3937117,-3.132795,0,0,0,9.179697,1.321646,-1.561075,-52,-17.125,72.375,61.39893,-77.80547,173.1252,-0.6871715,-0.5628406,-0.3642135,-0.2799184
47213,1.430968,-0.3937117,-3.132795,0,0,0,8.801399,1.254606,-1.336012,-39.75,-14.875,75.5,57.48529,-77.81449,176.1631,-0.6920132,-0.5628954,-0.3555558,-0.2790099
47226,1.430968,-0.3937117,-3.132795,0,0,0,8.380005,0.9146177,-1.182778,-36.75,-13.5,78.5,52.69632,-77.8098,-179.9967,-0.6973382,-0.5627761,-0.3453956,-0.2787549
47238,1.43106,-0.3937074,-3.133042,0.007156169,0.0003357689,-0.01915738,8.09269,0.5698403,-1.168412,-46.875,-12.375,79.875,48.19275,-77.75699,-176.4677,-0.7024066,-0.5629078,-0.33534,-0.2780414
47250,1.431243,-0.393693,-3.133653,0.01330723,0.001047986,-0.04451212,7.738336,0.3591431,-1.130104,-65.375,-10.875,79.125,43.40905,-77.65692,-172.9733,-0.7082267,-0.5637892,-0.323257,-0.2757931
47261,1.431536,-0.3937069,-3.134598,0.0225949,-0.001070607,-0.07277614,7.436656,0.6225147,-1.039121,-82.375,-10,77.125,39.3918,-77.54649,-170.4006,-0.7137839,-0.5655482,-0.3111695,-0.2717376
47273,1.43201,-0.3938173,-3.135963,0.03594895,-0.008379546,-0.1036086,7.28821,1.043909,-1.072641,-93.625,-9,74.75,35.9649,-77.42723,-168.5953,-0.7193081,-0.5679977,-0.2988082,-0.2658722
47284,1.432683,-0.3940765,-3.137709,0.05245233,-0.02020425,-0.1361185,7.115821,1.455727,-1.072641,-95.875,-7.625,72.5,33.20403,-77.33041,-167.4493,-0.7242644,-0.5707502,-0.2872022,-0.2592301
47295,1.433653,-0.3945552,-3.139918,0.0746889,-0.03687593,-0.170143,7.082302,1.987258,-0.9625034,-80.75,-6.125,67.125,31.17406,-77.30103,-166.8614,-0.7281098,-0.5736414,-0.2772962,-0.2527818
47307,1.434964,-0.3953113,-3.142493,0.1012609,-0.05839963,-0.1989339,7.503696,2.456539,-1.019966,-44.25,-4.875,58.625,29.895,-77.32198,-166.543,-0.7303584,-0.5758175,-0.2707392,-0.2484171
47318,1.436647,-0.3964004,-3.145322,0.1293846,-0.08369468,-0.2173666,8.289022,2.681602,-1.283338,15.5,-1.625,46.375,29.27596,-77.3928,-166.0958,-0.7304618,-0.5765805,-0.2689999,-0.248233
47330,1.438689,-0.3977467,-3.148257,0.1572824,-0.1036992,-0.2260363,9.064771,2.322459,-1.177989,74.5,1.25,33,28.98103,-77.55415,-165.1779,-0.7282705,-0.5761423,-0.2716523,-0.2527591
47341,1.441054,-0.399218,-3.15128,0.1808604,-0.1125462,-0.231252,9.356874,1.422207,-0.8763091,102.5,1.625,23.875,28.52288,-77.76375,-163.6964,-0.7249016,-0.5750328,-0.2760939,-0.2600521
47353,1.443612,-0.400684,-3.15433,0.1966163,-0.1126734,-0.2344092,9.4718,0.4788574,-0.8236348,70.5,0.5,26.75,27.25491,-77.9077,-161.813,-0.7228512,-0.5743587,-0.2774837,-0.2657086
47364,1.446297,-0.4021367,-3.157351,0.2084224,-0.1127778,-0.2345428,9.648977,0.1963315,-1.039121,2.625,0.375,36.5,25.30335,-77.95364,-160.135,-0.7233927,-0.5751652,-0.2735785,-0.2665386
47376,1.449227,-0.4036893,-3.160393,0.2238145,-0.1185834,-0.2322989,9.845308,0.6225147,-1.158835,-64.125,1.625,46.125,23.06395,-77.96848,-159.0673,-0.7261088,-0.5779216,-0.2647874,-0.2620311
47387,1.452446,-0.4054169,-3.163411,0.2454728,-0.1317681,-0.2301936,9.893194,1.321646,-1.139681,-96.875,2.5,51,20.98338,-78.00338,-158.6059,-0.7295848,-0.5818012,-0.2539137,-0.2544435
47399,1.456068,-0.4074505,-3.166488,0.2725722,-0.1530052,-0.2315618,9.682497,2.01599,-1.110949,-106.25,2.75,55,19.1038,-78.05679,-158.5076,-0.7331453,-0.5860488,-0.242434,-0.2455005
47411,1.460122,-0.4098747,-3.169715,0.3004317,-0.1796507,-0.2391367,9.232371,2.332036,-1.144469,-108.25,2.375,61.25,17.11857,-78.08163,-158.372,-0.7368187,-0.5901091,-0.2304065,-0.2361828
47422,1.464414,-0.4126143,-3.172975,0.3245992,-0.2072121,-0.2465737,9.20364,2.231476,-1.283338,-133.875,3.625,74.875,14.31817,-78.02497,-157.7399,-0.7413072,-0.5941422,-0.2155803,-0.2257961
47434,1.468917,-0.4156707,-3.176221,0.3491382,-0.2369834,-0.2516584,9.399971,2.399076,-1.268972,-139.25,5.125,78,11.46472,-77.97902,-157.0774,-0.7454652,-0.5981219,-0.2004824,-0.2152643
47446,1.47441,-0.4195652,-3.179945,0.3817754,-0.2706815,-0.2588294,9.390394,2.609773,-0.8619434,-83.25,2.875,59.875,9.540267,-78.07092,-156.7657,-0.7476627,-0.6017558,-0.1896551,-0.2071749
47458,1.479582,-0.4233374,-3.183337,0.4065248,-0.2964824,-0.2666111,9.232371,2.174013,-0.8763091,-44.5,-0.375,43.5,8.607178,-78.16931,-156.7379,-0.7485945,-0.6040376,-0.1838016,-0.2023902
47469,1.48506,-0.4274795,-3.186888,0.4250445,-0.3213971,-0.275526,9.059982,1.838813,-1.182778,-52.5,-0.25,38,7.869648,-78.23327,-157.0108,-0.7498828,-0.6061802,-0.1776002,-0.1966716
47480,1.490814,-0.4320403,-3.190599,0.4422312,-0.3505349,-0.2852024,8.983365,2.068664,-1.355167,-79.875,3.875,37.75,7.244761,-78.33483,-157.768,-0.7515451,-0.6090573,-0.1695892,-0.1883319
47492,1.49675,-0.4369936,-3.19439,0.4614207,-0.3850217,-0.2946629,9.016886,2.576253,-1.336012,-79.625,7.875,32.875,7.128461,-78.53489,-159.0171,-0.7526199,-0.6123917,-0.1623539,-0.1793909
47503,1.503075,-0.4425672,-3.198384,0.4821672,-0.4248774,-0.3045132,9.00252,2.997648,-1.340801,-39.75,11,20.625,7.985998,-78.84695,-160.7343,-0.7523335,-0.6155721,-0.1590394,-0.172545
47515,1.509554,-0.4485965,-3.202474,0.4992142,-0.4645799,-0.3151542,8.86844,2.968916,-1.522767,8.625,13.875,8.875,9.62071,-79.19706,-162.5775,-0.7508631,-0.6180453,-0.1600677,-0.1691245
47526,1.516247,-0.4551144,-3.206725,0.5135118,-0.5000694,-0.3261482,8.801399,2.638505,-1.527555,46.625,16.625,-0.25,11.67544,-79.58401,-164.3298,-0.7483784,-0.6200856,-0.1642166,-0.1686908
47538,1.523044,-0.4619231,-3.211079,0.5260319,-0.5269099,-0.3369232,8.801399,2.063875,-1.326435,77.875,16.875,-8.5,13.88989,-79.98812,-165.8205,-0.7450836,-0.6216812,-0.1706698,-0.1709817
47549,1.530008,-0.469059,-3.215582,0.5331885,-0.5463901,-0.344773,8.978577,1.393475,-1.441361,93.75,14.875,-17.5,16.34063,-80.33942,-167.3107,-0.741618,-0.6225947,-0.1784919,-0.1746981
47560,1.536938,-0.4763588,-3.220107,0.5326078,-0.5610092,-0.3477588,9.265891,0.8188462,-1.819658,84.375,13.5,-22.75,18.80231,-80.5956,-168.9228,-0.7387399,-0.6230705,-0.1855858,-0.1777762
47572,1.543767,-0.483797,-3.224658,0.5266086,-0.5736223,-0.3510108,9.189274,0.5267432,-2.08303,53.875,13.875,-21.375,20.97595,-80.7839,-170.6425,-0.7367881,-0.6237545,-0.190151,-0.1786511
47583,1.550452,-0.4913338,-3.229267,0.5177777,-0.5837055,-0.3569505,8.964211,0.3016802,-2.121338,3.375,15.625,-14.25,22.37905,-80.94617,-172.2495,-0.7360314,-0.6253192,-0.1903165,-0.1761059
47595,1.557178,-0.4991248,-3.233932,0.5123811,-0.593509,-0.3553413,9.586726,0.4453374,-1.925007,-53.25,15.875,-1.75,22.85232,-81.13751,-173.6858,-0.7363455,-0.628215,-0.1853651,-0.1696502
47606,1.563815,-0.5070056,-3.238425,0.508873,-0.604262,-0.344473,10.3098,0.6177261,-1.905853,-91.5,12.5,7.375,22.69036,-81.29019,-174.9883,-0.7376192,-0.6315068,-0.1770421,-0.1605405
47618,1.570396,-0.5150394,-3.242714,0.5054938,-0.6171343,-0.3295156,10.61627,0.8236348,-1.98247,-82,9.375,2.625,23.1181,-81.40244,-176.7501,-0.7387411,-0.6343238,-0.1699664,-0.1516787
47629,1.576842,-0.5231342,-3.246731,0.5021437,-0.6305342,-0.3129063,10.75514,0.9433491,-2.001624,-46.375,7.125,-8.625,24.59928,-81.48599,-179.0786,-0.7391129,-0.6363677,-0.1665191,-0.1449817
47641,1.583331,-0.5314783,-3.250535,0.4968417,-0.6388507,-0.2912019,11.12386,0.584206,-1.996835,-13.125,5,-18,26.56581,-81.54117,178.5413,-0.7389199,-0.6377253,-0.1658996,-0.140646
47652,1.589676,-0.5397925,-3.253998,0.4878145,-0.6392637,-0.2662885,11.37765,-0.02394287,-2.035144,-4.25,2.125,-22,28.28774,-81.54867,176.5337,-0.7388211,-0.6385906,-0.1658111,-0.1373032
47664,1.596229,-0.5485265,-3.257382,0.4722622,-0.6293876,-0.2438238,11.08076,-0.8284234,-2.087818,-26.125,-2.75,-22.375,29.30129,-81.47426,174.9212,-0.7396689,-0.6392421,-0.1634818,-0.1324136
47676,1.602182,-0.5565789,-3.260386,0.4552115,-0.6157704,-0.2297581,10.53965,-1.163624,-2.087818,-71.75,-7.375,-18,29.42282,-81.3395,173.6385,-0.7416661,-0.6400502,-0.1573445,-0.1245387
47687,1.607937,-0.5645358,-3.263263,0.4401705,-0.6085575,-0.2200616,10.1853,-0.5937832,-2.145281,-127.875,-12.125,-7.875,29.05042,-81.13545,172.1008,-0.7448462,-0.6411874,-0.1467058,-0.1120727
47699,1.613507,-0.5724985,-3.266052,0.4278271,-0.6116669,-0.2142065,9.854886,0.2873144,-2.231476,-164,-15.625,5.5,28.24628,-80.87933,170.5102,-0.7486475,-0.6422466,-0.1330405,-0.09667767
47711,1.619079,-0.5808393,-3.268945,0.4146544,-0.6207372,-0.2152682,9.285046,0.7470176,-2.336824,-190.75,-17.875,24,26.23589,-80.58907,169.6641,-0.7530282,-0.642873,-0.1156693,-0.07926906
47722,1.624117,-0.5887336,-3.271752,0.4025592,-0.6306803,-0.2242874,8.638588,0.8954634,-2.260207,-203.125,-18.625,38.625,23.45863,-80.33342,169.6074,-0.7570148,-0.6430193,-0.0975108,-0.0628207
47733,1.629255,-0.5971494,-3.274868,0.3942295,-0.6457811,-0.2391187,8.250713,1.345589,-1.944161,-179,-20.625,42,20.88121,-80.078,169.5356,-0.7604247,-0.6426737,-0.08046862,-0.04743061
47745,1.634312,-0.6057712,-3.278177,0.3899172,-0.6648534,-0.2551666,8.178885,1.723887,-1.685578,-105.5,-26.25,33.75,19.32494,-79.76865,169.4083,-0.7631598,-0.6413318,-0.06989783,-0.03734912
47756,1.639448,-0.6148427,-3.281788,0.3859743,-0.6816601,-0.2713579,8.207617,1.527555,-1.671212,-19.75,-32.625,21.75,18.38084,-79.35591,169.7796,-0.7658284,-0.6387196,-0.06629657,-0.03389549
47768,1.644394,-0.6238044,-3.285497,0.3822316,-0.6926096,-0.2866459,8.255502,1.101372,-1.685578,38.875,-36.625,14.25,17.60975,-78.90722,170.7653,-0.7683939,-0.6354409,-0.06725629,-0.03552796
47779,1.649224,-0.6327158,-3.289331,0.3787847,-0.6988253,-0.3006847,8.346485,0.7182862,-1.709521,71.5,-38.5,12,16.74528,-78.45432,172.2648,-0.7708546,-0.6318395,-0.07033845,-0.04018015
47790,1.654127,-0.6418637,-3.293402,0.3764359,-0.7022798,-0.3125238,8.552394,0.4692803,-1.704732,88.625,-39,13,15.71879,-78.00676,174.1651,-0.7731916,-0.628055,-0.07439426,-0.04676881
47802,1.659104,-0.6512094,-3.297672,0.3765386,-0.7070386,-0.3230098,8.686474,0.5458975,-1.642481,105.625,-39.125,12.75,14.90755,-77.57001,176.0861,-0.7752393,-0.6241974,-0.07985321,-0.0548194
47813,1.663936,-0.6603004,-3.301929,0.3780802,-0.7114099,-0.333137,8.700839,0.4980117,-1.608961,134,-39.75,9,14.44127,-77.14968,177.9935,-0.7768475,-0.6202174,-0.08741795,-0.06478053
47825,1.668872,-0.6695525,-3.306374,0.3807461,-0.7136209,-0.3428111,8.763091,0.292103,-1.575441,152.75,-39.875,6.375,14.09445,-76.73712,-179.9469,-0.7780759,-0.6159836,-0.09647636,-0.0765145
47836,1.674008,-0.6790858,-3.311035,0.3850331,-0.7146928,-0.3494367,9.026463,0.1676001,-1.570652,154,-39.125,8.375,13.65796,-76.3389,-177.7318,-0.7790017,-0.6116345,-0.1056088,-0.0889184
47847,1.678909,-0.6880688,-3.315454,0.3898746,-0.7146374,-0.3515371,9.356874,0.02873145,-1.623327,141.375,-37.25,13.625,12.99885,-75.98988,-175.5603,-0.7797137,-0.6077212,-0.1128276,-0.09995709
47859,1.684088,-0.6974119,-3.320026,0.3952034,-0.7129936,-0.3489063,9.716018,-0.1723887,-1.704732,122,-33.625,18.75,12.02709,-75.66452,-173.2705,-0.7803382,-0.6040686,-0.1184016,-0.1102468
47870,1.689395,-0.7068458,-3.324572,0.4000821,-0.7111331,-0.3426577,9.960235,-0.2968916,-1.838813,94.875,-28,23.375,10.82682,-75.38505,-171.1024,-0.7809263,-0.601072,-0.1216435,-0.1186153
47882,1.694602,-0.7159759,-3.3289,0.4053409,-0.7106804,-0.3369137,9.936292,-0.2633716,-1.853178,69,-22,26.375,9.592438,-75.1796,-169.2705,-0.7813963,-0.5990108,-0.122797,-0.1246068
47893,1.699876,-0.7250913,-3.333156,0.4122097,-0.7124762,-0.3326969,9.845308,-0.1149258,-1.776561,49,-15.375,26.75,8.43307,-75.06625,-167.7777,-0.781592,-0.5979113,-0.1226553,-0.1287313
47905,1.705398,-0.7344961,-3.337468,0.4211764,-0.7173177,-0.3288521,9.84052,0.1005601,-1.709521,42.75,-9.75,24.5,7.45765,-75.04109,-166.5452,-0.7813667,-0.5975294,-0.1224218,-0.1320516
47916,1.711031,-0.7439271,-3.341726,0.4318228,-0.7230204,-0.3264064,9.77348,0.1771773,-1.570652,43.875,-5.375,20.875,6.670126,-75.09969,-165.4843,-0.7806599,-0.5977173,-0.1226178,-0.1351628
47928,1.717128,-0.7539471,-3.34622,0.4419021,-0.7261885,-0.3257685,9.625034,-0.07661719,-1.513189,38.625,-2.875,18.375,5.799292,-75.19344,-164.3881,-0.779786,-0.5982288,-0.1224664,-0.1380515
47940,1.723017,-0.7634569,-3.350495,0.4489672,-0.7251155,-0.3259417,9.529263,-0.4692803,-1.532344,19.25,-1,18,4.763193,-75.27971,-163.3848,-0.7792123,-0.5990114,-0.1207219,-0.1394265
47952,1.728977,-0.7729226,-3.354795,0.4553031,-0.7230121,-0.3284429,9.347297,-0.5794175,-1.484458,-11.5,0.875,18.5,3.618625,-75.37868,-162.6751,-0.7790132,-0.6003412,-0.1167358,-0.1382092
47963,1.734958,-0.7822985,-3.359112,0.4617248,-0.7238372,-0.333264,9.174909,-0.3687202,-1.484458,-36.375,2.25,19.375,2.550992,-75.49043,-162.3661,-0.7791144,-0.6020697,-0.1111998,-0.1346385
47975,1.741252,-0.7920931,-3.363679,0.4684237,-0.7289807,-0.3398918,9.059982,-0.06225147,-1.532344,-52,3.625,19.875,1.593785,-75.62282,-162.4137,-0.7793685,-0.6041205,-0.1045675,-0.1291854
47986,1.747269,-0.8014194,-3.368083,0.4747352,-0.7358,-0.3474525,8.964211,0.09577148,-1.527555,-53.5,4.5,18.625,0.8260803,-75.76581,-162.614,-0.7795112,-0.60612,-0.09842962,-0.1236628
47997,1.75348,-0.811026,-3.372671,0.4812782,-0.7444657,-0.3555686,8.940269,0.2394287,-1.517978,-43.125,5.25,14.625,0.3114846,-75.94068,-162.9474,-0.7793658,-0.6081337,-0.09333843,-0.1185339
48009,1.759823,-0.8208277,-3.377408,0.4886457,-0.7550196,-0.364896,8.873228,0.4166059,-1.446149,-24,5.375,9.75,0.1349043,-76.15056,-163.3707,-0.7788215,-0.6100795,-0.09009675,-0.1145547
48020,1.766405,-0.830988,-3.382411,0.4951989,-0.7644548,-0.3764328,8.715205,0.3256231,-1.417418,-0.5,5.25,4.5,0.1733842,-76.3749,-163.7004,-0.777921,-0.6118233,-0.08881919,-0.1123492
48032,1.772736,-0.8407701,-3.38734,0.4988495,-0.7707257,-0.3883221,8.605068,0.08140577,-1.503612,12,5.875,0.375,0.2724546,-76.57854,-163.9086,-0.7769582,-0.6132699,-0.08857305,-0.1113143
48043,1.779249,-0.8508585,-3.392535,0.5011781,-0.7763865,-0.3997844,8.638588,0.009577149,-1.570652,16.125,7.375,-2.625,0.4754106,-76.79803,-164.1644,-0.7758714,-0.6147596,-0.08878211,-0.1105082
48055,1.785807,-0.861046,-3.397878,0.5033163,-0.7817909,-0.4100348,8.73436,0,-1.565864,16.5,9.375,-4.5,0.7427623,-77.047,-164.4773,-0.7746243,-0.6164321,-0.08913486,-0.1096522
48066,1.792325,-0.8712076,-3.403266,0.5040286,-0.785831,-0.4166769,8.983365,-0.1245029,-1.661635,9,11.5,-4.375,0.8951325,-77.30031,-164.7705,-0.7734168,-0.6182285,-0.08880623,-0.1083208
48077,1.798894,-0.8814662,-3.408709,0.5035905,-0.7864628,-0.4172881,9.428702,-0.4118174,-1.728675,-9.625,14.375,-2.875,0.7252665,-77.57127,-164.9835,-0.7722781,-0.6203806,-0.08674177,-0.1057844
48089,1.805443,-0.8916925,-3.414118,0.5027509,-0.7850088,-0.4151894,9.634611,-0.5650518,-1.71431,-31.5,16.25,-2.375,0.3863264,-77.85899,-165.3103,-0.7712617,-0.6228687,-0.08293117,-0.1015504
48100,1.811941,-0.9018744,-3.419447,0.5012509,-0.7854579,-0.4111183,9.783057,-0.4118174,-1.786138,-53.75,18.375,-2,0.1065477,-78.16334,-165.9848,-0.7703778,-0.6256298,-0.07762881,-0.09528444
48112,1.818397,-0.912055,-3.424709,0.4999864,-0.7883971,-0.4074388,9.768692,-0.1771773,-1.757407,-65.875,20.625,-1.625,-0.07393162,-78.49834,-166.9153,-0.7694051,-0.6286308,-0.07159141,-0.08782809
48123,1.818397,-0.912055,-3.424709,0,0,0,9.581937,0.02394287,-1.666424,-66,22.5,-2.75,-0.07108256,-78.87318,-168.05,-0.7681732,-0.6318229,-0.06564665,-0.08000296
48136,1.818397,-0.912055,-3.424709,0,0,0,9.366451,0.1197144,-1.652058,-58.25,23.875,-4.75,0.1572191,-79.28886,-169.3816,-0.7666336,-0.6351855,-0.06008829,-0.07212178
48147,1.818397,-0.912055,-3.424709,0,0,0,9.194062,0.0191543,-1.618538,-54.25,25.875,-5.375,0.3298625,-79.70595,-170.5663,-0.7649367,-0.6384649,-0.05489795,-0.06496685
48159,1.818397,-0.912055,-3.424709,0,0,0,9.088714,0.004788574,-1.494035,-49.5,27,-6.75,0.5787834,-80.1301,-171.7241,-0.7630751,-0.6416916,-0.05029979,-0.05846541
48171,1.818344,-0.9120894,-3.424783,-0.004062963,-0.002622031,-0.005655339,9.074348,0.02873145,-1.517978,-38.25,27,-10.875,1.206519,-80.54418,-173.1047,-0.7611511,-0.6447292,-0.04689011,-0.05267457
48183,1.81819,-0.9121842,-3.424921,-0.01106342,-0.006798856,-0.009883126,9.179697,0.158023,-1.676001,-20.75,27.625,-17,2.614413,-80.96558,-175.0625,-0.7590593,-0.647701,-0.04529324,-0.04755112
48195,1.817935,-0.9123472,-3.425073,-0.01917618,-0.01224706,-0.01142899,9.356874,0.3112573,-1.762195,-2.75,29,-20.25,4.486775,-81.36307,-177.2171,-0.7569203,-0.6504414,-0.04549275,-0.04390933
48206,1.817577,-0.9125668,-3.425214,-0.02827514,-0.01735379,-0.0111633,9.486166,0.3447773,-1.829235,11,30.25,-21.125,6.486005,-81.73096,-179.3091,-0.7548001,-0.6529675,-0.04671953,-0.04156531
48217,1.817057,-0.9128526,-3.42536,-0.03996615,-0.02196941,-0.01121522,9.447857,0.3208345,-1.934584,22.75,32.625,-20.375,8.5783,-82.10271,178.6571,-0.7525336,-0.6555115,-0.04872201,-0.04030089
48229,1.81636,-0.9131899,-3.425535,-0.05345633,-0.02589681,-0.01346553,9.275469,0.2873144,-1.977681,30.25,35.125,-18.75,10.62723,-82.47671,176.7645,-0.7501677,-0.6580642,-0.0510805,-0.0398836
48241,1.815478,-0.9135807,-3.425782,-0.06647385,-0.02941982,-0.01860184,9.083925,0.2873144,-1.824447,36.125,37,-17,12.7201,-82.88332,174.9086,-0.747538,-0.6608225,-0.05374262,-0.04015441
48252,1.814484,-0.9139958,-3.4261,-0.07811587,-0.032635,-0.02499996,8.988154,0.3064688,-1.68079,44.75,37.125,-16.25,14.85948,-83.27573,173.1058,-0.7449095,-0.6634607,-0.05685221,-0.04120178
48263,1.813314,-0.9144456,-3.426509,-0.08999445,-0.03459404,-0.03141081,9.012096,0.225063,-1.604172,57.875,35.5,-17.125,17.20724,-83.65047,171.2747,-0.7422507,-0.6659261,-0.06099775,-0.04342413
48275,1.811975,-0.9148842,-3.426982,-0.1032029,-0.03381524,-0.03651742,9.117445,0.01436572,-1.628115,64.625,33.75,-17.5,19.43167,-83.98819,169.6556,-0.73975,-0.6680794,-0.06546567,-0.04641162
48286,1.81045,-0.9153378,-3.427483,-0.1177475,-0.03501252,-0.03867448,9.33772,0.1628115,-1.723887,63.5,32.75,-15.25,21.72289,-84.28965,167.9518,-0.7374166,-0.6700105,-0.06978488,-0.04932388
48298,1.808722,-0.9158703,-3.427989,-0.1321665,-0.04071946,-0.03868249,9.500531,0.517166,-1.728675,67.125,31.875,-10.875,24.15532,-84.57249,166.1544,-0.7351118,-0.6718023,-0.07436082,-0.05256104
48309,1.806824,-0.9164908,-3.428477,-0.1459915,-0.0477371,-0.03751882,9.596303,0.6368804,-1.676001,96.125,30.5,-14.625,27.41788,-84.8139,163.9017,-0.7326515,-0.6732269,-0.08152296,-0.05780526
48321,1.804783,-0.9171775,-3.428972,-0.1561703,-0.05253477,-0.03785635,9.514897,0.5411089,-1.321646,150.625,25.375,-26.125,32.30441,-84.98007,160.7493,-0.7297348,-0.6739649,-0.09376533,-0.06683204
48332,1.802637,-0.9177826,-3.429531,-0.1671252,-0.04713198,-0.04354193,9.1366,-0.2442173,-1.139681,173.875,19.125,-33.125,36.64603,-85.07363,158.4171,-0.7269086,-0.6738089,-0.1073826,-0.07781017
48343,1.80031,-0.9182229,-3.430209,-0.1783525,-0.03374128,-0.05198936,8.969,-0.8332119,-0.9241948,146.75,12.375,-31.25,39.53067,-85.14882,157.2221,-0.7245468,-0.673327,-0.1183979,-0.08743385
48355,1.79784,-0.9184911,-3.430963,-0.1888583,-0.02050239,-0.05764142,9.189274,-0.7949033,-0.8619434,97.875,5.75,-23.625,41.10872,-85.18675,156.6924,-0.7230985,-0.6728534,-0.1251328,-0.09348176
48367,1.795163,-0.9186714,-3.431731,-0.2007657,-0.01352228,-0.05758433,9.591515,-0.3399888,-1.130104,52.25,0.375,-15.125,41.80033,-85.13905,156.453,-0.7227681,-0.6722854,-0.1282474,-0.09587082
48379,1.792303,-0.9188811,-3.432454,-0.2111903,-0.01548282,-0.05344131,9.859674,0.3591431,-1.259395,40.625,-2.625,-11.25,42.83235,-85.01674,155.7162,-0.7228199,-0.6715875,-0.1308435,-0.09685877
48390,1.789411,-0.9191441,-3.433136,-0.2202396,-0.02002999,-0.05193071,9.658554,0.5889946,-1.254606,61,-4.875,-13.5,44.29041,-84.84308,154.8118,-0.7227398,-0.670458,-0.1353368,-0.09908213
48402,1.786355,-0.9194124,-3.433908,-0.2318705,-0.02035929,-0.05857658,9.045617,0.2106973,-1.307281,89.25,-6,-19.5,45.70929,-84.62885,154.3266,-0.7224696,-0.6686524,-0.1422004,-0.1035411
48414,1.782799,-0.9196821,-3.434971,-0.2438836,-0.01849447,-0.07289219,8.581125,0.08140577,-1.182778,96.5,-6.375,-22.125,47.35174,-84.39492,153.8258,-0.7219319,-0.666537,-0.1504738,-0.1090889
48426,1.779487,-0.9199321,-3.436129,-0.2498674,-0.01886155,-0.08731718,8.485353,0.3735088,-0.9050406,89.125,-8.75,-17.75,48.76987,-84.2037,153.3416,-0.7213789,-0.6648133,-0.1572943,-0.1135532
48438,1.776191,-0.9202013,-3.437392,-0.2546899,-0.0207997,-0.09762636,8.767879,0.5411089,-0.933772,88.875,-11.625,-13.25,49.64724,-84.00279,153.3687,-0.7210368,-0.6628497,-0.1637213,-0.1180323
48449,1.772807,-0.9204888,-3.438705,-0.2603267,-0.02211905,-0.1010346,9.294622,0.5028003,-1.058275,100.25,-13.75,-12.5,50.17085,-83.78142,153.9011,-0.7207121,-0.6603765,-0.170917,-0.1235486
48460,1.769345,-0.9207424,-3.439983,-0.2687269,-0.01968633,-0.09919608,9.701652,0.1628115,-1.216298,117,-14.875,-15.125,50.42045,-83.54927,154.9182,-0.7202538,-0.657341,-0.1791969,-0.1304826
48472,1.765552,-0.920881,-3.441299,-0.2843014,-0.01038496,-0.09866767,9.601091,-0.5458975,-1.479669,117.5,-13.75,-18.125,50.08454,-83.31927,156.5823,-0.7198897,-0.6538652,-0.1874462,-0.1381414
48483,1.761701,-0.9208373,-3.442625,-0.3021614,0.003428608,-0.1039709,9.160542,-1.043909,-1.479669,87.375,-10.5,-18,49.32541,-83.16496,158.2324,-0.7198337,-0.6512395,-0.1926213,-0.1436096
48495,1.757604,-0.9206288,-3.444102,-0.3146493,0.01601465,-0.1134344,8.873228,-0.7613833,-1.120526,45,-9.125,-13.625,48.70729,-83.07973,159.2032,-0.7200494,-0.6499208,-0.1945446,-0.145891
48506,1.753344,-0.9203135,-3.44572,-0.322761,0.02389086,-0.1225989,8.897171,-0.2777373,-1.010389,7.125,-11,-6.25,47.97604,-82.99509,159.7814,-0.7209526,-0.6494097,-0.1935118,-0.1450784
48518,1.749108,-0.919964,-3.447308,-0.3307019,0.02729139,-0.1240124,9.443069,0.03352002,-1.259395,-10.5,-12.5,-0.875,47.02438,-82.87569,160.3522,-0.7224005,-0.6489913,-0.1911495,-0.1428623
48529,1.744703,-0.9196109,-3.448821,-0.3397632,0.02723024,-0.1167159,10.07516,0.2633716,-1.561075,-9.75,-12.625,1.25,46.05762,-82.72379,160.9401,-0.7240044,-0.6483696,-0.1888714,-0.1405775
48541,1.740048,-0.9192516,-3.450276,-0.3495131,0.02697853,-0.109225,10.06558,0.258583,-1.628115,3.5,-11.875,-0.25,45.25545,-82.56414,161.5311,-0.7253711,-0.6474848,-0.1876493,-0.1392407
48552,1.735534,-0.9188937,-3.45162,-0.3589006,0.02845364,-0.1068569,9.701652,0.1101372,-1.561075,9,-11.125,-1.25,44.50872,-82.42889,162.1497,-0.7264984,-0.6466158,-0.1868346,-0.1384951
48564,1.730692,-0.9185047,-3.453044,-0.3696128,0.02970098,-0.1087103,9.361663,0.07661719,-1.618538,-0.75,-9.625,1.375,43.49762,-82.30421,162.8985,-0.7278488,-0.6459069,-0.185022,-0.1371399
48575,1.725568,-0.9181029,-3.454565,-0.3791524,0.02972702,-0.1125063,9.222795,0.1963315,-1.561075,-14.375,-7.625,5.375,42.32613,-82.21805,163.6107,-0.729304,-0.6456621,-0.1818426,-0.1347942
48587,1.720676,-0.9177327,-3.456045,-0.3843562,0.02908964,-0.1163255,9.227583,0.3639317,-1.326435,-18.375,-7.875,7.875,41.2821,-82.17105,164.1665,-0.7305316,-0.6457325,-0.1784602,-0.1323072
48599,1.715339,-0.917339,-3.457705,-0.3895514,0.02873938,-0.1211487,9.179697,0.3399888,-1.297704,-17.5,-9.875,9,40.00476,-82.10217,164.9287,-0.7319746,-0.6456155,-0.174797,-0.1297685
48610,1.71004,-0.9169703,-3.459419,-0.3973913,0.02764672,-0.1285331,8.949845,0.2825259,-1.503612,-22.625,-10.5,10.75,38.49401,-81.99582,165.869,-0.7337376,-0.6452628,-0.1707179,-0.1269668
48622,1.704839,-0.9166591,-3.461205,-0.4063646,0.02431034,-0.1394894,8.619433,0.3782974,-1.656847,-32.375,-8.625,14,36.91428,-81.88911,166.773,-0.7356168,-0.6450242,-0.1659548,-0.1235748
48634,1.698735,-0.9164031,-3.463496,-0.4133589,0.01733555,-0.1551666,8.423102,0.6464576,-1.513189,-38.875,-6,18.375,35.16999,-81.82555,167.6334,-0.737514,-0.6452649,-0.1597424,-0.1191167
48647,1.693132,-0.9163178,-3.465773,-0.4159161,0.006334742,-0.1690267,8.461411,1.067852,-1.388687,-26.5,-5.375,20,34.01934,-81.78679,168.1368,-0.7387819,-0.6455164,-0.1552572,-0.1157811
48658,1.687838,-0.9164326,-3.468048,-0.4160726,-0.009025206,-0.178846,8.705628,1.498824,-1.412629,6,-6,19,33.46801,-81.72942,168.4862,-0.7394742,-0.6452494,-0.1538005,-0.1147889
48669,1.682439,-0.9167646,-3.470481,-0.4151131,-0.02553356,-0.1870405,8.849285,1.58023,-1.403052,58,-7.625,15.125,33.30383,-81.64466,169.1226,-0.7394968,-0.6440342,-0.1565112,-0.1177661
48681,1.677066,-0.9172387,-3.472986,-0.4173726,-0.0368161,-0.1945741,8.892383,1.091795,-1.527555,99,-8.625,11,32.95953,-81.53559,170.4712,-0.7391267,-0.6418506,-0.1620948,-0.1242777
48692,1.671467,-0.9178081,-3.475635,-0.4258965,-0.04331706,-0.2015328,8.916326,0.4980117,-1.84839,112.875,-6.375,10,32.08325,-81.41615,172.5637,-0.7386792,-0.6390739,-0.1683856,-0.1326044
48704,1.665824,-0.918426,-3.478302,-0.4352981,-0.04767005,-0.2057106,9.122234,0.2633716,-1.901064,107.75,-2.125,11,31.00604,-81.35602,174.7755,-0.7379734,-0.6366779,-0.1738708,-0.1407325
48715,1.660081,-0.9191028,-3.48098,-0.4417221,-0.05204866,-0.2059566,9.452645,0.3112573,-1.74783,98.625,0.75,12.625,29.93419,-81.36333,176.8634,-0.7369488,-0.6348654,-0.1785444,-0.1482372
48727,1.654279,-0.9198466,-3.483629,-0.4449581,-0.05704209,-0.2032028,9.711228,0.4118174,-1.585018,91.875,2.25,14.375,28.86152,-81.41633,178.8633,-0.7357008,-0.633472,-0.182637,-0.1552466
48738,1.648528,-0.92066,-3.486196,-0.4447798,-0.06291344,-0.1985154,9.893194,0.5506861,-1.407841,96.375,2.25,14,27.99413,-81.49261,-179.2936,-0.7341252,-0.632189,-0.1871447,-0.1624011
48749,1.642773,-0.9215441,-3.488697,-0.4431103,-0.06807137,-0.19258,10.00812,0.5123774,-1.292915,108,0.75,11.75,27.30256,-81.56355,-177.4687,-0.7322273,-0.6306256,-0.1926852,-0.1703733
48761,1.636952,-0.9224775,-3.491139,-0.4432282,-0.07106912,-0.1859417,10.05122,0.2490059,-1.331224,111.375,-0.375,10.375,26.4966,-81.60948,-175.4683,-0.730299,-0.6287357,-0.1984823,-0.1787727
48773,1.631059,-0.9234413,-3.493492,-0.4456537,-0.0728891,-0.1778976,10.13741,0.02873145,-1.441361,102.375,0,10,25.54135,-81.63837,-173.4275,-0.7285592,-0.6268658,-0.2035543,-0.1865651
48784,1.625379,-0.924395,-3.495643,-0.4480143,-0.0752243,-0.1697304,10.17093,0.0191543,-1.465304,86.75,1,11.375,24.53045,-81.66844,-171.5757,-0.7271352,-0.6254162,-0.2072277,-0.192836
48795,1.619502,-0.9254197,-3.497794,-0.4497596,-0.07841735,-0.1646053,9.926715,0.05746289,-1.407841,67.375,1.875,14.75,23.24796,-81.70226,-169.6837,-0.7260492,-0.6243841,-0.2093912,-0.1978694
48807,1.61359,-0.9264995,-3.499965,-0.4505874,-0.08229867,-0.165476,9.481377,0.1101372,-1.302492,48.625,1.875,17.25,21.82465,-81.73127,-167.8978,-0.7253773,-0.6237854,-0.2100896,-0.2014493
48819,1.607414,-0.9277123,-3.502312,-0.4496183,-0.08830062,-0.1708165,9.174909,0.2777373,-1.216298,40.875,1.25,17.5,20.54711,-81.75933,-166.3496,-0.72482,-0.6233908,-0.2104218,-0.2043099
48830,1.601547,-0.9289734,-3.504662,-0.4464425,-0.09595334,-0.1788322,8.973788,0.4788574,-1.120526,46.25,0,15.625,19.76374,-81.79106,-165.2371,-0.7240837,-0.6229571,-0.2115136,-0.2070976
48842,1.595809,-0.9303131,-3.507119,-0.4420841,-0.1032044,-0.18927,8.796611,0.5028003,-1.000812,58.75,-1.875,12.75,19.31842,-81.82307,-164.3016,-0.7230214,-0.6222433,-0.2137813,-0.2105966
48854,1.589339,-0.9319279,-3.5101,-0.437934,-0.109305,-0.2017944,8.753514,0.3352002,-0.9577149,70.625,-4.625,9.5,19.01294,-81.83024,-163.2563,-0.7216123,-0.6208909,-0.2175249,-0.2155301
48867,1.583545,-0.9334545,-3.512906,-0.4361232,-0.1149131,-0.211177,8.873228,0.2346401,-1.106161,71.125,-6.5,8.25,18.85611,-81.78976,-162.4254,-0.7205653,-0.6193331,-0.2210333,-0.2199011
48878,1.577934,-0.9350176,-3.515732,-0.4345781,-0.1210791,-0.2189072,8.973788,0.2490059,-1.177989,69,-7.5,7.625,18.84308,-81.7329,-161.7843,-0.7196753,-0.6177386,-0.2244068,-0.2238487
48889,1.572317,-0.9366834,-3.518666,-0.4318715,-0.1280547,-0.2256045,9.064771,0.3352002,-1.168412,73.625,-8.25,5.375,19.14509,-81.68473,-161.3921,-0.718582,-0.6160511,-0.2284079,-0.2279273
48901,1.566809,-0.9384251,-3.521635,-0.4281645,-0.1353924,-0.2307675,9.184485,0.4022402,-1.158835,85.5,-9.25,1.875,19.8322,-81.64761,-161.2373,-0.7170987,-0.6141141,-0.2335395,-0.2325784
48912,1.561256,-0.940287,-3.524722,-0.4238363,-0.1421299,-0.2356619,9.218005,0.3830859,-1.115738,99.25,-11.125,-1.25,20.81607,-81.60698,-161.1799,-0.7151803,-0.6117076,-0.2399925,-0.23819
48924,1.555792,-0.9421899,-3.527853,-0.420588,-0.1464669,-0.2410304,9.174909,0.191543,-1.077429,103.875,-13.25,-2.375,21.73707,-81.54199,-161.0042,-0.7132272,-0.6089686,-0.2466665,-0.2441719
48935,1.55032,-0.9441342,-3.531066,-0.4197378,-0.149137,-0.2463937,9.155754,-0.03352002,-1.154046,99.375,-15,-3.375,22.5894,-81.43787,-160.811,-0.7115486,-0.6060249,-0.2529897,-0.2498575
48947,1.544834,-0.9461075,-3.534341,-0.420458,-0.1512458,-0.251028,9.194062,-0.1532344,-1.245029,93.5,-15.625,-5.75,23.56016,-81.31981,-160.8087,-0.7100498,-0.6031042,-0.2590284,-0.2549491
48958,1.539384,-0.9480854,-3.53765,-0.420974,-0.1527638,-0.2555905,9.198852,-0.1723887,-1.225875,87.5,-15.5,-8.875,24.73292,-81.22202,-161.0903,-0.7085593,-0.6004726,-0.2648185,-0.2593211
48970,1.533908,-0.950108,-3.541036,-0.4207622,-0.1554308,-0.2602268,9.194062,-0.05746289,-1.268972,77.625,-15.25,-10.875,26.16816,-81.13538,-161.758,-0.7072232,-0.5981925,-0.2702095,-0.2626559
48981,1.528425,-0.9521914,-3.544491,-0.4196278,-0.1594422,-0.264363,9.232371,0.08140577,-1.321646,68.75,-15,-11.125,27.73483,-81.05139,-162.6714,-0.7060768,-0.5962054,-0.2751365,-0.2651314
48992,1.523051,-0.9543022,-3.54793,-0.4173394,-0.1639074,-0.2670786,9.342508,0.191543,-1.326435,64.25,-14.375,-11.375,29.33874,-80.98189,-163.6904,-0.7049543,-0.5944915,-0.2797478,-0.2671337
49004,1.517643,-0.956501,-3.551424,-0.4139685,-0.168338,-0.2674632,9.529263,0.2633716,-1.316858,66.25,-14,-12.875,31.08587,-80.92684,-164.8174,-0.7036004,-0.5928174,-0.2846797,-0.2692055
49015,1.5123,-0.9587547,-3.554876,-0.409816,-0.1728436,-0.2647907,9.763903,0.3352002,-1.340801,76.75,-13.875,-16.125,33.0989,-80.88357,-166.0717,-0.7017525,-0.5909311,-0.2905769,-0.2718621
49027,1.506981,-0.9610865,-3.558288,-0.4048437,-0.1774662,-0.2597052,9.945868,0.4166059,-1.359955,94.25,-13.625,-20.5,35.49485,-80.85364,-167.4696,-0.6991058,-0.588603,-0.2980556,-0.2756093
49039,1.501487,-0.9635861,-3.561758,-0.3992915,-0.1816854,-0.2521988,10.10389,0.4453374,-1.364744,115.75,-13.5,-24.625,38.31713,-80.82967,-168.9465,-0.6953664,-0.5854974,-0.3076889,-0.2810442
49051,1.496299,-0.9659759,-3.564968,-0.3959427,-0.1823876,-0.2449622,10.11347,0.2059087,-1.292915,127.375,-13.75,-26.125,40.85461,-80.80258,-170.0457,-0.6913192,-0.5820299,-0.3174793,-0.2872731
49062,1.491153,-0.9682902,-3.568076,-0.3969204,-0.1784978,-0.2397017,9.965023,-0.2442173,-1.216298,120.875,-14.625,-25.25,42.85602,-80.75479,-170.7033,-0.6876246,-0.5785026,-0.3262629,-0.2933593
49075,1.485204,-0.9708142,-3.571577,-0.402601,-0.1708197,-0.2369605,9.735171,-0.5985718,-1.206721,91.875,-15.375,-22.25,44.46605,-80.66723,-171.2085,-0.6847684,-0.5752478,-0.3335016,-0.2982598
49087,1.479831,-0.9729975,-3.574695,-0.4077947,-0.1656952,-0.236649,9.557994,-0.5075889,-1.307281,56,-15.375,-17.5,45.58268,-80.56322,-171.8185,-0.6836538,-0.5734636,-0.3372881,-0.2999896
49098,1.474512,-0.9751207,-3.577795,-0.4094763,-0.1634479,-0.2385853,9.390394,-0.1388687,-1.316858,33,-14.75,-13.875,46.69722,-80.46508,-172.7408,-0.683301,-0.572656,-0.3394996,-0.2998415
49110,1.469209,-0.9772552,-3.580959,-0.4063972,-0.1635863,-0.2425147,9.256314,0.3016802,-1.245029,31.5,-14.5,-13.5,48.14766,-80.38473,-174.0235,-0.6827683,-0.5721781,-0.3418908,-0.2992496
49121,1.463975,-0.9793972,-3.58418,-0.401333,-0.1642359,-0.2469844,9.222795,0.4884346,-1.201932,49.375,-15.125,-16.625,49.96066,-80.30535,-175.4346,-0.681432,-0.5711848,-0.3458062,-0.2996941
49132,1.458813,-0.9815203,-3.587451,-0.3981988,-0.163785,-0.2523078,9.146177,0.3591431,-1.230664,72.625,-16.5,-21.375,51.95433,-80.20054,-176.7202,-0.6792821,-0.569225,-0.3514777,-0.3016988
49144,1.453641,-0.9836051,-3.590818,-0.3984593,-0.1606052,-0.2594354,9.007308,0.05746289,-1.206721,81.25,-17.875,-23.875,53.79815,-80.074,-177.7358,-0.6769086,-0.5667263,-0.3576531,-0.3044673
49155,1.448416,-0.9856306,-3.594308,-0.4016113,-0.155712,-0.2682588,8.873228,-0.1723887,-1.221087,72.25,-18.75,-23.875,55.37002,-79.92747,-178.5911,-0.674984,-0.5643476,-0.363067,-0.3067422
49167,1.442711,-0.9877805,-3.598244,-0.4029243,-0.1518221,-0.2779506,8.863651,0.04309717,-1.249818,58.5,-18.875,-22.125,57.09393,-79.76009,-179.7348,-0.6733832,-0.5623809,-0.3680212,-0.3079664
49179,1.437577,-0.9897026,-3.601912,-0.3998615,-0.1497237,-0.2857436,8.949845,0.4213945,-1.206721,59.375,-19.375,-21.375,58.87098,-79.60911,179.0193,-0.6717293,-0.5607413,-0.3727577,-0.3088702
49191,1.432462,-0.9916159,-3.605734,-0.3937136,-0.1472514,-0.294134,8.930691,0.6512461,-1.087006,81,-21.25,-23.75,60.96764,-79.44604,177.7408,-0.6690888,-0.5583239,-0.3792492,-0.3110703
49202,1.427387,-0.9934725,-3.609725,-0.3882477,-0.1420538,-0.3053463,8.743937,0.5411089,-0.9385605,106.625,-24.625,-27.875,63.19048,-79.25385,176.6822,-0.6654435,-0.5547016,-0.3876308,-0.3150137
49213,1.422408,-0.9951988,-3.613839,-0.3864557,-0.1339749,-0.3192961,8.533239,0.2202744,-0.8763091,120.25,-29,-30.125,65.15958,-79.01561,176.044,-0.6615672,-0.5500953,-0.3967022,-0.3199241
49225,1.417361,-0.9968137,-3.618184,-0.3875032,-0.1239845,-0.3336245,8.518873,-0.009577149,-0.8954634,115.875,-32.875,-29,66.77835,-78.72789,175.7162,-0.6581228,-0.545095,-0.4053836,-0.3246691
49236,1.412241,-0.998297,-3.622699,-0.3903337,-0.1131029,-0.3442211,8.801399,-0.1292915,-1.005601,103,-36.375,-27,68.09515,-78.3886,175.5305,-0.655459,-0.5401402,-0.4131639,-0.3285085
49248,1.407067,-0.9996423,-3.627307,-0.3932331,-0.1022419,-0.3502517,9.1366,-0.1005601,-1.134892,92.125,-38,-25.875,69.30711,-78.02078,175.3088,-0.6533032,-0.5354472,-0.4202684,-0.3314602
49259,1.402067,-1.000795,-3.631783,-0.3952262,-0.09115615,-0.3538018,9.318565,-0.03352002,-1.154046,88.125,-38.875,-26.625,70.51538,-77.66324,175.0028,-0.6512715,-0.5311304,-0.4269282,-0.3338837
49271,1.396832,-1.001838,-3.636475,-0.398171,-0.07930531,-0.3568228,9.361663,-0.07182861,-1.225875,89.125,-39.125,-28.5,71.79832,-77.28419,174.675,-0.6490254,-0.5265674,-0.4339918,-0.3363689
49282,1.391511,-1.002724,-3.641229,-0.4038654,-0.06719846,-0.3608477,9.270679,-0.2442173,-1.326435,83.125,-37.625,-29,72.93961,-76.9167,174.4167,-0.646972,-0.522226,-0.4405385,-0.3385751
49294,1.386308,-1.003426,-3.645908,-0.4095298,-0.05531261,-0.3682539,8.997731,-0.2442173,-1.297704,69.5,-35.5,-27.125,73.90189,-76.5981,174.1315,-0.6454115,-0.5187863,-0.4457876,-0.3399681
49305,1.380913,-1.003995,-3.650865,-0.4124182,-0.0434292,-0.3789449,8.772668,0,-1.225875,60,-33.625,-25.625,74.95155,-76.30585,173.6488,-0.6439306,-0.5160144,-0.4505512,-0.3407145
49317,1.375485,-1.004422,-3.655996,-0.4109389,-0.03232544,-0.3884742,8.863651,0.3782974,-1.230664,68.5,-31.625,-26.875,76.30608,-76.03422,172.9742,-0.6416675,-0.51323,-0.4561007,-0.3418039
49328,1.370285,-1.004693,-3.661036,-0.4063817,-0.02123843,-0.3938746,9.165331,0.6560347,-1.235452,96.625,-29.875,-31.5,77.98682,-75.78934,172.3147,-0.637857,-0.5095808,-0.4634435,-0.3445085
49340,1.364662,-1.00479,-3.666563,-0.402491,-0.00693544,-0.3956375,9.476588,0.5985718,-1.235452,139.5,-28.625,-39.125,80.15024,-75.53596,171.8805,-0.6312867,-0.5035126,-0.4744591,-0.3504865
49352,1.3593,-1.004684,-3.671796,-0.4055773,0.008045899,-0.3957399,9.591515,0.1245029,-1.350378,170.5,-27.625,-44.625,82.14796,-75.29941,171.9491,-0.6235787,-0.4958659,-0.4866034,-0.3584464
49363,1.353986,-1.004398,-3.676871,-0.4151124,0.0223696,-0.3964991,9.519686,-0.3399888,-1.498824,168.875,-24.375,-45.625,83.85397,-75.10322,172.2357,-0.6160629,-0.4882734,-0.4978226,-0.3663717
49375,1.348462,-1.003933,-3.682006,-0.4275297,0.03599017,-0.3973614,9.490954,-0.517166,-1.608961,143.875,-20,-41.5,85.2832,-74.96163,172.4937,-0.6094751,-0.4818409,-0.5071108,-0.3731061
49386,1.342635,-1.003267,-3.687284,-0.4399573,0.05025429,-0.3985557,9.476588,-0.483646,-1.570652,109.875,-15.75,-34.375,86.43661,-74.8944,172.6078,-0.604202,-0.4772265,-0.5139615,-0.3782042
49398,1.336869,-1.002434,-3.692435,-0.4491397,0.06485789,-0.4012692,9.380817,-0.258583,-1.431784,88.375,-13.375,-29.625,87.47127,-74.8836,172.5138,-0.5998883,-0.4741668,-0.5190501,-0.3819513
49409,1.330949,-1.001405,-3.697687,-0.4556086,0.07922864,-0.4042131,9.361663,-0.01436572,-1.412629,80.5,-12,-27.125,88.54326,-74.89186,172.2826,-0.5957564,-0.4716696,-0.5236552,-0.3852108
49420,1.324855,-1.000185,-3.70305,-0.4607208,0.09221701,-0.4054093,9.462223,0.1436572,-1.541921,81.5,-10.25,-25.375,89.63638,-74.90413,172.053,-0.5914716,-0.46909,-0.5283259,-0.3885715
49432,1.318951,-0.9988636,-3.708212,-0.4649656,0.1040864,-0.406538,9.452645,0.2202744,-1.570652,84.375,-7.875,-23,90.62371,-74.94281,171.9264,-0.5872009,-0.4664916,-0.5327283,-0.3921496
49443,1.312837,-0.9973492,-3.713562,-0.4689082,0.1161525,-0.4103418,9.256314,0.258583,-1.508401,90.625,-5,-20.75,91.57417,-75.02613,171.9368,-0.5824472,-0.4635528,-0.537278,-0.3964925
49455,1.306633,-0.9956586,-3.719009,-0.4723019,0.1287014,-0.4146385,9.232371,0.3064688,-1.446149,100.875,-2.625,-19.25,92.51307,-75.14993,172.0973,-0.577053,-0.4600875,-0.5421607,-0.4017352
49466,1.300377,-0.9938142,-3.724447,-0.4784452,0.1410485,-0.4159234,9.457435,0.1005601,-1.508401,110.625,-0.625,-17.375,93.2485,-75.3008,172.5849,-0.5713323,-0.4558495,-0.547166,-0.4079092
49478,1.294148,-0.9918745,-3.729709,-0.4902429,0.1526626,-0.4140861,9.696863,-0.3687202,-1.594595,109,1.25,-14.75,93.58788,-75.47462,173.4181,-0.566135,-0.4514188,-0.5514244,-0.4142988
49489,1.287506,-0.9897183,-3.7351,-0.5067306,0.1645128,-0.411331,9.768692,-0.7278633,-1.589807,93.625,3.125,-11.375,93.57955,-75.68781,174.4351,-0.5617489,-0.4475026,-0.5544894,-0.4203822
49501,1.280658,-0.987411,-3.740469,-0.522985,0.1762081,-0.4100406,9.663342,-0.742229,-1.522767,74.25,4.875,-9.25,93.46758,-75.92831,175.297,-0.5582821,-0.4448293,-0.556309,-0.4254036
49512,1.273169,-0.9847977,-3.746193,-0.537936,0.1876968,-0.4111002,9.481377,-0.5985718,-1.494035,65.375,5.25,-9.375,93.45052,-76.18075,175.9845,-0.5549178,-0.4427018,-0.5578559,-0.4299747
49524,1.26606,-0.9822505,-3.751531,-0.5519667,0.1977948,-0.414507,9.294622,-0.6320918,-1.446149,64.375,4.875,-11.5,93.52718,-76.40442,176.5183,-0.5517428,-0.4408335,-0.5593718,-0.433992
49536,1.258546,-0.9794949,-3.757084,-0.568209,0.2083594,-0.4198493,9.17012,-0.7853262,-1.355167,62.25,4,-13.75,93.6299,-76.62795,177.02,-0.5485367,-0.4390139,-0.5608814,-0.4379343
49547,1.250991,-0.9766844,-3.762556,-0.5865486,0.2182079,-0.4248597,9.184485,-0.9912349,-1.350378,53.125,2.625,-15.75,93.70921,-76.82351,177.4175,-0.545922,-0.4376582,-0.5619865,-0.4411301
49559,1.24229,-0.9734377,-3.768692,-0.608111,0.2269185,-0.4288733,9.261103,-1.082218,-1.489247,37.75,2.375,-16.875,93.81123,-77.0098,177.6281,-0.5439382,-0.4370852,-0.5625187,-0.4434642
49571,1.234294,-0.970449,-3.774224,-0.6253207,0.23373,-0.4325851,9.23716,-0.9194063,-1.537132,24.375,3,-17,94.02269,-77.17069,177.5217,-0.5427326,-0.437524,-0.5624599,-0.4445817
49582,1.226048,-0.9673495,-3.77987,-0.6384709,0.2399748,-0.4371491,9.165331,-0.5794175,-1.551498,17.5,4.375,-16.875,94.46663,-77.34045,177.0887,-0.541626,-0.4386969,-0.5622088,-0.4450926
49594,1.217632,-0.9641666,-3.785623,-0.6473132,0.2448133,-0.4425008,9.083925,-0.225063,-1.628115,20.625,5.75,-16.125,95.12309,-77.50712,176.4765,-0.5401922,-0.4398986,-0.5622699,-0.4455719
49605,1.209236,-0.9609672,-3.791406,-0.6525857,0.2486883,-0.4494879,8.940269,0.06225147,-1.64727,34.875,7.625,-16,95.98029,-77.68025,175.8415,-0.5378486,-0.4404469,-0.5631354,-0.4467707
49617,1.200615,-0.9576446,-3.797426,-0.6568763,0.25315,-0.4587022,8.796611,0.1628115,-1.54671,57,8.875,-17.625,97.04907,-77.87613,175.2904,-0.5340661,-0.4398355,-0.565183,-0.4493177
49628,1.192029,-0.9542934,-3.803496,-0.6619075,0.2583463,-0.4678777,8.810977,0.1197144,-1.450938,83.75,9.25,-20.75,98.28443,-78.08089,174.9185,-0.5287244,-0.4376863,-0.5686035,-0.4533997
49640,1.183306,-0.9508532,-3.809696,-0.6682822,0.2635509,-0.4749846,8.978577,0.03352002,-1.446149,102.25,9.125,-22.625,99.59504,-78.28303,174.7221,-0.522303,-0.4343003,-0.5729817,-0.4585574
49651,1.174574,-0.9473905,-3.8159,-0.6752494,0.2677835,-0.4797842,9.141388,-0.01436572,-1.513189,111.875,9.125,-22,100.8311,-78.47262,174.7138,-0.5155057,-0.4301496,-0.5777087,-0.4641958
49663,1.165648,-0.9438541,-3.822208,-0.6840773,0.2710283,-0.4834921,9.222795,-0.1628115,-1.556287,114,10,-19.75,101.8357,-78.67093,174.9749,-0.5087092,-0.4255424,-0.5822882,-0.4701799
49674,1.15662,-0.9403001,-3.82855,-0.6946152,0.2734266,-0.4878813,9.17012,-0.3160459,-1.551498,109.875,10.75,-17.875,102.6103,-78.87766,175.407,-0.5023027,-0.4209783,-0.5863741,-0.4760616
49686,1.147458,-0.9367289,-3.834956,-0.7055231,0.2750068,-0.4932924,9.088714,-0.3687202,-1.551498,99,11.625,-15.5,103.1985,-79.09223,175.8803,-0.4966083,-0.4169563,-0.5897036,-0.4814327
49697,1.138224,-0.9331607,-3.841395,-0.7159439,0.2766736,-0.4992552,9.050406,-0.3495659,-1.498824,88.375,12.125,-13.125,103.6535,-79.31635,176.3385,-0.4915949,-0.4135718,-0.5923163,-0.4862656
49708,1.128701,-0.9294958,-3.848042,-0.7250362,0.2790367,-0.5061069,9.00252,-0.2346401,-1.417418,85.625,12,-13.375,104.2511,-79.54829,176.6325,-0.4864869,-0.4104281,-0.5948761,-0.4909193
49720,1.119143,-0.9258223,-3.854726,-0.7330424,0.2817124,-0.5125554,9.036039,-0.1532344,-1.374321,91.875,11,-16,105.1222,-79.76488,176.7292,-0.4808304,-0.4070338,-0.5979139,-0.4956053
49731,1.109378,-0.9220895,-3.861528,-0.74244,0.2838207,-0.5172406,9.174909,-0.258583,-1.383898,99.5,9.75,-19,106.1452,-79.96212,176.7872,-0.4745876,-0.4030564,-0.6014811,-0.5005324
49744,1.099015,-0.9181663,-3.868681,-0.7539276,0.285404,-0.5203272,9.308989,-0.3830859,-1.383898,100.875,8.5,-21.125,107.2848,-80.14854,176.7998,-0.4679347,-0.3987065,-0.6053521,-0.5055879
49755,1.089005,-0.9144094,-3.875524,-0.7640456,0.2867639,-0.5223167,9.380817,-0.3160459,-1.388687,99.875,7.375,-22.5,108.5568,-80.30563,176.613,-0.4615273,-0.3946555,-0.6091323,-0.5100957
49767,1.078976,-0.9106739,-3.882282,-0.7739111,0.2882755,-0.5215971,9.591515,-0.2873144,-1.383898,101.75,5.75,-24.375,110.004,-80.43848,176.2645,-0.4549568,-0.3905384,-0.6130995,-0.5143958
49779,1.06734,-0.9064139,-3.889905,-0.7876018,0.2883475,-0.5159338,9.912349,-0.4597031,-1.465304,101.25,4.125,-26.25,111.6623,-80.55442,175.8555,-0.4475456,-0.3856757,-0.6176924,-0.5190504
49791,1.056742,-0.9026421,-3.896598,-0.8038574,0.2860845,-0.5076364,10.15178,-0.7949033,-1.551498,85.5,3.125,-25.5,112.7956,-80.63712,175.6325,-0.4421912,-0.3820234,-0.6209463,-0.5224469
49803,1.046032,-0.8989564,-3.903105,-0.8221939,0.2829317,-0.499564,10.14699,-0.9768692,-1.537132,54.125,2.875,-22.25,113.5005,-80.71994,175.4167,-0.4391125,-0.3802625,-0.622537,-0.5244315
49814,1.035127,-0.8952981,-3.909507,-0.8384777,0.2812935,-0.4922156,10.10389,-0.7805376,-1.450938,25.625,2.625,-18.5,114.0782,-80.81,174.9503,-0.4378535,-0.3804601,-0.6227597,-0.5250761
49825,1.024185,-0.8916627,-3.915743,-0.8493782,0.2821913,-0.4840647,10.17572,-0.3064688,-1.393475,13.875,1.625,-17.375,114.9803,-80.88736,174,-0.437089,-0.3817511,-0.6226619,-0.524892
49837,1.01292,-0.8879269,-3.921978,-0.8575695,0.2843932,-0.4746827,10.25713,-0.02873145,-1.374321,24.75,-0.625,-19.375,116.2896,-80.92888,172.7832,-0.4354325,-0.3825049,-0.6233817,-0.5248657
49848,1.001702,-0.8842161,-3.928036,-0.8644732,0.2859682,-0.4668209,10.13741,0.07661719,-1.426995,44.25,-3.25,-22.625,117.88,-80.91317,171.5393,-0.4325074,-0.3819454,-0.625335,-0.5253678
49860,0.9903874,-0.8805023,-3.93403,-0.8716387,0.2860974,-0.4617224,9.912349,0.04788574,-1.494035,58.125,-4.75,-24.25,119.5041,-80.8566,170.4441,-0.4287877,-0.3803127,-0.6280859,-0.5263189
49871,0.9789517,-0.8768042,-3.939994,-0.8808905,0.2848631,-0.4594267,9.696863,-0.1197144,-1.508401,66.75,-5.75,-25.125,120.9773,-80.77989,169.6151,-0.424682,-0.3778729,-0.6312264,-0.5276464
49883,0.9673082,-0.8731145,-3.945982,-0.8920827,0.2826949,-0.4587922,9.57236,-0.2633716,-1.508401,66.375,-6.375,-25.25,122.2808,-80.69471,168.9566,-0.4207079,-0.3752635,-0.6343151,-0.5289865
49894,0.9555631,-0.8694932,-3.951947,-0.9039543,0.278708,-0.4590976,9.486166,-0.3543545,-1.61375,54.375,-6.375,-22.625,123.2319,-80.60165,168.4908,-0.4177822,-0.3732033,-0.6367615,-0.5298227
49906,0.9436017,-0.8659059,-3.957958,-0.9144867,0.2742553,-0.4595191,9.462223,-0.2537944,-1.690367,35.875,-5,-17.625,123.8732,-80.52487,168.0903,-0.4162242,-0.3722639,-0.6381971,-0.5299825
49917,0.931796,-0.8624218,-3.96385,-0.9213141,0.2718996,-0.4598133,9.467011,0.07182861,-1.652058,21.875,-3.25,-12.125,124.3932,-80.48308,167.6178,-0.415596,-0.3723852,-0.6387699,-0.5297003
49929,0.9197127,-0.8588632,-3.969869,-0.92394,0.2721034,-0.4603051,9.447857,0.4692803,-1.589807,24.375,-2.375,-8.375,125.0069,-80.45808,167.0763,-0.4147246,-0.372505,-0.6393662,-0.5295793
49940,0.9076298,-0.8552879,-3.975893,-0.9246848,0.2736159,-0.4609697,9.433492,0.6512461,-1.551498,43.25,-2.25,-7.625,125.7209,-80.43569,166.6782,-0.41262,-0.3713718,-0.6407704,-0.5303216
49952,0.8947209,-0.8514541,-3.982327,-0.9272985,0.2753962,-0.4622076,9.409549,0.5363203,-1.489247,68,-2.25,-8.625,126.4547,-80.42242,166.628,-0.4087654,-0.3682179,-0.6433093,-0.532428
49964,0.8826605,-0.847869,-3.988333,-0.9313731,0.2768618,-0.4638101,9.385606,0.4070288,-1.450938,86.5,-2.125,-9.125,127.0681,-80.42053,166.8923,-0.4040865,-0.3638687,-0.6463394,-0.5353122
49975,0.8703284,-0.8442152,-3.994436,-0.9383773,0.2780259,-0.4643511,9.486166,0.1867544,-1.398264,96.625,-2.375,-8.875,127.4844,-80.4349,167.5019,-0.3988487,-0.3585042,-0.6496426,-0.5388498
49987,0.8578451,-0.8405553,-4.000523,-0.9483562,0.2780513,-0.4624317,9.682497,-0.07182861,-1.407841,92.25,-3,-6.375,127.4812,-80.45988,168.4754,-0.394228,-0.3530486,-0.6525202,-0.5423638
49999,0.8438511,-0.8365176,-4.007194,-0.9614579,0.2774032,-0.4583121,9.826155,-0.2537944,-1.403052,71.75,-3.5,-0.75,126.8344,-80.50495,169.8919,-0.3911051,-0.3481525,-0.6543987,-0.5455172
50011,0.8310184,-0.8328544,-4.013174,-0.9718759,0.2774276,-0.4529087,9.945868,-0.1676001,-1.426995,50.125,-3.5,4.75,125.9195,-80.55124,171.2121,-0.3899411,-0.3450921,-0.6550306,-0.5475329
50023,0.8182588,-0.8292127,-4.018994,-0.9785749,0.2793011,-0.4464081,10.02727,0.1101372,-1.436572,40.125,-3.25,8.375,125.0029,-80.59705,172.3911,-0.3894417,-0.3428611,-0.655213,-0.5490696
50034,0.8055115,-0.8255383,-4.024708,-0.9822981,0.2831396,-0.440263,10.00333,0.3495659,-1.398264,44,-3,10,124.201,-80.64519,173.4993,-0.3886009,-0.3405043,-0.6555461,-0.5507317
50046,0.792816,-0.8218267,-4.030326,-0.9849113,0.2879456,-0.4358436,9.878829,0.4261831,-1.345589,55.125,-3,10.125,123.4894,-80.69334,174.6572,-0.3869854,-0.337441,-0.6563158,-0.552834
50057,0.7796432,-0.8179078,-4.036102,-0.986505,0.2934831,-0.4325626,9.783057,0.483646,-1.331224,67.5,-2.875,10.5,122.8011,-80.74097,175.9717,-0.3844583,-0.3333749,-0.6576037,-0.5555272
50069,0.7670697,-0.8141071,-4.041577,-0.9868581,0.298305,-0.429724,9.749537,0.5075889,-1.403052,75.25,-2.125,12.5,122.0318,-80.78228,177.4345,-0.3816616,-0.3288363,-0.6590504,-0.5584388
50080,0.754204,-0.8101657,-4.047146,-0.9876202,0.3025579,-0.4274909,9.696863,0.4070288,-1.422207,78.875,-0.75,15,120.979,-80.83534,179.242,-0.3787465,-0.3237442,-0.6604396,-0.5617477
50092,0.754204,-0.8101657,-4.047146,0,0,0,9.601091,0.1723887,-1.369532,77.875,0.875,16.75,119.5702,-80.90923,-178.5964,-0.3760329,-0.3184495,-0.661495,-0.5653439
50104,0.754204,-0.8101657,-4.047146,0,0,0,9.543629,-0.1532344,-1.388687,64.5,2.5,19.125,117.5786,-80.9889,-176.0017,-0.3744507,-0.3136037,-0.6617468,-0.5687976
50115,0.754204,-0.8101657,-4.047146,0,0,0,9.586726,-0.3256231,-1.494035,33.375,4.75,24.375,115.1311,-81.05429,-173.3958,-0.3753996,-0.3109835,-0.6605367,-0.5710129
50127,0.754204,-0.8101657,-4.047146,0,0,0,9.677709,-0.2059087,-1.494035,-0.125,7.25,31.125,112.177,-81.12712,-170.7338,-0.3788605,-0.3106942,-0.6577082,-0.5721483
50138,0.754204,-0.8101657,-4.047146,0,0,0,9.73996,0.1053486,-1.436572,-22.125,9.5,36.375,109.2155,-81.2094,-168.3372,-0.3835358,-0.312112,-0.6540146,-0.5724958
50150,0.754204,-0.8101657,-4.047146,0,0,0,9.73996,0.5315318,-1.359955,-24.75,11.25,38.25,106.3604,-81.31606,-166.1093,-0.3882299,-0.31417,-0.6500474,-0.5727243
50161,0.754204,-0.8101657,-4.047146,0,0,0,9.811789,0.8236348,-1.336012,-5.875,12.5,36.75,103.8206,-81.44285,-163.9589,-0.3913242,-0.3152862,-0.646813,-0.5736663
50173,0.754204,-0.8101657,-4.047146,0,0,0,9.792634,0.8571548,-1.292915,26.375,13.375,30.625,101.7375,-81.59914,-161.829,-0.3917118,-0.3144714,-0.6449558,-0.5759355
50185,0.754204,-0.8101657,-4.047146,0,0,0,9.711228,0.5889946,-1.187566,60.75,13.75,23.75,100.0423,-81.76632,-159.6367,-0.3894559,-0.3114988,-0.6445578,-0.5795153
50197,0.754204,-0.8101657,-4.047146,0,0,0,9.744749,0.04788574,-1.235452,72.5,14,18.5,98.18124,-81.91696,-157.0919,-0.3863172,-0.307386,-0.6446072,-0.5837418
50208,0.754204,-0.8101657,-4.047146,0,0,0,9.94108,-0.3639317,-1.283338,61.25,14.5,16.25,96.19798,-82.03553,-154.5975,-0.3841627,-0.304104,-0.6442053,-0.5873154
50220,0.754204,-0.8101657,-4.047146,0,0,0,10.12305,-0.6512461,-1.288126,31.625,15,16,93.67235,-82.1422,-151.9186,-0.3840594,-0.3026039,-0.6425023,-0.5900171
50232,0.754204,-0.8101657,-4.047146,0,0,0,10.08474,-0.6704004,-1.245029,2.125,14.875,16.5,91.31144,-82.22237,-149.8024,-0.3859604,-0.3033668,-0.6399353,-0.5911734
50243,0.754204,-0.8101657,-4.047146,0,0,0,9.869251,-0.4980117,-1.177989,-23.5,14.25,16.625,89.16045,-82.29783,-148.2182,-0.38938,-0.3060576,-0.6366687,-0.5910711
50254,0.754204,-0.8101657,-4.047146,0,0,0,9.50532,-0.2346401,-1.149258,-40.125,13.125,15.875,87.339,-82.37759,-147.193,-0.3937709,-0.3102142,-0.6329992,-0.5899352
50266,0.754204,-0.8101657,-4.047146,0,0,0,9.194062,-0.02394287,-1.110949,-45.75,11.75,14.125,85.95257,-82.46646,-146.6681,-0.39824,-0.3149569,-0.6294245,-0.5882448
50277,0.754204,-0.8101657,-4.047146,0,0,0,9.026463,0.2394287,-1.048698,-43.875,9.875,11.75,85.08041,-82.58013,-146.6517,-0.4023283,-0.3199888,-0.6261549,-0.5862332
50289,0.754204,-0.8101657,-4.047146,0,0,0,9.074348,0.4692803,-1.039121,-32.5,8.125,9.125,84.76048,-82.71127,-147.0253,-0.4052817,-0.324413,-0.6236693,-0.584414
50300,0.7543338,-0.8100908,-4.047217,0.009983843,0.005757228,-0.005466274,9.222795,0.5889946,-1.058275,-9.125,6.375,4.875,85.02113,-82.85968,-147.6747,-0.4063827,-0.3274666,-0.6223919,-0.5833071
50313,0.7545994,-0.809948,-4.047366,0.01907584,0.01025518,-0.0106989,9.251526,0.4549146,-1.101372,17.625,5,0.25,85.70068,-83.01405,-148.3927,-0.4055268,-0.3287874,-0.6223664,-0.5831869
50324,0.7549261,-0.8097917,-4.04759,0.02512033,0.01201865,-0.01722025,9.10308,0.2298516,-1.158835,32.5,4.25,-2.75,86.46518,-83.13682,-148.9954,-0.4037933,-0.3288651,-0.6230281,-0.5836394
50336,0.7553061,-0.8096389,-4.047926,0.02885124,0.01160481,-0.02552129,8.954634,0.01436572,-1.201932,32.75,4.25,-3.125,87.07041,-83.23276,-149.4314,-0.4022193,-0.3286928,-0.6236584,-0.5841498
50347,0.7557219,-0.8095046,-4.048357,0.03206386,0.01035059,-0.03323051,8.983365,-0.03830859,-1.240241,25.5,4.375,-1.75,87.4906,-83.30745,-149.7793,-0.4013157,-0.3288633,-0.6239372,-0.5843775
50358,0.7561911,-0.8093846,-4.048866,0.03654727,0.009347077,-0.03966928,9.079137,0.06704004,-1.273761,20.5,5,-0.5,87.89156,-83.38363,-150.1749,-0.400752,-0.3293978,-0.6240013,-0.5843949
50370,0.7567437,-0.8092722,-4.04947,0.04226483,0.008600818,-0.04621303,9.083925,0.1676001,-1.288126,21,5.875,0.375,88.29619,-83.4694,-150.569,-0.400113,-0.3299571,-0.6240493,-0.5844658
50381,0.7573749,-0.8091665,-4.050188,0.04811256,0.008053289,-0.05465208,8.945057,0.2011201,-1.254606,25.625,6.75,0.875,88.6383,-83.56477,-150.8404,-0.3991417,-0.330218,-0.6241989,-0.5848229
50393,0.7581189,-0.8090587,-4.05109,0.05365759,0.007769653,-0.06509199,8.839708,0.1867544,-1.192355,33.25,7,0.125,89.01598,-83.67702,-151.0368,-0.3975061,-0.3299788,-0.6246346,-0.5856062
50405,0.7588692,-0.8089688,-4.05204,0.05808913,0.006959818,-0.07352659,8.935479,0.1197144,-1.201932,40.875,7,-1.125,89.40863,-83.78139,-151.1604,-0.3954587,-0.3292193,-0.6253445,-0.5866613
50417,0.7596835,-0.8089097,-4.053081,0.06156692,0.004472889,-0.07868926,9.184485,-0.0191543,-1.288126,45.625,7.25,-1.875,89.73067,-83.87465,-151.1426,-0.3931294,-0.3279831,-0.6262398,-0.5879627
50428,0.7605066,-0.8088919,-4.054137,0.06385088,0.001378638,-0.08193267,9.318565,-0.1245029,-1.292915,44.75,8,-1.875,89.85875,-83.96558,-150.9502,-0.3909724,-0.326771,-0.6269698,-0.5892964
50440,0.7614447,-0.8089235,-4.055376,0.06577801,-0.002220236,-0.08683772,9.227583,-0.1628115,-1.259395,39.375,8.625,-0.625,89.73813,-84.06252,-150.5521,-0.3890831,-0.325745,-0.6274184,-0.590636
50452,0.7623128,-0.8089997,-4.056561,0.06760646,-0.005926959,-0.09228043,9.146177,-0.1723887,-1.273761,33.625,9.125,1,89.42926,-84.13813,-150.0684,-0.3878872,-0.3251053,-0.6275331,-0.5916521
50463,0.7632059,-0.8091319,-4.057824,0.06926874,-0.01025915,-0.09801609,9.122234,-0.2106973,-1.292915,27,9.625,2.5,88.88953,-84.20146,-149.4393,-0.3872628,-0.3247993,-0.6273168,-0.5924581
50475,0.7641227,-0.8093213,-4.059184,0.07044217,-0.01455074,-0.1044636,9.074348,-0.2442173,-1.249818,19.25,9.875,3.625,88.12888,-84.26044,-148.6897,-0.3872382,-0.3249603,-0.6267121,-0.5930256
50486,0.7650736,-0.8095577,-4.060666,0.07167812,-0.0178186,-0.1117479,9.031251,-0.2011201,-1.158835,15.875,9.625,3.5,87.3753,-84.33179,-147.9921,-0.3873687,-0.3254471,-0.6259573,-0.5934703
50497,0.7660034,-0.8098109,-4.062164,0.07324407,-0.01994749,-0.1179844,9.098291,-0.1388687,-1.096583,18.25,8.25,2.25,86.91446,-84.40578,-147.5537,-0.3872194,-0.3258578,-0.6254544,-0.5938727
50509,0.7669718,-0.8101036,-4.063771,0.07444686,-0.0225011,-0.1235398,9.160542,-0.1819658,-1.101372,22.125,6.375,1,86.65906,-84.46459,-147.2692,-0.386825,-0.3259605,-0.6252511,-0.5942872
50520,0.7679458,-0.8104437,-4.065458,0.07477721,-0.02611013,-0.1295683,9.117445,-0.2777373,-1.130104,23.625,4.625,0,86.54257,-84.49668,-147.1024,-0.3864242,-0.3258356,-0.6252514,-0.5946161
50532,0.768913,-0.8108319,-4.067231,0.07473898,-0.02999879,-0.1369627,9.007308,-0.3064688,-1.125315,22.5,3.375,-1,86.59776,-84.51701,-147.1211,-0.3861109,-0.3257662,-0.6253328,-0.594772
50543,0.7698924,-0.8112723,-4.069137,0.07509712,-0.03376552,-0.1461263,8.878016,-0.2633716,-1.120526,19.875,2,-1.375,86.86578,-84.52647,-147.3861,-0.3859733,-0.325875,-0.6254581,-0.5946699
50555,0.7708871,-0.8117555,-4.07117,0.07644803,-0.03713779,-0.1562453,8.806189,-0.1723887,-1.130104,17.375,0.875,-1,87.31514,-84.52582,-147.8655,-0.3860108,-0.326157,-0.6256095,-0.5943316
50566,0.7719132,-0.8122727,-4.073328,0.07911538,-0.03988491,-0.1663866,8.806189,-0.05267432,-1.144469,16.125,0,-0.125,87.90272,-84.51767,-148.5002,-0.3861361,-0.3265305,-0.6258032,-0.593841
50578,0.7729883,-0.8128111,-4.0756,0.08328026,-0.04169925,-0.1760049,8.849285,0.09098291,-1.149258,19.5,-0.375,0.625,88.62112,-84.51224,-149.2231,-0.3859845,-0.3267281,-0.6261774,-0.5934363
50589,0.7741518,-0.8133654,-4.078027,0.08863477,-0.04222755,-0.1848907,8.925902,0.2202744,-1.115738,28.625,-0.625,0.875,89.47518,-84.51867,-149.9626,-0.3851107,-0.3263841,-0.6269259,-0.5934031
50601,0.775377,-0.8139198,-4.080535,0.09394543,-0.04251393,-0.1923474,9.031251,0.2298516,-1.115738,40.75,-1.25,0.875,90.34783,-84.51931,-150.563,-0.3834388,-0.3251547,-0.6281435,-0.5938727
50612,0.7766659,-0.8144873,-4.083149,0.09827769,-0.04327008,-0.1992829,9.06956,0.1436572,-1.120526,46.875,-1.875,1.875,91.00098,-84.49883,-150.8616,-0.3815098,-0.3232947,-0.6295379,-0.5946537
50624,0.7780681,-0.8150957,-4.086001,0.1016453,-0.04410208,-0.2067619,9.055194,0.06225147,-1.087006,47.5,-2.375,3.75,91.3216,-84.45695,-150.8011,-0.3796468,-0.3210687,-0.6308953,-0.5956127
50636,0.7794396,-0.8156779,-4.088807,0.1047738,-0.04447784,-0.2143272,9.021674,0.06704004,-1.063064,46.125,-3,5.375,91.46694,-84.40395,-150.6034,-0.378089,-0.3189364,-0.6320822,-0.5964903
50647,0.7808406,-0.8162505,-4.091688,0.1080163,-0.04414297,-0.2221291,9.00252,0.09577148,-1.029544,45.625,-3.75,6.625,91.53825,-84.34338,-150.342,-0.3766447,-0.316792,-0.6332186,-0.5973406
50660,0.7824736,-0.8168871,-4.095084,0.1109641,-0.04325807,-0.2307351,9.021674,0.05746289,-0.9864463,45.25,-4.375,7.125,91.50808,-84.26847,-149.9393,-0.3750969,-0.3143153,-0.6344447,-0.5983213
50672,0.7839786,-0.8174362,-4.098236,0.1136943,-0.04147503,-0.2381163,9.055194,0.09098291,-0.9385605,44.75,-5.25,6.75,91.60111,-84.20566,-149.7039,-0.3736734,-0.3121817,-0.635573,-0.5991308
50683,0.7854986,-0.8179379,-4.101417,0.1169721,-0.03860652,-0.2447736,9.107868,0.1676001,-0.9050406,47.875,-6.125,5.875,91.92625,-84.15332,-149.6655,-0.3719367,-0.3099822,-0.6368854,-0.5999592
50695,0.7870695,-0.8184018,-4.104686,0.1204121,-0.03555892,-0.2505781,9.174909,0.1771773,-0.9194063,53.75,-7,4.5,92.47562,-84.10099,-149.7722,-0.3697085,-0.3074133,-0.638527,-0.6009127
50706,0.7886547,-0.8188214,-4.10797,0.1232066,-0.03261252,-0.2552903,9.251526,0.1292915,-0.9194063,58.75,-7.875,2.875,93.16747,-84.04843,-149.9619,-0.3671114,-0.3045553,-0.6403989,-0.6019673
50718,0.7902971,-0.8192106,-4.111365,0.1251559,-0.02966063,-0.2586874,9.356874,0.06225147,-0.9098291,60.375,-8.625,1.75,93.92438,-83.99211,-150.1837,-0.3643276,-0.3015135,-0.642395,-0.6030621
50729,0.7919411,-0.8195629,-4.114751,0.1264833,-0.02710487,-0.2605581,9.467011,0,-0.933772,59.625,-9.25,1.125,94.69271,-83.92772,-150.4308,-0.3616407,-0.2985094,-0.6443751,-0.6040604
50741,0.793586,-0.8198929,-4.118139,0.1268134,-0.02543981,-0.2611929,9.553205,-0.1101372,-0.9720806,56.25,-9.75,0.75,95.39388,-83.84929,-150.6547,-0.3592672,-0.2956526,-0.6462395,-0.6048895
50752,0.7952157,-0.8202078,-4.121536,0.1257329,-0.02429984,-0.2620752,9.529263,-0.225063,-0.9577149,49.5,-10.25,0.125,96.01952,-83.76382,-150.8894,-0.3574011,-0.2932204,-0.6478561,-0.6054492
50763,0.7968398,-0.8205073,-4.124987,0.1241824,-0.02289893,-0.2637941,9.467011,-0.2394287,-0.933772,40.125,-11.125,-0.75,96.74179,-83.67622,-151.3387,-0.3561233,-0.2914846,-0.6492319,-0.6055666
50775,0.7984403,-0.8207831,-4.128432,0.1231538,-0.02121588,-0.265125,9.495743,-0.191543,-0.9625034,33.125,-12.375,-1.5,97.65335,-83.58097,-152.0696,-0.3552842,-0.290315,-0.650509,-0.6052508
50786,0.8000484,-0.8210371,-4.131931,0.1223234,-0.01932528,-0.2661423,9.519686,-0.1628115,-0.9864463,28.625,-13.25,-2.75,98.75651,-83.48208,-153.0484,-0.3546634,-0.2895407,-0.6517719,-0.6046267
50798,0.8015972,-0.8212516,-4.135355,0.1214283,-0.0168205,-0.2684696,9.419126,-0.1197144,-0.9529263,27.875,-14.125,-4.375,100.0135,-83.3917,-154.1932,-0.3539758,-0.2889678,-0.6530718,-0.6039006
50809,0.8031652,-0.8214309,-4.138921,0.1201119,-0.01373021,-0.2731548,9.246737,-0.09577148,-0.9098291,29.875,-15.625,-6.125,101.4983,-83.29577,-155.5352,-0.3530239,-0.2883228,-0.6546036,-0.6031073
50821,0.8047192,-0.8215626,-4.142576,0.1188224,-0.01007584,-0.2794561,9.127023,-0.04309717,-0.8906748,33.25,-16.75,-7.75,103.1864,-83.19747,-157.0351,-0.3517085,-0.2875389,-0.6563777,-0.6023213
50832,0.8063613,-0.8216245,-4.146542,0.1182103,-0.004449178,-0.2854859,9.184485,0.1005601,-0.8571548,41.125,-17.75,-9.875,105.332,-83.1034,-158.8706,-0.3494593,-0.2863474,-0.6586957,-0.6016672
50844,0.8078858,-0.8216037,-4.1503,0.1174318,0.00160439,-0.2894891,9.313777,0.1484458,-0.8427891,55,-18.875,-12.375,107.5797,-83.01481,-160.6464,-0.3462186,-0.2843634,-0.6614401,-0.6014709
50856,0.8093912,-0.8215215,-4.154137,0.114616,0.006256904,-0.2922027,9.40476,-0.0191543,-0.8810977,65.125,-19.375,-14.25,109.7678,-82.90826,-162.221,-0.3422711,-0.2815056,-0.6645541,-0.6016419
50868,0.8108369,-0.821398,-4.15801,0.1097149,0.009374164,-0.2939124,9.4718,-0.1963315,-0.9146177,65.75,-18.875,-14.5,111.6724,-82.79241,-163.5002,-0.3383868,-0.2784308,-0.6675652,-0.6019365
50880,0.8123422,-0.8212134,-4.162291,0.103811,0.01273085,-0.2952183,9.510109,-0.2059087,-0.9289834,59.25,-17.625,-13.5,113.5192,-82.6741,-164.7539,-0.3346558,-0.2755433,-0.6704614,-0.6021321
50892,0.813652,-0.8209974,-4.166246,0.09816703,0.01618846,-0.2964512,9.510109,-0.1819658,-0.9194063,53.375,-16.375,-12,114.9863,-82.57767,-165.7552,-0.3316861,-0.2733018,-0.6727477,-0.6022466
50904,0.8148479,-0.8207369,-4.1701,0.09245962,0.02013268,-0.2979635,9.490954,-0.1484458,-0.8858863,50.125,-14.5,-11.25,116.268,-82.51106,-166.6284,-0.3289886,-0.2714287,-0.6746613,-0.6024328
50915,0.8159721,-0.8204215,-4.173991,0.08657519,0.02429765,-0.299692,9.476588,-0.1292915,-0.8763091,48.125,-12.75,-10.875,117.4597,-82.46639,-167.4368,-0.326376,-0.2697506,-0.6763602,-0.6027024
50926,0.8170109,-0.8200612,-4.177871,0.08057532,0.02794293,-0.3009797,9.50532,-0.1484458,-0.9098291,44.25,-10.75,-10,118.4729,-82.4388,-168.1203,-0.3240829,-0.2683514,-0.6777563,-0.6029961
50938,0.8180019,-0.8196483,-4.181893,0.07425477,0.0309376,-0.3013872,9.567572,-0.1819658,-0.9625034,38.625,-8.625,-8.375,119.267,-82.42477,-168.6496,-0.3222174,-0.267251,-0.6788233,-0.6032842
50949,0.8188738,-0.8192245,-4.185734,0.06835689,0.03322325,-0.3010868,9.615458,-0.1963315,-1.010389,30,-5.625,-6,119.7242,-82.4359,-168.966,-0.3211364,-0.2667609,-0.679318,-0.6035207
50961,0.8196904,-0.8187643,-4.189639,0.06285644,0.03542959,-0.3006167,9.625034,-0.1676001,-1.039121,20.375,-2.875,-3.625,119.9402,-82.47254,-169.1665,-0.320787,-0.266949,-0.6792861,-0.6036593
50972,0.8204626,-0.818261,-4.19362,0.05831021,0.03799592,-0.300568,9.591515,-0.08619434,-1.058275,11.75,0,-1.125,119.9533,-82.53892,-169.2815,-0.3210891,-0.2678093,-0.6787457,-0.6037254
50984,0.8211649,-0.8177397,-4.197458,0.05496875,0.04080133,-0.3004504,9.596303,-0.004788574,-1.077429,8.125,2.5,0.875,119.8205,-82.62738,-169.2961,-0.3216509,-0.2689258,-0.6779271,-0.6038498
50995,0.8218392,-0.8171753,-4.201355,0.05195142,0.04348878,-0.3002547,9.601091,0.009577149,-1.087006,7.5,4.625,2.125,119.5361,-82.73814,-169.171,-0.3222945,-0.2700998,-0.676907,-0.6041269
51007,0.8224985,-0.8165663,-4.205387,0.04928175,0.04551809,-0.3013352,9.500531,0,-1.115738,7,6.5,2.875,119.12,-82.86537,-168.9266,-0.3230238,-0.2713308,-0.6757222,-0.6045121
51018,0.8230923,-0.8159782,-4.209188,0.04744178,0.04699341,-0.3036835,9.390394,0.0191543,-1.139681,6.125,8,3.625,118.6527,-82.99271,-168.6318,-0.3237793,-0.2725435,-0.6745138,-0.6049119
51029,0.8236959,-0.8153378,-4.213201,0.04611595,0.04892159,-0.3066299,9.356874,0.07182861,-1.115738,6.375,9.375,4.375,118.1089,-83.14251,-168.2664,-0.3245208,-0.2738406,-0.673156,-0.6054409
51041,0.8242965,-0.8146665,-4.217301,0.04524667,0.05058207,-0.3088994,9.409549,0.08140577,-1.134892,9.5,9.875,4.25,117.5646,-83.29519,-167.8617,-0.3250319,-0.2749324,-0.6718825,-0.6060861
51052,0.8248662,-0.8140075,-4.221315,0.04410123,0.05101268,-0.3107306,9.433492,0,-1.168412,12.5,10.125,3.875,116.9611,-83.43631,-167.354,-0.3253734,-0.2757041,-0.6707461,-0.6068107
51065,0.8254516,-0.8133101,-4.225634,0.04251834,0.05064908,-0.313722,9.356874,-0.06225147,-1.163624,10.375,10,4,116.2063,-83.57684,-166.7303,-0.3259679,-0.2766119,-0.669468,-0.6074895
51076,0.8260161,-0.8126325,-4.229861,0.04237636,0.05086367,-0.3172868,9.308989,0.04309717,-1.168412,6.625,9.75,4.875,115.5233,-83.70455,-166.2256,-0.3268029,-0.2778008,-0.6681697,-0.6079275
51088,0.8265872,-0.8119584,-4.233964,0.04463368,0.05269161,-0.3207293,9.313777,0.2681602,-1.168412,9.125,8.875,5.75,115.0967,-83.81845,-165.9407,-0.3273477,-0.2788649,-0.667136,-0.6082824
51100,0.8272951,-0.8111378,-4.238735,0.04817412,0.0558425,-0.3246358,9.323354,0.3639317,-1.134892,23.125,7.375,4.875,114.909,-83.93763,-165.7096,-0.3267614,-0.2790016,-0.6666325,-0.6090865
51112,0.8279855,-0.8103459,-4.243186,0.0509472,0.05843509,-0.3284471,9.308989,0.3208345,-1.115738,37.5,5.5,3.25,114.9284,-84.02618,-165.492,-0.3251552,-0.2779938,-0.6668227,-0.6101976
51124,0.8286619,-0.8095791,-4.247412,0.05315273,0.06025755,-0.3320592,9.3042,0.2633716,-1.125315,45.25,3.75,2.625,114.999,-84.08374,-165.2403,-0.3231833,-0.2763874,-0.6673756,-0.6113694
51135,0.8293792,-0.8087804,-4.251765,0.05522813,0.06149383,-0.3352021,9.342508,0.2154858,-1.154046,47.875,2.25,3,115.0154,-84.11527,-164.8934,-0.3211138,-0.2744071,-0.6681156,-0.6125425
51146,0.8301179,-0.807974,-4.256118,0.05731177,0.06256362,-0.3377495,9.385606,0.2011201,-1.168412,49.625,1,3.125,115.0464,-84.12783,-164.541,-0.3189992,-0.2722369,-0.668987,-0.6136636
51158,0.8308907,-0.8071386,-4.260589,0.05881314,0.06358013,-0.3402393,9.395183,0.1532344,-1.144469,52,-0.375,2.875,115.0834,-84.12563,-164.1551,-0.3167233,-0.269775,-0.6700119,-0.6148105
51169,0.831652,-0.8063245,-4.265043,0.0586895,0.06275505,-0.3434009,9.332932,-0.04309717,-1.168412,50.875,-1.875,2.625,114.9387,-84.09249,-163.6056,-0.3147486,-0.2672001,-0.6710461,-0.6158203
51181,0.832396,-0.8055413,-4.269567,0.05722988,0.06025139,-0.3480204,9.213217,-0.2154858,-1.192355,43.5,-2.875,2.125,114.6696,-84.03553,-163.0252,-0.3134266,-0.2650083,-0.671905,-0.6165047
51192,0.8331127,-0.8047882,-4.274158,0.05530749,0.05810923,-0.3542223,9.093503,-0.2298516,-1.144469,33.25,-4.25,1.5,114.5076,-83.96947,-162.6849,-0.3128052,-0.2636066,-0.6725335,-0.6167361
51204,0.8338143,-0.8040445,-4.278861,0.05393902,0.05717941,-0.3615862,9.012096,-0.1340801,-1.106161,29.125,-5.875,-0.375,114.7619,-83.90101,-162.8131,-0.3122717,-0.2627026,-0.6732298,-0.6166324
51215,0.8344984,-0.8033084,-4.283659,0.05262687,0.05662918,-0.3691441,8.997731,-0.1053486,-1.101372,32.125,-8.125,-3.875,115.5326,-83.82105,-163.4162,-0.3112965,-0.2617697,-0.6742947,-0.6163586
51227,0.8351612,-0.8025665,-4.288625,0.05025718,0.05625687,-0.376536,9.021674,-0.1436572,-1.058275,36.75,-10,-7.625,116.7055,-83.73647,-164.3547,-0.3097572,-0.2606441,-0.675707,-0.6160642
51238,0.8357598,-0.8018499,-4.293512,0.0469997,0.056261,-0.3836737,9.026463,-0.1628115,-1.005601,42.375,-12.125,-12,118.2924,-83.65041,-165.6397,-0.3076151,-0.2593583,-0.6774531,-0.6157626
51250,0.8363269,-0.8011045,-4.298625,0.04324424,0.05684142,-0.3899342,9.112657,-0.1292915,-0.9864463,51.75,-15,-17.5,120.5948,-83.54514,-167.504,-0.3043701,-0.2576265,-0.6798804,-0.6154267
51261,0.836827,-0.8003543,-4.303771,0.03830969,0.05746237,-0.3941347,9.270679,-0.1628115,-0.967292,59.75,-17.625,-21.75,123.252,-83.41655,-169.6166,-0.300347,-0.2554502,-0.6827721,-0.615109
51273,0.8372355,-0.7996169,-4.308942,0.03120387,0.05633131,-0.3950692,9.514897,-0.3447773,-1.010389,60.5,-19.75,-24,125.8215,-83.25058,-171.6262,-0.2963115,-0.2530919,-0.6858109,-0.6146605
51285,0.8375319,-0.7988989,-4.314342,0.02152664,0.05214543,-0.3921006,9.787846,-0.584206,-1.125315,46.375,-20.625,-23.25,127.9884,-83.03892,-173.3967,-0.2934333,-0.2514071,-0.6885437,-0.6136766
51296,0.8376809,-0.7982795,-4.319436,0.01134152,0.04713612,-0.387683,9.902772,-0.6656118,-1.182778,18.5,-20,-19.25,129.3898,-82.83098,-174.7879,-0.2930267,-0.2516381,-0.6901276,-0.6119948
51308,0.8377086,-0.7977137,-4.324417,0.002130114,0.04361659,-0.3839773,9.854886,-0.517166,-1.182778,-10.5,-19,-14,130.2882,-82.63564,-176.0577,-0.2949056,-0.2539169,-0.6906292,-0.6095804
51320,0.8376243,-0.7970799,-4.330018,-0.005731602,0.04310434,-0.380914,9.783057,-0.1963315,-1.163624,-35.375,-17.5,-8.5,130.9845,-82.43935,-177.5491,-0.2991256,-0.2586421,-0.6901098,-0.6061159
51332,0.8374564,-0.7964912,-4.335072,-0.01256517,0.04406437,-0.3782696,9.778269,-0.08140577,-1.130104,-45,-16.625,-5.625,131.3731,-82.28057,-178.7922,-0.3037369,-0.2636296,-0.6891229,-0.6027877
51344,0.8374564,-0.7964912,-4.335072,0,0,0,9.787846,-0.2825259,-1.125315,-56.375,-16.25,-3,131.219,-82.13528,-179.6111,-0.309308,-0.2689578,-0.6875644,-0.5993708
51356,0.8374564,-0.7964912,-4.335072,0,0,0,9.807,-0.4070288,-1.225875,-86.25,-14.375,3.625,130.2042,-81.99203,179.925,-0.3181437,-0.2766289,-0.6844267,-0.5948286
51368,0.8374564,-0.7964912,-4.335072,0,0,0,9.969811,-0.2777373,-1.321646,-118.5,-11.75,9.625,128.8486,-81.88758,179.4869,-0.3287316,-0.2859506,-0.6800669,-0.5896413
51379,0.8374564,-0.7964912,-4.335072,0,0,0,10.10868,-0.2106973,-1.379109,-140.25,-9.375,14.375,127.1301,-81.81281,179.1227,-0.340939,-0.296689,-0.6745045,-0.5837637
51391,0.8374564,-0.7964912,-4.335072,0,0,0,9.921926,-0.1005601,-1.345589,-158.375,-7.125,19,125.0938,-81.77235,178.8237,-0.3544819,-0.3086365,-0.667743,-0.5772396
51402,0.8374564,-0.7964912,-4.335072,0,0,0,9.596303,0.1388687,-1.302492,-168.625,-5.875,23,122.9438,-81.75111,178.4957,-0.3686376,-0.321237,-0.6601655,-0.5701708
51413,0.8374564,-0.7964912,-4.335072,0,0,0,9.275469,0.517166,-1.211509,-164.25,-5.5,25.5,121.0111,-81.74417,178.0333,-0.3820135,-0.3334212,-0.6525491,-0.5630948
51425,0.8374564,-0.7964912,-4.335072,0,0,0,9.122234,0.8763091,-1.139681,-139.5,-6.375,24.625,119.5325,-81.73407,177.4086,-0.3934695,-0.3441519,-0.6457495,-0.5565509
51436,0.8374564,-0.7964912,-4.335072,0,0,0,9.213217,1.019966,-1.177989,-94,-8.375,20.25,118.5717,-81.69215,176.86,-0.4016312,-0.3517418,-0.6409603,-0.5514889
51448,0.8375008,-0.7964369,-4.335103,0.003408697,0.004168022,-0.00241263,9.37124,0.7565947,-1.288126,-48.375,-10.25,14.125,117.8382,-81.61192,176.6893,-0.4067667,-0.3559532,-0.6382462,-0.5481607
51460,0.837492,-0.7963828,-4.335155,-0.000632266,0.003904655,-0.003784146,9.447857,0.1005601,-1.398264,-20,-11.5,9.625,116.7365,-81.49714,177.2345,-0.4106147,-0.3578006,-0.6365835,-0.5460182
51472,0.8373368,-0.7963925,-4.335223,-0.01181915,-0.0007348873,-0.005102953,9.433492,-0.5746289,-1.503612,-32.125,-11.625,11.25,114.8783,-81.37561,178.412,-0.4156736,-0.3596916,-0.6341645,-0.543758
51483,0.8369973,-0.7964774,-4.335297,-0.02608671,-0.006520714,-0.005701587,9.481377,-0.8667319,-1.537132,-67.5,-11.5,15.875,112.42,-81.25188,179.7339,-0.4233612,-0.3635837,-0.6299287,-0.5401501
51495,0.8364204,-0.7966369,-4.33537,-0.04042564,-0.01118085,-0.005071268,9.57236,-0.7661719,-1.522767,-112.375,-11.125,21.5,109.412,-81.12104,-179.1522,-0.4350063,-0.3710989,-0.6228443,-0.5339665
51507,0.8358129,-0.7967968,-4.335432,-0.04799914,-0.01262924,-0.004884801,9.548417,-0.3256231,-1.489247,-142,-10.875,26.25,106.846,-81.0103,-178.6514,-0.4469237,-0.3798359,-0.615115,-0.5268942
51518,0.8351645,-0.7969528,-4.335502,-0.0496109,-0.01193409,-0.00535589,9.500531,0.1723887,-1.479669,-156.625,-10.375,30.625,104.3661,-80.90379,-178.5059,-0.4598478,-0.38994,-0.6062669,-0.518582
51530,0.8345749,-0.7970684,-4.335583,-0.04543312,-0.008912662,-0.00629085,9.476588,0.6512461,-1.412629,-142.75,-10,30.125,102.4323,-80.81759,-178.7158,-0.4712607,-0.3993678,-0.598066,-0.510623
51541,0.8340654,-0.7971286,-4.335708,-0.03828262,-0.004521953,-0.009372324,9.328143,0.8906748,-1.331224,-100.75,-10.25,23.625,101.2437,-80.74161,-179.1634,-0.4796883,-0.4066336,-0.5918904,-0.5041964
51553,0.8336706,-0.7971389,-4.335896,-0.03120714,-0.0008166572,-0.01485135,9.122234,0.9146177,-1.336012,-54.125,-10.5,15.75,100.7663,-80.66545,-179.6444,-0.484531,-0.4108793,-0.5884963,-0.5000802
51564,0.8333491,-0.7971072,-4.336175,-0.0247112,0.002436045,-0.02146783,9.040829,0.8571548,-1.359955,-10.75,-10.25,9,100.7541,-80.58746,179.9543,-0.4866224,-0.4126601,-0.5873412,-0.4979363
51575,0.8330671,-0.7970388,-4.336534,-0.02165025,0.005251146,-0.02746912,9.088714,0.5937832,-1.364744,28,-10,3,100.9469,-80.51502,179.862,-0.4862941,-0.4119884,-0.5881431,-0.4978668
51587,0.8327496,-0.7969384,-4.336977,-0.02390492,0.007560811,-0.03338459,9.107868,0.1819658,-1.345589,48.5,-10.125,-0.875,101.0456,-80.44521,-179.852,-0.4847936,-0.4097933,-0.5898903,-0.4990733
51598,0.8323579,-0.7968295,-4.33749,-0.03078867,0.008554759,-0.04027836,9.007308,-0.2154858,-1.359955,49.5,-9.75,-1.75,100.8417,-80.37996,-179.2607,-0.4835012,-0.4073572,-0.5914193,-0.5005096
51610,0.8318389,-0.7967141,-4.338131,-0.03993259,0.008883049,-0.04939444,8.844497,-0.4022402,-1.359955,36.25,-9.125,-0.75,100.3898,-80.31781,-178.584,-0.4831021,-0.4055704,-0.5921808,-0.5014448
51621,0.8312142,-0.7965862,-4.338902,-0.04815633,0.009854641,-0.05937384,8.782246,-0.3352002,-1.321646,20.625,-8.5,-0.125,99.97456,-80.26974,-178.1485,-0.48352,-0.4049289,-0.5921738,-0.5015687
51633,0.8305132,-0.7964267,-4.339794,-0.0539755,0.01228436,-0.06870806,8.844497,-0.1340801,-1.264184,14.125,-8.125,-0.5,99.7953,-80.23962,-178.0361,-0.4840657,-0.4050009,-0.5919418,-0.5012581
51644,0.8297381,-0.7962198,-4.340805,-0.05942906,0.01586053,-0.07749809,8.901959,-0.08619434,-1.197144,15.125,-8.5,-2.25,99.79858,-80.21865,-178.0922,-0.4843714,-0.4051847,-0.591846,-0.5009272
51656,0.8288844,-0.7959607,-4.341916,-0.06563342,0.01992522,-0.08541563,8.973788,-0.1340801,-1.163624,15.75,-9.5,-3.625,99.86153,-80.19276,-178.1973,-0.4846021,-0.4053395,-0.5918499,-0.5005742
51667,0.8279527,-0.7956502,-4.34311,-0.07102777,0.02367122,-0.09100914,9.146177,-0.07182861,-1.240241,10.875,-9.875,-3,99.93694,-80.15357,-178.3809,-0.4851581,-0.4057877,-0.5916851,-0.4998667
51678,0.8270023,-0.7952907,-4.344305,-0.07427114,0.02809221,-0.09341711,9.385606,0.1005601,-1.259395,9,-9.625,-2,100.0844,-80.12199,-178.6613,-0.4857349,-0.4064549,-0.5914505,-0.4990415
51690,0.8260097,-0.7948525,-4.345541,-0.07611354,0.03359816,-0.09478344,9.476588,0.2346401,-1.225875,17.625,-9.75,-2.625,100.3924,-80.09655,-178.9932,-0.4856831,-0.4067176,-0.5916868,-0.4985976
51701,0.8249853,-0.794349,-4.346806,-0.07833066,0.03850161,-0.09674545,9.423914,0.2059087,-1.264184,32.125,-9.75,-4.5,100.8091,-80.06463,-179.2418,-0.484727,-0.4060516,-0.5927063,-0.49886
51713,0.8238277,-0.7937723,-4.348198,-0.08352653,0.041612,-0.1004325,9.289834,-0.02394287,-1.355167,38.625,-8.875,-5.25,101.0835,-80.02512,-179.2437,-0.4834569,-0.4046968,-0.5940286,-0.4996198
51725,0.8226549,-0.793207,-4.349565,-0.090107,0.04343125,-0.1050218,9.194062,-0.1723887,-1.398264,32.75,-7,-4.125,101.1195,-80.00392,-179.0994,-0.4827175,-0.4037006,-0.5947805,-0.5002458
51737,0.8213999,-0.7926127,-4.350986,-0.09555662,0.04524685,-0.1081433,9.3042,-0.08619434,-1.436572,23.5,-4.375,-2.375,101.1044,-80.01401,-179.0273,-0.4824444,-0.4034352,-0.5949278,-0.5005481
51748,0.8200871,-0.7919936,-4.35242,-0.09964243,0.04699052,-0.1088576,9.481377,0.01436572,-1.489247,20.875,-1.875,-1.5,101.1132,-80.05286,-179.0159,-0.4822087,-0.4035043,-0.5948377,-0.5008265
51761,0.8185813,-0.7912917,-4.353986,-0.1044831,0.04871099,-0.1086705,9.548417,-0.01436572,-1.494035,20.625,1,-1.625,101.1011,-80.13666,-178.9848,-0.481833,-0.4037547,-0.5945361,-0.5013443
51773,0.8171032,-0.7906236,-4.355443,-0.1100767,0.04975126,-0.1084772,9.548417,-0.1053486,-1.498824,15.25,4,-0.625,100.9229,-80.25146,-178.8611,-0.4817993,-0.4043854,-0.5937297,-0.5018237
51784,0.8156019,-0.7899703,-4.356845,-0.1160348,0.05049377,-0.1083758,9.543629,-0.158023,-1.484458,5.5,6.625,1.375,100.5444,-80.39434,-178.6628,-0.4823687,-0.4056317,-0.5922254,-0.5020483
51796,0.8156019,-0.7899703,-4.356845,0,0,0,9.562783,-0.05267432,-1.450938,-4.5,9,3,100.1248,-80.57014,-178.5573,-0.4834253,-0.4076848,-0.5900797,-0.5018955
51808,0.8156019,-0.7899703,-4.356845,0,0,0,9.524474,0.07182861,-1.403052,-7.875,11,3.75,99.72134,-80.78954,-178.5416,-0.4846183,-0.410321,-0.5874951,-0.5016288
51819,0.8156019,-0.7899703,-4.356845,0,0,0,9.419126,0.1388687,-1.336012,-4.75,12,3.125,99.45166,-81.00995,-178.5928,-0.4854033,-0.4127205,-0.5852283,-0.5015509
51831,0.8156019,-0.7899703,-4.356845,0,0,0,9.352086,0.158023,-1.326435,0.375,12.625,2.5,99.24784,-81.23214,-178.6417,-0.4858262,-0.4148265,-0.5832386,-0.5017217
51842,0.8156019,-0.7899703,-4.356845,0,0,0,9.241948,0.1245029,-1.345589,6,13,1.625,99.0816,-81.44728,-178.6528,-0.4859137,-0.4165455,-0.5815728,-0.5021463
51854,0.8155537,-0.7899762,-4.35692,-0.003642098,-0.0004455165,-0.00570141,9.117445,0,-1.326435,9.375,13.25,0.375,98.88214,-81.66539,-178.5874,-0.4858174,-0.4180359,-0.5800316,-0.5027831
51866,0.8154058,-0.7900041,-4.357071,-0.01068408,-0.002013733,-0.01090342,9.17012,-0.2490059,-1.336012,5.5,13.125,-0.5,98.45649,-81.88425,-178.3513,-0.4861033,-0.419665,-0.5781536,-0.5033122
51878,0.8151683,-0.790059,-4.357255,-0.01822503,-0.004210323,-0.01413928,9.294622,-0.3304116,-1.364744,-8.125,13.375,-0.25,97.93466,-82.08543,-178.1851,-0.487231,-0.4220005,-0.5756906,-0.5030922
51889,0.8148515,-0.7901493,-4.357485,-0.02289039,-0.006522463,-0.01665038,9.361663,-0.08619434,-1.379109,-21.25,13.625,1,97.5435,-82.29707,-178.3576,-0.4891327,-0.4255089,-0.572486,-0.5019473
51901,0.8145503,-0.7902586,-4.357725,-0.02313825,-0.008401629,-0.01841129,9.409549,0.2442173,-1.379109,-21.375,13.625,1.5,97.50893,-82.49303,-178.8583,-0.4907414,-0.4290141,-0.5696344,-0.500636
51913,0.8142825,-0.7903943,-4.358,-0.02037404,-0.01032457,-0.0208871,9.356874,0.4884346,-1.374321,-8.5,13.375,0.375,97.8911,-82.68279,-179.6129,-0.4914139,-0.4319148,-0.56762,-0.4997696
51924,0.814047,-0.7905602,-4.358325,-0.01788237,-0.01260228,-0.02464832,9.261103,0.4788574,-1.355167,10.625,12.875,-1.625,98.48642,-82.86156,179.6726,-0.4909081,-0.4336211,-0.566694,-0.4998399
51937,0.8137938,-0.7907956,-4.358745,-0.01757113,-0.0163372,-0.02919939,9.227583,0.3112573,-1.383898,22.625,12.5,-3.125,99.08894,-83.03981,179.1162,-0.4896916,-0.4344963,-0.5663782,-0.5006306
51949,0.8135595,-0.7910753,-4.359175,-0.01743983,-0.02080924,-0.03201814,9.328143,0.2968916,-1.441361,25.5,13,-2.875,99.60924,-83.20084,178.678,-0.4884417,-0.4350603,-0.5662189,-0.5015411
51960,0.8133445,-0.7914032,-4.359602,-0.01660844,-0.02533404,-0.0329952,9.462223,0.3543545,-1.455727,29.75,13.625,-2.125,100.109,-83.3605,178.3114,-0.4869935,-0.4353423,-0.5662369,-0.502683
51972,0.8131288,-0.7917973,-4.360036,-0.0166095,-0.03034804,-0.03342796,9.50532,0.2873144,-1.460515,36.375,14.375,-2.25,100.5449,-83.52637,178.0961,-0.485181,-0.4351721,-0.5665174,-0.5042647
51983,0.8128881,-0.7922685,-4.360494,-0.01866943,-0.03654867,-0.03549661,9.376028,0.1101372,-1.489247,37,15.125,-1.625,100.6723,-83.69006,178.1969,-0.4835118,-0.4347799,-0.5666952,-0.5060033
51995,0.8125921,-0.7928542,-4.361041,-0.02216854,-0.04385898,-0.04091324,9.131811,-0.009577149,-1.484458,29.125,16,-0.375,100.4754,-83.86237,178.5252,-0.4824038,-0.434732,-0.5663282,-0.5075107
52006,0.8122764,-0.7935075,-4.361647,-0.02475132,-0.05121198,-0.04750148,9.021674,0.03830859,-1.484458,20.625,16.625,1.125,100.1738,-84.02801,178.8424,-0.4818778,-0.4351823,-0.5655133,-0.5085322
52018,0.8119529,-0.7942646,-4.362341,-0.02486439,-0.05820654,-0.05340669,9.088714,0.2346401,-1.455727,16.875,16.75,1.875,100.0748,-84.19999,178.9063,-0.4814455,-0.4360149,-0.5645619,-0.5092849
52029,0.8116384,-0.7951133,-4.363107,-0.02385968,-0.06437481,-0.0580573,9.198852,0.3304116,-1.383898,22.875,15.5,1.125,100.2236,-84.36709,178.8006,-0.4805626,-0.4365594,-0.5640273,-0.5102438
52040,0.8113437,-0.7960187,-4.363883,-0.02297866,-0.07059697,-0.06056725,9.356874,0.3208345,-1.393475,33.375,13.75,-0.375,100.5431,-84.50478,178.6591,-0.4791119,-0.4363944,-0.5641996,-0.511557
52052,0.8110557,-0.7970217,-4.364673,-0.02223074,-0.0774241,-0.06096873,9.519686,0.3016802,-1.431784,38.875,11.875,-0.5,100.842,-84.61365,178.6114,-0.4774503,-0.4357359,-0.5647681,-0.5130426
52064,0.8107643,-0.7981553,-4.365473,-0.02179073,-0.08476098,-0.05978472,9.6394,0.2681602,-1.446149,40.125,10.375,0.5,100.943,-84.70421,178.7862,-0.4758342,-0.4347882,-0.5654377,-0.514608
52075,0.8104869,-0.7993004,-4.366204,-0.02215124,-0.09143519,-0.05836692,9.668132,0.2011201,-1.412629,39.25,8.5,1.625,100.7741,-84.76936,179.2024,-0.4745563,-0.4337582,-0.5660169,-0.5160186
52086,0.810186,-0.8005888,-4.366955,-0.02295598,-0.09829764,-0.05729439,9.6394,0.158023,-1.388687,36.375,6.375,3.125,100.309,-84.81087,179.8878,-0.473609,-0.4326388,-0.5664949,-0.5173024
52098,0.810186,-0.8005888,-4.366955,0,0,0,9.591515,0.2298516,-1.364744,34,4.5,4.25,99.80063,-84.82944,-179.4103,-0.4728812,-0.4315418,-0.5669585,-0.5183756
52111,0.810186,-0.8005888,-4.366955,0,0,0,9.50532,0.2442173,-1.288126,37.25,1.75,4.5,99.26297,-84.81911,-178.6155,-0.4719824,-0.429998,-0.5677758,-0.5195816
52122,0.810186,-0.8005888,-4.366955,0,0,0,9.40476,0.06225147,-1.201932,42.5,-1.375,2.75,98.77187,-84.78105,-177.8314,-0.4710077,-0.4281767,-0.5688591,-0.5207839
52134,0.810186,-0.8005888,-4.366955,0,0,0,9.356874,-0.1388687,-1.216298,39.625,-4,1.625,98.11786,-84.70213,-176.9063,-0.4703611,-0.4262147,-0.5699652,-0.5217674
52145,0.810186,-0.8005888,-4.366955,0,0,0,9.395183,-0.1245029,-1.264184,28.625,-6.25,2.25,97.5038,-84.5929,-176.1752,-0.470525,-0.4248948,-0.5706289,-0.5219706
52157,0.8101696,-0.8006559,-4.366977,-0.001156603,-0.004716354,-0.001545583,9.452645,0.08619434,-1.259395,22.375,-8.5,2.625,97.2071,-84.44575,-175.8384,-0.4710652,-0.4239179,-0.5712836,-0.5215613
52170,0.8101617,-0.8007733,-4.367026,-0.000564821,-0.0083724,-0.00349618,9.423914,0.2202744,-1.240241,27.375,-11,1.125,97.4013,-84.27528,-175.9233,-0.4711702,-0.4227037,-0.5724914,-0.5211276
52181,0.8101639,-0.8009171,-4.367109,0.0001728683,-0.01125695,-0.006495189,9.328143,0.2442173,-1.230664,36.25,-13.625,-0.75,97.86575,-84.09239,-176.1734,-0.4707193,-0.4210359,-0.5742574,-0.5209421
52193,0.8101766,-0.8010978,-4.367242,0.0009784524,-0.01395054,-0.01030213,9.265891,0.2537944,-1.245029,41.25,-16.125,-1.375,98.42214,-83.87632,-176.4477,-0.4700325,-0.4189355,-0.5764592,-0.5208237
52204,0.8101993,-0.8013206,-4.367434,0.001722542,-0.01687287,-0.0144708,9.23716,0.2442173,-1.297704,44,-18.625,-0.875,98.90327,-83.6188,-176.605,-0.469337,-0.4164178,-0.5789619,-0.5206939
52216,0.8102278,-0.8015728,-4.367668,0.002217641,-0.01963465,-0.01826877,9.251526,0.225063,-1.336012,45.875,-20.5,-0.625,99.30418,-83.3448,-176.667,-0.4686603,-0.4137177,-0.581555,-0.5205659
52227,0.8102621,-0.801857,-4.367945,0.002637976,-0.02189041,-0.02132946,9.308989,0.225063,-1.350378,48.75,-21.875,-1.25,99.76382,-83.05669,-176.7463,-0.4678012,-0.4107827,-0.5843869,-0.5204916
52239,0.8102931,-0.8021735,-4.368256,0.002340113,-0.02390935,-0.02344137,9.380817,0.1723887,-1.379109,52.5,-23.375,-2.125,100.2425,-82.7479,-176.7863,-0.4667253,-0.4074769,-0.5875252,-0.5205232
52250,0.810299,-0.8025034,-4.368571,0.000467413,-0.02595852,-0.02477987,9.428702,0.04309717,-1.417418,51.5,-24.75,-2.625,100.5884,-82.43641,-176.722,-0.465848,-0.4042297,-0.5905012,-0.5204731
52261,0.8102714,-0.8028682,-4.368902,-0.002125343,-0.02810285,-0.02548352,9.4718,-0.01436572,-1.470092,45.25,-25.625,-2.625,100.8728,-82.1073,-176.6682,-0.4653863,-0.4012389,-0.5932609,-0.5200619
52273,0.8102142,-0.8032565,-4.369245,-0.004381786,-0.02970285,-0.02627426,9.462223,0.0191543,-1.489247,38.5,-25.75,-2.125,101.1422,-81.77979,-176.6858,-0.4653091,-0.3986948,-0.595699,-0.5193002
52285,0.8101414,-0.8036579,-4.369608,-0.005514719,-0.03040594,-0.02750508,9.428702,0.1197144,-1.494035,33.25,-25.875,-1.125,101.4198,-81.45444,-176.7806,-0.4655159,-0.3965289,-0.5978925,-0.5182512
52296,0.8100727,-0.8040407,-4.369973,-0.005412536,-0.03015998,-0.02874686,9.423914,0.2298516,-1.498824,32.75,-26,-0.625,101.7389,-81.14798,-176.9321,-0.4656765,-0.3945598,-0.5999804,-0.5171958
52307,0.8100148,-0.8044204,-4.370364,-0.004412401,-0.02897311,-0.02984055,9.43828,0.3160459,-1.503612,37.5,-26.375,-0.875,102.155,-80.83515,-177.1138,-0.4654712,-0.392294,-0.60239,-0.5163026
52319,0.8099701,-0.8047813,-4.370773,-0.003418717,-0.02755272,-0.03123659,9.409549,0.3208345,-1.537132,43.75,-26.875,-1.125,102.5766,-80.51805,-177.2193,-0.4648872,-0.3895947,-0.6051043,-0.5156981
52331,0.8099452,-0.8051405,-4.37124,-0.001777004,-0.02558813,-0.0332593,9.366451,0.3687202,-1.570652,52.125,-27,-1.625,103.1002,-80.17933,-177.2867,-0.4636495,-0.3861522,-0.6084539,-0.5154605
52342,0.8099356,-0.8054304,-4.371697,-0.000750126,-0.02274815,-0.035869,9.313777,0.3543545,-1.522767,62.75,-26.625,-2.375,103.6002,-79.89149,-177.2363,-0.4617978,-0.382411,-0.6118802,-0.5158558
52354,0.8098754,-0.8056615,-4.372225,-0.004553368,-0.01746324,-0.03989229,9.256314,0.04309717,-1.273761,65,-24.5,-2.5,103.8274,-79.66457,-176.8578,-0.4596907,-0.3783968,-0.6150246,-0.5169575
52365,0.8096274,-0.8058183,-4.372809,-0.01924569,-0.0121689,-0.04533151,9.174909,-0.7949033,-1.010389,44.375,-19.875,-0.375,103.1561,-79.53875,-175.8529,-0.4592148,-0.3754911,-0.6161734,-0.5181299
52377,0.8090628,-0.8059031,-4.373529,-0.03976319,-0.005972369,-0.05072715,9.227583,-1.115738,-0.9194063,10.75,-17.875,2.875,101.8997,-79.43763,-174.7056,-0.4611526,-0.3745641,-0.6153052,-0.5181114
52394,0.8081489,-0.8058037,-4.374529,-0.04997988,0.005437369,-0.05469086,9.385606,-0.225063,-1.053486,-0.75,-17.625,2.5,101.4597,-79.30675,-174.6341,-0.4636822,-0.3755862,-0.6143025,-0.5163007
52408,0.8073686,-0.8055822,-4.375487,-0.05018805,0.01424488,-0.06162194,9.127023,0.2968916,-1.240241,22.375,-16.125,-1.5,101.9544,-79.19625,-175.0867,-0.4634797,-0.3752968,-0.6152767,-0.5155322
52423,0.8065092,-0.805208,-4.376705,-0.04954335,0.02157429,-0.0701988,9.045617,0.3160459,-1.412629,50.5,-17,-5,102.8466,-79.02692,-175.4389,-0.4608879,-0.3724332,-0.6184292,-0.5161601
52436,0.8057547,-0.8048374,-4.377792,-0.05234294,0.02570698,-0.07543056,9.155754,0.05267432,-1.517978,55,-14.875,-5.25,103.3351,-78.90243,-175.4092,-0.4585679,-0.3695276,-0.6210046,-0.5172216
