timestamp,posX,posY,posZ,velX,velY,velZ,accX,accY,accZ,gyroX,gyroY,gyroZ,yaw,pitch,roll,quatX,quatY,quatZ,quatW
14907,0,0,0,0,0,0,-1.446149,0.1101372,-9.184485,28.25,6.5,2.625,0,0,0,0,0,0,1
14923,0,0,0,0,0,0,-1.450938,-0.06225147,-9.246737,20,12.875,7.375,0,0,0,0,0,0,1
14937,0,0,0,0,0,0,-1.508401,-0.07661719,-9.428702,14.125,17.75,12.875,0,0,0,0,0,0,1
14952,0,0,0,0,0,0,-1.498824,-0.03352002,-9.60588,9.5,19.75,18.375,0,0,0,0,0,0,1
14964,0,0,0,0,0,0,-1.417418,0.1532344,-9.701652,5.875,19.75,22,0,0,0,0,0,0,1
14976,0,0,0,0,0,0,-1.326435,0.3112573,-9.701652,5.75,18.375,23.375,0,0,0,0,0,0,1
14989,0,0,0,0,0,0,-1.321646,0.3543545,-9.663342,10.5,16,22.125,0,0,0,0,0,0,1
15001,0,0,0,0,0,0,-1.331224,0.3495659,-9.711228,17.125,12.5,19,0,0,0,0,0,0,1
15013,0,0,0,0,0,0,-1.331224,0.3591431,-9.835732,19.375,8.25,15.375,0,0,0,0,0,0,1
15026,0,0,0,0,0,0,-1.345589,0.4405488,-9.912349,17.875,3.75,12,0,0,0,0,0,0,1
15039,0,0,0,0,0,0,-1.417418,0.4788574,-9.897983,16.875,0.125,8.375,0,0,0,0,0,0,1
15051,0,0,0,0,0,0,-1.426995,0.4261831,-9.816577,16.375,-2,4.125,0,0,0,0,0,0,1
15063,0,0,0,0,0,0,-1.465304,0.3591431,-9.711228,18.75,-2.875,0.875,0,0,0,0,0,0,1
15076,0,0,0,0,0,0,-1.54671,0.2825259,-9.668132,20.75,-2.625,-1,0,0,0,0,0,0,1
15088,0,0,0,0,0,0,-1.551498,0.2537944,-9.692075,21.25,-2.375,-1.625,0,0,0,0,0,0,1
15100,0,0,0,0,0,0,-1.522767,0.2681602,-9.73996,21.875,-3.125,-1.75,0,0,0,0,0,0,1
15113,0,0,0,0,0,0,-1.527555,0.3208345,-9.759114,22.125,-4.125,-2.5,0,0,0,0,0,0,1
15126,0,0,0,0,0,0,-1.551498,0.3447773,-9.749537,23.875,-5.125,-3.75,0,0,0,0,0,0,1
15138,0,0,0,0,0,0,-1.494035,0.3064688,-9.730383,24.5,-6.25,-4.875,0,0,0,0,0,0,1
15151,0,0,0,0,0,0,-1.489247,0.3112573,-9.663342,22.75,-6.875,-6.375,0,0,0,0,0,0,1
15163,0,0,0,0,0,0,-1.484458,0.3064688,-9.596303,23.25,-7.25,-8.875,0,0,0,0,0,0,1
15175,0,0,0,0,0,0,-1.474881,0.2681602,-9.581937,26.75,-8.125,-11.5,0,0,0,0,0,0,1
15188,0,0,0,0,0,0,-1.446149,0.2346401,-9.610668,30,-8.125,-13,0,0,0,0,0,0,1
15200,0,0,0,0,0,0,-1.498824,0.2202744,-9.625034,30,-7.75,-13.125,0,0,0,0,0,0,1
15213,0,0,0,0,0,0,-1.541921,0.2490059,-9.615458,28.875,-7.25,-13.125,0,0,0,0,0,0,1
15225,0,0,0,0,0,0,-1.489247,0.2729487,-9.610668,29.125,-6.625,-13.625,0,0,0,0,0,0,1
15237,0,0,0,0,0,0,-1.426995,0.2106973,-9.567572,29.5,-6.125,-13.75,0,0,0,0,0,0,1
15249,0,0,0,0,0,0,-1.369532,0.09577148,-9.495743,29.75,-6.25,-13.875,0,0,0,0,0,0,1
15262,0,0,0,0,0,0,-1.350378,0.02873145,-9.495743,31.25,-7.375,-13.875,0,0,0,0,0,0,1
15274,0,0,0,0,0,0,-1.407841,0.02873145,-9.534052,31.875,-8.375,-13.125,0,0,0,0,0,0,1
15286,0,0,0,0,0,0,-1.465304,0.02394287,-9.596303,28.875,-8.5,-11.25,0,0,0,0,0,0,1
15298,0,0,0,0,0,0,-1.551498,0.03830859,-9.644189,19.875,-7,-8.75,0,0,0,0,0,0,1
15311,0,0,0,0,0,0,-1.508401,0.1532344,-9.615458,12.125,-5.25,-6.375,0,0,0,0,0,0,1
15323,0,0,0,0,0,0,-1.465304,0.1340801,-9.60588,14.875,-4.25,-5.25,0,0,0,0,0,0,1
15337,0,0,0,0,0,0,-1.494035,0.1245029,-9.663342,21.125,-4.375,-4.875,0,0,0,0,0,0,1
15349,0,0,0,0,0,0,-1.532344,0.08619434,-9.668132,27.375,-4.75,-4.75,0,0,0,0,0,0,1
15361,0,0,0,0,0,0,-1.575441,0.004788574,-9.658554,28.625,-4.25,-2.375,0,0,0,0,0,0,1
15373,0,0,0,0,0,0,-1.503612,0.04309717,-9.648977,22.75,-3.5,1.375,0,0,0,0,0,0,1
15386,0,0,0,0,0,0,-1.460515,0.1628115,-9.586726,16.875,-2.75,3.75,0,0,0,0,0,0,1
15397,0,0,0,0,0,0,-1.513189,0.1963315,-9.534052,15.75,-2.125,3.5,0,0,0,0,0,0,1
15410,0,0,0,0,0,0,-1.585018,0.158023,-9.543629,16.25,-1.375,2.5,0,0,0,0,0,0,1
15423,0,0,0,0,0,0,-1.589807,0.1101372,-9.586726,16.75,-1,2,0,0,0,0,0,0,1
15435,0,0,0,0,0,0,-1.541921,0.06225147,-9.601091,19.125,-1.625,2.25,0,0,0,0,0,0,1
15447,0,0,0,0,0,0,-1.54671,0.04309717,-9.586726,23.25,-2.25,2.375,0,0,0,0,0,0,1
15460,0,0,0,0,0,0,-1.628115,0.04788574,-9.57236,23.875,-1.625,3,0,0,0,0,0,0,1
15472,0,0,0,0,0,0,-1.666424,0.07661719,-9.586726,22.5,-0.25,3.375,0,0,0,0,0,0,1
15484,0,0,0,0,0,0,-1.632904,0.1101372,-9.625034,22.125,1,3.125,0,0,0,0,0,0,1
15497,0,0,0,0,0,0,-1.570652,0.09577148,-9.629823,24.5,1.125,2.25,0,0,0,0,0,0,1
15510,0,0,0,0,0,0,-1.508401,0.08619434,-9.634611,26.375,0,1.625,0,0,0,0,0,0,1
15522,0,0,0,0,0,0,-1.436572,0.09577148,-9.648977,27.25,-2.125,1.5,0,0,0,0,0,0,1
15535,0,0,0,0,0,0,-1.436572,0.07182861,-9.625034,25.875,-3.625,1.625,0,0,0,0,0,0,1
15547,0,0,0,0,0,0,-1.54671,0.05267432,-9.577148,22.625,-3.875,1.375,0,0,0,0,0,0,1
15559,0,0,0,0,0,0,-1.608961,0.06225147,-9.567572,21.875,-3.625,-0.25,0,0,0,0,0,0,1
15572,0,0,0,0,0,0,-1.652058,0.07182861,-9.653766,24.625,-3.5,-2.375,0,0,0,0,0,0,1
15584,0,0,0,0,0,0,-1.64727,0.06225147,-9.744749,28.875,-4.375,-4,0,0,0,0,0,0,1
15596,0,0,0,0,0,0,-1.618538,0.04309717,-9.759114,32.25,-5.875,-5,0,0,0,0,0,0,1
15609,0,0,0,0,0,0,-1.556287,0.04309717,-9.67292,32.625,-6.875,-4.875,0,0,0,0,0,0,1
15621,0,0,0,0,0,0,-1.484458,0.04788574,-9.586726,31.125,-7.125,-4.375,0,0,0,0,0,0,1
15633,0,0,0,0,0,0,-1.465304,0.04309717,-9.500531,27,-6.625,-3.375,0,0,0,0,0,0,1
15645,0,0,0,0,0,0,-1.465304,0.0191543,-9.467011,22.5,-5.25,-1.75,0,0,0,0,0,0,1
15658,0,0,0,0,0,0,-1.513189,-0.009577149,-9.481377,18.75,-3.625,-0.625,0,0,0,0,0,0,1
15670,0,0,0,0,0,0,-1.628115,0,-9.53884,16.625,-2,0.125,0,0,0,0,0,0,1
15683,0,0,0,0,0,0,-1.642481,0.009577149,-9.581937,15.5,-0.875,1.125,0,0,0,0,0,0,1
15695,0,0,0,0,0,0,-1.61375,0.02873145,-9.601091,16.75,-0.375,1.75,0,0,0,0,0,0,1
15707,0,0,0,0,0,0,-1.58023,0.04788574,-9.610668,19.25,-0.375,2,0,0,0,0,0,0,1
15720,0,0,0,0,0,0,-1.570652,0.07661719,-9.601091,18.625,-0.75,2.25,0,0,0,0,0,0,1
15733,0,0,0,0,0,0,-1.594595,0.1101372,-9.586726,17.125,-1,2.125,0,0,0,0,0,0,1
15745,0,0,0,0,0,0,-1.61375,0.07661719,-9.567572,16.625,-1.125,1.5,0,0,0,0,0,0,1
15757,0,0,0,0,0,0,-1.64727,0.02394287,-9.557994,15.75,-0.125,1.375,0,0,0,0,0,0,1
15770,0,0,0,0,0,0,-1.642481,-0.004788574,-9.57236,15.25,1.125,1.625,0,0,0,0,0,0,1
15782,0,0,0,0,0,0,-1.604172,-0.02394287,-9.625034,14.75,1.25,2.125,0,0,0,0,0,0,1
15794,0,0,0,0,0,0,-1.575441,-0.009577149,-9.644189,15.25,0.625,2.625,0,0,0,0,0,0,1
15806,0,0,0,0,0,0,-1.599384,-0.02394287,-9.615458,18.5,-0.375,2.375,0,0,0,0,0,0,1
15819,0,0,0,0,0,0,-1.632904,-0.05746289,-9.615458,21.625,-1.5,1.75,0,0,0,0,0,0,1
15831,0,0,0,0,0,0,-1.64727,-0.05746289,-9.634611,22.75,-2.125,1.125,0,0,0,0,0,0,1
15844,0,0,0,0,0,0,-1.676001,-0.04788574,-9.653766,22.25,-2.5,0.375,0,0,0,0,0,0,1
15856,0,0,0,0,0,0,-1.652058,-0.04788574,-9.658554,21.25,-3.25,-0.5,0,0,0,0,0,0,1
15868,0,0,0,0,0,0,-1.628115,-0.06704004,-9.663342,21.75,-4.625,-1.25,0,0,0,0,0,0,1
15881,0,0,0,0,0,0,-1.608961,-0.1053486,-9.6394,20.875,-5.625,-1.625,0,0,0,0,0,0,1
15893,0,0,0,0,0,0,-1.594595,0,-9.596303,19.5,-6.25,-1.375,0,9.006078,179.2956,0.9968944,-0.07851049,-0.0004826275,0.006128208
15918,0,0,0,0,0,0,-1.637692,0.02873145,-9.625034,23.25,-6.375,-0.75,0.02641528,9.187484,179.3816,0.996773,-0.08008764,-0.0006619641,0.005397441
15931,0,0,0,0,0,0,-1.637692,0.004788574,-9.620246,23.25,-6.625,0.25,0.02536863,9.274727,179.4231,0.9967136,-0.08084679,-0.0006276745,0.005035732
15943,0,0,0,0,0,0,-1.632904,-0.01436572,-9.625034,20.375,-6.5,1.125,0.01234098,9.355705,179.424,0.9966564,-0.08155169,-0.0005172975,0.005018964
15955,0,0,0,0,0,0,-1.632904,0.009577149,-9.610668,18.375,-6.375,1.5,-0.005100924,9.426791,179.3945,0.9966043,-0.08217061,-0.0003897952,0.005262033
15967,0,0,0,0,0,0,-1.656847,0.04788574,-9.620246,18.375,-6.25,1,-0.01814338,9.505463,179.3575,0.996546,-0.08285528,-0.0003067928,0.005574661
15978,0,0,0,0,0,0,-1.68079,0.09577148,-9.658554,20.375,-6.125,0,-0.01793219,9.575929,179.3455,0.9964942,-0.08346804,-0.0003208215,0.00567887
15990,0,0,0,0,0,0,-1.699944,0.1005601,-9.692075,22.25,-6.25,-0.75,-0.00788343,9.648916,179.3591,0.9964415,-0.08410229,-0.0004018582,0.005567635
16001,0,0,0,0,0,0,-1.699944,0.07661719,-9.687285,23.125,-6,-1.25,0.009248072,9.716366,179.3883,0.9963932,-0.08468807,-0.0005325216,0.005326062
16013,0,0,0,0,0,0,-1.642481,0.06225147,-9.648977,24,-5.75,-1.5,0.03032173,9.772233,179.4315,0.9963536,-0.08517314,-0.0006862218,0.00496579
16024,0,0,0,0,0,0,-1.575441,0.03352002,-9.577148,24.75,-5.75,-1.25,0.04833667,9.817352,179.4863,0.9963222,-0.08556504,-0.0008038713,0.004502713
16037,0,0,0,0,0,0,-1.561075,0.0191543,-9.534052,21.875,-5.25,0,0.05050929,9.858711,179.5043,0.9962918,-0.08592468,-0.0008108703,0.004347945
16050,0,0,0,0,0,0,-1.537132,0.08140577,-9.50532,17.25,-3.875,1.625,0.02734316,9.874594,179.4405,0.9962775,-0.08606329,-0.0006579522,0.004885055
16062,0,0,0,0,0,0,-1.652058,0.08619434,-9.514897,14.875,-2.5,2.875,-0.01332838,9.889034,179.3414,0.9962623,-0.08619026,-0.0003794802,0.005715793
16074,0,0,0,0,0,0,-1.695155,0.09098291,-9.615458,12.875,-1.5,3.625,-0.05961711,9.892533,179.2259,0.9962534,-0.08622297,-6.411658E-05,0.006684973
16085,0,0,0,0,0,0,-1.671212,0.1149258,-9.687285,12,-1.5,4.5,-0.1194237,9.890183,179.0922,0.9962468,-0.08620649,0.0003553737,0.007802659
16096,0,0,0,0,0,0,-1.709521,0.1101372,-9.663342,13.75,-2,4.625,-0.1771678,9.900359,178.9912,0.9962316,-0.0862996,0.0007806373,0.008636872
16108,0,0,0,0,0,0,-1.728675,0.06225147,-9.620246,17.75,-2.375,4.25,-0.2300079,9.91949,178.9501,0.9962135,-0.08647034,0.001207495,0.008954088
16119,0,0,0,0,0,0,-1.690367,0.009577149,-9.557994,22.75,-3.125,4.125,-0.2799838,9.943924,178.9836,0.996197,-0.08668616,0.001665274,0.00862495
16131,0,0,0,0,0,0,-1.709521,-0.04309717,-9.519686,23.75,-3.125,4.25,-0.3302922,9.971687,179.0371,0.996179,-0.0869303,0.002141041,0.008120582
16142,0,0,0,0,0,0,-1.733464,-0.1628115,-9.514897,16.875,-1.5,5.5,-0.3933527,9.98104,179.0157,0.9961691,-0.08701658,0.002672267,0.008258671
16154,0,0,0,0,0,0,-1.771773,-0.1963315,-9.534052,6.375,0.5,8.375,-0.4927969,9.968712,178.8574,0.9961635,-0.08692133,0.003417638,0.009559899
16165,0,0,0,0,0,0,-1.771773,0.1532344,-9.534052,5.5,1.625,8.75,-0.6058717,9.9414,178.6359,0.9961601,-0.08670163,0.00423557,0.01140044
16177,0,0,0,0,0,0,-1.743041,0.1292915,-9.620246,13.5,0.5,6.125,-0.6826667,9.923311,178.5345,0.9961603,-0.08655632,0.004828469,0.01222551
16188,0,0,0,0,0,0,-1.757407,0.03352002,-9.577148,18,-2.25,4.75,-0.7396671,9.945302,178.5116,0.9961388,-0.08675462,0.005304105,0.01237993
16199,0,0,0,0,0,0,-1.790927,-0.1053486,-9.562783,22.5,-3.875,3.625,-0.7780747,9.993472,178.5717,0.9961067,-0.08717453,0.00567802,0.01182503
16211,0,0,0,0,0,0,-1.819658,-0.158023,-9.625034,21.25,-4,4.5,-0.8276832,10.04523,178.6208,0.9960697,-0.08762687,0.006140937,0.01135639
16222,0,0,0,0,0,0,-1.834024,-0.0191543,-9.648977,17.25,-3.25,6.125,-0.9004354,10.08535,178.5914,0.9960321,-0.08798452,0.006746282,0.01155354
16234,0,0,0,0,0,0,-1.752618,0.08140577,-9.596303,15.625,-2,5.875,-0.9736567,10.0982,178.5259,0.9960109,-0.08810782,0.007330908,0.0120655
16245,0,0,0,0,0,0,-1.671212,0.1676001,-9.476588,16.875,-0.125,3.625,-1.018618,10.07775,178.4699,0.9960176,-0.08793854,0.007681166,0.01251935
16258,0,0,0,0,0,0,-1.589807,0.2394287,-9.366451,22.75,1.375,-0.625,-1.007003,10.02331,178.4933,0.9960625,-0.08746257,0.007604714,0.01233003
16271,0,0,0,0,0,0,-1.54671,0.1053486,-9.328143,26.75,2.5,-4.375,-0.9386066,9.953288,178.6027,0.9961314,-0.08683978,0.007101582,0.01143644
16283,0,0,0,0,0,0,-1.508401,-0.03352002,-9.376028,24.5,2.875,-6,-0.8427472,9.872091,178.7063,0.9962081,-0.08611864,0.006355177,0.01061467
16295,0,0,0,0,0,0,-1.522767,-0.09098291,-9.495743,22.125,2.25,-5.875,-0.755765,9.806956,178.7763,0.9962677,-0.08554085,0.00565798,0.01007551
16306,0,0,0,0,0,0,-1.632904,-0.1101372,-9.60588,21.5,1.25,-5,-0.6807826,9.770156,178.8368,0.9963038,-0.08521162,0.005054671,0.009607346
16317,0,0,0,0,0,0,-1.733464,-0.1245029,-9.682497,22,0,-3.375,-0.6264628,9.762761,178.9016,0.9963169,-0.08514017,0.004631219,0.009084795
16329,0,0,0,0,0,0,-1.743041,-0.1053486,-9.720806,23.25,-1,-1.5,-0.5983783,9.768502,178.9733,0.9963192,-0.0851851,0.00443977,0.008482755
16340,0,0,0,0,0,0,-1.723887,-0.04788574,-9.711228,24.625,-1.75,0.5,-0.5986602,9.780724,179.0475,0.9963154,-0.08528848,0.004496463,0.007836601
16352,0,0,0,0,0,0,-1.723887,-0.01436572,-9.668132,25.125,-1.625,1.875,-0.6182078,9.791848,179.118,0.9963109,-0.08538365,0.004718165,0.007207783
16363,0,0,0,0,0,0,-1.728675,0.009577149,-9.629823,22,-0.875,3.5,-0.6604245,9.794406,179.1392,0.9963086,-0.08540758,0.005100779,0.006992495
16375,0,0,0,0,0,0,-1.71431,0.08619434,-9.648977,17.125,0,5,-0.7234346,9.78258,179.0815,0.9963108,-0.08531144,0.005606498,0.0074478
16386,0,0,0,0,0,0,-1.676001,0.1867544,-9.692075,14.125,0.375,5.375,-0.7944026,9.75893,178.9692,0.9963169,-0.08511647,0.006141915,0.008372564
16398,0,0,0,0,0,0,-1.676001,0.1963315,-9.711228,13,0.25,5.375,-0.8656024,9.736723,178.8429,0.9963196,-0.08493599,0.006669206,0.009419482
16409,0,0,0,0,0,0,-1.752618,0.1197144,-9.70644,12.375,-0.375,6.25,-0.9436831,9.734682,178.7252,0.9963062,-0.08493214,0.007260981,0.01038577
16421,0,0,0,0,0,0,-1.829235,0.1101372,-9.696863,11.875,-1.5,7.5,-1.039589,9.758452,178.5999,0.9962703,-0.08515627,0.007999289,0.01140164
16432,0,0,0,0,0,0,-1.877121,0.158023,-9.677709,12.75,-2.75,7.875,-1.143046,9.805881,178.4792,0.9962149,-0.08558816,0.008803221,0.01236936
16443,0,0,0,0,0,0,-1.925007,0.1723887,-9.629823,13.5,-4.25,7.5,-1.237749,9.877323,178.3745,0.9961423,-0.08622817,0.009538936,0.01320133
16455,0,0,0,0,0,0,-1.939373,0.2059087,-9.577148,14.375,-5.125,6.5,-1.323167,9.96464,178.2772,0.9960576,-0.08700567,0.01019609,0.01397286
16466,0,0,0,0,0,0,-1.905853,0.2537944,-9.567572,17.25,-5.875,4.125,-1.378745,10.05633,178.2174,0.9959756,-0.08781493,0.0106205,0.01444017
16478,0,0,0,0,0,0,-1.929795,0.292103,-9.567572,18.75,-6.375,0.625,-1.388871,10.16162,178.1794,0.995889,-0.08873481,0.01066387,0.01475026
16490,0,0,0,0,0,0,-1.94895,0.2011201,-9.57236,17,-6.875,-1.875,-1.36311,10.26815,178.1418,0.995804,-0.08966062,0.01039491,0.0150843
16502,0,0,0,0,0,0,-1.944161,0.1340801,-9.601091,15.375,-8.125,-2.875,-1.321378,10.39097,178.0954,0.9957052,-0.09072644,0.0099771,0.01550629
16513,0,0,0,0,0,0,-1.934584,0.1484458,-9.653766,17.375,-9.5,-3.5,-1.274383,10.51932,178.0773,0.9956049,-0.09183677,0.009534592,0.01568649
16524,0,0,0,0,0,0,-1.91543,0.1532344,-9.687285,19.25,-10.75,-4.375,-1.214993,10.66071,178.0853,0.9954972,-0.09305628,0.009003173,0.01565066
16536,0,0,0,0,0,0,-1.944161,0.1532344,-9.668132,20.375,-11.75,-5,-1.146999,10.81807,178.1094,0.9953774,-0.09441217,0.008408271,0.01548006
16547,0,0,0,0,0,0,-1.977681,0.1771773,-9.610668,21,-12.625,-6.25,-1.065779,10.98499,178.1396,0.995249,-0.09584895,0.007702856,0.01526854
16559,0,0,0,0,0,0,-1.972893,0.2202744,-9.524474,23.25,-12.875,-8.125,-0.9602723,11.15534,178.1966,0.99512,-0.09731086,0.006809672,0.01484729
16571,0,0,0,0,0,0,-1.977681,0.2011201,-9.490954,27.625,-12.5,-11,-0.8052227,11.33149,178.3286,0.9949945,-0.09881384,0.005551913,0.01381961
16583,0,0,0,0,0,0,-1.934584,0.1197144,-9.524474,30,-11.625,-12.875,-0.618726,11.48449,178.5116,0.9948907,-0.1001133,0.004072281,0.0123832
16595,0,0,0,0,0,0,-1.886698,0.0191543,-9.510109,32.25,-11.5,-13.25,-0.4378459,11.61365,178.7232,0.994804,-0.1012101,0.0026738,0.01069813
16606,0,0,0,0,0,0,-1.853178,-0.1723887,-9.524474,34.5,-11.875,-12.125,-0.2638125,11.73978,178.9902,0.9947175,-0.1022857,0.001388851,0.00853021
16618,0,0,0,0,0,0,-1.877121,-0.3304116,-9.548417,34,-12.25,-8.875,-0.1347674,11.86385,179.2491,0.9946242,-0.1033521,0.0004925312,0.006396204
16629,0,0,0,0,0,0,-1.901064,-0.4309717,-9.490954,32.375,-12.375,-4,-0.06447501,11.99373,179.49,0.9945179,-0.1044755,9.460136E-05,0.004367391
16641,0,0,0,0,0,0,-1.987258,-0.5411089,-9.198852,23.875,-11,1,-0.05717673,12.12403,179.6198,0.9944028,-0.1056059,0.0001457876,0.0032466
16653,0,0,0,0,0,0,-1.805292,-0.1149258,-8.820554,-6.75,-1.25,7.5,-0.1629532,12.1043,179.2121,0.9944029,-0.1054407,0.0006891064,0.006687814
16666,0,0,0,0,0,0,-1.537132,0.3878745,-8.705628,0.75,9.5,5.375,-0.2473908,11.89029,178.8549,0.9945718,-0.1035923,0.00111217,0.00971531
16679,1.45556E-05,-2.452551E-05,-0.0001745516,0.001017661,-0.001714711,-0.01220385,-1.738253,0.2106973,-8.73436,25.875,17.75,1.375,-0.2627192,11.59787,178.9088,0.9948371,-0.1010547,0.00131865,0.009242502
16691,4.000033E-06,-2.851109E-05,-0.0004723919,-0.0007655622,-0.0002890616,-0.02160141,-1.91543,-0.05746289,-8.878016,40.75,25.375,-1.625,-0.2249134,11.24515,179.2211,0.9951653,-0.09798583,0.001287305,0.006572101
16702,-5.869121E-05,-1.863528E-05,-0.0008084893,-0.004861293,0.0007658034,-0.02606214,-2.102184,-0.09577148,-9.184485,49.25,32.5,-3,-0.1733459,10.85095,179.6236,0.995514,-0.09455528,0.00119536,0.003127074
16714,-0.0001911384,-1.356852E-05,-0.001156485,-0.009963681,0.0003811602,-0.02617889,-2.154858,-0.05746289,-9.519686,53,36.625,-3.625,-0.1185098,10.39627,-179.9284,0.9958866,-0.09059946,0.001086586,-0.0007163605
16725,-0.0003569777,-5.811504E-06,-0.001462265,-0.01293901,0.0006052132,-0.02385734,-1.958527,-0.1723887,-9.749537,50.125,37.875,-2.875,-0.07843717,9.917414,-179.5303,0.9962484,-0.08643422,0.001036203,-0.00414246
16737,-0.0005539734,4.082425E-05,-0.00173305,-0.01521203,0.003601216,-0.02091005,-1.829235,-0.4405488,-9.816577,41.5,36.75,0.125,-0.0755337,9.439873,-179.2174,0.996585,-0.08227887,0.001218891,-0.006860804
16748,-0.0007985008,0.000128984,-0.002010731,-0.01849817,0.006669168,-0.02100622,-1.786138,-0.4549146,-9.586726,26.375,35.75,5.75,-0.1507398,8.979278,-179.1145,0.9969001,-0.07826628,0.001916242,-0.007806322
16760,-0.001077396,0.0002061984,-0.002368629,-0.02160637,0.005981906,-0.02772684,-1.628115,-0.1532344,-9.098291,18.75,35,9.125,-0.2760934,8.541372,-179.1663,0.9971928,-0.07444887,0.002944392,-0.007434481
16771,-0.001424423,0.0002731798,-0.00287725,-0.02686175,0.005184716,-0.03936998,-1.671212,-0.1149258,-8.710417,11.75,36.25,10.125,-0.4145409,8.116709,-179.3135,0.9974665,-0.07074908,0.00403242,-0.006232197
16782,-0.001833964,0.0003520175,-0.003544863,-0.0309461,0.005957212,-0.05044677,-1.503612,-0.1963315,-8.801399,1.75,41.5,7.625,-0.5192162,7.59177,-179.573,0.997788,-0.06618425,0.00476771,-0.004017954
16794,-0.0022257,0.0004087279,-0.00429242,-0.03086482,0.004468197,-0.05889983,-1.115738,0.02394287,-9.026463,-1.625,45.875,2.5,-0.5553494,6.978154,-179.8847,0.9981339,-0.06085262,0.004898545,-0.0012989
16805,-0.002584043,0.0004191611,-0.005162425,-0.0275056,0.0008008298,-0.0667797,-0.7613833,0.2346401,-9.127023,0.5,47.625,-4.625,-0.498512,6.282033,179.8082,0.9984873,-0.05480029,0.004252043,0.001433392
16817,-0.002915923,0.0003618744,-0.006145341,-0.02546849,-0.004396183,-0.07542904,-0.7518061,0.3878745,-9.064771,7.75,46,-12.25,-0.3404884,5.625133,179.5879,0.9987851,-0.04907898,0.002791251,0.003446224
16828,-0.003279577,0.0002244523,-0.00720679,-0.02753499,-0.01040524,-0.08037014,-0.9960235,0.4405488,-9.332932,26.75,44.875,-23.375,-0.03151776,5.028449,179.6269,0.9990321,-0.04386807,0.0001319398,0.003240936
16840,-0.003655066,5.637886E-05,-0.008219857,-0.02959169,-0.0132456,-0.07983819,-0.9433491,0.1532344,-9.759114,46.375,44.125,-33.125,0.3917874,4.464852,179.9651,0.9992352,-0.03895206,-0.003428259,0.0004376722
16851,-0.004064523,-0.0001029746,-0.009240688,-0.03127298,-0.01217089,-0.07796769,-0.8188462,-0.2490059,-9.869251,57.875,41.25,-39.25,0.9083676,3.911613,-179.4816,0.9993771,-0.03416306,-0.007767835,-0.00425046
16863,-0.004549185,-0.0002450628,-0.01027019,-0.03697448,-0.01083981,-0.07853976,-1.029544,-0.3639317,-9.668132,55.625,38.75,-39.375,1.42213,3.435129,-178.958,0.9994358,-0.03008191,-0.01213149,-0.008716425
16875,-0.005220118,-0.0004012351,-0.01141393,-0.04849883,-0.01128901,-0.082676,-1.340801,-0.3160459,-9.399971,50.125,39.5,-36.75,1.921301,2.987603,-178.509,0.9994407,-0.026281,-0.01641947,-0.01256784
16886,-0.00602795,-0.0005343045,-0.01256865,-0.06200269,-0.01021333,-0.08862756,-1.460515,-0.4980117,-9.23716,43.5,42.75,-34.375,2.356011,2.555375,-178.1595,0.9994186,-0.02262051,-0.02019282,-0.01559482
16898,-0.007009379,-0.0006807138,-0.01382303,-0.07453699,-0.01111941,-0.09526695,-1.297704,-0.3878745,-9.208428,37.25,47.25,-33,2.770287,2.043972,-177.9198,0.9993919,-0.01826665,-0.02384146,-0.01771301
16909,-0.008053565,-0.0008858065,-0.01514097,-0.08108298,-0.01592582,-0.1023404,-0.7709605,-0.1005601,-9.198852,40.375,50.75,-32.25,3.159243,1.427861,-177.7014,0.9993482,-0.01300574,-0.0273086,-0.01970509
16922,-0.009270367,-0.001188813,-0.01669405,-0.08562392,-0.02132199,-0.1092868,-0.4644917,-0.1436572,-9.270679,47.375,53.25,-32.5,3.58712,0.673154,-177.365,0.9992329,-0.006589537,-0.0311546,-0.0227973
16933,-0.01057803,-0.001568281,-0.01813327,-0.1015664,-0.02947319,-0.1117839,-1.302492,-0.02394287,-9.577148,50.875,58.375,-32.75,3.971146,0.06570341,-177.0471,0.9990681,-0.001465585,-0.03462157,-0.02573104
16944,-0.01215718,-0.002113336,-0.01957527,-0.122291,-0.04220984,-0.1116708,-1.58023,0.225063,-9.816577,55.125,68.5,-31.5,4.329415,-0.624073,-176.7225,0.998857,0.004359742,-0.0379119,-0.02878245
16956,-0.01392457,-0.002820284,-0.02104547,-0.1358178,-0.05432624,-0.1129796,-0.8667319,0.1532344,-9.716018,56.875,77.125,-29.875,4.658276,-1.518662,-176.3758,0.9985695,0.01194988,-0.04103476,-0.03213107
16967,-0.01588117,-0.003654485,-0.02257749,-0.1519923,-0.06480243,-0.11901,-0.9385605,-0.0191543,-9.361663,54.625,81.875,-26.875,4.936354,-2.425034,-176.048,0.9982232,0.01964405,-0.04375822,-0.03535223
16979,-0.01827331,-0.004682725,-0.02429067,-0.1823967,-0.07840181,-0.1306278,-1.91543,0.07661719,-9.026463,54.625,84,-23.375,5.168655,-3.190196,-175.7378,0.9978585,0.02611251,-0.04607515,-0.03838805
16990,-0.02103086,-0.005880119,-0.02612836,-0.2127089,-0.092363,-0.1417527,-1.81487,0.06704004,-9.083925,49.875,87,-15.25,5.286461,-3.976294,-175.4954,0.9975006,0.03281777,-0.04741532,-0.04083325
17002,-0.02413619,-0.007239142,-0.02812757,-0.2377372,-0.104044,-0.1530557,-1.240241,-0.1005601,-9.055194,42.125,89.375,-5,5.264642,-4.857875,-175.3234,0.9971368,0.04042817,-0.04757431,-0.04266496
17013,-0.02751192,-0.008689955,-0.0302449,-0.2614819,-0.112379,-0.1640073,-0.9960235,-0.3687202,-9.059982,40.25,91.375,3.5,5.125556,-5.761935,-175.1277,0.99674,0.04826733,-0.04675138,-0.04465507
17025,-0.03125365,-0.0102216,-0.03249117,-0.2868985,-0.1174394,-0.172233,-0.9050406,-0.6895547,-9.275469,40.875,95.125,7.625,4.918434,-6.713594,-174.8678,0.9962523,0.05652329,-0.04541082,-0.04716357
17036,-0.0353237,-0.01182442,-0.03483054,-0.3128159,-0.1231899,-0.1797997,-0.7805376,-0.675189,-9.347297,39,100.5,10.5,4.663368,-7.724329,-174.6331,0.9956815,0.06532646,-0.04369827,-0.04940988
17048,-0.03978164,-0.01359397,-0.03727953,-0.3396783,-0.1348326,-0.1866037,-0.6799775,-0.2825259,-9.476588,47,106.375,10.75,4.398754,-8.81041,-174.3546,0.9949573,0.07477558,-0.04199689,-0.05200804
17059,-0.04445238,-0.01548389,-0.03971639,-0.3657015,-0.1479738,-0.1907973,-0.4597031,-0.2346401,-9.687285,65.125,111,8.375,4.160381,-9.935128,-173.8652,0.9939928,0.08447567,-0.04074059,-0.05641334
17070,-0.04957141,-0.01753778,-0.04226603,-0.3891917,-0.1561538,-0.1938442,0.05267432,-0.7182862,-9.687285,67.125,117,7.25,3.897223,-11.21954,-173.2652,0.9927226,0.09553963,-0.03952041,-0.06174183
17082,-0.05489937,-0.01963921,-0.04485821,-0.409339,-0.1614493,-0.1991538,0.4932232,-0.9481377,-9.428702,50.5,122,7.125,3.611403,-12.58841,-172.8534,0.9913317,0.1074142,-0.038089,-0.06536718
17093,-0.06073878,-0.02188479,-0.047669,-0.428643,-0.1648378,-0.2063263,0.8475776,-1.110949,-9.241948,36.5,124.25,2.75,3.353431,-14.08026,-172.5965,0.9897344,0.1203815,-0.03688851,-0.06762698
17106,-0.06667727,-0.02409501,-0.05050438,-0.4473781,-0.1665073,-0.2136041,1.091795,-1.245029,-9.174909,28.5,124.25,-4.375,3.18736,-15.5461,-172.4522,0.9880331,0.1330903,-0.0363947,-0.06894288
17117,-0.07278527,-0.0262753,-0.05338857,-0.4660815,-0.166371,-0.2200831,1.336012,-1.383898,-9.179697,18.625,125,-9.875,3.087405,-17.01227,-172.4355,0.9862249,0.1457821,-0.0363387,-0.06919138
17129,-0.07908349,-0.02842559,-0.05631261,-0.4854866,-0.1657516,-0.2253945,1.541921,-1.403052,-9.241948,4.75,128.5,-14.875,3.050097,-18.50981,-172.6146,0.984309,0.1587446,-0.0365674,-0.06781549
17141,-0.08648524,-0.03087612,-0.0596944,-0.5113831,-0.1693051,-0.2336457,1.474881,-1.072641,-9.189274,4.75,134,-21.125,3.116754,-20.21926,-172.8981,0.9819246,0.1734721,-0.03758953,-0.06571624
17152,-0.09323937,-0.03300935,-0.06270254,-0.53865,-0.170128,-0.2399023,1.403052,-1.268972,-9.328143,10.5,143.25,-28.5,3.253639,-21.76992,-173.0694,0.9794937,0.1867313,-0.03923726,-0.06468358
17164,-0.1006746,-0.03521765,-0.06586188,-0.5718524,-0.1698434,-0.2429889,1.455727,-1.383898,-9.658554,5.375,158.125,-33.875,3.448529,-23.53851,-173.3243,0.9765164,0.2018174,-0.0412776,-0.06310104
17175,-0.1085369,-0.0375006,-0.06904425,-0.6066107,-0.1761397,-0.2455347,1.676001,-0.8380005,-9.768692,2.125,180.5,-37.25,3.702775,-25.57947,-173.7219,0.9728259,0.219201,-0.0435743,-0.06051406
17187,-0.1167094,-0.03996356,-0.07226056,-0.6336766,-0.1909716,-0.2493838,2.504424,-0.05267432,-9.428702,16.75,200.875,-38.375,4.014394,-27.95352,-174.0566,0.9680558,0.2392935,-0.04645615,-0.05872507
17198,-0.1167094,-0.03996356,-0.07226056,0,0,0,3.768608,0.1245029,-9.174909,49,216.75,-42.375,4.395782,-30.7115,-174.026,0.9617525,0.2623301,-0.05072073,-0.06035429
17210,-0.1167094,-0.03996356,-0.07226056,0,0,0,5.353626,-0.07182861,-9.026463,96.125,228.75,-50.375,4.887577,-33.99382,-173.3575,0.9531239,0.2892013,-0.05762833,-0.06779703
17222,-0.1167094,-0.03996356,-0.07226056,0,0,0,5.947409,-0.5267432,-8.719994,138.875,229.125,-61.625,5.448789,-37.07062,-172.2155,0.9438462,0.3137383,-0.06651617,-0.07936125
17233,-0.1167094,-0.03996356,-0.07226056,0,0,0,5.449398,-1.154046,-8.461411,177.75,219.625,-76,6.150065,-39.92999,-170.6277,0.9339143,0.3356954,-0.07810623,-0.0949319
17245,-0.1169847,-0.040091,-0.0724657,-0.02105697,-0.009749974,-0.0156947,4.525203,-0.9912349,-7.441444,225.25,206.25,-92.75,7.126641,-42.58648,-168.6392,0.9231324,0.3549278,-0.09349841,-0.1145031
17257,-0.1177861,-0.04029004,-0.0732064,-0.05724744,-0.01421796,-0.05291075,3.184402,-1.738253,-6.675272,243.25,201.625,-107.75,8.24988,-45.19614,-166.2535,0.910906,0.3725671,-0.1117988,-0.1376412
17270,-0.1194266,-0.040604,-0.07483804,-0.1109443,-0.02123168,-0.1103427,1.88191,-1.944161,-6.416689,181.625,214,-105.625,9.206233,-47.83616,-164.5171,0.8984903,0.3905572,-0.1271294,-0.154979
17283,-0.1217617,-0.04100053,-0.07738772,-0.1651895,-0.02805167,-0.1803676,1.225875,-1.905853,-5.784598,92.75,231.625,-92,9.668219,-50.39685,-163.8074,0.8875803,0.4092725,-0.1352405,-0.1625028
17295,-0.1248586,-0.04140339,-0.0809983,-0.2183837,-0.02840859,-0.254607,1.383898,-2.197956,-5.324894,-7.25,247.75,-74.25,9.504315,-53.11361,-163.9762,0.8775532,0.4308704,-0.1354813,-0.160922
17307,-0.1286014,-0.04178972,-0.08543497,-0.2696311,-0.02783127,-0.3196221,2.164436,-2.130916,-5.545169,-119.125,265.125,-55.5,8.902624,-56.0202,-165.3588,0.8683827,0.4556631,-0.1276223,-0.1483079
17319,-0.1326548,-0.04215578,-0.09025455,-0.3150058,-0.02844727,-0.3745393,2.892299,-1.757407,-5.631363,-198.25,280.25,-42.5,8.192533,-58.9361,-167.5517,0.8594773,0.4810463,-0.1150237,-0.1290847
17330,-0.1373827,-0.04259819,-0.09586311,-0.3598038,-0.03366904,-0.4268316,3.505236,-1.039121,-5.688826,-255,298.625,-31.25,7.541319,-62.18048,-170.6399,0.8488816,0.5089567,-0.09817018,-0.1035658
17342,-0.1425685,-0.04315392,-0.1019268,-0.3997989,-0.04284392,-0.467477,4.745477,-0.292103,-5.640941,-281.625,316.25,-21.375,7.152747,-65.73915,-174.2793,0.8355387,0.5383824,-0.07935748,-0.07564359
17353,-0.1482614,-0.04379909,-0.1083702,-0.4373829,-0.04956766,-0.495041,6.143741,-0.05267432,-5.458975,-293.75,330.5,-9.75,6.915908,-69.60843,-178.1977,0.8189692,0.5688856,-0.05848052,-0.04731331
17365,-0.1545055,-0.04446106,-0.1150407,-0.4818675,-0.05108586,-0.5147735,6.938644,-0.1005601,-5.669672,-307,343,1.75,6.906648,-73.58487,177.5526,0.7999445,0.5987242,-0.03545868,-0.01899653
17376,-0.1614657,-0.04511608,-0.1220143,-0.5341725,-0.05027015,-0.5352007,7.158918,0.1149258,-5.717558,-322.875,352.5,15.875,7.505507,-77.62752,172.4938,0.7785348,0.6274436,-0.009949503,0.009957688
17387,-0.1691463,-0.04575772,-0.1292551,-0.5903607,-0.04931885,-0.5565532,7.427079,0.5075889,-5.468552,-324.625,354.625,30.25,9.837338,-81.63891,165.7058,0.7551008,0.6542833,0.01664642,0.03819682
17399,-0.1777135,-0.04641611,-0.1367944,-0.6568359,-0.05047837,-0.5780376,7.714393,1.110949,-5.645729,-299.75,350.375,38.75,19.0436,-85.41234,152.3727,0.7305456,0.6785722,0.04166456,0.064086
17410,-0.1871305,-0.04712117,-0.1444315,-0.7319365,-0.05480056,-0.5935903,8.490142,1.790927,-5.736712,-246.5,342.625,44.625,70.56227,-88.09351,97.47884,0.7059003,0.7004253,0.06220697,0.085085
17422,-0.1978037,-0.04785204,-0.1522742,-0.8150532,-0.05581252,-0.5989039,9.682497,1.88191,-5.612209,-184.375,330.625,46.125,142.9791,-86.28227,22.45039,0.6811119,0.7209466,0.07824402,0.1009982
17433,-0.2095733,-0.04853457,-0.1600675,-0.9061925,-0.05255101,-0.6000398,10.40557,1.853178,-5.679249,-110.875,313.625,43.125,156.1432,-83.16161,7.649444,0.6582112,0.7393886,0.08805019,0.1109494
17445,-0.2228299,-0.04914875,-0.1680624,-1.006345,-0.04662457,-0.6069171,10.38163,1.853178,-5.770232,-42.375,298.5,37.75,160.0623,-80.12558,2.968796,0.6371284,0.7564181,0.09185614,0.1160246
17456,-0.2369693,-0.04965127,-0.1760573,-1.107846,-0.03937279,-0.6264085,9.749537,1.795715,-5.851638,24.5,286.5,30.25,161.5058,-77.40761,1.637201,0.6188971,0.7716042,0.08946589,0.1165729
17468,-0.2527877,-0.05007293,-0.1846279,-1.213067,-0.03233601,-0.657258,9.222795,1.743041,-5.755867,91.5,276.25,21,162.0626,-74.82842,2.066315,0.6022798,0.7861332,0.08055564,0.11298
17479,-0.270096,-0.05035829,-0.1936203,-1.320133,-0.02176512,-0.6858642,9.687285,1.355167,-5.502072,138.875,264.25,13.25,162.4979,-72.40217,3.242543,0.5869853,0.7997782,0.06725704,0.1062056
17491,-0.2899349,-0.05032239,-0.2034922,-1.437815,0.002602268,-0.715463,10.14699,0.3160459,-5.664884,141.75,246.5,13,163.4471,-70.15113,4.029338,0.5724615,0.8122787,0.0541989,0.09774262
17503,-0.3101423,-0.04988466,-0.2133196,-1.553217,0.03364532,-0.7553667,9.648977,-0.3830859,-6.105432,78.625,230.125,24.75,164.9051,-68.34785,3.411767,0.5598286,0.8220014,0.04933068,0.092044
17514,-0.3322009,-0.04908739,-0.2239356,-1.672498,0.06044999,-0.8049131,9.213217,-0.08140577,-6.196415,-0.875,215.375,42.875,166.6632,-66.76531,1.50663,0.5477334,0.8301338,0.05298444,0.08977063
17526,-0.3553579,-0.0480799,-0.2349994,-1.792754,0.07799733,-0.8565344,9.189274,0.6033604,-6.182049,-33.5,199.875,53.75,168.2496,-65.41561,-0.6131747,0.5370481,0.8367094,0.0597897,0.08900594
17538,-0.3827214,-0.04675756,-0.2479943,-1.928637,0.09320074,-0.9159034,9.246737,0.900252,-6.239512,-25.5,181,57,169.7745,-64.19616,-2.608753,0.5274003,0.8424727,0.06654864,0.08752201
17549,-0.4089794,-0.04540985,-0.2604134,-2.053496,0.1053969,-0.9712313,9.299411,0.9960235,-6.292187,-1.75,167.75,55.25,170.9347,-63.26839,-3.90572,0.5202572,0.8468459,0.0703482,0.085063
17561,-0.4374009,-0.04389462,-0.2738003,-2.181405,0.1162974,-1.027468,9.419126,1.029544,-6.182049,22.5,157.625,52.875,171.9611,-62.44917,-4.769413,0.5141771,0.8507878,0.0717993,0.08140585
17572,-0.467397,-0.04227541,-0.2877631,-2.306856,0.1245255,-1.073816,10.07037,1.043909,-5.535592,46.5,145.875,50.25,172.8637,-61.73208,-5.206595,0.5090832,0.8543708,0.07080787,0.07662293
17584,-0.4986682,-0.0405952,-0.3019952,-2.428833,0.130502,-1.105405,11.00893,0.9864463,-4.740688,67.25,128.5,48.25,173.714,-61.17341,-5.331711,0.5053312,0.8573374,0.06784793,0.07077933
17595,-0.5327953,-0.03872849,-0.3170754,-2.554233,0.139713,-1.128669,11.62666,0.5554746,-4.324082,80.75,103.875,46.5,174.6867,-60.88154,-5.381301,0.503669,0.8591749,0.06388648,0.06367549
17607,-0.5668581,-0.03675394,-0.3317568,-2.673682,0.1549883,-1.152389,11.53568,-0.09577148,-4.472528,68.875,83.125,46.625,175.8029,-60.87685,-5.781713,0.5040359,0.8595638,0.06198103,0.05706432
17618,-0.6032629,-0.03448976,-0.3471844,-2.796286,0.1739133,-1.185005,10.97541,-0.4357603,-4.913077,29.625,69.625,50.75,177.1768,-61.07545,-6.932654,0.5057393,0.8587014,0.06455359,0.05189016
17630,-0.6417044,-0.03200578,-0.363316,-2.918872,0.1886086,-1.224875,10.42473,-0.1628115,-5.080678,-16.625,65.25,55.625,178.6587,-61.33755,-8.781484,0.5077716,0.8570903,0.07179794,0.04908543
17641,-0.6806996,-0.02952486,-0.3795812,-3.036058,0.1931579,-1.266362,10.12305,0.5267432,-4.946597,-24.375,62.625,55.5,179.9364,-61.61451,-10.50726,0.5099564,0.8552608,0.07892763,0.04736985
17652,-0.7214803,-0.02710513,-0.3965542,-3.150059,0.1869094,-1.311064,9.749537,1.259395,-4.692803,17.75,58.25,47.75,-179.1672,-61.95638,-11.32028,0.5128033,0.8535296,0.08083478,0.04456268
17664,-0.7649661,-0.02480066,-0.4146439,-3.262013,0.1728656,-1.356964,9.53884,1.656847,-4.338449,90.875,51.875,36.5,-178.6579,-62.39888,-10.79285,0.5166294,0.8520905,0.07439846,0.03874043
17675,-0.8073041,-0.02279372,-0.4321728,-3.363097,0.15942,-1.392403,9.893194,1.441361,-3.859591,152.25,43.625,27.875,-178.3311,-62.8851,-9.393244,0.520854,0.8508308,0.06227798,0.03032418
17687,-0.8526634,-0.02076694,-0.4506924,-3.464389,0.1547987,-1.414462,10.72162,0.4740689,-3.328059,181.625,30.625,21.375,-177.8702,-63.48651,-7.712145,0.5258949,0.849,0.04742521,0.01960624
17698,-0.8998373,-0.01858274,-0.4698434,-3.555996,0.1646465,-1.443619,9.826155,-0.7853262,-3.050322,162.375,13,15.5,-177.1281,-64.30958,-6.587268,0.5323815,0.8457157,0.03531047,0.009386797
17710,-0.9493076,-0.01615803,-0.4897456,-3.650946,0.1789458,-1.468792,10.10868,-1.211509,-3.179613,106.125,0.125,12.875,-176.2487,-65.3102,-6.334651,0.5399904,0.8411731,0.02886006,0.002282394
17722,-0.9983402,-0.01370995,-0.5095529,-3.738667,0.1866621,-1.510283,8.729571,-0.7374405,-3.581854,30.125,-4.375,16.125,-175.3074,-66.41003,-7.1547,0.5482485,0.8357849,0.02978789,-4.6045E-05
17734,-1.049351,-0.01124897,-0.5303102,-3.824443,0.1845092,-1.556253,8.322542,0.02394287,-3.586642,-21.75,-2.875,20.875,-174.3929,-67.50912,-8.600975,0.5564582,0.8301302,0.03517122,0.001064072
17745,-1.099295,-0.009019972,-0.5507109,-3.90376,0.1742222,-1.594547,8.619433,0.6512461,-3.313694,-22.25,-3.875,18.5,-173.7865,-68.52502,-9.713435,0.563932,0.8248723,0.03946692,0.002963718
17758,-1.158444,-0.006700832,-0.5748722,-3.995186,0.1566457,-1.631971,8.988154,1.024755,-3.289751,23.875,-8,7.25,-173.6501,-69.7508,-9.77557,0.5727113,0.8188578,0.03824062,0.003372094
17770,-1.213286,-0.00475243,-0.5972091,-4.074397,0.144755,-1.659504,9.270679,0.6847661,-3.05511,55.875,-11,0.25,-173.6566,-70.85269,-9.297514,0.580518,0.8135359,0.03397517,0.001970942
17781,-1.265997,-0.002917271,-0.618581,-4.146274,0.144353,-1.681104,9.443069,-0.191543,-2.935396,27.125,-10.375,2,-173.2218,-71.82238,-9.669321,0.5874569,0.8085564,0.03359163,0.001637149
17793,-1.320747,-0.001042698,-0.6407152,-4.215763,0.1443423,-1.704332,9.218005,-0.2011201,-2.830047,-15.625,-7.5,1.375,-172.7697,-72.75107,-10.61387,0.5940533,0.8035595,0.03708521,0.00419474
17804,-1.375893,0.0007436827,-0.6631007,-4.281802,0.1387049,-1.738137,8.322542,0.3208345,-2.964128,-11.125,-4,-6.125,-172.8791,-73.69141,-10.94006,0.6005168,0.7986213,0.03906658,0.007581856
17815,-1.433041,0.002517114,-0.6865844,-4.341585,0.1347285,-1.78407,7.283422,0.2442173,-2.758219,10.25,3.125,-14.25,-173.4098,-74.58302,-10.59237,0.6065075,0.7940716,0.03863654,0.01029933
17827,-1.489849,0.004263571,-0.7102683,-4.387071,0.134872,-1.829013,7.000896,-0.09577148,-1.862755,15.375,8.25,-18,-174.0575,-75.24873,-10.06937,0.6109121,0.7906906,0.03789206,0.01260688
17838,-1.547362,0.00609298,-0.7345241,-4.420987,0.1406264,-1.864546,7.470176,-0.5937832,-0.8954634,-8.625,8.25,-14.375,-174.3105,-75.68956,-10.253,0.6138192,0.7882684,0.04014701,0.01571897
17850,-1.60503,0.007992544,-0.7590482,-4.453488,0.1466958,-1.893899,7.891571,-0.6320918,-0.7518061,-45.625,8.75,-6.125,-174.1507,-76.05872,-11.31127,0.6162286,0.7859374,0.04624564,0.02063938
17861,-1.663666,0.009953687,-0.7840772,-4.494515,0.1503252,-1.918518,8.408736,-0.3830859,-1.316858,-85,17,6.25,-173.5341,-76.37493,-13.32562,0.6182265,0.7834868,0.05642008,0.02759016
17873,-1.722595,0.01194789,-0.8092318,-4.542157,0.1537075,-1.938846,8.83492,-0.292103,-1.800504,-102.875,26.5,12.25,-172.7258,-76.60239,-15.75152,0.6195342,0.781183,0.06836933,0.03544377
17884,-1.782838,0.01398579,-0.8349501,-4.594126,0.1554111,-1.961279,8.758303,-0.06225147,-2.126127,-84.75,35,7,-172.4388,-76.79224,-17.44795,0.6204109,0.7791938,0.07813551,0.04292093
17895,-1.842257,0.01599208,-0.8603563,-4.643142,0.156778,-1.985324,8.561971,0,-2.044721,-45.75,42.5,-1.875,-172.8347,-76.91365,-17.94574,0.620745,0.7780439,0.08350795,0.04847569
17907,-1.903776,0.01807044,-0.886742,-4.688251,0.158387,-2.010802,8.413525,-0.03830859,-1.68079,-4.25,47.75,-9.5,-173.814,-76.94989,-17.35102,0.6205293,0.7778594,0.08473006,0.05195234
17918,-1.965525,0.0201542,-0.9133368,-4.73212,0.1596877,-2.038067,8.255502,0.0191543,-1.623327,36,51.5,-15.5,-175.2182,-76.95541,-15.81191,0.6202516,0.7783048,0.08187536,0.0531612
17930,-2.031093,0.02239112,-0.941732,-4.779707,0.1630648,-2.069925,8.054382,-0.06225147,-1.786138,58.375,57,-16.375,-176.6824,-76.91088,-13.90258,0.6198189,0.7791892,0.07686421,0.05273306
17942,-2.094476,0.02459564,-0.9693325,-4.824709,0.1678098,-2.100973,8.011285,-0.1676001,-1.738253,60.25,66.625,-11.375,-177.7885,-76.71156,-12.34007,0.6184596,0.7807721,0.0723611,0.05163815
17954,-2.159132,0.02684675,-0.9975088,-4.86869,0.169511,-2.121711,8.777456,0.01436572,-1.345589,57.375,72.25,-5.25,-178.7596,-76.34193,-10.92938,0.6159756,0.7831883,0.06820542,0.0503802
17965,-2.222248,0.02905319,-1.024791,-4.914455,0.1718017,-2.124312,10.16614,-0.05746289,-1.206721,62.125,70.75,0.75,-179.2708,-75.94639,-9.920444,0.6134096,0.7856693,0.06425713,0.04820174
17978,-2.295959,0.03178982,-1.056145,-4.977108,0.184782,-2.117084,11.00414,-0.7134976,-1.723887,55.5,65.375,7.125,-178.9374,-75.60227,-9.776224,0.6112912,0.7877198,0.06166247,0.04492475
17990,-2.362683,0.03443537,-1.084163,-5.036925,0.1997094,-2.115023,10.75514,-0.9529263,-2.078241,24.125,63.125,14.5,-178.0779,-75.35562,-10.6172,0.6097414,0.7889033,0.06300779,0.04332418
18001,-2.428474,0.03719132,-1.111543,-5.094173,0.213392,-2.119982,10.21403,-0.9194063,-2.097396,-13.125,63.625,23.5,-176.8351,-75.10188,-12.31161,0.6080688,0.7897449,0.0682491,0.043562
18013,-2.495424,0.04010819,-1.13928,-5.149981,0.224374,-2.133642,9.53884,-0.7326519,-2.073453,-40.375,66.5,30.875,-175.4126,-74.80328,-14.53434,0.6060584,0.7904595,0.07629399,0.04523445
18024,-2.562426,0.04307564,-1.167016,-5.202406,0.23041,-2.153549,9.016886,-0.4022402,-1.886698,-57,71,37.5,-174.055,-74.42525,-16.88993,0.6034775,0.7913074,0.08577923,0.04784645
18036,-2.631364,0.04611728,-1.195559,-5.251623,0.2317087,-2.174434,8.906748,-0.1388687,-1.465304,-60.25,75.375,43.375,-172.8338,-73.9145,-19.16231,0.5999857,0.7926516,0.09569325,0.0506306
18047,-2.700032,0.04910589,-1.223994,-5.299283,0.2306386,-2.194357,8.954634,-0.03352002,-1.278549,-52,77.75,47.25,-171.7525,-73.34386,-21.17206,0.5961438,0.794266,0.1047513,0.05273875
18059,-2.76987,0.05211509,-1.252945,-5.349077,0.230484,-2.217485,8.777456,-0.1101372,-1.412629,-42.75,83.5,51.625,-170.6619,-72.6993,-23.08289,0.5919171,0.7961639,0.113339,0.0539593
18070,-2.839579,0.05509663,-1.281861,-5.39757,0.2308585,-2.238899,8.878016,-0.2490059,-1.245029,-37.25,92.75,55.75,-169.7103,-71.9034,-24.78288,0.5866932,0.7987666,0.1215914,0.05457729
18081,-2.91066,0.05808032,-1.311328,-5.440511,0.2283731,-2.255413,9.127023,-0.2873144,-0.5219546,-31.875,98.25,58.75,-169.0299,-70.92464,-26.14889,0.5801522,0.8022952,0.1293912,0.05480664
18093,-2.98193,0.06098259,-1.340884,-5.486578,0.2234236,-2.275306,8.978577,-0.08619434,-0.6704004,-22.75,98.25,59.75,-168.4959,-70.00069,-27.24656,0.5739741,0.805634,0.1360992,0.05463102
18104,-3.054296,0.06384263,-1.370895,-5.536351,0.2188082,-2.295986,9.026463,-0.1197144,-0.8236348,1.625,96.5,56.875,-168.0713,-69.14574,-27.93097,0.5683484,0.8089711,0.1404217,0.0531758
18116,-3.125878,0.06659856,-1.400482,-5.584498,0.2150049,-2.308263,9.591515,-0.3591431,-0.4884346,41.125,90.625,46.25,-167.925,-68.39394,-27.84499,0.5634339,0.8125824,0.1405279,0.05004207
18127,-3.200035,0.06940785,-1.430901,-5.638025,0.2135851,-2.312674,10.27149,-0.6129375,-0.5267432,91.375,78.5,27.25,-168.0832,-67.88325,-26.8209,0.5601627,0.8160691,0.1349877,0.04502521
18139,-3.274211,0.07224045,-1.46102,-5.6984,0.2176077,-2.313864,10.67852,-0.9529263,-1.005601,120,66,11.75,-168.3107,-67.656,-25.39562,0.5588574,0.8186439,0.1263456,0.03920812
18150,-3.353415,0.07535724,-1.492844,-5.765746,0.2268904,-2.316608,10.64979,-1.259395,-1.340801,113.875,54.25,4.875,-168.398,-67.62601,-24.14021,0.5589553,0.8200908,0.1178474,0.03364839
18162,-3.43023,0.07849208,-1.523489,-5.828097,0.2378484,-2.325133,10.15657,-1.398264,-1.379109,71.75,45.375,8.375,-168.136,-67.68501,-23.82201,0.5597196,0.8202163,0.1141887,0.0303366
18174,-3.50722,0.08166845,-1.554156,-5.884289,0.2427672,-2.343855,9.299411,-0.9289834,-1.182778,24.875,38.375,15,-167.6924,-67.8044,-24.26811,0.5608752,0.8193403,0.1150017,0.02958316
18185,-3.584245,0.08474049,-1.584949,-5.936885,0.2367842,-2.373454,8.485353,-0.02394287,-1.110949,0.75,31.25,19.25,-167.3341,-68.04234,-24.90016,0.5627186,0.8177066,0.1173316,0.03061077
18198,-3.673018,0.08798976,-1.620606,-5.999365,0.2195898,-2.409768,8.432679,0.7374405,-1.230664,29.625,23.5,15.125,-167.2715,-68.51204,-24.82629,0.5660397,0.8156468,0.1156384,0.03077519
18210,-3.752656,0.09069128,-1.652674,-6.055729,0.205423,-2.438422,8.691262,0.6464576,-1.297704,85.625,16.5,4.875,-167.407,-69.05582,-23.85359,0.5698993,0.8140497,0.1084091,0.02802641
18221,-3.832012,0.09327646,-1.684624,-6.109913,0.1990437,-2.459983,9.079137,0,-1.230664,139,9.25,-7.875,-167.6354,-69.67714,-22.14211,0.5743474,0.8126195,0.09631597,0.02231535
18233,-3.912526,0.09590905,-1.716956,-6.16398,0.2015456,-2.475282,9.467011,-0.7230747,-1.245029,155.5,3.875,-16.625,-167.8363,-70.34696,-20.26448,0.5791138,0.8108715,0.08290964,0.01551599
18244,-3.99246,0.09861571,-1.748941,-6.217195,0.2105198,-2.487696,9.615458,-1.235452,-1.336012,135,-0.75,-19.875,-167.8944,-71.04117,-18.83204,0.5840126,0.8084872,0.07197677,0.009855983
18256,-4.074924,0.1014864,-1.781847,-6.270511,0.2182893,-2.50222,9.452645,-1.106161,-1.383898,102.125,-4.75,-19,-167.9118,-71.79609,-17.83082,0.5892593,0.8053939,0.06384962,0.006100175
18267,-4.156884,0.104335,-1.814509,-6.320688,0.2196785,-2.51883,9.246737,-0.5937832,-1.321646,81.75,-9.5,-18.75,-168.1003,-72.6012,-16.91767,0.5947157,0.8018879,0.05721145,0.003985231
18279,-4.239655,0.1071463,-1.847471,-6.367461,0.2162706,-2.535699,9.160542,-0.2011201,-1.154046,87,-14.625,-21.375,-168.5886,-73.45805,-15.62416,0.6003763,0.7981821,0.04949654,0.00194274
18290,-4.32269,0.1099152,-1.880525,-6.410479,0.2137664,-2.551838,9.117445,-0.2442173,-1.005601,99.75,-20.5,-24.625,-169.2128,-74.35015,-14.03367,0.606221,0.7942622,0.04053373,-0.000845633
18302,-4.407088,0.112734,-1.914073,-6.452951,0.2155218,-2.565078,9.294622,-0.5506861,-1.029544,98.125,-27,-24.875,-169.6877,-75.29742,-12.60652,0.6124815,0.7898265,0.032015,-0.003935362
18313,-4.491333,0.1156211,-1.947451,-6.495914,0.2226104,-2.573683,9.615458,-0.9529263,-1.173201,78.75,-32.5,-22.75,-169.8134,-76.27678,-11.78774,0.6190431,0.7849044,0.0259097,-0.006291951
18325,-4.576871,0.11865,-1.981234,-6.538055,0.231513,-2.582149,9.586726,-1.067852,-1.249818,42.625,-37.375,-18.625,-169.581,-77.29918,-11.78472,0.6259693,0.7794669,0.02343537,-0.006684882
18336,-4.661202,0.1217078,-2.014497,-6.57706,0.2384809,-2.594213,9.246737,-0.900252,-1.302492,5.375,-40,-13.125,-169.0153,-78.31296,-12.58345,0.6328893,0.7738387,0.02451619,-0.004888792
18347,-4.747637,0.1248875,-2.048582,-6.613258,0.2432855,-2.607919,9.074348,-0.7039204,-1.221087,-28.375,-41.125,-7.75,-168.0799,-79.31586,-14.18398,0.6397659,0.7680304,0.02877555,-0.0009593749
18359,-4.834578,0.1281115,-2.082834,-6.647816,0.2465214,-2.619027,9.232371,-0.5698403,-1.225875,-44.25,-42,-6.375,-166.9359,-80.29901,-16.19479,0.6464598,0.7621633,0.03434773,0.004145692
18371,-4.926872,0.1315848,-2.1191,-6.684161,0.2515425,-2.626465,9.510109,-0.6656118,-1.359955,-49.875,-42.875,-8,-165.4129,-81.33102,-18.71154,0.6534257,0.7558296,0.04068422,0.01006027
18382,-5.014537,0.134923,-2.153458,0,0,0,9.60588,-0.6129375,-1.158835,-55.75,-43,-9.375,-163.8248,-82.25164,-21.31374,0.6595396,0.7500239,0.04697794,0.01627238
18394,-5.014852,0.1349357,-2.153553,0,0,0,9.37124,-0.3639317,-0.8619434,-56.25,-44.5,-10.5,-162.222,-83.14362,-23.93824,0.6653094,0.7443342,0.05298134,0.02287081
18406,-5.015143,0.1349094,-2.153689,0,0,0,9.117445,-0.09577148,-0.8619434,-45.375,-46.5,-12.875,-160.596,-84.06509,-26.44379,0.6711116,0.7385415,0.05761299,0.02909632
18418,-5.015498,0.1349185,-2.153829,0,0,0,9.222795,-0.2442173,-1.029544,-35.25,-47,-13.5,-157.6554,-85.06918,-30.21116,0.6775143,0.7320623,0.06192532,0.03499224
18430,-5.015763,0.1349393,-2.15391,0,0,0,9.380817,-0.3064688,-1.043909,-34.875,-46,-11.75,-153.4946,-85.8995,-35.11131,0.6829343,0.7263903,0.06597675,0.04006317
18442,-5.01601,0.1349211,-2.153982,0,0,0,9.419126,-0.05746289,-1.043909,-26,-45.25,-10.875,-147.8457,-86.6814,-41.37884,0.6881194,0.7209234,0.06909191,0.0445812
18453,-5.016231,0.1348836,-2.154047,0,0,0,9.428702,0.08619434,-1.053486,-1.875,-44.625,-12.125,-139.9235,-87.40369,-49.59763,0.6931267,0.7158465,0.06996386,0.04737292
18464,-5.016405,0.1348798,-2.1541,0,0,0,9.476588,-0.1292915,-0.933772,22.625,-43.875,-12.875,-127.2914,-87.98928,-62.21042,0.6978951,0.7112427,0.06901517,0.04809619
18476,-5.016551,0.134935,-2.15415,0,0,0,9.490954,-0.4788574,-0.8858863,24.25,-43.25,-9.5,-106.2706,-88.30869,-83.18952,0.7025341,0.7067102,0.06852499,0.04807272
18487,-5.016684,0.1350398,-2.154199,0,0,0,9.452645,-0.8140576,-1.053486,2.125,-40.625,-3,-84.0195,-88.21194,-105.6812,0.7065618,0.7024156,0.07061841,0.04894708
18499,-5.016822,0.1351788,-2.154241,0,0,0,9.476588,-1.000812,-1.197144,-27.5,-36.25,3.5,-68.90112,-87.81108,-121.4324,0.7100819,0.6981284,0.07577901,0.05155637
18510,-5.016948,0.1352915,-2.154285,0,0,0,9.4718,-0.8571548,-1.182778,-49.125,-30.625,5.875,-60.56388,-87.35336,-130.6959,0.7128905,0.6941262,0.08271578,0.05598315
18522,-5.017048,0.1353335,-2.154343,0,0,0,9.380817,-0.483646,-1.067852,-47.875,-26.125,3,-54.84053,-86.99534,-137.3074,0.7151152,0.690676,0.088736,0.06085214
18533,-5.017127,0.1353173,-2.154432,0,0,0,9.213217,-0.1436572,-0.9146177,-29.625,-22.375,-2.25,-49.64212,-86.74797,-143.1624,0.7170317,0.6877965,0.09256122,0.06506924
18545,-5.017193,0.1352706,-2.154556,0,0,0,9.059982,0.03352002,-0.8284234,-1.75,-18.875,-8.25,-44.20833,-86.58104,-148.9017,0.7188725,0.6854706,0.0935716,0.06779908
18556,-5.017259,0.135239,-2.154668,0,0,0,9.036039,0.01436572,-0.9194063,23.375,-15.375,-13.125,-39.08644,-86.45492,-153.9947,0.7206056,0.6837311,0.09227248,0.06873932
18567,-5.017329,0.1352399,-2.154751,0,0,0,9.246737,-0.158023,-1.010389,43.75,-11.125,-16.875,-34.21984,-86.35019,-158.5629,0.7222689,0.6824421,0.08918684,0.06816322
18579,-5.017387,0.1352816,-2.154784,0,0,0,9.53884,-0.3782974,-1.024755,50.75,-8.25,-18.625,-30.03786,-86.26031,-162.3481,0.723709,0.6815029,0.08556757,0.06691297
18591,-5.017449,0.1353613,-2.154804,0,0,0,9.610668,-0.5411089,-1.101372,45,-6.125,-18.875,-26.44685,-86.16528,-165.6095,0.7249749,0.6806311,0.08247125,0.06596351
18603,-5.017521,0.1354345,-2.154843,0,0,0,9.490954,-0.4884346,-1.201932,35.25,-4.25,-18.5,-23.22024,-86.0714,-168.6466,0.7260488,0.6797619,0.08025452,0.06584945
18614,-5.017603,0.1355054,-2.154879,0,0,0,9.50532,-0.4213945,-1.254606,30.5,-2.875,-19,-19.94551,-85.97966,-171.7912,0.7270271,0.6789095,0.07828522,0.06621931
18626,-5.01768,0.1355759,-2.154912,0,0,0,9.510109,-0.4166059,-1.283338,28.75,-2.25,-20.875,-16.67702,-85.88886,-174.9558,0.7279229,0.6781047,0.07639164,0.06683368
18638,-5.017791,0.1356641,-2.154983,0,0,0,9.376028,-0.3352002,-1.336012,28.375,-2.25,-23,-12.56051,-85.76035,-178.9564,0.7290283,0.6770858,0.07399689,0.06780124
18651,-5.017884,0.1357251,-2.155062,0,0,0,9.270679,-0.225063,-1.336012,29.75,-2.875,-23.875,-8.751896,-85.61787,177.3598,0.7300963,0.6761057,0.07157104,0.06868874
18662,-5.017964,0.1357877,-2.15513,0,0,0,9.280257,-0.2394287,-1.355167,30.5,-3.25,-23.625,-5.549529,-85.46495,174.2855,0.7311199,0.6751648,0.0693003,0.06938088
18673,-5.018052,0.1358806,-2.155191,0,0,0,9.33772,-0.3591431,-1.436572,27.875,-3.125,-22.375,-3.002169,-85.29505,171.8359,0.7321543,0.6741641,0.06742936,0.07004337
18685,-5.018134,0.1359781,-2.155241,0,0,0,9.395183,-0.3687202,-1.450938,19.5,-2.25,-20.375,-1.002014,-85.1382,169.8247,0.7330077,0.6732171,0.06640209,0.07119872
18696,-5.01821,0.1360398,-2.155276,0,0,0,9.495743,-0.1149258,-1.374321,14.75,-1.5,-17.875,1.004343,-84.99825,167.7421,0.7336774,0.6723815,0.06570178,0.07282774
18708,-5.018283,0.1360592,-2.155307,0,0,0,9.510109,0.1532344,-1.336012,23.75,-2,-16.625,3.089296,-84.85235,165.6966,0.7344028,0.6716245,0.06421706,0.07381936
18719,-5.018356,0.1360847,-2.155337,0,0,0,9.519686,0.1484458,-1.364744,43.75,-3.25,-17.5,5.071693,-84.68116,164.0152,0.7354016,0.6708874,0.06117249,0.07316242
18730,-5.018425,0.1361702,-2.155361,0,0,0,9.553205,-0.1867544,-1.441361,62.25,-4.25,-19.75,6.599932,-84.49448,163.0303,0.736645,0.6701567,0.0568917,0.07076346
18742,-5.018489,0.1363127,-2.155392,0,0,0,9.514897,-0.5123774,-1.474881,63.75,-4.5,-20.5,7.613911,-84.31318,162.5851,0.7378983,0.6694109,0.05272986,0.06793121
18753,-5.018546,0.1364637,-2.155445,0,0,0,9.390394,-0.5650518,-1.455727,50.5,-3.625,-18.75,8.305661,-84.15678,162.2893,0.7389268,0.6686943,0.0497824,0.06600741
18765,-5.0186,0.1365812,-2.155523,0,0,0,9.251526,-0.3543545,-1.398264,33.25,-2.375,-14.75,8.848354,-84.02978,161.9165,0.7396668,0.6680439,0.04827309,0.06542317
18776,-5.018655,0.1366574,-2.155601,0,0,0,9.213217,-0.1292915,-1.393475,20.375,-1,-8.75,9.026055,-83.93845,161.7349,0.7401555,0.6674924,0.04804948,0.0656897
18788,-5.018715,0.136732,-2.155668,0,0,0,9.299411,-0.09577148,-1.422207,13.125,0.5,-2.25,8.538283,-83.88824,162.1196,0.7404547,0.6670574,0.04888773,0.06611557
18799,-5.01877,0.1368096,-2.155709,0,0,0,9.452645,-0.1292915,-1.422207,10.75,1.5,1.875,7.591142,-83.8726,162.9308,0.7406024,0.6667621,0.05026551,0.06640605
18811,-5.018828,0.136882,-2.155744,0,0,0,9.50532,-0.07661719,-1.407841,14,2.125,4.125,6.453723,-83.87315,163.9678,0.7406954,0.6665666,0.05158472,0.06632037
18823,-5.018874,0.1369221,-2.15579,0,0,0,9.423914,0.04788574,-1.336012,25.75,2.375,4.25,5.583306,-83.8788,164.895,0.7408023,0.6665217,0.05182481,0.06538302
18834,-5.018913,0.1369499,-2.155877,0,0,0,9.20364,0.09098291,-1.264184,42.875,2.125,3,4.951244,-83.88022,165.8116,0.741026,0.6665856,0.05058129,0.0631316
18846,-5.018958,0.1369972,-2.155983,0,0,0,9.050406,-0.05267432,-1.316858,56.75,2.125,1.5,4.304932,-83.86979,166.9141,0.7413983,0.666648,0.04833783,0.0597701
18858,-5.019028,0.1370904,-2.156136,0,0,0,8.988154,-0.2154858,-1.383898,62.375,2.75,0.625,3.432537,-83.85548,168.3956,0.7418681,0.6667236,0.04535195,0.05526955
18871,-5.019093,0.1371565,-2.15627,0,0,0,8.930691,-0.1819658,-1.417418,59.25,3.5,2,2.575776,-83.84623,169.7591,0.7422262,0.6667905,0.0429595,0.0514321
18882,-5.019162,0.1372077,-2.156394,0,0,0,8.925902,-0.1388687,-1.460515,54.625,4.75,4.375,1.580489,-83.8483,171.1832,0.742467,0.6668944,0.04112146,0.04799735
18893,-5.019239,0.1372676,-2.156516,0,0,0,8.954634,-0.2106973,-1.513189,48.75,6.375,6.75,0.2359072,-83.86662,172.8825,0.7425729,0.6670697,0.03995211,0.04480388
18905,-5.019313,0.1373419,-2.156623,0,0,0,9.026463,-0.3399888,-1.513189,40.75,8,8.625,-1.457243,-83.90738,174.8234,0.7424828,0.6673666,0.03963499,0.04207392
18916,-5.01938,0.1374419,-2.156721,0,0,0,9.10308,-0.517166,-1.470092,26.5,9.5,10.375,-3.623943,-83.97367,177.0553,0.7421383,0.6678005,0.04067517,0.04023455
18928,-5.019436,0.1375541,-2.156819,0,0,0,9.098291,-0.6464576,-1.417418,8.75,10.625,11,-6.024337,-84.05255,179.2899,0.7415793,0.6682917,0.04317654,0.03977534
18939,-5.019493,0.1376508,-2.156927,0,0,0,9.050406,-0.5746289,-1.388687,-11.625,11.75,11.75,-8.433806,-84.13896,-178.7355,0.7408215,0.6687794,0.04720872,0.04109694
18951,-5.019544,0.137684,-2.157026,0,0,0,9.098291,-0.2298516,-1.302492,-25.25,12.375,11.875,-10.30134,-84.24006,-177.4773,0.7398931,0.6692814,0.05186936,0.04393396
18962,-5.0196,0.1376511,-2.157118,0,0,0,9.160542,0.158023,-1.264184,-18.25,11.125,10,-11.32691,-84.33209,-176.9794,0.7390739,0.669701,0.05551366,0.04678209
18973,-5.019666,0.1375836,-2.157193,0,0,0,9.256314,0.3735088,-1.292915,6.375,8.875,6.25,-11.49434,-84.39364,-177.0157,0.7386194,0.6700087,0.05675931,0.04804392
18985,-5.019741,0.1375179,-2.157256,0,0,0,9.323354,0.3687202,-1.350378,35.75,6.75,2,-11.08867,-84.42152,-177.2395,0.7385637,0.6702457,0.05543296,0.04713587
18996,-5.019816,0.1374677,-2.157311,0,0,0,9.352086,0.292103,-1.383898,65.375,5.125,-2.125,-10.26233,-84.4243,-177.5045,0.7388276,0.6704689,0.05165432,0.04401214
19008,-5.019887,0.1374329,-2.157361,0,0,0,9.40476,0.1771773,-1.359955,83.125,4,-4.125,-9.335618,-84.41738,-177.6196,0.7392223,0.6707123,0.04635555,0.03932646
19019,-5.019925,0.1376274,-2.157398,0,0,0,9.467011,-1.225875,-1.326435,92.625,2.5,-4.75,-10.54871,-84.38731,-175.4682,0.7396064,0.6709644,0.04160998,0.03252406
19031,-5.019995,0.1376576,-2.157445,0,0,0,9.43828,-0.2442173,-1.369532,93.25,1.375,-5.125,-10.06523,-84.34362,-174.9589,0.7401536,0.6709801,0.03554046,0.02636827
19043,-5.020069,0.1377148,-2.157506,0,0,0,9.323354,-0.4261831,-1.436572,85.875,1,-6.125,-9.736819,-84.28399,-174.4349,0.7407022,0.6708165,0.03039854,0.02101052
19054,-5.020139,0.1377824,-2.157566,0,0,0,9.328143,-0.5028003,-1.426995,72.5,1.375,-6.875,-9.423508,-84.2328,-174.0725,0.741137,0.6706287,0.02629318,0.01679078
19066,-5.020206,0.1378394,-2.157621,0,0,0,9.352086,-0.4549146,-1.417418,58.5,1.75,-6.875,-9.035976,-84.19096,-173.9725,0.7414759,0.6704341,0.02323513,0.01384229
19079,-5.020291,0.1378652,-2.157713,0,0,0,9.261103,-0.2298516,-1.393475,48.5,2,-7.375,-8.140486,-84.15478,-174.4621,0.7418023,0.6702076,0.0203309,0.01174408
19091,-5.020345,0.1378742,-2.157796,0,0,0,9.222795,-0.158023,-1.312069,47.875,1.125,-8.375,-7.118307,-84.12517,-175.1286,0.7420801,0.6700039,0.01763028,0.01006132
19102,-5.020401,0.1378947,-2.157863,0,0,0,9.285046,-0.2202744,-1.355167,48.75,0,-9.5,-6.084388,-84.07639,-175.8027,0.742456,0.669677,0.01490207,0.008354397
19114,-5.020473,0.1379398,-2.157926,0,0,0,9.299411,-0.3543545,-1.460515,46.375,-0.75,-10.375,-5.15099,-84.00093,-176.4024,0.7429672,0.6691791,0.01239411,0.00674971
19125,-5.020542,0.1379945,-2.158009,0,0,0,9.174909,-0.4118174,-1.455727,39.375,-0.875,-10.625,-4.323771,-83.92297,-176.9893,0.7434712,0.6686614,0.01048869,0.005693951
19136,-5.020605,0.1380175,-2.158126,0,0,0,9.00252,-0.2011201,-1.393475,27.75,-1.25,-9.125,-3.38657,-83.84579,-177.8364,0.7439604,0.6681337,0.009373212,0.00569772
19148,-5.02066,0.1380069,-2.158245,0,0,0,8.978577,0.009577149,-1.364744,16.375,-2.5,-5.875,-2.575519,-83.75756,-178.7098,0.7444929,0.667534,0.00921802,0.006620859
19159,-5.020696,0.1379833,-2.158361,0,0,0,9.007308,0.09577148,-1.264184,5.5,-5.25,-2.375,-2.092472,-83.651,-179.3997,0.7451088,0.666815,0.01011351,0.008273375
19171,-5.02073,0.1379674,-2.158495,0,0,0,8.892383,0.06225147,-1.264184,3,-8.625,-2.25,-1.708625,-83.50067,179.9783,0.7459689,0.6658097,0.01124974,0.01006962
19182,-5.020769,0.1379601,-2.158654,0,0,0,8.753514,0.02394287,-1.312069,3.25,-10.875,-3.125,-1.318049,-83.31162,179.3517,0.7470467,0.6645508,0.01235354,0.01187138
19194,-5.020811,0.1379368,-2.158807,0,0,0,8.767879,0.1340801,-1.355167,2.125,-11.25,-2.125,-0.9307284,-83.11681,178.714,0.7481478,0.6632511,0.01352165,0.01378487
19205,-5.020855,0.1378819,-2.158925,0,0,0,8.983365,0.3304116,-1.417418,5,-10.875,-0.25,-0.5263253,-82.92493,178.0913,0.7492274,0.6619729,0.01446971,0.01552237
19216,-5.020886,0.1378311,-2.158989,0,0,0,9.280257,0.3256231,-1.407841,16.125,-11.125,0.375,-0.2498276,-82.74725,177.7431,0.75024,0.6608043,0.01465258,0.01621919
19228,-5.020901,0.1378035,-2.159044,0,0,0,9.361663,0.1771773,-1.355167,26.875,-12,-0.375,-0.09794085,-82.56993,177.6607,0.7512689,0.6596537,0.01411047,0.01590263
19239,-5.020911,0.1377945,-2.159112,0,0,0,9.285046,0.06704004,-1.350378,34,-13,-1.625,0.03671328,-82.38312,177.691,0.7523635,0.6584496,0.01302857,0.01495132
19251,-5.020916,0.1378191,-2.159187,0,0,0,9.285046,-0.1197144,-1.359955,34.875,-13.75,-2.5,0.03309817,-82.18024,177.8832,0.7535515,0.6571374,0.0119225,0.01373155
19263,-5.020924,0.1378717,-2.159251,0,0,0,9.299411,-0.3016802,-1.417418,28.5,-13.875,-3,-0.12305,-81.98347,178.1376,0.7546927,0.6558499,0.01147079,0.01297121
19275,-5.020934,0.1379287,-2.159321,0,0,0,9.256314,-0.3256231,-1.460515,15.125,-13,-2.5,-0.338812,-81.79488,178.2763,0.755765,0.6545963,0.01208251,0.01330525
19286,-5.020948,0.1379717,-2.159393,0,0,0,9.246737,-0.2394287,-1.508401,1.25,-11,-1.75,-0.5157109,-81.629,178.1916,0.7566813,0.6534706,0.01371977,0.0148841
19299,-5.020967,0.1379999,-2.159457,0,0,0,9.347297,-0.1149258,-1.54671,-6.5,-8.625,-1,-0.6303609,-81.48101,177.9019,0.7574694,0.6524383,0.01611543,0.01746074
19311,-5.02096,0.1380067,-2.159493,0,0,0,9.467011,-0.01436572,-1.450938,-4.875,-7.625,-2,-0.5416035,-81.38017,177.4658,0.7579855,0.6517209,0.01799995,0.01984796
19322,-5.020936,0.1380027,-2.159531,0,0,0,9.457435,0.05746289,-1.359955,5.25,-8.125,-4.75,-0.1595992,-81.28896,176.8773,0.758459,0.6510918,0.01880432,0.02158124
19334,-5.02092,0.1380003,-2.159578,0,0,0,9.390394,0.06704004,-1.407841,17,-8.25,-7.625,0.4438544,-81.18729,176.2234,0.7590086,0.6504286,0.01850094,0.02250175
19345,-5.020907,0.1380144,-2.159622,0,0,0,9.40476,-0.01436572,-1.450938,24.125,-7.75,-9.125,1.059211,-81.08743,175.6523,0.7595591,0.6497985,0.01763666,0.02281947
19357,-5.020899,0.1380527,-2.159665,0,0,0,9.419126,-0.1292915,-1.503612,22.5,-6.125,-8.75,1.529556,-81.00098,175.2076,0.7600306,0.6492528,0.01701029,0.02312806
19368,-5.020895,0.1381032,-2.159699,0,0,0,9.447857,-0.2154858,-1.551498,13.125,-3.375,-6.75,1.731708,-80.95204,174.91,0.7602761,0.648926,0.01733737,0.02397401
19379,-5.020889,0.1381454,-2.159727,0,0,0,9.490954,-0.1436572,-1.537132,2,-0.375,-4.625,1.848344,-80.94692,174.5483,0.7602452,0.6488603,0.0186096,0.02571501
19391,-5.020874,0.1381652,-2.159762,0,0,0,9.467011,0,-1.470092,0.875,1,-4.5,2.104792,-80.96741,174.0274,0.7600509,0.6489685,0.01986692,0.02770996
19402,-5.020854,0.1381733,-2.159813,0,0,0,9.361663,0.07661719,-1.412629,10.25,1.5,-6.625,2.600383,-80.99501,173.3955,0.7598254,0.6491631,0.02017247,0.02908087
19414,-5.020832,0.1381878,-2.159886,0,0,0,9.241948,0.05267432,-1.379109,19.75,1.125,-8.875,3.246392,-81.01561,172.7379,0.7596523,0.6493513,0.01962652,0.02976996
19425,-5.020808,0.1382264,-2.159977,0,0,0,9.17012,-0.06225147,-1.369532,22.25,0.875,-9.5,3.832837,-81.03319,172.1753,0.7595044,0.6495264,0.01893859,0.03016554
19437,-5.020796,0.1382778,-2.160055,0,0,0,9.174909,-0.1628115,-1.431784,16.75,1.375,-8.875,4.217242,-81.04856,171.7453,0.7593667,0.6496593,0.01883909,0.03082687
19448,-5.020789,0.138336,-2.160126,0,0,0,9.256314,-0.158023,-1.474881,8.375,2.625,-7.625,4.523726,-81.07751,171.2803,0.7591272,0.6498564,0.01946511,0.03215011
19460,-5.020788,0.1383699,-2.160179,0,0,0,9.356874,0.009577149,-1.503612,3.625,3.875,-6.875,4.947616,-81.11734,170.6303,0.758789,0.6501282,0.02037482,0.03402221
19471,-5.02079,0.138382,-2.160225,0,0,0,9.409549,0.158023,-1.513189,9.875,4.5,-7.5,5.58608,-81.15895,169.8443,0.7584307,0.6504549,0.0206429,0.03556987
19483,-5.020779,0.1383983,-2.160269,0,0,0,9.414337,0.1388687,-1.426995,22.875,4,-9.5,6.343606,-81.19931,169.117,0.7581103,0.6508284,0.01979616,0.03604652
19495,-5.020763,0.1384464,-2.16034,0,0,0,9.280257,-0.02873145,-1.393475,30.125,3,-10.75,7.023012,-81.22895,168.5682,0.7578852,0.6511443,0.01844847,0.03578914
19506,-5.02076,0.1385286,-2.160434,0,0,0,9.10308,-0.2537944,-1.441361,22,3.25,-9.625,7.333611,-81.2577,168.2811,0.7576841,0.6513835,0.01805568,0.03589441
19519,-5.020746,0.1386518,-2.160545,0,0,0,9.174909,-0.3160459,-1.407841,-2.5,4.5,-5.375,7.246188,-81.33065,168.0307,0.7571802,0.6517906,0.02013297,0.03797292
19531,-5.020729,0.1387136,-2.160629,0,0,0,9.227583,-0.08140577,-1.350378,-16.75,4.375,-2.5,7.172467,-81.40469,167.5961,0.756602,0.6521658,0.02317131,0.04118844
19542,-5.02072,0.1387188,-2.160712,0,0,0,9.160542,0.2394287,-1.350378,-11.25,3.375,-2.625,7.411095,-81.44719,166.9458,0.7561724,0.6523942,0.02534417,0.04407791
19554,-5.020716,0.138706,-2.160802,0,0,0,9.1366,0.3639317,-1.355167,7.75,2.125,-4.75,7.926443,-81.46107,166.2568,0.7559402,0.6525323,0.02588292,0.04567419
19565,-5.020713,0.138702,-2.160895,0,0,0,9.112657,0.3256231,-1.364744,30,1.125,-7.625,8.598979,-81.45163,165.7018,0.7559201,0.6526164,0.02459563,0.04551654
19577,-5.020712,0.1387189,-2.161006,0,0,0,9.031251,0.2106973,-1.374321,48.625,0.25,-9.375,9.276564,-81.42566,165.3928,0.7560816,0.6526492,0.021852,0.0437276
19588,-5.020703,0.1387742,-2.161133,0,0,0,8.930691,-0.02873145,-1.336012,53.75,-0.125,-9.5,9.691443,-81.40876,165.4096,0.7562556,0.6526967,0.01899662,0.0412751
19600,-5.020694,0.1388825,-2.161296,0,0,0,8.73436,-0.3543545,-1.326435,43.5,0.125,-8,9.629754,-81.4108,165.7744,0.7563627,0.652746,0.01732856,0.03921632
19611,-5.020687,0.1390091,-2.16149,0,0,0,8.542816,-0.483646,-1.321646,23.375,1.25,-5.75,9.254336,-81.43551,166.1907,0.7563094,0.6528422,0.01746607,0.03857655
19622,-5.020673,0.1391087,-2.161704,0,0,0,8.437468,-0.3304116,-1.249818,-0.625,2,-2.875,8.836647,-81.4811,166.3325,0.7560366,0.6530179,0.01947083,0.03996642
19634,-5.02065,0.1391486,-2.161931,0,0,0,8.36085,0.01436572,-1.149258,-14.25,1.875,0.25,8.566758,-81.53457,166.142,0.7556202,0.6532328,0.0224016,0.04269781
19645,-5.020631,0.1391225,-2.162198,0,0,0,8.145365,0.4022402,-1.096583,-11.625,0.75,2.75,8.519167,-81.56795,165.7518,0.7552739,0.6533505,0.02498123,0.04550242
19657,-5.02063,0.1390731,-2.162502,0,0,0,7.824531,0.5554746,-1.144469,5,-0.5,3.5,8.549262,-81.56276,165.5043,0.7552097,0.6532738,0.02618688,0.04696757
19668,-5.020634,0.1390248,-2.162887,0,0,0,7.441444,0.5219546,-1.120526,27.875,-0.75,3.625,8.538144,-81.54906,165.5929,0.75532,0.6532001,0.02573805,0.04646371
19680,-5.020636,0.1389878,-2.163337,0,0,0,7.043993,0.4357603,-1.063064,42,-0.125,4.75,8.366142,-81.54974,166.0262,0.755451,0.6532308,0.0244028,0.04458723
19691,-5.020646,0.1389663,-2.163902,0,0,0,6.704004,0.3064688,-1.067852,43.625,1.25,8.5,7.699085,-81.57378,166.9897,0.7555414,0.6533359,0.02333602,0.04201067
19703,-5.020649,0.1389835,-2.164449,0,0,0,6.522038,0.05746289,-1.019966,31.5,2.875,13.875,6.284198,-81.64555,168.5269,0.7553957,0.6536154,0.02397347,0.03987299
19715,-5.020629,0.1390556,-2.165009,0,0,0,6.469364,-0.3112573,-0.900252,10.5,4.25,17.875,4.000262,-81.77631,170.6593,0.7548801,0.6541616,0.02696799,0.03874712
19726,-5.020581,0.139165,-2.165546,0,0,0,6.560347,-0.5985718,-0.7565947,-18.625,4,20.625,1.068022,-81.93455,173.0648,0.7540385,0.6548248,0.03262883,0.03956934
19739,-5.020516,0.1392896,-2.166183,0,0,0,6.823719,-0.5602632,-0.775749,-48.5,2,21.5,-2.313055,-82.06403,175.4021,0.7530509,0.6552077,0.04154183,0.04349301
19751,-5.020505,0.1393415,-2.166663,0,0,0,7.000896,-0.2777373,-1.005601,-66.5,1.625,21.75,-4.945613,-82.10966,176.849,0.7523153,0.6550269,0.05056332,0.04903954
19762,-5.02054,0.1392996,-2.167091,0,0,0,7.096667,0.2968916,-1.211509,-69.875,2.75,22.5,-6.691691,-82.11681,177.3957,0.7516898,0.6545388,0.05889756,0.05543081
19774,-5.020595,0.1391717,-2.167511,0,0,0,7.192439,0.8140576,-1.235452,-51,4.25,23.25,-7.759471,-82.13653,177.4892,0.7510453,0.6541771,0.06536087,0.06092091
19785,-5.020618,0.139024,-2.167914,0,0,0,7.269056,0.9098291,-1.029544,-13.75,4.625,22.375,-8.592745,-82.20178,177.8377,0.7503731,0.6543573,0.06881203,0.06341834
19797,-5.020597,0.1389215,-2.16834,0,0,0,7.259479,0.5506861,-0.8044805,22,2.375,19,-9.642478,-82.28174,178.8704,0.7498482,0.6549289,0.06975491,0.06269047
19808,-5.020564,0.1389233,-2.168759,0,0,0,7.240324,-0.08619434,-0.8475776,46.5,-1,13.375,-11.08628,-82.3028,-179.3715,0.7497895,0.655363,0.06914002,0.05945294
19820,-5.020554,0.1390004,-2.169157,0,0,0,7.364827,-0.5315318,-1.077429,48.875,-1.5,8.75,-12.694,-82.26716,-177.4064,0.7500156,0.6555016,0.06844617,0.05576177
19831,-5.020549,0.139106,-2.169499,0,0,0,7.628199,-0.7374405,-1.177989,35.625,0.375,5.625,-14.18453,-82.23908,-175.7291,0.7500816,0.6556129,0.06863117,0.05328368
19843,-5.020544,0.1391737,-2.169777,0,0,0,8.054382,-0.5267432,-1.192355,15.375,2.625,5,-15.27241,-82.24979,-174.72,0.749831,0.6557882,0.06996559,0.05291543
19854,-5.020537,0.1391465,-2.169995,0,0,0,8.413525,0.009577149,-1.120526,3.875,3.5,7.375,-15.86589,-82.29755,-174.3629,0.7493613,0.656041,0.07175229,0.05403235
19866,-5.020532,0.1390297,-2.170205,0,0,0,8.494931,0.5219546,-1.039121,7,2.625,11.75,-16.22811,-82.35165,-174.2075,0.7489014,0.6563162,0.07316963,0.05515564
19877,-5.020542,0.1389161,-2.170419,0,0,0,8.408736,0.5363203,-1.110949,24.375,1.625,14,-16.7535,-82.37354,-173.6643,0.7487022,0.6565531,0.07346546,0.05464281
19888,-5.020559,0.1388911,-2.170614,0,0,0,8.557182,-0.02394287,-1.268972,44.375,1.875,12.25,-17.82594,-82.36462,-172.3027,0.7487014,0.6568655,0.07268063,0.05188073
19900,-5.02056,0.1389682,-2.170708,0,0,0,9.117445,-0.6799775,-1.350378,46,3.125,8.5,-19.28436,-82.36028,-170.5272,0.7485831,0.6573195,0.07203376,0.04863762
19912,-5.020549,0.1391407,-2.170655,0,0,0,9.921926,-1.197144,-1.460515,23.625,4.625,5.25,-20.99728,-82.36699,-168.7802,0.7481905,0.6577534,0.07318553,0.04706762
19924,-5.020577,0.1392999,-2.170493,0,0,0,10.54923,-1.211509,-1.766984,-15.875,7.75,5.5,-22.56542,-82.38022,-167.7005,0.7475415,0.6578879,0.07719871,0.04904718
19935,-5.020649,0.1394066,-2.170254,0,0,0,10.9802,-0.8858863,-2.020778,-56.75,12.75,10.625,-24.30653,-82.42648,-166.9917,0.7463822,0.6578906,0.08439243,0.05451296
19947,-5.020738,0.1394092,-2.169956,0,0,0,11.37765,-0.2729487,-2.030355,-92.25,18.625,17.625,-26.2487,-82.54862,-166.5452,0.7444366,0.6580015,0.09421985,0.06301314
19959,-5.020813,0.1392429,-2.169512,0,0,0,11.72243,0.4405488,-1.642481,-92,20.125,22.375,-28.41771,-82.7721,-166.0838,0.7416218,0.658493,0.1051619,0.07297345
19971,-5.020833,0.1390394,-2.169172,0,0,0,11.69849,0.7853262,-1.264184,-46,14.375,17.75,-29.53003,-82.96252,-165.8865,0.7396855,0.659107,0.110797,0.07853246
19983,-5.020844,0.1388289,-2.168849,0,0,0,11.65539,0.8523662,-1.163624,22.125,5.75,6.375,-29.19204,-83.08639,-166.2306,0.7391115,0.659763,0.1103212,0.07909585
19994,-5.020868,0.13869,-2.168535,0,0,0,11.56441,0.4884346,-1.350378,87.25,-2,-6.75,-27.59122,-83.11339,-166.9757,0.7399647,0.6603053,0.1042232,0.07474396
20005,-5.020901,0.1386897,-2.168253,0,0,0,11.37286,-0.2825259,-1.604172,121.375,-5.875,-14.5,-25.85535,-83.05496,-167.4153,0.7415228,0.6606389,0.09565498,0.06745651
20017,-5.020934,0.1388001,-2.167996,0,0,0,11.11907,-0.9098291,-1.723887,108.875,-5.25,-16.25,-24.58057,-82.97071,-167.5238,0.7429445,0.6607416,0.08818778,0.06063778
20028,-5.020945,0.1389424,-2.167781,0,0,0,10.91316,-1.134892,-1.618538,66.5,-2.875,-14.375,-23.8577,-82.91689,-167.6442,0.7437209,0.6606875,0.08429521,0.05714488
20040,-5.020927,0.139064,-2.167552,0,0,0,11.01372,-1.039121,-1.441361,22.625,-2.25,-11.625,-23.3741,-82.89192,-168.0973,0.743986,0.6604412,0.0838142,0.05725059
20051,-5.020937,0.1391555,-2.167286,0,0,0,11.234,-0.8188462,-1.618538,-21,-2.5,-8,-22.99729,-82.84207,-169.0137,0.7440686,0.6596407,0.08673534,0.0609364
20063,-5.020996,0.1391975,-2.167008,0,0,0,11.25794,-0.4309717,-1.857967,-50.625,-0.5,-4,-22.65579,-82.78735,-170.294,0.743921,0.6584893,0.09197543,0.06718609
20074,-5.021056,0.1391666,-2.166757,0,0,0,11.13822,0.03830859,-1.762195,-59.125,2.25,-2,-22.14421,-82.78387,-171.8521,0.7434011,0.6574945,0.09760769,0.07435419
20086,-5.02109,0.1390838,-2.166536,0,0,0,10.97541,0.3399888,-1.503612,-41.75,1.75,-4.125,-21.15163,-82.81168,-173.6731,0.7428777,0.6567594,0.1015722,0.0805163
20097,-5.021101,0.139008,-2.16636,0,0,0,10.76472,0.3304116,-1.355167,-14.375,-1.5,-8.25,-19.77886,-82.81403,-175.5028,0.7427735,0.6561283,0.1031514,0.08451617
20109,-5.021115,0.1389689,-2.166227,0,0,0,10.46303,0.1532344,-1.407841,8.375,-4.5,-11.625,-18.24329,-82.76055,-177.2019,0.7431878,0.6554036,0.1029805,0.08667788
20120,-5.021122,0.1389861,-2.166127,0,0,0,10.26191,-0.1436572,-1.446149,13.5,-5.5,-12.875,-16.97303,-82.68005,-178.5647,0.7437447,0.6546305,0.1026098,0.08816984
20132,-5.021114,0.1390445,-2.166049,0,0,0,10.09431,-0.3399888,-1.412629,3.75,-5.375,-12.25,-16.00886,-82.59666,-179.7585,0.7441559,0.6537688,0.1032383,0.09033372
20144,-5.021095,0.1390731,-2.166016,0,0,0,9.883617,-0.191543,-1.297704,-9.375,-5.5,-10.75,-15.13167,-82.52804,178.9712,0.744325,0.652873,0.1048356,0.09352332
20155,-5.021081,0.1390537,-2.166003,0,0,0,9.778269,0.1197144,-1.249818,-11.75,-6.25,-9.75,-14.04942,-82.45267,177.4598,0.7444968,0.6518884,0.1064568,0.09712406
20167,-5.0211,0.1390235,-2.165963,0,0,0,9.897983,0.2681602,-1.441361,-1.5,-6.25,-10,-12.85225,-82.34765,175.9667,0.74493,0.6508397,0.1072149,0.09995937
20179,-5.021177,0.1390062,-2.165851,0,0,0,10.16136,0.292103,-1.771773,17.375,-3.75,-10.625,-11.53285,-82.21938,174.5962,0.7456923,0.6498795,0.1064554,0.1013259
20191,-5.021222,0.1390006,-2.165767,0,0,0,10.11347,0.2346401,-1.68079,34.875,-1,-11.375,-10.34681,-82.15057,173.5979,0.7462965,0.6495566,0.1044088,0.1010774
20203,-5.021217,0.1390227,-2.165741,0,0,0,9.835732,0.009577149,-1.422207,46,-0.375,-12.5,-9.326125,-82.12418,172.9073,0.7467601,0.6496571,0.1016767,0.09978383
20214,-5.021182,0.1390993,-2.16575,0,0,0,9.644189,-0.3447773,-1.312069,44.75,-1.125,-13.375,-8.62739,-82.10529,172.5281,0.7471538,0.6498039,0.09927265,0.09829095
20226,-5.021148,0.1391935,-2.165763,0,0,0,9.610668,-0.4453374,-1.345589,29,-1.875,-11.75,-8.222165,-82.07588,172.2368,0.7474217,0.6497067,0.09828186,0.09789053
20237,0,0,0,0,0,0,9.668132,-0.3016802,-1.441361,5.75,-1.5,-7.25,-8.088732,-82.04258,171.9052,0.7474426,0.6493164,0.09928937,0.09929461
20250,0,0,0,0,0,0,9.716018,-0.09577148,-1.350378,-9.75,-1.625,-2.625,-8.167616,-82.02726,171.5601,0.7471583,0.6488435,0.1017571,0.1019907
20261,0,0,0,0,0,0,9.53884,0.09577148,-1.259395,-15.875,-3,1.125,-8.400555,-82.00843,171.3059,0.7468264,0.6482806,0.1047131,0.1049655
20273,0,0,0,0,0,0,9.261103,0.1723887,-1.264184,-20.875,-4.625,6,-9.036085,-81.97021,171.3793,0.746523,0.6475061,0.1084367,0.1080778
20284,0,0,0,0,0,0,9.194062,0.06225147,-1.302492,-27.75,-5.25,10.375,-10.17805,-81.9289,171.8846,0.7461395,0.6466299,0.1130211,0.1112298
20295,0,0,0,0,0,0,9.280257,-0.06704004,-1.206721,-36.25,-6.25,13.5,-11.7496,-81.89828,172.6938,0.7455244,0.645696,0.1186897,0.1148168
20307,5.733958E-05,-1.949345E-06,-7.164504E-05,0.00435182,-0.0001479466,-0.005437541,9.294622,0.0191543,-1.063064,-39.375,-8.875,14.25,-13.29007,-81.85339,173.4199,0.7448853,0.6446018,0.1246298,0.1187509
20320,0.0001852093,-5.008746E-05,-0.0002613424,0.00867678,-0.00326648,-0.01287218,9.20364,0.2011201,-1.034332,-32.625,-12.5,14.125,-14.76826,-81.74797,174.0839,0.7445402,0.6430911,0.1305419,0.1226894
20331,0.0003231385,-0.0001485513,-0.0004919143,0.01058064,-0.007553224,-0.01768733,9.318565,0.3543545,-1.173201,-14.75,-15.375,12.125,-15.72983,-81.59377,174.558,0.7448199,0.6415856,0.1341998,0.1249067
20343,0.000456493,-0.0003122097,-0.0007446412,0.01004856,-0.01233203,-0.01904354,9.553205,0.4453374,-1.407841,9.125,-17,9.625,-16.39144,-81.38208,175.0414,0.7457694,0.6400411,0.1359046,0.1253208
20355,0.0006064705,-0.0005324314,-0.00100344,0.01030844,-0.01513655,-0.01778807,9.735171,0.2490059,-1.484458,33.625,-16.75,8.5,-17.18635,-81.1516,176.0011,0.7471716,0.6388001,0.1358601,0.1233332
20367,0.0007711095,-0.0007398133,-0.001242018,0.01246132,-0.01569648,-0.01805766,9.6394,0.02873145,-1.422207,46.25,-16.5,7.5,-17.96885,-80.9583,177.1032,0.7485074,0.6379992,0.1349558,0.1203364
20379,0.0009690326,-0.0009413172,-0.001516025,0.01519213,-0.01546699,-0.02103215,9.433492,-0.07182861,-1.398264,51.375,-16.125,6.125,-18.65798,-80.77438,178.1769,0.7498429,0.6373345,0.1336277,0.1169789
20390,0.001239041,-0.001128544,-0.001853934,0.02081472,-0.01443315,-0.02604913,9.3042,-0.2346401,-1.211509,51.5,-16.25,4.875,-19.33883,-80.61893,179.2454,0.7509961,0.6368679,0.1322792,0.1136062
20402,0.001643537,-0.001314841,-0.00227358,0.03058567,-0.0140867,-0.03173126,9.308989,-0.3112573,-0.9241948,46.375,-18.375,3.75,-19.962,-80.48076,-179.8019,0.7519804,0.6364466,0.1312035,0.1106653
20413,0.002188688,-0.001573004,-0.002772313,0.04185418,-0.0198206,-0.03829046,9.280257,0.07661719,-0.6656118,43.5,-23.625,3.5,-20.14501,-80.31998,-179.3365,0.7531081,0.6357471,0.1299836,0.1084348
20425,0.002819373,-0.001945144,-0.003337624,0.04946165,-0.02918514,-0.0443346,9.280257,0.4405488,-0.8667319,53.125,-28.625,4.25,-20.02176,-80.07189,-179.0661,0.7548704,0.6345378,0.1279282,0.105674
20436,0.003483814,-0.00239913,-0.003951391,0.05108334,-0.0349032,-0.04718748,9.428702,0.2968916,-1.503612,64.875,-28.25,6,-20.13511,-79.73266,-178.3985,0.7572157,0.6329425,0.1253398,0.1014798
20448,0.004131601,-0.002869246,-0.004538766,0.04907846,-0.03561755,-0.04450149,9.763903,-0.0191543,-2.011201,69.625,-21.625,6.875,-20.5417,-79.41436,-177.3639,0.7594119,0.6316158,0.1226747,0.09646767
20459,0.004748546,-0.003341357,-0.005041683,0.04807492,-0.03678887,-0.03918935,9.979389,-0.04309717,-2.001624,74.25,-13.375,5.625,-20.83879,-79.22599,-176.3958,0.7609175,0.6311556,0.1195338,0.09142736
20470,0.005386604,-0.003875122,-0.005514988,0.04930511,-0.04124599,-0.03657404,9.816577,0.1245029,-1.738253,87,-6.5,2.625,-20.80442,-79.16679,-175.588,0.7618983,0.6316195,0.1149273,0.08578686
20482,0.006094913,-0.004496462,-0.006027601,0.05281955,-0.0463341,-0.03822616,9.529263,0.09577148,-1.508401,104.875,-2.375,-1.5,-20.50694,-79.1946,-174.7679,0.7626261,0.632815,0.1083888,0.07873077
20493,0.00681261,-0.005113645,-0.006539044,0.05735151,-0.04931943,-0.04086973,9.452645,-0.08140577,-1.422207,117.375,-0.25,-5.5,-20.10109,-79.26043,-173.9678,0.7631647,0.6342441,0.1011771,0.07125552
20505,0.00761915,-0.005752134,-0.007097906,0.06164325,-0.0487992,-0.04271333,9.500531,-0.3639317,-1.513189,118.375,2.125,-8.5,-19.69037,-79.34627,-173.0975,0.7635598,0.6357874,0.09350384,0.06330811
20516,0.008465852,-0.00633762,-0.00768785,0.06376719,-0.04409445,-0.04443022,9.467011,-0.6560347,-1.71431,102.25,7,-9.625,-19.44038,-79.46072,-172.2575,0.7635767,0.6373285,0.0870156,0.05649298
20528,0.009348841,-0.006835973,-0.008326827,0.06517009,-0.03678152,-0.04716046,9.380817,-0.8427891,-1.752618,74.875,12.75,-9,-19.43473,-79.63819,-171.5216,0.7629686,0.6390345,0.0826298,0.05182936
20540,0.01024022,-0.007231066,-0.009010713,0.06788375,-0.0300886,-0.05208179,9.23716,-0.8332119,-1.570652,41.25,18.125,-8.375,-19.55011,-79.89812,-171.1312,0.7616531,0.6409534,0.0808415,0.05027858
20552,0.01120072,-0.007573897,-0.009793811,0.07213629,-0.02574771,-0.05881318,9.146177,-0.6608232,-1.355167,15,20.625,-8.625,-19.55434,-80.22421,-171.2003,0.7598497,0.6430199,0.08078112,0.05126844
20563,0.01217719,-0.007878194,-0.01063523,0.07625125,-0.02376204,-0.06570479,9.131811,-0.4740689,-1.268972,-1.75,20.625,-8.625,-19.39311,-80.54694,-171.6491,0.7579991,0.6448668,0.08177028,0.05383148
20576,0.0133451,-0.008237331,-0.01171124,0.07940651,-0.02441785,-0.07315851,9.165331,-0.2298516,-1.288126,-18,20,-6.5,-19.10021,-80.89789,-172.5173,0.7558622,0.6466537,0.08423883,0.05844024
20588,0.014474,-0.008609885,-0.01277447,0.08341842,-0.02752932,-0.07856528,9.299411,-0.04309717,-1.139681,-29.125,18.25,-2.75,-18.94352,-81.21191,-173.3595,0.7537994,0.6481383,0.08754411,0.06355393
20599,0.01559465,-0.009014481,-0.01384008,0.08803859,-0.03178529,-0.08371551,9.313777,0.06225147,-1.010389,-33.625,14.625,0.5,-18.93426,-81.47055,-174.074,0.7519615,0.6492591,0.09119435,0.06855714
20611,0.01676154,-0.009482441,-0.01501771,0.08985052,-0.03603303,-0.0906776,9.155754,0.1245029,-1.177989,-30.875,11,2.125,-18.94646,-81.65037,-174.7475,0.7505348,0.6498669,0.09486642,0.07328607
20622,0.01792523,-0.009990384,-0.0162848,0.090433,-0.03947329,-0.09846856,9.074348,0.1053486,-1.249818,-21.25,9.25,1.25,-18.8835,-81.78908,-175.3645,0.7494087,0.6502863,0.09778582,0.07715121
20633,0.01913748,-0.01054406,-0.01767769,0.09196926,-0.04200583,-0.1056735,9.141388,0.02873145,-1.187566,-7.375,7.625,-1.375,-18.66319,-81.9193,-175.9656,0.7484574,0.6507617,0.09960487,0.07999681
20645,0.02035718,-0.0111177,-0.01908265,0.0943022,-0.04435124,-0.1086258,9.467011,0.01436572,-1.154046,3.625,6.5,-3.625,-18.25692,-82.0423,-176.6007,0.7476727,0.6512903,0.1004219,0.08198696
20656,0.0214395,-0.01134699,-0.01955718,0.08308892,-0.01760256,-0.03642944,14.94514,-1.958527,-3.510025,10.875,12.5,-1.5,-19.39061,-82.06471,-175.5925,0.7472662,0.6515154,0.1020595,0.08188327
20669,0.0220567,-0.01152153,-0.0197723,0.04441932,-0.012561,-0.01548144,10.7312,0.1963315,-4.472528,28,-13.5,8,-19.54185,-81.47594,-175.3621,0.7505805,0.6478108,0.1024612,0.08044828
20680,0.02217796,-0.01189021,-0.02019493,0.009278174,-0.02821015,-0.03233888,8.011285,1.719098,-3.668048,82.625,-8.5,-6.25,-16.82397,-80.98877,-177.2986,0.7543184,0.6448315,0.09607598,0.07723773
20692,0.02221533,-0.0122785,-0.02070025,0.002872091,-0.02984619,-0.03884048,9.06956,0.1340801,-1.958527,112.875,0.75,-15.625,-15.30308,-80.93254,-177.6171,0.7556484,0.6451886,0.08790079,0.07071582
20703,0.02228731,-0.01256568,-0.0212378,0.005458363,-0.02177692,-0.04076348,9.495743,-0.7565947,-1.489247,112.625,3.25,-15.75,-14.67503,-80.99019,-177.0181,0.7561371,0.6463738,0.08033058,0.06328247
20714,0.0223209,-0.01269913,-0.02183539,0.002640936,-0.0104912,-0.04698079,9.083925,-0.9625034,-1.877121,94.875,5.625,-14.375,-14.38078,-81.00272,-176.3538,0.7566153,0.64706,0.07462776,0.05724943
20726,0.02231275,-0.01269918,-0.02254319,-0.000621275,-4.123896E-06,-0.0539931,9.040829,-0.8858863,-1.857967,71.75,10.625,-13.25,-14.11029,-81.08249,-175.9423,0.7565381,0.6479737,0.07044321,0.05308513
20737,0.02233881,-0.01265502,-0.02331307,0.0019904,0.003373415,-0.05880966,9.299411,-0.4261831,-1.316858,47.375,14.375,-10.75,-13.61757,-81.3045,-176.0818,0.755527,0.6495686,0.0677791,0.05143665
20749,0.02250012,-0.0127006,-0.0241688,0.01181062,-0.003337728,-0.06265464,9.490954,0.2490059,-0.6464576,37.125,13.75,-8.125,-12.61822,-81.63886,-176.8634,0.7538742,0.6517512,0.06535055,0.05122083
20761,0.0227743,-0.01283155,-0.02504329,0.02085829,-0.009961775,-0.06652658,9.476588,0.2873144,-0.6273032,36.375,11.625,-6.125,-11.74634,-81.92411,-177.5377,0.7524478,0.6536278,0.06324208,0.05092581
20773,0.02312499,-0.01296927,-0.02598307,0.02650275,-0.0104076,-0.07102309,9.385606,-0.1292915,-0.9194063,34.875,9.25,-4.375,-11.46467,-82.12007,-177.6371,0.7514443,0.6549788,0.06182101,0.05012386
20784,0.0235332,-0.01304234,-0.02695669,0.03173302,-0.00568044,-0.07568584,9.352086,-0.5267432,-0.9720806,32.125,7.625,-4.625,-11.61036,-82.27345,-177.3452,0.7506201,0.6560732,0.06099534,0.04916428
20796,0.02412386,-0.01307983,-0.0280541,0.04308588,-0.002734831,-0.08004991,9.457435,-0.4405488,-0.5075889,26.625,5.125,-5.5,-11.57882,-82.47773,-177.2963,0.7494928,0.6574445,0.06035933,0.04882681
20808,0.02488143,-0.01318095,-0.02917105,0.05647992,-0.007539033,-0.08327357,9.57236,0.1149258,-0.2298516,23.125,2.25,-5.125,-10.8896,-82.68259,-177.9601,0.7483981,0.6587265,0.05952358,0.04936268
20819,0.02564405,-0.01333305,-0.03028523,0.05921934,-0.01181096,-0.08651873,9.462223,0.225063,-0.9960235,21.125,0,-3.75,-10.18719,-82.72503,-178.6663,0.7482122,0.6589421,0.05897034,0.04996489
20831,0.02630235,-0.01348452,-0.03147195,0.05060673,-0.01164398,-0.09122943,9.232371,0.02873145,-1.910641,21.375,-0.5,-3.5,-9.737226,-82.61089,-179.1152,0.7489009,0.6581646,0.0586749,0.05023991
20842,0.0267773,-0.01361105,-0.03271696,0.03687778,-0.00982495,-0.09666973,9.112657,-0.02873145,-2.341613,22.875,2.125,-3.875,-9.345124,-82.46472,-179.4859,0.7497773,0.6571915,0.0583144,0.05032879
20854,0.02707809,-0.01377321,-0.03405228,0.02294891,-0.01237202,-0.1018784,9.141388,0.3160459,-2.303304,25.25,6.75,-3.375,-8.60957,-82.38694,179.8276,0.7502921,0.6566598,0.05747127,0.0505648
20865,0.0272951,-0.01402009,-0.03543243,0.01671498,-0.01901549,-0.1063049,9.280257,0.5554746,-1.685578,31.125,8.5,-1.875,-7.763342,-82.43294,179.1028,0.7501278,0.6569752,0.05606827,0.05048003
20877,0.02762273,-0.01431761,-0.03687081,0.02511517,-0.02280688,-0.1102631,9.462223,0.1723887,-0.5889946,38.25,7.125,-1.25,-7.421154,-82.6358,178.9791,0.7490735,0.6583927,0.05447342,0.04940336
20888,0.02815451,-0.01456948,-0.03834692,0.0411339,-0.01948257,-0.1141785,9.529263,-0.4644917,-0.04309717,39.25,4,-2.25,-7.753032,-82.87717,179.5476,0.7477679,0.6600975,0.0532886,0.04769554
20899,0.02885991,-0.01470395,-0.03989891,0.05400406,-0.01029517,-0.1188173,9.43828,-0.8858863,-0.3208345,33.25,1.125,-3.75,-8.489475,-83.03255,-179.5501,0.7469003,0.6612273,0.05282605,0.04612906
20911,0.02957517,-0.01474203,-0.04150865,0.05506292,-0.00293103,-0.1239213,9.294622,-0.6320918,-1.182778,25.25,1.125,-4.375,-8.823841,-83.04563,-179.1571,0.7468286,0.6613593,0.05273062,0.04550341
20922,0.03013587,-0.01481465,-0.04318018,0.04315693,-0.005589978,-0.1286589,9.213217,0.2873144,-2.078241,22.375,2.75,-4.375,-7.955084,-82.93895,179.9865,0.7474982,0.6606199,0.05205393,0.04602331
20934,0.03054249,-0.01504415,-0.0448901,0.03150386,-0.01778095,-0.1324798,9.289834,1.048698,-1.98247,23.375,4.25,-2.125,-6.42977,-82.8697,178.4776,0.7479697,0.6601096,0.05081822,0.04705329
20945,0.03095759,-0.01547844,-0.04667179,0.03160468,-0.03306627,-0.1356548,9.457435,1.163624,-1.053486,28.5,3.625,2.125,-5.199516,-82.93822,177.3271,0.7476377,0.6605617,0.0494077,0.04748744
20957,0.03151804,-0.01601745,-0.04847967,0.04299302,-0.04134726,-0.138684,9.567572,0.5219546,-0.2490059,32.375,1.125,5.25,-5.098147,-83.10329,177.359,0.7467393,0.6616955,0.04854487,0.04672101
20968,0.03230337,-0.01656975,-0.05043333,0.05725653,-0.04026686,-0.1424364,9.53884,-0.2298516,-0.1532344,32.875,-2.625,6,-6.130741,-83.24178,178.5455,0.7459757,0.6626874,0.04839076,0.04499005
20980,0.03318472,-0.01698792,-0.05237314,0.06694625,-0.03176422,-0.1473461,9.395183,-0.7853262,-0.5075889,29,-5,5.125,-7.795038,-83.28027,-179.6874,0.7457249,0.6630492,0.04898934,0.04313007
20992,0.03411135,-0.01727536,-0.05437576,0.07064312,-0.02191316,-0.1526739,9.3042,-0.8619434,-0.9720806,22.625,-5.75,4.25,-9.41139,-83.22712,-178.051,0.7459397,0.662812,0.05006892,0.04180065
21003,0.03500982,-0.01745022,-0.05642465,0.06926222,-0.01347966,-0.1579466,9.256314,-0.7326519,-1.359955,21.5,-6.25,1.625,-10.45744,-83.10565,-176.999,0.7465577,0.6621097,0.05087767,0.04091365
21016,0.03592845,-0.01753953,-0.05884238,0.06235601,-0.006062477,-0.1641147,9.198852,-0.5506861,-1.723887,22,-4.75,-1.625,-10.89615,-82.92992,-176.5457,0.7475319,0.6610153,0.05124724,0.04035566
21028,0.03662895,-0.01759051,-0.06108237,0.05298391,-0.003856041,-0.1694264,9.189274,-0.1819658,-1.944161,20.625,-2.5,-3,-10.64392,-82.77567,-176.8057,0.7484366,0.659986,0.05121239,0.04047878
21039,0.03724006,-0.0176633,-0.06334412,0.04700847,-0.005599042,-0.1739807,9.275469,0.09577148,-1.68079,20.375,-1,-3.5,-10.04393,-82.69312,-177.4188,0.7489586,0.6593891,0.05087797,0.04096949
21051,0.03785876,-0.0177899,-0.06566347,0.0474903,-0.009717585,-0.1780281,9.380817,0.225063,-1.173201,19.875,-0.5,-2.75,-9.413226,-82.70042,-178.0706,0.7489608,0.6593757,0.05050193,0.04160543
21062,0.03851761,-0.0179923,-0.06800111,0.05118471,-0.01572402,-0.1816069,9.447857,0.3543545,-0.9050406,20.625,-0.875,-1.125,-8.821384,-82.7444,-178.676,0.7487471,0.6596129,0.05009435,0.04218217
21074,0.03923193,-0.01821732,-0.07044353,0.0543372,-0.01711756,-0.1857917,9.395183,0.004788574,-0.9912349,22,-2.125,-0.375,-8.736747,-82.75533,-178.7534,0.7486925,0.6596817,0.04998143,0.04220707
21085,0.03996709,-0.01837602,-0.07291464,0.05675165,-0.01225089,-0.19076,9.313777,-0.4740689,-1.101372,22,-3.25,-1.5,-9.128059,-82.73112,-178.3493,0.7488088,0.6595568,0.05022488,0.04180479
21097,0.04071969,-0.01845445,-0.07546236,0.05789225,-0.006032935,-0.1959792,9.280257,-0.5698403,-1.216298,20.625,-3.375,-3.125,-9.455752,-82.68681,-178.0244,0.7490366,0.6592922,0.05052197,0.04153945
21108,0.04146455,-0.01848494,-0.07806761,0.05745638,-0.002351528,-0.20096,9.285046,-0.3591431,-1.321646,18.375,-3,-4.5,-9.369626,-82.63403,-178.1435,0.7493346,0.6589261,0.05067474,0.04178929
21120,0.04220542,-0.01846881,-0.08076218,0.05665382,0.001233114,-0.2060541,9.275469,-0.3399888,-1.355167,19,-2.375,-6,-9.112668,-82.58526,-178.4244,0.7496243,0.6585783,0.0506365,0.04211968
21131,0.04292802,-0.01841225,-0.08350141,0.05570038,0.004359656,-0.2111488,9.270679,-0.2968916,-1.369532,20.125,-1.875,-7.125,-8.70458,-82.54276,-178.8411,0.7498946,0.658267,0.05038294,0.04247656
21143,0.04364537,-0.01834866,-0.08632375,0.05484327,0.004862064,-0.2157752,9.313777,-0.08140577,-1.345589,21,-1.375,-8,-7.959266,-82.51226,-179.585,0.7501172,0.658021,0.04979135,0.043049
21154,0.04435178,-0.01829488,-0.08914462,0.05510221,0.004194618,-0.2200362,9.347297,0.01436572,-1.254606,20.875,-1.25,-7.875,-7.151514,-82.49841,179.6062,0.7502397,0.6578866,0.04915274,0.04370016
21165,0.04511022,-0.01826753,-0.09207944,0.05796689,0.002090115,-0.2243059,9.380817,0.1149258,-1.043909,20,-1.875,-7.25,-6.288419,-82.50867,178.7291,0.7502114,0.6579118,0.04853455,0.04449051
21177,0.0458995,-0.01825012,-0.0950699,0.06035618,0.00133167,-0.228681,9.366451,0.03352002,-1.091795,19.25,-2.125,-7,-5.57279,-82.50642,177.9905,0.7502367,0.657866,0.04809033,0.04521709
21189,0.04673282,-0.01820424,-0.09827116,0.0607958,0.003347413,-0.2335496,9.323354,-0.1388687,-1.268972,18.375,-2.125,-6.75,-5.097943,-82.47421,177.4814,0.7504188,0.65763,0.04790763,0.04581868
21201,0.04754254,-0.01815636,-0.1014016,0.06158495,0.003641506,-0.2380895,9.33772,-0.004788574,-1.230664,20.5,-2.5,-7.125,-4.459867,-82.44366,176.8375,0.7506005,0.6574187,0.04742593,0.04637092
21212,0.04836747,-0.01814691,-0.1045875,0.06274136,0.0007189042,-0.2423168,9.366451,0.2537944,-1.177989,24.125,-3,-7.125,-3.533263,-82.41264,175.95,0.7507973,0.6572287,0.04644605,0.04686796
21224,0.04919395,-0.0182006,-0.1078303,0.06279819,-0.004079983,-0.2463933,9.366451,0.4261831,-1.249818,26.625,-3.375,-5.875,-2.566018,-82.36352,175.0522,0.7510983,0.6569437,0.04525065,0.04720794
21236,0.05012088,-0.01831927,-0.1114749,0.06378066,-0.008165397,-0.2507789,9.380817,0.3495659,-1.206721,26.25,-3.875,-3.625,-1.879909,-82.3137,174.4361,0.7513987,0.6566586,0.04427435,0.04732119
21248,0.05099352,-0.01846223,-0.1148449,0.06597956,-0.01080917,-0.2548024,9.390394,0.2633716,-1.125315,24.75,-4.5,-1.875,-1.547456,-82.27744,174.1469,0.7516147,0.6564471,0.04374245,0.04731997
21260,0.05188818,-0.01862022,-0.1182184,0.0686404,-0.01212113,-0.2588201,9.390394,0.1628115,-1.106161,23,-5.125,-1,-1.433978,-82.24021,174.0535,0.7518327,0.6562141,0.04352331,0.04729068
21271,0.0528344,-0.01877246,-0.1216335,0.07287559,-0.01172508,-0.2630259,9.390394,0.01436572,-1.005601,20,-5.875,0,-1.585067,-82.21384,174.1861,0.7519814,0.6560287,0.04374828,0.04729087
21283,0.05385312,-0.01892657,-0.1251661,0.07713493,-0.01166914,-0.2674811,9.376028,0.03830859,-1.010389,18.5,-6.625,0.375,-1.750643,-82.1769,174.3124,0.7521819,0.655766,0.04410274,0.04741652
21294,0.05485601,-0.01908301,-0.1287095,0.07696792,-0.01200588,-0.2719425,9.323354,0.1101372,-1.350378,18.625,-6.75,0.75,-1.901899,-82.08488,174.4259,0.7526977,0.6551421,0.04442591,0.04755329
21305,0.05579303,-0.01924444,-0.1322363,0.07345715,-0.0126554,-0.2764796,9.270679,0.1676001,-1.623327,20,-6.25,1.375,-2.062158,-81.96041,174.5657,0.7534057,0.6543111,0.04465282,0.04756974
21317,0.05671639,-0.01941833,-0.1358929,0.07098433,-0.01336807,-0.2811003,9.280257,0.158023,-1.556287,21.375,-5.5,1.625,-2.237587,-81.85757,174.7381,0.7539971,0.6536279,0.04480247,0.04745207
21328,0.05764748,-0.01960266,-0.1396576,0.07065444,-0.01398782,-0.2856871,9.308989,0.1245029,-1.407841,22,-4.875,2.125,-2.469854,-81.78931,174.9752,0.7543938,0.6531752,0.04496686,0.047224
21340,0.05855179,-0.0197786,-0.1433844,0.07043471,-0.01370386,-0.2902708,9.299411,0.04788574,-1.417418,21.625,-4.125,2.5,-2.797397,-81.73386,175.3032,0.7547169,0.6528034,0.04524642,0.04693584
21351,0.0594587,-0.01995097,-0.147203,0.07002638,-0.01330914,-0.2948504,9.299411,0.03352002,-1.441361,20.875,-3.25,3,-3.171235,-81.68719,175.6675,0.7549835,0.6524876,0.04562916,0.04666792
21363,0.06037749,-0.02013028,-0.1512108,0.06867418,-0.01340232,-0.2995619,9.289834,0.07182861,-1.513189,20.25,-2.375,3.5,-3.547101,-81.63987,176.0242,0.755248,0.6521653,0.04607199,0.04645767
21374,0.06119262,-0.02029522,-0.1550214,0.06504911,-0.01316237,-0.3040892,9.251526,0.06225147,-1.709521,19.625,-1,4,-3.944701,-81.58369,176.3958,0.7555581,0.6517836,0.046577,0.04626867
21385,0.0619754,-0.02046558,-0.1590637,0.05981784,-0.01301868,-0.3089,9.227583,0.07661719,-1.824447,19.75,1,4.125,-4.337739,-81.53362,176.763,0.7558314,0.651444,0.04708085,0.04607806
21397,0.06272188,-0.02064449,-0.1632292,0.05621915,-0.01347417,-0.3137165,9.251526,0.09577148,-1.695155,20.375,2.375,4.625,-4.733572,-81.52326,177.1402,0.7558779,0.6513728,0.04754862,0.04583967
21409,0.06348374,-0.02084415,-0.1675315,0.05638826,-0.01477755,-0.3184301,9.308989,0.1101372,-1.403052,20.75,3.375,5.25,-5.149109,-81.57536,177.5406,0.7555675,0.6517181,0.04800733,0.0455693
21421,0.06425569,-0.02103057,-0.1717868,0.05861926,-0.01415625,-0.3231337,9.323354,-0.06704004,-1.254606,21,3.75,5.125,-5.723526,-81.65414,178.1057,0.7551003,0.6522487,0.04856726,0.0451291
21432,0.06507317,-0.02117801,-0.176156,0.06139531,-0.01107306,-0.3281373,9.308989,-0.2729487,-1.225875,20.875,3.375,4.5,-6.47241,-81.73063,178.8463,0.7546338,0.6527766,0.04926672,0.0445357
21444,0.06589867,-0.02128886,-0.18042,0.06446216,-0.00865577,-0.3329683,9.313777,-0.2490059,-1.177989,21,3,3.625,-7.081818,-81.80358,179.4496,0.7541874,0.6532825,0.04981929,0.04406171
21456,0.06686716,-0.0214057,-0.1854006,0.0657896,-0.00793691,-0.3383349,9.308989,-0.1005601,-1.297704,21.5,3.25,2.875,-7.512656,-81.86648,179.8796,0.7538054,0.6537189,0.05018055,0.04371507
21468,0.06772141,-0.02150919,-0.1900053,0.06367408,-0.007714172,-0.3432262,9.275469,-0.04309717,-1.532344,21.625,4,2.875,-7.83252,-81.89303,-179.8005,0.753635,0.6539125,0.05044878,0.04344748
21480,0.06850144,-0.02159895,-0.1944745,0.06075469,-0.006990947,-0.3480908,9.251526,-0.08140577,-1.599384,21.125,5.125,3.125,-8.197816,-81.92093,-179.4415,0.7534503,0.6541164,0.05079006,0.04318479
21491,0.06928236,-0.02169997,-0.1990563,0.06013557,-0.007779216,-0.3528271,9.294622,0.004788574,-1.398264,20.25,5.875,3.25,-8.479877,-81.99048,-179.1783,0.7530267,0.6545845,0.05110969,0.04310137
21503,0.0700938,-0.02184237,-0.203652,0.063029,-0.01106093,-0.3569722,9.380817,0.158023,-1.091795,20.875,6,3.625,-8.626903,-82.10887,-179.044,0.7523361,0.6553657,0.05125122,0.04312295
21514,0.07097504,-0.02201674,-0.2084092,0.06691319,-0.01324006,-0.3612163,9.390394,0.05267432,-1.015178,22.5,5.125,4.25,-8.962348,-82.22707,-178.6995,0.7516398,0.6561688,0.05142158,0.04284824
21526,0.071885,-0.02217451,-0.2131386,0.07035346,-0.01219778,-0.3656597,9.361663,-0.2011201,-1.058275,23.875,3.875,4.25,-9.583375,-82.31512,-178.0491,0.7510982,0.6568077,0.05171854,0.04219551
21537,0.07282753,-0.02227683,-0.2179656,0.07235744,-0.007855562,-0.3705635,9.308989,-0.4549146,-1.187566,23.75,3.125,3.375,-10.41144,-82.36819,-177.1898,0.750733,0.657242,0.05218413,0.04134897
21548,0.07379203,-0.02231819,-0.222832,0.0744499,-0.003192132,-0.3756359,9.294622,-0.4980117,-1.173201,23,2.5,2,-11.13841,-82.41264,-176.4401,0.7504157,0.6576142,0.05261229,0.04064318
21560,0.07480293,-0.02230426,-0.2277876,0.07764795,0.001070025,-0.3806429,9.313777,-0.4884346,-1.077429,22.125,2.125,0.375,-11.69106,-82.46706,-175.8747,0.7500502,0.6580342,0.05294213,0.04016049
21571,0.07584333,-0.02223294,-0.2327931,0.08013564,0.005492731,-0.3855472,9.313777,-0.5028003,-1.125315,20.625,2,-1,-12.11011,-82.51151,-175.4614,0.749748,0.6583675,0.05327285,0.03990223
21583,0.07690848,-0.02211592,-0.2379182,0.08116731,0.008917651,-0.3905391,9.299411,-0.4118174,-1.221087,20.125,1.75,-2.25,-12.27915,-82.53863,-175.3048,0.7495693,0.6585579,0.05345493,0.03987398
21594,0.07794879,-0.02199956,-0.2429729,0.08135052,0.009099219,-0.3952703,9.308989,-0.1532344,-1.249818,19.375,1.75,-3,-12.05613,-82.56413,-175.5515,0.7494419,0.6586863,0.05339241,0.04022979
21606,0.07901368,-0.02190448,-0.2482209,0.08112783,0.007243528,-0.3998197,9.332932,0.01436572,-1.259395,18.375,1.875,-2.625,-11.66461,-82.59164,-175.9826,0.7493146,0.6588032,0.05328697,0.04082243
21617,0.08008377,-0.02183031,-0.2534993,0.0819613,0.005680886,-0.4042917,9.347297,-0.009577149,-1.177989,18.875,1.625,-2.625,-11.31748,-82.62749,-176.362,0.7491348,0.6589849,0.05317087,0.04133807
21629,0.08122875,-0.02177743,-0.2590991,0.08359381,0.003860597,-0.4088318,9.366451,0.004788574,-1.115738,18.375,1.75,-2.5,-10.96025,-82.67644,-176.7602,0.7488769,0.6592475,0.05308924,0.0419253
21641,0.0823281,-0.02174229,-0.264534,0.08358841,0.002671702,-0.4132386,9.347297,-0.01436572,-1.235452,18,1.375,-2,-10.68906,-82.69685,-177.0759,0.7487689,0.6593347,0.05311823,0.04244336
21652,0.08343854,-0.02172083,-0.2700283,0.08443079,0.001631676,-0.4177558,9.347297,-0.02873145,-1.168412,17.5,1.125,-1.625,-10.48403,-82.72376,-177.3319,0.7486151,0.6594667,0.0532337,0.04295665
21664,0.08456868,-0.02173138,-0.275499,0.08716173,-0.0008139355,-0.4219263,9.390394,0.06704004,-1.005601,17.625,0.375,-1.5,-10.18651,-82.76646,-177.6791,0.7483776,0.6596957,0.05326014,0.04354207
21676,0.08590405,-0.02177864,-0.2817864,0.09061331,-0.003206796,-0.4266367,9.395183,0.04309717,-0.9816577,18.875,-1.125,-0.75,-9.971151,-82.79521,-177.9327,0.748216,0.6598471,0.05329584,0.04397792
21689,0.08713246,-0.02182401,-0.2875338,0.09216783,-0.003403909,-0.431235,9.352086,-0.08619434,-1.115738,19.5,-2,-0.5,-9.964727,-82.78547,-177.9642,0.7482625,0.6597719,0.05344163,0.04414051
21700,0.08831874,-0.02185362,-0.2931655,0.09182389,-0.002292042,-0.4359214,9.313777,-0.1676001,-1.273761,19.125,-2,-0.5,-10.05332,-82.75048,-177.9041,0.748445,0.6595379,0.05369573,0.04423413
21711,0.0894853,-0.02186179,-0.2988958,0.08974206,-0.0006282867,-0.4408291,9.280257,-0.191543,-1.417418,18.75,-1.625,-0.875,-10.12646,-82.69787,-177.864,0.7487283,0.6591852,0.05397573,0.04435696
21723,0.09060548,-0.02185381,-0.3046328,0.08703212,0.0006198669,-0.4457241,9.270679,-0.1532344,-1.470092,18.75,-0.75,-1.125,-10.12625,-82.65014,-177.8971,0.7489884,0.6588592,0.05419485,0.04453962
21734,0.09171253,-0.02183971,-0.3105412,0.08443036,0.001075507,-0.4506124,9.280257,-0.09098291,-1.455727,19,0.25,-1.25,-10.04181,-82.61887,-178.0123,0.7491626,0.6586337,0.05432476,0.04478624
21746,0.09280142,-0.02183522,-0.3164515,0.08387054,0.0003459552,-0.4552347,9.318565,-0.0191543,-1.292915,19.5,0.5,-1.125,-9.894258,-82.61866,-178.1846,0.7491665,0.6586083,0.05435055,0.04506443
21757,0.0939097,-0.0218646,-0.3224434,0.08500339,-0.002253806,-0.4595733,9.361663,0.1101372,-1.144469,20.25,0.5,-0.75,-9.635476,-82.64299,-178.46,0.7490408,0.6587388,0.05422756,0.0453929
21769,0.0950038,-0.0219354,-0.3284492,0.08450646,-0.005467966,-0.4638772,9.347297,0.1819658,-1.259395,20.125,0.75,0.125,-9.382298,-82.65142,-178.7327,0.7490038,0.6587654,0.0541358,0.04572528
21780,0.09606428,-0.02203689,-0.3345575,0.08134348,-0.007785334,-0.4685374,9.294622,0.1436572,-1.470092,20.375,1.125,1.125,-9.277965,-82.62984,-178.854,0.7491287,0.6586088,0.05416205,0.04590497
21791,0.09708269,-0.02216196,-0.340709,0.07833929,-0.009620338,-0.4731908,9.294622,0.1053486,-1.465304,20.625,2,2,-9.314704,-82.62063,-178.8311,0.7491735,0.6585445,0.05427586,0.04596132
21803,0.09810475,-0.02231736,-0.3469103,0.07870463,-0.01196664,-0.4775386,9.352086,0.1053486,-1.201932,20.375,2.375,2.875,-9.447506,-82.65869,-178.7161,0.7489381,0.6587943,0.05446241,0.04599578
21814,0.09918763,-0.02248954,-0.3531266,0.08390618,-0.01334168,-0.4816592,9.414337,-0.02873145,-0.8332119,20.125,1.125,3.625,-9.827209,-82.73705,-178.3565,0.7484517,0.6593245,0.0548306,0.04587901
21826,0.100397,-0.02267282,-0.3595091,0.09202868,-0.01394721,-0.4856957,9.452645,-0.1292915,-0.6177261,20,-0.875,3.625,-10.34138,-82.8222,-177.8634,0.7479131,0.6599107,0.05529667,0.04567594
21837,0.1017053,-0.02286384,-0.3658876,0.1004176,-0.01466044,-0.4895585,9.467011,-0.1340801,-0.584206,20.625,-3.875,3.5,-10.83007,-82.87024,-177.3872,0.7475898,0.6602598,0.05571031,0.04541824
21849,0.1031728,-0.02308325,-0.3726441,0.1072145,-0.01603127,-0.4936456,9.447857,-0.07661719,-0.7230747,21,-6.375,3.625,-11.25033,-82.86213,-176.9756,0.7475941,0.6602417,0.05608631,0.04514812
21861,0.1046438,-0.02330923,-0.3792198,0.1113588,-0.01710654,-0.4977825,9.409549,-0.07661719,-0.9146177,22.375,-8.75,3.375,-11.5886,-82.79198,-176.6273,0.7479659,0.6598247,0.0563407,0.04476697
21872,0.1061614,-0.02352821,-0.3858011,0.1158275,-0.01671334,-0.5023132,9.376028,-0.2011201,-0.9146177,24.125,-10.875,3.125,-12.02332,-82.69476,-176.1582,0.7484896,0.6592556,0.05655695,0.04412301
21884,0.1077532,-0.02372552,-0.3923756,0.1226939,-0.01520776,-0.5067426,9.399971,-0.3256231,-0.7565947,22,-12.5,2.875,-12.55802,-82.60325,-175.6154,0.7489535,0.6587266,0.05700678,0.04356844
21896,0.1096736,-0.02391956,-0.3999107,0.130418,-0.01317758,-0.5117197,9.399971,-0.3591431,-0.7853262,18.625,-14.125,2.25,-13.08998,-82.47288,-175.1228,0.7496154,0.6579256,0.05777343,0.04327814
21909,0.1114111,-0.02403136,-0.4067493,0.1313707,-0.0084534,-0.5170557,9.265891,-0.5219546,-1.283338,17,-14.25,0.875,-13.54576,-82.27439,-174.7213,0.7506598,0.6566707,0.05864364,0.04306325
21920,0.1130411,-0.02406387,-0.4135471,0.1253213,-0.002499841,-0.5226688,9.155754,-0.5506861,-1.862755,14.625,-12.75,-0.5,-13.81752,-82.01149,-174.533,0.7520761,0.6549582,0.05960729,0.0431073
21932,0.1145943,-0.02402387,-0.4204347,0.119144,0.003068557,-0.528311,9.146177,-0.5219546,-1.905853,18.25,-11.5,-2.875,-13.8299,-81.76725,-174.5551,0.7534372,0.6533535,0.06005869,0.04306353
21943,0.1160972,-0.02394299,-0.4272947,0.1168889,0.006290787,-0.5335633,9.213217,-0.3878745,-1.618538,20.375,-9.875,-4.75,-13.57818,-81.60368,-174.8128,0.7543919,0.6522475,0.06003205,0.04315386
21954,0.1175955,-0.0238558,-0.4343733,0.1140029,0.006633867,-0.5385805,9.23716,-0.1484458,-1.656847,20.5,-7.875,-5.375,-13.03792,-81.4653,-175.3599,0.7552452,0.6512624,0.05971486,0.04354494
21966,0.1189855,-0.02378652,-0.4414117,0.1073307,0.005350203,-0.5435126,9.194062,0.03352002,-1.953738,20,-5.75,-4.875,-12.38209,-81.31361,-176.0317,0.7561818,0.6501712,0.05933769,0.04410815
21977,0.1202774,-0.02370963,-0.448548,0.09932574,0.005911382,-0.5486495,9.155754,-0.08140577,-2.092607,19.375,-2.875,-4.5,-11.91767,-81.17741,-176.5193,0.7569996,0.6492046,0.05914717,0.04457431
21989,0.1214973,-0.02356785,-0.4557297,0.09410366,0.01093683,-0.5540116,9.155754,-0.450126,-1.944161,17.25,0,-5.125,-11.82232,-81.10192,-176.66,0.757418,0.6486731,0.05937311,0.04489987
22000,0.1226412,-0.02333568,-0.4630515,0.08745597,0.01775011,-0.5597746,9.107868,-0.5602632,-2.068664,13,4.75,-6.75,-11.72307,-81.06902,-176.8579,0.7575767,0.6483927,0.05986193,0.04561825
22012,0.1236979,-0.02313522,-0.4703649,0.08155749,0.01547165,-0.5644343,9.218005,0.1436572,-1.925007,16.5,6.25,-7.5,-10.87251,-81.08782,-177.7685,0.7575461,0.6483859,0.05937804,0.04684043
22023,0.1248095,-0.02299561,-0.4778127,0.08486388,0.01065785,-0.5685775,9.376028,0.2490059,-1.192355,24.625,5.5,-7.25,-9.963402,-81.2139,-178.6326,0.756945,0.6491483,0.05818445,0.04749062
22034,0.1259843,-0.0228218,-0.4851636,0.09163868,0.01355886,-0.5734376,9.342508,-0.3735088,-0.9768692,23.125,5.125,-7,-9.733058,-81.35859,-178.8306,0.756161,0.6500973,0.05770488,0.04758319
22046,0.1272386,-0.02258954,-0.4927282,0.09592505,0.01776211,-0.5785099,9.3042,-0.4309717,-1.168412,20.25,4.75,-7.875,-9.476635,-81.46641,-179.0902,0.7555712,0.6507836,0.05742922,0.04790528
22057,0.1285017,-0.02239476,-0.5003517,0.09658609,0.01489407,-0.5829232,9.328143,0.1676001,-1.355167,20.625,4.75,-8.125,-8.554427,-81.54267,179.9824,0.7552049,0.6512147,0.0565828,0.0488214
22069,0.1298336,-0.02228188,-0.5083691,0.09749787,0.008263598,-0.5869272,9.380817,0.4549146,-1.292915,21.125,4.375,-6.25,-7.453199,-81.62405,178.8774,0.7548053,0.6516842,0.05557921,0.04987649
22081,0.1311631,-0.0221898,-0.5161754,0.1006976,0.00697387,-0.5912529,9.366451,0.05746289,-1.158835,21.75,3.625,-5.25,-6.921748,-81.71128,178.3546,0.7543362,0.6522392,0.05502996,0.05032562
22093,0.1325305,-0.02204884,-0.5240089,0.1040683,0.01072746,-0.5961546,9.318565,-0.3208345,-1.182778,22,3.125,-5.875,-6.760611,-81.78553,178.2104,0.7539262,0.6527305,0.05477248,0.05037982
22104,0.1339198,-0.02187215,-0.5319251,0.1054917,0.013416,-0.6010789,9.299411,-0.2106973,-1.307281,21.875,3.125,-6.625,-6.412464,-81.83675,177.8771,0.7536525,0.6530629,0.0543706,0.05060345
22117,0.1354797,-0.02166063,-0.5407187,0.1075689,0.0145868,-0.6064141,9.313777,-0.08140577,-1.245029,22.75,2.875,-7,-5.832693,-81.89778,177.325,0.7533326,0.6534613,0.05369509,0.0509423
22129,0.1369845,-0.02145218,-0.5488209,0.1135641,0.01573057,-0.6114445,9.347297,-0.1245029,-0.9241948,21.75,2.625,-6,-5.435647,-82.00111,176.9396,0.7527551,0.6541386,0.0532731,0.05122873
22140,0.1384622,-0.02131987,-0.5568449,0.1133008,0.01014531,-0.6152444,9.376028,0.4740689,-1.316858,21.625,2.75,-4.125,-4.572271,-82.03574,176.0779,0.7525672,0.6543578,0.05252031,0.05196311
22152,0.139923,-0.02124461,-0.5648755,0.1126132,0.005801789,-0.6190721,9.366451,0.4022402,-1.359955,22.75,1.25,-3.75,-3.859343,-82.04263,175.3819,0.7525351,0.6544112,0.05181324,0.05246302
22163,0.1414502,-0.02118739,-0.5731136,0.1155563,0.004329204,-0.6233353,9.376028,0.1484458,-1.110949,22.875,0.875,-3.25,-3.465071,-82.08711,175.0088,0.7522864,0.654717,0.05135972,0.05265926
22175,0.1429656,-0.02115466,-0.5812831,0.1163938,0.002514153,-0.627507,9.356874,0.2059087,-1.259395,24,0.5,-2.25,-3.130577,-82.10143,174.7084,0.7522154,0.6548311,0.05088177,0.05271848
22186,0.1444482,-0.02115494,-0.5893425,0.1161798,-2.166466E-05,-0.6315178,9.352086,0.2825259,-1.331224,25,0,-1.375,-2.817422,-82.09744,174.4401,0.7522534,0.6548302,0.05035902,0.05269108
22197,0.1459886,-0.02119282,-0.5976115,0.1184093,-0.002911959,-0.635637,9.376028,0.2825259,-1.139681,25.125,-0.625,-0.375,-2.583512,-82.11678,174.2524,0.7521586,0.6549827,0.04990006,0.05258399
22209,0.1476294,-0.02126526,-0.6060413,0.1244926,-0.005496014,-0.6395835,9.433492,0.2154858,-0.8523662,23.5,-1.625,0.75,-2.511851,-82.17158,174.2054,0.7518541,0.6553555,0.0497092,0.05247436
22220,0.1492947,-0.02133755,-0.6143023,0.1297429,-0.005632543,-0.6436356,9.409549,0.03352002,-0.9241948,21.5,-2.875,1.625,-2.750383,-82.20006,174.4436,0.7516957,0.6555375,0.04991769,0.05227284
22232,0.150992,-0.02138842,-0.6226979,0.1310344,-0.003927251,-0.6481544,9.332932,-0.07182861,-1.249818,20.125,-3.75,1.875,-3.173119,-82.16649,174.8492,0.7518881,0.6553016,0.05036565,0.05203277
22244,0.1527285,-0.02140537,-0.6314077,0.1302022,-0.001270899,-0.653059,9.289834,-0.1245029,-1.426995,20.625,-3.75,1.375,-3.624751,-82.10307,175.291,0.7522521,0.6548754,0.0507967,0.05171806
22255,0.1543521,-0.02139428,-0.6396729,0.1291846,0.0008823881,-0.6576325,9.289834,-0.1005601,-1.450938,21.375,-3,0.625,-3.935681,-82.04939,175.6025,0.7525622,0.6545202,0.05105458,0.05144967
22266,0.1560266,-0.02136044,-0.6483459,0.1278969,0.002584749,-0.6624162,9.285046,-0.06225147,-1.470092,21.875,-2.25,0.375,-4.176941,-82.00061,175.8508,0.7528454,0.6542014,0.05121975,0.05119591
22278,0.1577137,-0.02130912,-0.6572036,0.1270738,0.003865224,-0.6671974,9.294622,-0.03830859,-1.436572,21.875,-1.75,0.25,-4.366993,-81.96401,176.0477,0.7530573,0.6539641,0.05134387,0.05098528
22289,0.1594542,-0.0212459,-0.6663068,0.1284608,0.004666185,-0.6718689,9.332932,-0.02873145,-1.273761,21.125,-1.625,0.375,-4.541406,-81.95677,176.2185,0.7530965,0.6539155,0.05151508,0.05085733
22301,0.1612064,-0.02119111,-0.6751831,0.1334905,0.004174202,-0.6762363,9.385606,0.02394287,-0.9816577,20,-2.375,0.625,-4.652961,-81.98682,176.3107,0.7529147,0.6541058,0.05172137,0.05089037
22313,0.1631018,-0.02116396,-0.6842523,0.1421913,0.002036762,-0.6803654,9.447857,0.1053486,-0.6943433,19.125,-4.125,1.125,-4.708529,-82.03992,176.3333,0.7525957,0.6544408,0.05195643,0.05106401
22324,0.165019,-0.02114164,-0.693008,0.1498756,0.001744885,-0.6844647,9.428702,-0.02873145,-0.7613833,18.75,-6,1.5,-4.960588,-82.05656,176.5499,0.7524821,0.6545368,0.0523738,0.05108261
22337,0.1672345,-0.02105445,-0.7031599,0.150601,0.005927116,-0.6900886,9.285046,-0.2633716,-1.355167,19.25,-7,0.625,-5.499546,-81.95367,177.0597,0.75305,0.653854,0.05301205,0.05079626
22349,0.1692086,-0.02088723,-0.7125866,0.1457436,0.01234557,-0.695953,9.17012,-0.4022402,-1.800504,20.75,-6,-0.75,-6.019321,-81.79903,177.5762,0.7539204,0.6528459,0.05350592,0.05033353
22360,0.1710193,-0.02066461,-0.7215056,0.1423721,0.01750432,-0.7012888,9.194062,-0.3543545,-1.719098,21.5,-4.625,-2.125,-6.298156,-81.68696,177.8621,0.7545552,0.6521182,0.05373272,0.05001213
22372,0.1728494,-0.02039147,-0.7306663,0.1411092,0.02105901,-0.7062965,9.251526,-0.2490059,-1.551498,21,-3.25,-3.375,-6.332363,-81.61964,177.897,0.7549378,0.6516759,0.05377233,0.04995939
22383,0.1746453,-0.02009013,-0.7398391,0.1392316,0.02336389,-0.7111865,9.251526,-0.1436572,-1.594595,20.125,-1.875,-4,-6.195424,-81.5647,177.749,0.7552511,0.651303,0.05372186,0.05014243
22395,0.176424,-0.01976668,-0.7492711,0.1350687,0.02456096,-0.7162259,9.222795,-0.02394287,-1.757407,19.375,-0.125,-4.25,-5.911108,-81.50534,177.4425,0.7555873,0.6508927,0.05359853,0.0505337
22406,0.1781004,-0.01943839,-0.7586142,0.1294149,0.02534272,-0.7212515,9.198852,0.03352002,-1.877121,19.375,2.125,-4.5,-5.55742,-81.45755,177.0669,0.7558581,0.6505584,0.05340498,0.05099304
22418,0.1796996,-0.0190962,-0.7680498,0.123109,0.02634275,-0.7263721,9.184485,0.03352002,-1.929795,19.625,4.625,-4.5,-5.206959,-81.43439,176.698,0.7559882,0.6503901,0.05318887,0.05143322
22429,0.1812367,-0.01872889,-0.7775393,0.118485,0.0283138,-0.7314849,9.20364,-0.05267432,-1.810081,19.875,6.875,-4.625,-4.927588,-81.46049,176.4049,0.755837,0.6505529,0.05300842,0.05178408
22440,0.1827526,-0.01834453,-0.7871181,0.1165558,0.02955191,-0.7364915,9.246737,-0.0191543,-1.585018,19.5,8.875,-4.75,-4.578245,-81.5476,176.0367,0.7553349,0.651117,0.05279453,0.05223521
22452,0.1842474,-0.01797875,-0.7967526,0.1149799,0.02813704,-0.7411147,9.285046,0.191543,-1.513189,19.125,10.375,-4.375,-4.021535,-81.66158,175.4536,0.7546733,0.6518571,0.0524452,0.0529161
22463,0.1857237,-0.0176526,-0.8065301,0.112556,0.0248667,-0.7454613,9.3042,0.3543545,-1.537132,18.75,11.375,-3.125,-3.389377,-81.78168,174.7872,0.7539656,0.6526397,0.05208884,0.05370133
22475,0.1871448,-0.01737772,-0.8161163,0.1111253,0.02149378,-0.7495686,9.328143,0.3687202,-1.441361,19,12,-1.75,-2.864579,-81.91933,174.231,0.753154,0.6535429,0.05182964,0.05435491
22486,0.1886128,-0.01713523,-0.8260071,0.111858,0.01847852,-0.7536966,9.361663,0.3160459,-1.254606,20.125,12,-0.25,-2.500495,-82.08944,173.8487,0.752163,0.6546629,0.05165572,0.05476302
22498,0.1900966,-0.01693395,-0.8359033,0.1136369,0.01541422,-0.7578719,9.37124,0.3112573,-1.144469,21.5,11.75,1,-2.24676,-82.26987,173.5938,0.7511203,0.655856,0.05149264,0.05495203
22509,0.191659,-0.01677594,-0.8463085,0.1144618,0.01157558,-0.7622815,9.361663,0.3687202,-1.182778,22.5,11.375,2.625,-2.08229,-82.44347,173.4398,0.7501237,0.6570046,0.05134325,0.05498393
22521,0.1931453,-0.01666669,-0.8564264,0.1126191,0.008278705,-0.7666844,9.328143,0.3639317,-1.359955,23.25,11.5,4.125,-2.10231,-82.58195,173.4789,0.7493372,0.6579202,0.05128697,0.05481385
22533,0.1945748,-0.01658339,-0.866572,0.1086956,0.006333512,-0.7714107,9.285046,0.2777373,-1.508401,23.625,12.25,5.5,-2.382453,-82.70518,173.7831,0.7486466,0.6587303,0.05140166,0.05441154
22544,0.1959088,-0.01650123,-0.8766375,0.1028853,0.006336814,-0.7762959,9.251526,0.1388687,-1.656847,23.125,14.125,6.75,-2.961728,-82.8275,174.3802,0.7479625,0.6595257,0.05177485,0.05382661
22557,0.1973123,-0.01640565,-0.8881423,0.09537219,0.00649439,-0.7817959,9.251526,0.1197144,-1.695155,22.75,16.5,7.5,-3.723544,-82.99111,175.1562,0.7470337,0.6605922,0.05229553,0.0531406
22569,0.1985537,-0.01632931,-0.8986624,0.09280873,0.005707845,-0.786492,9.318565,0.1245029,-1.340801,22.5,17.5,8,-4.432689,-83.20659,175.874,0.7457917,0.6620016,0.0527835,0.05255928
22581,0.1998216,-0.01625639,-0.9088444,0.09842994,0.005660566,-0.7904616,9.43828,-0.04309717,-0.6895547,21.375,16.875,8.125,-5.334019,-83.50423,176.7699,0.7440552,0.6639456,0.05344815,0.05197719
22592,0.2012427,-0.01617262,-0.9191791,0.1092046,0.006437622,-0.7941786,9.50532,-0.1867544,-0.2633716,20.125,14.5,7.75,-6.454186,-83.83258,177.8694,0.7421141,0.6660907,0.05428259,0.05141283
22603,0.2028205,-0.01608461,-0.9294528,0.1225105,0.006833455,-0.7977077,9.53884,-0.2106973,-0.009577149,19.625,10.25,7.375,-7.642347,-84.13121,179.0309,0.7403241,0.668049,0.05512563,0.05091193
22615,0.204614,-0.01599425,-0.9399491,0.1368801,0.006895879,-0.801062,9.562783,-0.2154858,0.09577148,19.875,5.375,6.875,-8.881815,-84.37704,-179.7532,0.7388249,0.669678,0.05592925,0.05040916
22626,0.2065309,-0.01591975,-0.9503821,0.1477788,0.005743804,-0.8043293,9.543629,-0.1005601,-0.1197144,19.625,0.5,6.375,-9.902444,-84.51563,-178.7596,0.7379503,0.6706101,0.05662301,0.05005417
22638,0.2085222,-0.01585685,-0.9609295,0.1526228,0.004821001,-0.8084155,9.43828,-0.06225147,-0.5746289,20.75,-2.875,6.375,-10.84342,-84.53384,-177.8314,0.73778,0.6707792,0.05723804,0.04959718
22649,0.2104868,-0.01579584,-0.9714557,0.1517351,0.004711957,-0.8129621,9.356874,-0.07182861,-1.024755,22.25,-4.375,6.375,-11.72448,-84.45906,-176.9437,0.7381551,0.6703662,0.05777124,0.04897856
22661,0.2123972,-0.01572556,-0.9821209,0.1464993,0.005389696,-0.8178878,9.294622,-0.09577148,-1.379109,23.25,-4.25,6.125,-12.53332,-84.32898,-176.115,0.7388518,0.6696097,0.05824472,0.04825547
22672,0.2142142,-0.01562732,-0.9928086,0.1399291,0.007565903,-0.8230794,9.256314,-0.2106973,-1.517978,24.375,-3.25,5.625,-13.3896,-84.19137,-175.2235,0.7395836,0.6688257,0.05868629,0.04737419
22684,0.2159713,-0.01549644,-1.003573,0.1351881,0.01006901,-0.8281652,9.275469,-0.2729487,-1.398264,25.75,-2,4.75,-14.20291,-84.09127,-174.3562,0.7400977,0.6682985,0.05897644,0.04641529
22695,0.2176871,-0.01534497,-1.014319,0.1329976,0.01174089,-0.8329105,9.318565,-0.2537944,-1.206721,25.625,-1,4.125,-14.90143,-84.03796,-173.6054,0.7403449,0.6680651,0.05916873,0.04557927
22706,0.2194314,-0.01515466,-1.025327,0.1327419,0.01448302,-0.8377774,9.328143,-0.3687202,-1.072641,24.5,-0.5,3.25,-15.67864,-84.01119,-172.7884,0.740418,0.6680112,0.05945804,0.04479892
22718,0.221193,-0.01491002,-1.036316,0.1351039,0.01876232,-0.842754,9.332932,-0.5315318,-0.8906748,24.375,-1.25,1.875,-16.52168,-84.00214,-171.905,0.7403738,0.6680861,0.05976665,0.04399438
22730,0.2231062,-0.01461447,-1.047867,0.1403752,0.02168586,-0.8475603,9.385606,-0.4597031,-0.6704004,22.375,-2.25,0.5,-17.1182,-84.01955,-171.2931,0.740197,0.6682881,0.06002873,0.04354284
22742,0.2250245,-0.01430741,-1.05916,0.1447398,0.02316704,-0.8520702,9.395183,-0.3543545,-0.7134976,19.875,-3.625,-0.25,-17.3922,-84.01492,-171.0375,0.7401764,0.6682892,0.06031437,0.04348335
22753,0.2269522,-0.01398892,-1.070394,0.1469937,0.02428618,-0.8565796,9.376028,-0.3064688,-0.8715205,18.75,-5,-0.875,-17.44253,-83.97005,-171.0202,0.7404113,0.6679953,0.06060066,0.04360078
22765,0.2288678,-0.01367273,-1.081558,0.1477641,0.02439019,-0.8611569,9.356874,-0.2106973,-0.9816577,18.25,-5.875,-1.5,-17.23428,-83.90169,-171.2679,0.7408144,0.6675117,0.06079224,0.04389164
22777,0.2310177,-0.01332108,-1.094306,0.1461413,0.02390351,-0.8665799,9.323354,-0.1388687,-1.158835,17,-5.75,-1.625,-16.83663,-83.79824,-171.7296,0.7414358,0.6667633,0.06104673,0.04441907
22789,0.2329191,-0.01300403,-1.105942,0.1424267,0.02374966,-0.8716087,9.294622,-0.1292915,-1.345589,16.5,-5.125,-1.625,-16.45844,-83.68481,-172.1729,0.7421096,0.6659532,0.061323,0.04493703
22801,0.234693,-0.01269358,-1.11725,0.1375096,0.02406532,-0.8765855,9.270679,-0.1436572,-1.470092,17.375,-4,-2,-16.08873,-83.57285,-172.594,0.7427787,0.6651596,0.0615134,0.04537237
22812,0.2364154,-0.01237285,-1.128748,0.1320778,0.02459385,-0.8817148,9.256314,-0.1484458,-1.522767,17.5,-2.25,-2.125,-15.74698,-83.47631,-172.9861,0.743355,0.6644692,0.06168853,0.04581038
22823,0.2380619,-0.01206384,-1.140155,0.1279697,0.02401764,-0.8865548,9.285046,-0.07182861,-1.426995,17.25,-1,-2.125,-15.35786,-83.4162,-173.4286,0.7437289,0.6640027,0.06179915,0.04635307
22835,0.2397072,-0.0117914,-1.151861,0.1252523,0.02074056,-0.8911631,9.328143,0.1245029,-1.292915,16.125,0.125,-1.625,-14.80081,-83.39547,-174.0571,0.7438912,0.663758,0.06184709,0.04718057
22846,0.2412956,-0.01157021,-1.163465,0.1225978,0.01707203,-0.8956559,9.332932,0.1676001,-1.288126,15.375,1.125,-0.5,-14.35003,-83.38782,-174.5891,0.7439572,0.6636091,0.06201012,0.04801536
22858,0.2428596,-0.01137566,-1.175167,0.1203209,0.01496677,-0.9002215,9.328143,0.04788574,-1.278549,16.75,1.25,0.375,-14.17552,-83.38038,-174.8267,0.7439947,0.6635054,0.06226076,0.0485395
22869,0.2444124,-0.0112156,-1.186903,0.1196752,0.01233538,-0.9045419,9.361663,0.07182861,-1.149258,16.25,1.25,1.125,-14.07523,-83.39322,-174.9971,0.743903,0.6635382,0.0625834,0.04907862
22881,0.2459433,-0.01108473,-1.198779,0.1171694,0.01001638,-0.9088633,9.347297,0.07182861,-1.292915,14.375,2,1.875,-14.05364,-83.39194,-175.1145,0.7438715,0.663475,0.06312409,0.04971421
22892,0.2473866,-0.01095144,-1.210634,0.111214,0.01027118,-0.913553,9.280257,-0.08140577,-1.589807,15.5,2.375,2,-14.22505,-83.34566,-175.0225,0.7440814,0.6631535,0.06375064,0.05006088
22904,0.2487886,-0.01082724,-1.222638,0.1072264,0.009499006,-0.9181483,9.308989,-0.02873145,-1.431784,19.125,1.75,1.25,-14.2512,-83.31916,-175.0289,0.7442162,0.6629676,0.0639835,0.05022505
22915,0.2501872,-0.01074127,-1.234468,0.1090374,0.006702266,-0.9221978,9.399971,0.05746289,-0.967292,21.625,0.75,1,-14.17935,-83.35564,-175.1006,0.7440158,0.6631941,0.06389595,0.05031395
22927,0.2516905,-0.01068357,-1.246575,0.1150075,0.004414279,-0.9262159,9.443069,-0.03830859,-0.6560347,23.125,-1.25,1.625,-14.3261,-83.41343,-174.9334,0.7436771,0.6635941,0.06382267,0.0501391
22938,0.2532823,-0.01061721,-1.258753,0.1216518,0.005071538,-0.930672,9.409549,-0.2777373,-0.6320918,25.25,-3.25,1.875,-14.81161,-83.44303,-174.3975,0.74347,0.6638722,0.06383803,0.04950597
22950,0.2549961,-0.01051005,-1.271487,0.1259362,0.007874332,-0.9357967,9.347297,-0.4118174,-0.8427891,23.875,-3.75,1.375,-15.40232,-83.42875,-173.7715,0.7434904,0.6638765,0.06406001,0.04885068
22962,0.2566513,-0.01038887,-1.283964,0.1248457,0.009140257,-0.9410638,9.285046,-0.2442173,-1.221087,20,-2.5,1.125,-15.65386,-83.373,-173.539,0.7437664,0.6635423,0.06440891,0.04873146
22973,0.2582227,-0.01028471,-1.296384,0.1197081,0.007934507,-0.9461284,9.265891,-0.009577149,-1.508401,20.25,-1,1.5,-15.59078,-83.2965,-173.6204,0.7442019,0.6630339,0.06455883,0.04880317
22985,0.2597365,-0.01025321,-1.308913,0.1148673,0.002390668,-0.9507293,9.313777,0.3160459,-1.446149,23.125,-0.375,2.625,-15.23659,-83.24509,-173.9591,0.7445498,0.6626642,0.06427507,0.04889333
22997,0.2613958,-0.01037427,-1.322733,0.1146254,-0.008363802,-0.9547588,9.433492,0.584206,-1.058275,26.25,-0.25,5,-14.8245,-83.26236,-174.3132,0.7445295,0.6627541,0.06362646,0.0488307
23009,0.2629466,-0.01057918,-1.335547,0.1159918,-0.01532599,-0.9583892,9.447857,0.3399888,-0.9720806,25.25,0.375,7.75,-15.1152,-83.29264,-173.982,0.7443367,0.6630085,0.06356651,0.04839544
23021,0.2644406,-0.01079001,-1.348003,0.1154775,-0.01629528,-0.9627624,9.352086,-0.09577148,-1.173201,24.75,0.5,8.875,-16.05944,-83.28017,-173.0022,0.7442914,0.6630794,0.06404458,0.04747954
23032,0.2659118,-0.01096191,-1.360572,0.1132928,-0.01323731,-0.967873,9.270679,-0.4070288,-1.345589,28.5,0.25,8,-17.25864,-83.22916,-171.7154,0.7444326,0.6629861,0.0644536,0.04599183
23044,0.2673638,-0.01108166,-1.37343,0.1099136,-0.009065257,-0.9733844,9.232371,-0.4980117,-1.446149,29.25,1.125,6.75,-18.40428,-83.17043,-170.4695,0.7446086,0.6628634,0.0647712,0.0444392
23055,0.2687539,-0.01116394,-1.386171,0.106774,-0.006319825,-0.9786271,9.251526,-0.4166059,-1.417418,21.75,3.5,6.5,-19.40376,-83.14983,-169.47,0.7445406,0.6629162,0.06551485,0.04369424
23067,0.2701142,-0.01125456,-1.398712,0.1066433,-0.007104801,-0.9832029,9.332932,-0.1963315,-1.144469,16.5,5,6.5,-20.17276,-83.19662,-168.77,0.7441037,0.6633214,0.06638414,0.04367515
23078,0.2715356,-0.01137635,-1.411568,0.1091978,-0.009355904,-0.987626,9.380817,-0.1292915,-0.9098291,16.5,5.375,6.375,-20.92199,-83.28639,-168.0915,0.7434272,0.6639949,0.06716697,0.04376581
23090,0.2730226,-0.01152414,-1.424645,0.1128164,-0.01121271,-0.9921553,9.385606,-0.1867544,-0.8188462,15.125,5.125,7.375,-21.89173,-83.38004,-167.2115,0.7426726,0.6647291,0.0681887,0.04385216
23101,0.2745306,-0.01169855,-1.437435,0.11748,-0.01358751,-0.9963564,9.414337,-0.1723887,-0.708709,14.125,3.875,8.375,-22.93053,-83.46607,-166.2735,0.7419347,0.6654286,0.06931379,0.04396961
23112,0.2761068,-0.011872,-1.450394,0.1217222,-0.01339506,-1.000807,9.385606,-0.3830859,-0.7613833,15.75,2,8.25,-24.17467,-83.50867,-165.1078,0.7413877,0.6659275,0.0705108,0.0437394
23124,0.2777354,-0.01199087,-1.463796,0.1222943,-0.008925949,-1.006375,9.265891,-0.675189,-1.082218,15.875,1.25,7,-25.54864,-83.47861,-163.8103,0.7411903,0.6660275,0.07192055,0.04326501
23135,0.2792491,-0.01205272,-1.476538,0.1202039,-0.004911835,-1.01184,9.227583,-0.641669,-1.288126,23,0.125,4.375,-26.36686,-83.41444,-162.9734,0.7413331,0.6658583,0.07249194,0.04246187
23147,0.2807931,-0.01208433,-1.489857,0.1179355,-0.002413871,-1.017324,9.246737,-0.5267432,-1.283338,34.5,-1.25,1.25,-26.64592,-83.34999,-162.5231,0.7416672,0.6656486,0.07182781,0.04101951
23158,0.2823396,-0.01211492,-1.503426,0.1165232,-0.00230546,-1.022389,9.299411,-0.3639317,-1.197144,36.25,-0.875,0.125,-26.62261,-83.31775,-162.3503,0.7419153,0.6655685,0.07074638,0.039689
23170,0.2838873,-0.01216975,-1.517213,0.1153113,-0.004084812,-1.027179,9.332932,-0.2298516,-1.163624,32,0.25,0.625,-26.52428,-83.31076,-162.3089,0.7420269,0.6655855,0.06988588,0.03883431
23182,0.2853923,-0.01221196,-1.5309,0.1135143,-0.003183333,-1.032341,9.285046,-0.4261831,-1.235452,28.375,1.25,1,-26.72841,-83.29364,-162.014,0.7420934,0.6655924,0.06953378,0.03806912
23193,0.2869063,-0.01220158,-1.544723,0.1136606,0.0007788537,-1.037696,9.275469,-0.6847661,-1.120526,26.625,1.875,-0.25,-27.2016,-83.29411,-161.4693,0.7419829,0.66577,0.06943322,0.03729271
23205,0.2883947,-0.01212136,-1.558076,0.1162469,0.006265607,-1.042885,9.285046,-0.8523662,-0.9433491,26.125,2,-2.25,-27.72788,-83.32169,-160.8776,0.7417087,0.6661248,0.06933538,0.03658792
23217,0.2901609,-0.01194639,-1.573449,0.1204752,0.01193468,-1.048648,9.308989,-0.8284234,-0.8427891,22.625,1.625,-4.25,-28.08,-83.37514,-160.5002,0.7413328,0.6665621,0.06928886,0.03632676
23230,0.2918594,-0.01175339,-1.587764,0.1249975,0.01420398,-1.05351,9.361663,-0.6129375,-0.7613833,18.875,0.75,-5.75,-27.94368,-83.44411,-160.6645,0.7409979,0.66692,0.06919425,0.03676943
23241,0.293503,-0.01156193,-1.601221,0.1292191,0.01505169,-1.057899,9.380817,-0.5028003,-0.742229,17.5,-0.375,-6.875,-27.5231,-83.50677,-161.1287,0.7407693,0.667152,0.06902535,0.0374772
23252,0.2952239,-0.01135893,-1.615018,0.1325068,0.01563106,-1.062366,9.376028,-0.4549146,-0.8140576,17.5,-1.5,-7.625,-26.87877,-83.54944,-161.8174,0.7407018,0.6672079,0.0687688,0.03828051
23264,0.2969555,-0.01114324,-1.628761,0.1344258,0.01674483,-1.066951,9.352086,-0.4644917,-0.9241948,18.375,-2.625,-8.625,-26.06755,-83.56267,-162.6606,0.7408321,0.6670569,0.06840295,0.03903897
23275,0.2987481,-0.01090019,-1.642865,0.1362181,0.01846912,-1.071721,9.342508,-0.4884346,-0.9481377,19.75,-3.625,-10.25,-25.06453,-83.56304,-163.6764,0.7410772,0.6668,0.06782907,0.03977085
23287,0.3005297,-0.01063854,-1.656794,0.1376913,0.02022131,-1.076507,9.332932,-0.4692803,-0.9768692,20.375,-4.125,-11.375,-23.92813,-83.55527,-164.8165,0.7413886,0.6664796,0.06712712,0.0405183
23298,0.3023258,-0.01037683,-1.67087,0.1379527,0.02010088,-1.081154,9.342508,-0.2873144,-1.058275,19.125,-4.375,-11.625,-22.50691,-83.5375,-166.2591,0.7417972,0.6660388,0.06635188,0.0415552
23310,0.3041012,-0.01014036,-1.684948,0.1369117,0.01823643,-1.085647,9.347297,-0.1101372,-1.149258,19.5,-4.375,-11.75,-20.85583,-83.50888,-167.928,0.7422915,0.6655077,0.06540806,0.04271625
23321,0.3058575,-0.00992896,-1.699129,0.1350406,0.01625388,-1.090365,9.323354,-0.06225147,-1.221087,20.375,-4.125,-11.625,-19.19401,-83.46838,-169.5967,0.7428289,0.6649355,0.06439238,0.04381402
23333,0.3076049,-0.009750317,-1.713359,0.1344489,0.013745,-1.094847,9.352086,-0.009577149,-1.130104,21,-4.125,-10.875,-17.62942,-83.43816,-171.1605,0.743266,0.6644779,0.06336262,0.04483305
23344,0.3093892,-0.009608853,-1.727778,0.136006,0.01078317,-1.099108,9.390394,0.02394287,-0.9720806,21.75,-4.375,-10.125,-16.16973,-83.4255,-172.61,0.7435654,0.6641792,0.06231228,0.04575673
23355,0.311149,-0.009509464,-1.741886,0.1376054,0.007771448,-1.103142,9.399971,0.05746289,-0.9720806,21.625,-4.875,-9.5,-14.80842,-83.40302,-173.9634,0.7438822,0.6638539,0.06134573,0.04662529
23367,0.3129637,-0.009446168,-1.756418,0.138294,0.004823649,-1.107406,9.380817,0.08140577,-1.053486,20.625,-5.25,-8.375,-13.53876,-83.35784,-175.239,0.7442914,0.6634071,0.06053494,0.04750715
23378,0.3147712,-0.009411938,-1.770935,0.1384062,0.002621196,-1.111673,9.37124,0.05267432,-1.115738,19.375,-5.25,-7.25,-12.48448,-83.29984,-176.316,0.7447277,0.6629078,0.05996994,0.04834823
23390,0.3166424,-0.009392961,-1.786131,0.1374594,0.00139408,-1.116276,9.347297,0.004788574,-1.216298,18.875,-5,-6.625,-11.56713,-83.22431,-177.2638,0.7452368,0.6623152,0.05954611,0.04914174
23402,0.318452,-0.009369455,-1.800978,0.1366175,0.001774539,-1.120897,9.332932,-0.1005601,-1.240241,19.25,-4.875,-6.25,-10.90079,-83.14811,-177.9539,0.7457235,0.6617502,0.05925177,0.04972368
23414,0.320252,-0.009319352,-1.81577,0.1369816,0.003813026,-1.125699,9.323354,-0.2298516,-1.177989,19.25,-4.375,-6.5,-10.41905,-83.08926,-178.4576,0.746091,0.6613184,0.05906147,0.05018039
23425,0.3220176,-0.009260326,-1.830431,0.1361345,0.004551015,-1.130432,9.313777,-0.1053486,-1.264184,18.125,-3.5,-6.625,-9.789704,-83.03021,-179.1243,0.7464605,0.6608692,0.05884277,0.05085339
23437,0.3239539,-0.009242276,-1.847081,0.1320446,0.001230887,-1.135385,9.318565,0.2298516,-1.446149,15.875,-2.25,-5.375,-8.775971,-82.95057,179.7823,0.7469479,0.6602453,0.05857912,0.05209171
23450,0.3256679,-0.009291231,-1.862392,0.1275756,-0.003643852,-1.139645,9.332932,0.3926631,-1.489247,14.875,-0.875,-3.125,-7.926981,-82.88969,178.8436,0.7473006,0.6597593,0.05847355,0.05329522
23461,0.3272735,-0.009395958,-1.877095,0.1248913,-0.008146171,-1.143652,9.352086,0.3735088,-1.374321,16.125,0,-1,-7.387663,-82.86197,178.2332,0.7474501,0.659519,0.05847814,0.05416159
23473,0.3289166,-0.009552357,-1.892046,0.1261311,-0.01200576,-1.147694,9.390394,0.2777373,-1.082218,18.625,-0.25,0.625,-7.138696,-82.87829,177.9444,0.7473453,0.6595972,0.05851207,0.05461713
23484,0.330588,-0.009743492,-1.906879,0.1297643,-0.01483972,-1.15167,9.414337,0.1723887,-0.9050406,19,-0.75,2,-7.167633,-82.91676,177.9387,0.747106,0.6598315,0.058724,0.05483234
23496,0.3323258,-0.009954086,-1.922024,0.1326373,-0.01607336,-1.155908,9.390394,0.05267432,-0.9816577,17.625,-1.25,3.125,-7.475705,-82.93686,178.1939,0.7469531,0.6599471,0.05925779,0.05494948
23507,0.3340699,-0.01016058,-1.937078,0.1344271,-0.01591592,-1.160326,9.361663,-0.04788574,-1.077429,18.125,-2,3.5,-7.948468,-82.93156,178.6214,0.7469434,0.6599075,0.05987904,0.05488354
23518,0.3358542,-0.01035842,-1.952272,0.1367952,-0.01516729,-1.164823,9.361663,-0.1101372,-1.043909,20.75,-3,3.375,-8.479308,-82.91814,179.1416,0.7469903,0.6598397,0.0603485,0.05454397
23530,0.3376656,-0.01055087,-1.967413,0.1398776,-0.01486125,-1.169194,9.376028,-0.09577148,-0.9864463,21.875,-3.75,3.25,-8.959695,-82.90422,179.6258,0.7470469,0.6597764,0.06069751,0.05414668
23541,0.3395216,-0.01074411,-1.982716,0.1423513,-0.01482088,-1.173702,9.361663,-0.07661719,-1.034332,22.25,-4.375,3.125,-9.391371,-82.87415,-179.9339,0.7471985,0.6596106,0.06099084,0.05374555
23553,0.341382,-0.01092777,-1.998028,0.143169,-0.01413465,-1.178402,9.328143,-0.1149258,-1.173201,21.75,-4.5,3.25,-9.866405,-82.82031,-179.4565,0.7474772,0.6592929,0.06136882,0.05333573
23564,0.3432266,-0.01111273,-2.013394,0.1420052,-0.01423846,-1.182913,9.323354,-0.03830859,-1.326435,22.625,-4.25,3.375,-10.23674,-82.7468,-179.0734,0.7478784,0.6588475,0.06162225,0.05292148
23576,0.3450272,-0.01128618,-2.028723,0.1394964,-0.01343769,-1.187613,9.289834,-0.1005601,-1.450938,22.375,-3.375,3.75,-10.70032,-82.66618,-178.6003,0.7483085,0.6583639,0.06197682,0.05244385
23587,0.3468271,-0.01143905,-2.044398,0.1369509,-0.01163195,-1.192669,9.265891,-0.1867544,-1.470092,22.375,-2,3.5,-11.23481,-82.59983,-178.055,0.7486467,0.657984,0.06237932,0.05190552
23599,0.3485665,-0.01156878,-2.060001,0.1335051,-0.009956866,-1.19761,9.261103,-0.1771773,-1.54671,21.5,-0.125,3.375,-11.72132,-82.54746,-177.5695,0.7488987,0.6576893,0.0628077,0.05148592
23610,0.3503363,-0.01168465,-2.076356,0.1301375,-0.008520603,-1.202659,9.270679,-0.1676001,-1.532344,21,1.25,3.375,-12.20521,-82.5151,-177.0937,0.74903,0.657524,0.0632645,0.05112693
23622,0.3520603,-0.01177957,-2.092412,0.1296663,-0.007139255,-1.207577,9.299411,-0.2106973,-1.321646,21.75,2.125,3,-12.69753,-82.52987,-176.5987,0.7488937,0.6576747,0.06362962,0.05072942
23634,0.3537723,-0.01184953,-2.108296,0.1306659,-0.005339669,-1.212351,9.318565,-0.2729487,-1.211509,21.75,2.625,2.75,-13.23487,-82.56732,-176.058,0.7486197,0.6579822,0.06400407,0.05031512
23645,0.3554662,-0.01188947,-2.124081,0.1306234,-0.003079254,-1.217189,9.299411,-0.3064688,-1.288126,20.125,3.375,2.25,-13.7472,-82.60017,-175.5627,0.7483622,0.6582486,0.06447649,0.05005516
23658,0.357364,-0.01192099,-2.142004,0.1294703,-0.002150585,-1.222793,9.285046,-0.191543,-1.336012,19.625,4.125,2,-14.13196,-82.64,-175.2061,0.748075,0.6585394,0.06490104,0.04997743
23670,0.3590797,-0.01194905,-2.158451,0.1281039,-0.002095356,-1.227979,9.280257,-0.1340801,-1.340801,19.625,5,2.125,-14.42524,-82.68637,-174.9393,0.747761,0.6588632,0.06523553,0.04997129
23681,0.3607038,-0.01198448,-2.174359,0.1258416,-0.002745145,-1.232649,9.299411,-0.07182861,-1.398264,18,6.25,2.5,-14.67107,-82.7378,-174.7411,0.7474151,0.6592012,0.06564704,0.0501481
23693,0.3623122,-0.01201525,-2.190492,0.1233504,-0.002359609,-1.237264,9.3042,-0.1532344,-1.417418,18.375,7.25,2.375,-15.01399,-82.79739,-174.4407,0.7470117,0.6596078,0.06609169,0.05022871
23704,0.3638773,-0.01201639,-2.206475,0.1216303,-8.857646E-05,-1.242116,9.285046,-0.3160459,-1.369532,18.875,8.125,2.125,-15.54287,-82.87032,-173.9456,0.7465092,0.660132,0.06660753,0.05013234
23716,0.3654511,-0.01199325,-2.222852,0.1198437,0.001761597,-1.247044,9.289834,-0.2873144,-1.350378,16.75,9.5,1.875,-16.03601,-82.96402,-173.5151,0.7458782,0.6607702,0.0672306,0.05028544
23727,0.3669688,-0.01197756,-2.239064,0.1171723,0.001211533,-1.251661,9.308989,-0.09577148,-1.374321,15,10.5,1.75,-16.27199,-83.06704,-173.3657,0.7452216,0.6614147,0.06778224,0.05080293
23739,0.3684762,-0.01203596,-2.255399,0.1158786,-0.004489707,-1.255728,9.380817,0.2825259,-1.187566,17.125,10.375,2.5,-16.12456,-83.20245,-173.5765,0.7444471,0.6622232,0.06788069,0.05148946
23750,0.3700162,-0.01218133,-2.271734,0.118712,-0.01120533,-1.259131,9.4718,0.3112573,-0.8427891,27.125,8.625,2.5,-15.97117,-83.36677,-173.6628,0.7435653,0.663293,0.06719206,0.05136439
23761,0.3716301,-0.01232358,-2.288249,0.1234955,-0.01088555,-1.263767,9.380817,-0.258583,-0.7518061,27.75,7.25,3.375,-16.69633,-83.51146,-172.8569,0.7426766,0.6643667,0.06705259,0.05052201
23773,0.37324,-0.01251488,-2.30469,0.124098,-0.01474561,-1.267396,9.433492,0.1053486,-1.000812,19.375,8,5.875,-17.17348,-83.6252,-172.4139,0.7419454,0.6651413,0.06742894,0.05057083
23784,0.3748018,-0.0127524,-2.321415,0.1186543,-0.01804507,-1.270618,9.419126,0.1292915,-1.455727,16.5,7.875,7,-17.66988,-83.66302,-171.9914,0.7416242,0.6654119,0.06813994,0.05077004
23796,0.3762705,-0.01290363,-2.337664,0.115269,-0.01186945,-1.275332,9.285046,-0.641669,-1.412629,20.125,7.5,5.375,-19.02357,-83.68196,-170.6555,0.7412944,0.6657361,0.06911279,0.05001597
23807,0.3777575,-0.01300705,-2.354382,0.1137553,-0.007911202,-1.278893,9.40476,-0.5028003,-1.235452,37.125,6.125,0.125,-19.58532,-83.72571,-169.8872,0.7410412,0.6662312,0.06821465,0.04838044
23819,0.3792545,-0.01312532,-2.371098,0.1144071,-0.00903891,-1.277461,9.816577,-0.1484458,-1.043909,65.25,1.75,-6.625,-18.79026,-83.77329,-170.1051,0.7411441,0.6667296,0.0642678,0.04524091
23830,0.3808419,-0.01329751,-2.388173,0.1174527,-0.01274077,-1.263476,10.75993,0.02394287,-0.9529263,102.625,-7,-17.125,-16.301,-83.7571,-171.4857,0.7420332,0.6668232,0.05621382,0.03966728
23842,0.3822966,-0.01351996,-2.403497,0.1179356,-0.01803376,-1.242318,11.41596,0.2346401,-1.235452,132.875,-17.375,-24.875,-12.82466,-83.59682,-173.5722,0.7438391,0.6659678,0.0459943,0.03278666
23853,0.383802,-0.01382085,-2.41945,0.1150379,-0.02299364,-1.219088,11.43512,0.2490059,-1.58023,151.875,-23.625,-27.25,-8.98583,-83.29385,-175.6855,0.7463892,0.6642305,0.03355774,0.02397878
23865,0.3853709,-0.0141504,-2.435172,0.1189245,-0.02498089,-1.191734,11.77989,0.009577149,-1.192355,159.75,-28.125,-24.625,-5.962821,-82.97566,-176.8642,0.748745,0.6623829,0.02084594,0.0139743
23877,0.3873126,-0.01435376,-2.451498,0.1372556,-0.01437482,-1.15402,12.47902,-0.9050406,-0.3830859,150.625,-42.375,-23.5,-3.970666,-82.54372,-176.9994,0.7514777,0.6596926,0.008768321,0.003177568
23889,0.3891672,-0.01433388,-2.46697,0.1353399,0.001450706,-1.129143,11.42554,-1.297704,-1.824447,102.25,-51,-17.875,-3.070836,-81.81268,-176.7628,0.7557041,0.6548998,0.001753224,-0.003801484
23901,0.3907803,-0.01410734,-2.48175,0.1221308,0.01715175,-1.119012,10.23318,-1.345589,-2.643293,26.125,-38.125,-6.375,-3.425999,-81.14585,-176.3257,0.7594723,0.6505185,0.001852348,-0.004907256
23912,0.3922947,-0.01374325,-2.495872,0.1188825,0.02858121,-1.108578,10.38642,-1.063064,-1.992047,-39.125,-23.125,5.75,-4.569763,-80.79305,-175.9482,0.7614097,0.6482272,0.007451464,-0.00108023
23923,0.3938691,-0.01323584,-2.510152,0.1209329,0.03897471,-1.096825,10.52529,-0.9864463,-1.656847,-92,-15.375,15.375,-6.44825,-80.58205,-175.5521,0.7624002,0.6468251,0.01781274,0.006789851
23935,0.3954941,-0.01260343,-2.524509,0.1230741,0.04789837,-1.087447,10.32895,-0.8715205,-1.671212,-125.75,-11.5,19.375,-8.556462,-80.41358,-175.3988,0.7629107,0.6455178,0.03108581,0.01754692
23946,0.3971108,-0.0119501,-2.538319,0.1261191,0.05096586,-1.077276,10.42951,-0.4357603,-1.61375,-142.125,-8.875,19,-10.20343,-80.30398,-175.8648,0.7628819,0.6442969,0.04475149,0.0298352
23958,0.3987772,-0.01132895,-2.552049,0.1289469,0.04806536,-1.062428,10.78866,0.04309717,-1.656847,-137,-8.125,17.875,-11.3954,-80.21608,-176.7412,0.7625632,0.6429483,0.05767364,0.04229309
23969,0.4005528,-0.01079063,-2.56583,0.1340994,0.04065597,-1.040789,11.30582,0.3639317,-1.527555,-113.25,-9.25,16.125,-12.26089,-80.14738,-177.6821,0.7620758,0.641613,0.06875595,0.05334693
23981,0.4023599,-0.01038548,-2.57889,0.1408824,0.03158524,-1.01819,11.45906,0.4980117,-1.393475,-77,-12.375,12.375,-12.74407,-80.06644,-178.481,0.761821,0.6403281,0.07649615,0.06129552
23992,0.4042715,-0.01008258,-2.591856,0.1470908,0.02330729,-0.9976984,11.26273,0.4549146,-1.441361,-30.875,-14.5,6,-12.79915,-79.95234,-179.118,0.7620654,0.6391039,0.0804977,0.06574713
24004,0.4063329,-0.00987064,-2.604806,0.1558997,0.01602838,-0.9793222,11.1047,0.3447773,-1.264184,6.875,-15.625,0.5,-12.54129,-79.84625,-179.5733,0.7625737,0.638227,0.08138951,0.0672572
24015,0.4084725,-0.009764842,-2.617064,0.1685392,0.008333875,-0.9655627,10.86049,0.3447773,-0.900252,37.75,-18.5,-3.5,-12.01834,-79.75503,-179.8895,0.7632647,0.6377025,0.07972387,0.06638396
24026,0.4108139,-0.009789708,-2.629441,0.1799851,-0.001911459,-0.9514204,10.84612,0.5650518,-1.010389,70.625,-22,-6.125,-11.14347,-79.60261,179.8757,0.7645711,0.6370218,0.07528396,0.06298085
24038,0.4132927,-0.009948715,-2.641647,0.1897524,-0.01217227,-0.9344099,11.02809,0.6033604,-1.225875,105.25,-23.5,-8.625,-10.08797,-79.40718,179.9177,0.7663397,0.6362935,0.06809919,0.05671508
24050,0.4159298,-0.01021777,-2.653759,0.1992527,-0.02032898,-0.9151984,11.15738,0.450126,-1.364744,148.875,-23.25,-13.75,-8.782765,-79.2019,-179.6897,0.7683702,0.6357228,0.05727517,0.04672713
24061,0.4185743,-0.01054975,-2.665095,0.2089843,-0.02623538,-0.8958341,11.234,0.3016802,-1.398264,188,-22.375,-20,-7.221502,-79.0214,-179.123,0.7702582,0.6353128,0.04372712,0.03417429
24072,0.4214586,-0.01093093,-2.676602,0.2201926,-0.02909976,-0.8784294,11.04245,0.05267432,-1.336012,218.875,-21.125,-25.25,-5.416371,-78.86545,-178.3111,0.7718669,0.6349312,0.02713895,0.01863727
24084,0.4244824,-0.01129742,-2.687983,0.2304016,-0.02792538,-0.8671604,10.55881,-0.2490059,-1.355167,228.625,-18.875,-27.625,-3.654363,-78.73699,-177.3155,0.7729509,0.6343867,0.009791971,0.002119137
24096,0.4278258,-0.01162955,-2.699964,0.2399146,-0.02383239,-0.859727,10.21882,-0.4597031,-1.383898,217.5,-14.5,-26.125,-2.050334,-78.65785,-176.145,0.7733402,0.6337772,-0.007481943,-0.01468057
24107,0.4310047,-0.01185158,-2.710942,0.2467899,-0.01723714,-0.8522801,10.23318,-0.7039204,-1.513189,189.125,-9.75,-22.125,-0.9870076,-78.62923,-175.0112,0.7731547,0.633244,-0.02091586,-0.02821864
24119,0.4343344,-0.0119872,-2.722054,0.2524992,-0.01028425,-0.8426827,10.36247,-0.7518061,-1.61375,156.75,-4.125,-17.75,-0.2155616,-78.66096,-173.9664,0.7724926,0.6329895,-0.03190284,-0.03951813
24130,0.4376612,-0.01204732,-2.732773,0.2581519,-0.004665162,-0.8317342,10.48698,-0.6799775,-1.608961,127.75,1.25,-14.25,0.3517051,-78.76206,-173.1391,0.7714387,0.6331927,-0.04033295,-0.04819429
24142,0.4412716,-0.01199147,-2.744004,0.2636245,0.004078413,-0.8200779,10.48698,-0.900252,-1.575441,106,5.5,-14.125,0.7635863,-78.92666,-172.3651,0.7700197,0.6338173,-0.04744763,-0.05562456
24154,0.4448918,-0.01180178,-2.754875,0.2699248,0.01414313,-0.810579,10.36726,-1.000812,-1.412629,80.375,8.375,-14.75,1.102833,-79.14217,-171.8854,0.7684337,0.6348841,-0.05247046,-0.06065245
24166,0.4484443,-0.01151478,-2.765261,0.2756867,0.02227237,-0.8059357,10.02727,-0.8715205,-1.345589,54.25,9.5,-13.75,1.432367,-79.36148,-171.7682,0.7669965,0.6361222,-0.05541998,-0.06319473
24177,0.4520782,-0.011133,-2.775732,0.2795052,0.02936502,-0.805451,9.687285,-0.7949033,-1.412629,28.875,11.125,-11.625,1.659829,-79.57845,-171.879,0.7657386,0.6375033,-0.0564128,-0.06365094
24188,0.4557277,-0.01068026,-2.786136,0.2833033,0.03514531,-0.8076198,9.490954,-0.6799775,-1.355167,3.125,13.25,-9.125,1.770554,-79.81664,-172.2107,0.7645358,0.6391982,-0.05539511,-0.06198432
24200,0.4594987,-0.01016521,-2.796779,0.2876041,0.03928104,-0.8116995,9.361663,-0.5219546,-1.283338,-15.125,14.125,-6.75,1.826499,-80.0715,-172.7358,0.7633588,0.6411188,-0.05292405,-0.05872903
24211,0.4632685,-0.00961566,-2.807357,0.2905183,0.04235116,-0.8151969,9.390394,-0.4405488,-1.369532,-26,14.625,-5.5,1.868626,-80.31045,-173.386,0.7623198,0.6429819,-0.04963642,-0.05458117
24223,0.4670553,-0.008999505,-2.817986,0.290419,0.04725477,-0.8151271,9.629823,-0.5937832,-1.589807,-28.375,16.5,-7.375,1.932698,-80.54096,-174.0885,0.7613161,0.6447813,-0.04617765,-0.05022557
24234,0.4707698,-0.008300019,-2.828493,0.2871916,0.05408112,-0.812404,9.802212,-0.7470176,-1.805292,-28.125,20.625,-12.5,2.264394,-80.79372,-175.0435,0.7601593,0.646695,-0.04305164,-0.04571776
24246,0.4744966,-0.007532207,-2.839091,0.285424,0.05880466,-0.8116696,9.677709,-0.5219546,-1.642481,-30.75,24.75,-15.5,3.033782,-81.12104,-176.4758,0.7585648,0.6490973,-0.04008965,-0.04055818
24257,0.4782994,-0.006971011,-2.84968,0.2926135,0.04318221,-0.8148,9.476588,1.192355,-1.019966,-26.75,24.5,-16.25,5.652449,-81.52927,-179.721,0.7563964,0.6520662,-0.03893286,-0.03403703
24269,0.4821811,-0.006426569,-2.860346,0.2988921,0.0419221,-0.8212767,9.232371,0.1340801,-0.8810977,-8.875,20.125,-18.125,7.475641,-81.8717,178.0777,0.7544476,0.6545534,-0.03827395,-0.030063
24280,0.4860818,-0.005877885,-2.871071,0.3021707,0.04250394,-0.830824,8.969,0.01436572,-1.019966,11.375,15.875,-21.5,9.530643,-82.11044,175.9131,0.7529383,0.656333,-0.03926647,-0.02773197
24292,0.4900764,-0.005309463,-2.882158,0.303999,0.0432589,-0.8437563,8.715205,0.03352002,-1.067852,25.75,13.125,-23.625,11.88161,-82.28421,173.6413,0.7516596,0.6577109,-0.04153061,-0.02644856
24303,0.4940545,-0.004728022,-2.893314,0.3052808,0.04461988,-0.8561298,8.748725,0.02394287,-1.082218,33.125,11.375,-23.25,14.1737,-82.41656,171.5238,0.7505373,0.6588368,-0.04424864,-0.02588357
24315,0.4981735,-0.004106878,-2.905008,0.3050196,0.04599701,-0.8659129,8.959422,0.05746289,-1.206721,39.125,10,-22.125,16.44495,-82.5058,169.5135,0.7495828,0.6597003,-0.04743362,-0.02591165
24326,0.5019162,-0.003534522,-2.915809,0.3020473,0.04619122,-0.8717157,9.184485,0.158023,-1.450938,45.5,10.625,-20.625,18.4532,-82.55337,167.8224,0.7488447,0.660268,-0.05075229,-0.02649489
24337,0.505795,-0.00291738,-2.927224,0.2974327,0.04732328,-0.8753225,9.366451,0.1053486,-1.561075,56.375,13.125,-19.625,20.41898,-82.61884,166.3331,0.7479323,0.6608993,-0.05489399,-0.02821396
24349,0.5096384,-0.002257656,-2.938656,0.295621,0.05074405,-0.8793492,9.37124,-0.02394287,-1.297704,66.625,13.75,-20,22.35285,-82.72786,165.0089,0.7467115,0.6617438,-0.05966084,-0.03094716
24361,0.5140189,-0.001405482,-2.951764,0.2963436,0.05764944,-0.8867499,9.218005,-0.1867544,-1.029544,72.5,11.375,-20.75,24.44694,-82.85642,163.6962,0.7452482,0.662656,-0.06544615,-0.03477077
24373,0.5178997,-0.0005093771,-2.963549,0.2949827,0.0681138,-0.8957907,9.036039,-0.5315318,-1.087006,64,8.75,-19.875,25.67776,-82.93781,163.0513,0.7442905,0.6631448,-0.06953897,-0.03788
24385,0.5217217,0.0005469793,-2.975411,0.2923149,0.08079208,-0.9071813,8.854074,-0.7230747,-1.120526,40.5,7.5,-17.125,26.30033,-83.01109,162.7033,0.7436321,0.663597,-0.07140267,-0.0393933
24396,0.5254861,0.001696873,-2.987369,0.2896534,0.08848061,-0.9201372,8.710417,-0.3495659,-1.154046,4.75,7.25,-9.125,26.54825,-83.08335,162.254,0.7432452,0.6642303,-0.07024388,-0.03808354
24408,0.5291625,0.002868467,-2.999424,0.2848813,0.09078604,-0.9341174,8.585914,0.03352002,-1.359955,-22.125,8.375,1,26.20162,-83.15158,162.0436,0.7431552,0.6648808,-0.06661908,-0.0348685
24419,0.5328244,0.004069903,-3.011863,0.2792805,0.09162878,-0.9486939,8.547606,0.1340801,-1.417418,-31.625,10.5,8,25.28486,-83.25807,162.2644,0.7430348,0.6656694,-0.06171474,-0.03122373
24431,0.5364221,0.005295479,-3.024348,0.2770416,0.09437665,-0.9614199,8.715205,0.01436572,-1.144469,-23.75,10.5,8.375,24.27955,-83.41573,162.6825,0.7425986,0.6666761,-0.05728194,-0.02844396
24442,0.5400118,0.006582326,-3.036959,0.2768162,0.09923252,-0.972519,8.863651,-0.1388687,-0.9720806,-12.125,6.75,5.5,23.30814,-83.54845,163.2202,0.7422207,0.6674614,-0.05383607,-0.02656093
24454,0.5435748,0.007961417,-3.049768,0.2741328,0.1061084,-0.9854758,8.710417,-0.3352002,-1.125315,-9.75,3.625,4.25,21.99864,-83.61494,164.1282,0.7422493,0.6677517,-0.05050867,-0.02495126
24465,0.5470995,0.009451641,-3.062835,0.2701608,0.1142197,-1.001583,8.466199,-0.4644917,-1.192355,-23.625,2.875,6.625,20.14334,-83.66581,165.3989,0.7424858,0.6679165,-0.04579834,-0.02246948
24477,0.5505922,0.01091217,-3.076084,0.2691011,0.1125302,-1.020802,8.217194,0.2873144,-1.010389,-49,2.125,15.5,18.48615,-83.72337,166.1312,0.7426523,0.6682942,-0.03922738,-0.01765607
24488,0.5540814,0.01224494,-3.089669,0.2675215,0.1021827,-1.041499,8.087902,0.9289834,-1.077429,-55.625,0.5,27.5,16.3905,-83.75101,167.1962,0.7430075,0.668412,-0.0318092,-0.01238252
24500,0.5575415,0.01347496,-3.103607,0.2629802,0.0934882,-1.05937,8.298599,0.7565947,-1.316858,-33,-0.25,32.75,13.26919,-83.74583,169.5739,0.7435886,0.6680847,-0.02543495,-0.009595798
24511,0.5609175,0.01457286,-3.117244,0.2649282,0.08615661,-1.070115,8.86844,0.6656118,-0.8763091,7.625,-4.125,28.5,10.65077,-83.75797,171.9916,0.743859,0.6678816,-0.02252072,-0.01003865
24522,0.5644447,0.01559783,-3.131335,0.2701544,0.07850613,-1.079339,9.031251,0.6560347,-0.6704004,61.625,-13.375,20.125,8.913896,-83.66225,174.2325,0.7445273,0.6669915,-0.02437764,-0.0143891
24534,0.5680248,0.01654537,-3.145903,0.2695284,0.07133469,-1.096669,8.384793,0.5411089,-1.096583,99.875,-18.875,15.375,7.622039,-83.39838,176.5493,0.7459899,0.6649423,-0.0296194,-0.02176346
24545,0.5713603,0.01738781,-3.160034,0.2645761,0.06682304,-1.120896,7.728759,0.2777373,-1.403052,110.125,-17.75,18.25,5.923218,-83.09453,179.3501,0.747592,0.6625601,-0.03491058,-0.03002766
24557,0.5748065,0.01822921,-3.175093,0.2633688,0.06430303,-1.150851,7.398347,0.08140577,-1.077429,98.875,-14.75,24.875,3.414965,-82.86568,-177.1491,0.7486769,0.6606872,-0.03878673,-0.03835357
24568,0.5782849,0.01908667,-3.190862,0.2613793,0.06443185,-1.184961,7.115821,-0.1963315,-1.101372,79.25,-12.625,32.375,-0.09019084,-82.62004,-172.8992,0.7497388,0.6589026,-0.04028956,-0.0459973
24580,0.5818295,0.02002126,-3.2077,0.2571883,0.06781249,-1.221743,6.981741,-0.5315318,-1.230664,52.125,-8.875,38,-4.490724,-82.33177,-168.1031,0.7508517,0.6572505,-0.03882793,-0.05230571
24592,0.5851171,0.0209187,-3.223822,0.2558076,0.06982822,-1.254384,7.130187,-0.4980117,-1.077429,26.375,-6,41.75,-8.58917,-82.09165,-163.972,0.7515781,0.6562973,-0.03536624,-0.05615574
24604,0.5885687,0.02186025,-3.241029,0.2579141,0.07035445,-1.285783,7.35525,-0.4309717,-0.8667319,7.625,-6.5,43.375,-12.62288,-81.84925,-160.1579,0.7521694,0.6556697,-0.03035761,-0.05845268
24615,0.5918621,0.02276791,-3.25773,0.2592345,0.07144718,-1.314591,7.417501,-0.5554746,-0.9385605,-2.125,-8.75,41.25,-16.00865,-81.55766,-157.1015,0.7529908,0.6548381,-0.02503984,-0.05970806
24627,0.5953913,0.02375612,-3.276103,0.2584024,0.07235354,-1.345268,7.407925,-0.6177261,-1.130104,-13.375,-9.625,37.125,-18.92579,-81.19862,-154.6891,0.7541921,0.6536638,-0.01883508,-0.05969292
24639,0.5988922,0.02470001,-3.2947,0.2586291,0.06973173,-1.373824,7.561159,-0.4070288,-1.125315,-26.5,-9.875,34.625,-21.12114,-80.87469,-153.1731,0.7553894,0.6525954,-0.01222643,-0.05793739
24650,0.6022198,0.02551516,-3.312601,0.2598496,0.06365383,-1.39786,7.814953,-0.1723887,-1.130104,-33.625,-10.75,33.75,-22.72635,-80.59151,-152.3048,0.7565302,0.6515945,-0.005847054,-0.05525018
24661,0.6056439,0.02623826,-3.331072,0.2638192,0.05571314,-1.423163,7.781433,-0.04309717,-0.9433491,-27.875,-13.75,30.875,-23.92299,-80.33326,-151.7773,0.7576129,0.6505798,-0.0002453934,-0.05261749
24673,0.6091919,0.02687716,-3.350697,0.2627395,0.04731232,-1.453274,7.441444,-0.05746289,-1.312069,-15.375,-13.875,26.375,-24.58234,-80.02254,-151.6446,0.7590908,0.6490018,0.004216833,-0.05059684
24684,0.612501,0.02738822,-3.369316,0.2635469,0.0407018,-1.482893,7.326519,-0.1532344,-1.163624,-10.875,-12,24.625,-25.28205,-79.785,-151.3757,0.760112,0.6478871,0.007993823,-0.0490721
24696,0.6159735,0.02786881,-3.388921,0.2685028,0.0371603,-1.515857,7.168496,-0.3974517,-0.8188462,-13.5,-13,23.125,-26.25823,-79.57623,-150.869,0.7608365,0.6470875,0.01220103,-0.04750494
24707,0.6195164,0.0283195,-3.409116,0.2721541,0.0346205,-1.551342,6.967376,-0.483646,-0.9098291,-19.875,-15,19.625,-26.94796,-79.33918,-150.7297,0.761846,0.6459627,0.01668247,-0.04521721
24719,0.623113,0.02871303,-3.429655,0.277709,0.0303856,-1.585875,7.058359,-0.3639317,-0.7996919,-26.25,-16.5,16.875,-27.34503,-79.14462,-150.9603,0.7628095,0.6449094,0.02118863,-0.04200863
24730,0.6267932,0.02901086,-3.450692,0.2827001,0.02287904,-1.615977,7.417501,-0.1484458,-0.933772,-28.875,-17,14.375,-27.3264,-78.97059,-151.646,0.7638941,0.6437173,0.02542309,-0.03804681
24742,0.6305302,0.02915008,-3.472008,0.2873097,0.01070342,-1.638811,7.987342,0.1723887,-1.087006,-15.375,-17.25,10.375,-26.77946,-78.83758,-152.6853,0.7649963,0.6424975,0.02798475,-0.03455831
24753,0.634168,0.02912594,-3.493866,0.2755477,-0.001828641,-1.655661,8.22677,0.1628115,-2.45175,4.875,-16.875,6.25,-25.54697,-78.5215,-154.1561,0.7672791,0.6398407,0.02883666,-0.03248281
24764,0.6377177,0.02896416,-3.515146,0.2791011,-0.01272084,-1.673227,8.322542,0.09098291,-1.302492,17.625,-15.375,4,-24.81275,-78.42253,-154.9466,0.7681718,0.638827,0.02858801,-0.03154263
24776,0.6414371,0.02863487,-3.537287,0.2836833,-0.02511517,-1.688747,8.533239,0.1771773,-1.288126,21.5,-13.375,4.75,-24.13878,-78.35434,-155.6309,0.768863,0.638051,0.02805473,-0.03088256
24787,0.645227,0.02824069,-3.559446,0.2902125,-0.03018451,-1.69685,9.064771,-0.4309717,-1.249818,4.25,-11.25,9.25,-24.29596,-78.26491,-155.7057,0.7692871,0.6375173,0.0297519,-0.02973089
24799,0.6492517,0.02778357,-3.582358,0.2983732,-0.03388869,-1.698532,9.557994,-0.5937832,-1.249818,-23.625,-9.625,11.75,-24.77374,-78.18202,-155.8453,0.7695995,0.6370794,0.03394587,-0.02634718
24810,0.6530092,0.02729201,-3.603411,0.3034623,-0.03969906,-1.7003,9.519686,-0.3926631,-1.446149,-53.375,-6.375,15.375,-25.30901,-78.1119,-156.255,0.7698581,0.6366209,0.03999658,-0.02079893
24822,0.6570475,0.02668728,-3.625645,0.308481,-0.04619489,-1.698416,9.797423,-0.3830859,-1.527555,-79.75,-0.875,18.5,-26.18213,-78.08611,-156.7337,0.7697181,0.6364036,0.0485868,-0.01279928
24833,0.6611699,0.02596911,-3.647784,0.3153159,-0.05493094,-1.693414,10.07516,-0.225063,-1.412629,-86.75,3.125,15.875,-26.94845,-78.15511,-157.4091,0.7690726,0.6365756,0.05730779,-0.003829238
24845,0.6658872,0.02497256,-3.672591,0.3220452,-0.06803278,-1.693531,9.70644,0.06704004,-1.355167,-71.625,5.25,10.5,-27.31429,-78.31035,-158.4349,0.7681017,0.6369897,0.06506929,0.005484677
24858,0.6702304,0.02394245,-3.69519,0.3262611,-0.07738232,-1.697664,9.37124,-0.05746289,-1.426995,-53.875,8.625,6.625,-27.56582,-78.48433,-159.2066,0.7670269,0.637595,0.07061246,0.01249888
24869,0.6745124,0.02290541,-3.717227,0.3302484,-0.07998148,-1.699544,9.490954,-0.5458975,-1.494035,-51.5,13,4.5,-28.13326,-78.67965,-159.597,0.7656367,0.6384807,0.0760964,0.01876844
24881,0.6788387,0.02192057,-3.739284,0.3340958,-0.07605497,-1.703375,9.299411,-1.019966,-1.517978,-71.625,17.375,5.25,-29.2078,-78.88596,-159.7352,0.7638323,0.6394507,0.08352138,0.02621674
24892,0.683199,0.02105468,-3.761474,0.3375889,-0.0670402,-1.71803,8.437468,-1.340801,-1.441361,-111,23.5,8.5,-30.97355,-79.11197,-159.6876,0.7613512,0.6403949,0.09442725,0.03636315
24904,0.6877474,0.02026515,-3.784324,0.346786,-0.06019615,-1.742156,7.834107,-1.206721,-0.8475776,-158.75,30.5,11.375,-33.31913,-79.49592,-159.7162,0.7573605,0.6418139,0.1091116,0.05074112
24915,0.6924327,0.01942142,-3.807243,0.3609622,-0.06500261,-1.765747,8.006496,-0.4357603,-0.2154858,-171.75,30.125,9.25,-35.04654,-80.03557,-160.5124,0.7525378,0.6433658,0.1234869,0.06721844
24927,0.6972304,0.01834417,-3.830474,0.3687419,-0.08279522,-1.785491,8.332119,0.6847661,-0.3830859,-127.75,22.875,-0.375,-34.75161,-80.55659,-162.7681,0.7488059,0.644168,0.1328305,0.08181381
24938,0.7020174,0.01694338,-3.853853,0.3687129,-0.1078938,-1.800753,8.6338,1.474881,-0.7661719,-41.625,16.625,-13.25,-32.35052,-80.99992,-166.0026,0.7469082,0.6449019,0.1342523,0.09058717
24949,0.706818,0.01525263,-3.877364,0.3687899,-0.1298877,-1.806135,9.356874,1.307281,-0.9241948,71.125,11.5,-29.25,-28.60433,-81.36842,-169.0947,0.746789,0.6466271,0.1264585,0.0904873
24961,0.7116577,0.01339993,-3.900837,0.3716267,-0.1422642,-1.80244,10.0177,0.6033604,-1.034332,148.625,7.375,-40,-24.44524,-81.64516,-171.5698,0.7477561,0.6489482,0.1128161,0.08366463
24972,0.7165578,0.01156646,-3.924192,0.3760631,-0.1407115,-1.792397,10.45825,-0.4166059,-1.240241,172.5,6,-42,-20.96524,-81.83766,-173.0411,0.7488896,0.6512137,0.09813721,0.07385258
24984,0.7214799,0.009919921,-3.947079,0.3823566,-0.127906,-1.777864,10.79823,-1.283338,-1.297704,137.875,7.25,-36,-18.82625,-82.00527,-173.639,0.7493241,0.6531104,0.08732802,0.06583294
24995,0.7265835,0.008466259,-3.970155,0.3897401,-0.111009,-1.762248,10.86528,-1.575441,-1.249818,67.25,8.75,-25.5,-17.89882,-82.17708,-173.931,0.748888,0.6545197,0.08271401,0.06268313
25007,0.7317211,0.00717407,-3.992878,0.3954691,-0.09946802,-1.749098,10.69289,-1.134892,-1.235452,10.75,9.625,-17.125,-17.35683,-82.34734,-174.5885,0.7479591,0.6554425,0.08272716,0.06409911
25018,0.7369902,0.005922972,-4.015864,0.3984198,-0.09460096,-1.738108,10.51092,-0.5458975,-1.292915,-14.5,9.875,-13.375,-16.55311,-82.50999,-175.8527,0.7469002,0.6560317,0.08453755,0.0679417
25030,0.7420812,0.004759216,-4.037786,0.4011158,-0.0916921,-1.727172,10.54923,-0.3735088,-1.254606,-11.375,9.25,-13.875,-15.53854,-82.65923,-177.2705,0.7459451,0.6565599,0.08589979,0.07152816
25041,0.7473719,0.003613848,-4.060184,0.4051085,-0.0877004,-1.715075,10.62585,-0.4357603,-1.168412,-4.375,7.125,-14.875,-14.44147,-82.7913,-178.6893,0.7451138,0.6570463,0.08678006,0.07459716
25053,0.7527194,0.002525858,-4.082531,0.4079254,-0.08299568,-1.704699,10.48219,-0.4357603,-1.240241,-3.625,4.25,-14.25,-13.40484,-82.86697,179.9606,0.744574,0.6571977,0.08772817,0.07749052
25064,0.7584332,0.001444469,-4.106224,0.4090891,-0.07742459,-1.696322,10.27628,-0.4166059,-1.350378,-9.5,2.375,-11.5,-12.61652,-82.89621,178.754,0.7441826,0.6569986,0.08950838,0.08082893
25076,0.7636998,0.0005106792,-4.127947,0.4098912,-0.07267411,-1.690646,10.11826,-0.3639317,-1.345589,-16,1.125,-8.125,-12.21812,-82.9034,177.8844,0.7438302,0.6566442,0.09190243,0.08419608
25088,0.7691047,-0.0003991382,-4.150214,0.4099906,-0.06901444,-1.689027,9.797423,-0.2442173,-1.340801,-15.875,-0.125,-6.375,-11.89327,-82.88804,177.0754,0.7435765,0.6561298,0.0944351,0.08757696
25099,0.774386,-0.001259717,-4.172079,0.4088685,-0.06662375,-1.692734,9.380817,-0.1149258,-1.364744,-5.25,-1.375,-6.875,-11.41175,-82.84278,176.2562,0.7436023,0.6555271,0.09601691,0.09011451
25111,0.7799447,-0.00213027,-4.195293,0.4076183,-0.06383759,-1.702345,8.964211,-0.1197144,-1.331224,11.25,-1.875,-8.375,-10.79108,-82.78267,175.5056,0.7438753,0.6549962,0.09629987,0.09141113
25123,0.785382,-0.002923672,-4.218155,0.407657,-0.05948428,-1.71404,8.801399,-0.2537944,-1.259395,21.25,-2.625,-9.375,-10.29308,-82.72355,175.0164,0.7442425,0.6545976,0.09587698,0.09172039
25134,0.7906973,-0.003640281,-4.240619,0.4080172,-0.05500953,-1.724416,8.882805,-0.2681602,-1.259395,22.125,-3.375,-8.625,-9.92413,-82.66019,174.6671,0.7446359,0.654187,0.09548852,0.09186263
25146,0.795979,-0.004292557,-4.263117,0.4071286,-0.05027955,-1.734185,8.911537,-0.258583,-1.374321,17.5,-3.375,-6.125,-9.821738,-82.58336,174.5224,0.7450473,0.6536458,0.09566349,0.09219684
25157,0.8012193,-0.004879503,-4.285615,0.4061696,-0.0454926,-1.743806,8.916326,-0.2633716,-1.393475,10,-2.625,-2.875,-10.0476,-82.51979,174.6068,0.7452925,0.6531171,0.09666243,0.09291646
25169,0.8066341,-0.005464,-4.309017,0.4055063,-0.0437727,-1.752508,9.016886,-0.03352002,-1.326435,5.25,-2.625,-0.25,-10.23975,-82.46881,174.5844,0.7454039,0.6526076,0.09805039,0.09414149
25180,0.8118034,-0.006060065,-4.331456,0.405344,-0.04673922,-1.759493,9.131811,0.3112573,-1.216298,18.625,-4.625,0.25,-10.06529,-82.41136,174.3713,0.745708,0.6521922,0.09813973,0.09451734
25192,0.8170896,-0.006730532,-4.354437,0.4061887,-0.05151891,-1.765885,9.198852,0.4261831,-1.130104,53.125,-8.125,-2.625,-9.503727,-82.31847,174.2202,0.7465929,0.6519127,0.09535825,0.09228034
25203,0.8224515,-0.007465466,-4.37779,0.4069807,-0.05578246,-1.772539,9.179697,0.3878745,-1.173201,91,-12,-6.75,-8.636314,-82.16379,174.2711,0.7482198,0.6516165,0.08943035,0.08697884
25215,0.8276873,-0.008178288,-4.400634,0.4078668,-0.0555287,-1.779577,9.127023,0.04309717,-1.273761,115.25,-14.5,-9.375,-7.984395,-81.97077,174.8312,0.7502204,0.6512398,0.08200351,0.07957101
25226,0.8330012,-0.008840266,-4.423782,0.4103716,-0.05112191,-1.787583,9.064771,-0.3160459,-1.240241,121.625,-15.875,-10.25,-7.644719,-81.7723,175.8016,0.7522251,0.650818,0.07428736,0.07123663
25238,0.8385442,-0.009470982,-4.447852,0.4135675,-0.04705784,-1.795845,9.06956,-0.3064688,-1.216298,117.5,-17.5,-9.5,-7.319302,-81.55614,176.7763,0.7542294,0.6501814,0.0666495,0.06292915
25249,0.8437371,-0.0100447,-4.470403,0.4150591,-0.0458568,-1.802535,9.131811,-0.09577148,-1.340801,119,-18.75,-8.5,-6.854892,-81.32599,177.5413,0.7561886,0.6493203,0.05929453,0.05519265
25260,0.849175,-0.01065271,-4.494054,0.4155842,-0.04646655,-1.807486,9.270679,0.03830859,-1.460515,130.375,-19.125,-7.5,-6.291437,-81.07156,178.4101,0.7582876,0.648302,0.05070454,0.0461894
25272,0.8547248,-0.01126301,-4.51807,0.4177866,-0.04594215,-1.807846,9.629823,-0.09098291,-1.441361,141,-19.125,-6.5,-5.895447,-80.83385,179.6102,0.7602216,0.6473502,0.04135447,0.0359273
25283,0.8603166,-0.01181564,-4.542006,0.4216067,-0.0416676,-1.804725,9.897983,-0.4261831,-1.422207,140.125,-19.75,-4,-5.958598,-80.60464,-178.7432,0.7619343,0.6463422,0.03255141,0.02526333
25295,0.8655916,-0.01225269,-4.564305,0.4258886,-0.03528563,-1.800366,10.01291,-0.6704004,-1.422207,125.375,-20.125,-0.25,-6.419484,-80.39086,-176.9869,0.7633357,0.6452861,0.02581237,0.01607313
25306,0.8712366,-0.01263012,-4.587833,0.4307842,-0.02880258,-1.795473,10.03206,-0.7039204,-1.422207,106,-20.25,3.875,-7.156572,-80.16291,-175.1371,0.7646559,0.6440676,0.02044782,0.007752753
25318,0.8769036,-0.01294353,-4.611149,0.4357203,-0.02409752,-1.792662,9.874041,-0.6177261,-1.412629,89.625,-20.5,6.625,-7.92496,-79.93151,-173.481,0.7658836,0.6427684,0.01644275,0.0008417639
25330,0.8834028,-0.01325313,-4.637521,0.4416384,-0.02103823,-1.792065,9.701652,-0.5123774,-1.388687,79.875,-20.125,8.625,-8.763467,-79.676,-171.7855,0.7671535,0.6413084,0.01276544,-0.006017466
25342,0.8894284,-0.01351771,-4.661742,0.4461128,-0.0195885,-1.793199,9.562783,-0.4549146,-1.465304,73,-19,10.625,-9.539925,-79.44209,-170.3188,0.7682514,0.6399628,0.00999354,-0.01172913
25354,0.8951817,-0.01374493,-4.684764,0.4488801,-0.01772798,-1.796271,9.380817,-0.5363203,-1.575441,61.375,-16.375,13.5,-10.47541,-79.22623,-168.8804,0.7691812,0.6387643,0.008478899,-0.01639352
25365,0.9010165,-0.01394745,-4.708042,0.4516476,-0.01567584,-1.801794,9.189274,-0.5937832,-1.561075,43.5,-12.75,17.5,-11.70741,-79.04025,-167.3774,0.7698627,0.6378428,0.008608136,-0.01985116
25377,0.9070626,-0.01414213,-4.73208,0.4553804,-0.01466291,-1.810532,8.973788,-0.5506861,-1.465304,23.875,-8.875,21.375,-13.20156,-78.89671,-165.8718,0.7702382,0.6372958,0.01046985,-0.02185164
25388,0.9129373,-0.01432815,-4.755337,0.4600054,-0.01456624,-1.821066,8.825342,-0.517166,-1.359955,14,-6.125,22.25,-14.66836,-78.80053,-164.5226,0.7703395,0.6370902,0.01297443,-0.02291131
25399,0.9189802,-0.01452618,-4.779089,0.4659794,-0.01527015,-1.831644,8.854074,-0.4932232,-1.264184,13.625,-4.5,19.875,-15.98307,-78.7448,-163.3302,0.7702307,0.6371415,0.01527495,-0.02370977
25411,0.9251136,-0.01478057,-4.802936,0.4731086,-0.0196231,-1.839413,9.098291,-0.2490059,-1.216298,24.625,-4.25,15.25,-16.78895,-78.73159,-162.5022,0.7700148,0.6373398,0.01611009,-0.02481602
25422,0.9313673,-0.01512988,-4.826944,0.4803145,-0.02682852,-1.84396,9.356874,-0.06225147,-1.259395,48.5,-5,9.875,-17.07087,-78.73672,-161.8834,0.7698088,0.6375203,0.0145529,-0.02739549
25434,0.9376899,-0.01555586,-4.850967,0.4862446,-0.03276025,-1.84755,9.40476,-0.1819658,-1.364744,67.625,-5.5,6.125,-17.15435,-78.7301,-161.209,0.769661,0.6375751,0.01137348,-0.03147424
25445,0.9440724,-0.0160368,-4.875054,0.4904709,-0.0369584,-1.850965,9.385606,-0.3399888,-1.489247,73.5,-4.5,4.75,-17.24076,-78.71494,-160.4518,0.7695097,0.6375662,0.00777036,-0.03610727
25457,0.9505236,-0.01656081,-4.899303,0.4933995,-0.0400774,-1.854652,9.342508,-0.450126,-1.575441,66.375,-2.25,5.875,-17.48703,-78.703,-159.6262,0.7692832,0.6376171,0.004853689,-0.04030382
25468,0.9568871,-0.01710208,-4.923229,0.4946752,-0.04207633,-1.859919,9.189274,-0.5554746,-1.661635,51.875,1,8,-17.96555,-78.69784,-158.7674,0.7689794,0.6377892,0.003297006,-0.04341525
25480,0.9633418,-0.01766925,-4.947639,0.4937794,-0.04338836,-1.867373,8.997731,-0.6320918,-1.78135,30.875,6,10.5,-18.72837,-78.71184,-157.8981,0.768549,0.6381987,0.003544577,-0.0449715
25491,0.9697513,-0.01825282,-4.972034,0.4924276,-0.04483433,-1.87424,9.036039,-0.6464576,-1.805292,12.125,11.125,12.125,-19.70381,-78.77368,-157.0654,0.7678668,0.6390061,0.005307034,-0.04498349
25503,0.9762809,-0.01888041,-4.996884,0.4935475,-0.04743752,-1.878275,9.299411,-0.584206,-1.632904,-4.5,15.5,13.5,-20.90339,-78.91553,-156.2349,0.7667508,0.6404129,0.008377282,-0.04352588
25514,0.9825724,-0.01953255,-5.020671,0,0,0,9.486166,-0.4692803,-1.412629,-12.625,16.625,14.125,-22.11393,-79.09628,-155.4818,0.7654486,0.6420577,0.01182276,-0.04135882
25525,0.9826389,-0.01961955,-5.020712,0,0,0,9.447857,-0.2873144,-1.283338,-7.125,15,12.25,-23.12407,-79.29649,-154.8728,0.764108,0.6437257,0.01465094,-0.03926332
25537,0.9827017,-0.01972363,-5.020778,0,0,0,9.318565,-0.1723887,-1.245029,10.5,13,8.375,-23.75476,-79.49734,-154.4071,0.7628574,0.6452393,0.01572211,-0.0383111
25549,0.9827654,-0.01981832,-5.020879,0,0,0,9.17012,-0.292103,-1.221087,63.125,10.375,3.375,-24.11026,-79.69378,-153.4847,0.7615066,0.6466809,0.01237487,-0.04193431
25561,0.9828179,-0.01985625,-5.020976,0,0,0,9.093503,-0.5458975,-1.182778,41.5,8.25,-0.125,-24.3518,-79.85121,-152.9896,0.7605108,0.647781,0.01076404,-0.04344339
25572,0.9828736,-0.01987528,-5.021084,0,0,0,9.050406,-0.6560347,-1.139681,43.875,6.125,-3.75,-24.38864,-80.00137,-152.6565,0.7596295,0.6487356,0.008720792,-0.04504524
25583,0.9829299,-0.0199215,-5.021196,0,0,0,9.016886,-0.4692803,-1.106161,51.375,3.125,-7.5,-23.92694,-80.15015,-152.7282,0.7589426,0.6494495,0.0056683,-0.04679053
25595,0.9829919,-0.02000261,-5.02131,0,0,0,9.083925,-0.2873144,-1.115738,70.75,-0.625,-12.125,-22.80234,-80.29951,-153.1749,0.7584078,0.6498735,0.0003616993,-0.04981974
25606,0.9830268,-0.02005148,-5.02138,0,0,0,9.218005,-0.4070288,-1.235452,87.125,-3.875,-15.25,-21.50638,-80.39037,-153.6446,0.758128,0.6498542,-0.005782815,-0.05383303
25618,0.9830371,-0.02008103,-5.021448,0,0,0,9.246737,-0.5554746,-1.398264,90.875,-5.625,-15.875,-20.08913,-80.43224,-154.1366,0.7580417,0.6494565,-0.01247252,-0.05851106
25629,0.983026,-0.0200907,-5.021543,0,0,0,9.055194,-0.6608232,-1.489247,81.625,-5.5,-14,-18.87836,-80.43642,-154.5508,0.7580771,0.6488978,-0.01814635,-0.06262118
25641,0.9830049,-0.02008854,-5.021672,0,0,0,8.873228,-0.7182862,-1.513189,65.625,-4.125,-11,-17.95872,-80.4257,-154.8728,0.7581505,0.6483732,-0.02238213,-0.06571963
25652,0.9829994,-0.02009196,-5.021801,0,0,0,8.83492,-0.6656118,-1.426995,48.125,-2.75,-7.5,-17.35789,-80.42687,-155.1249,0.7581668,0.6480834,-0.02493432,-0.0674484
25664,0.9830012,-0.02010308,-5.021958,0,0,0,8.705628,-0.5985718,-1.369532,39,-2,-6.125,-16.83769,-80.4384,-155.4107,0.7581585,0.6479117,-0.02678541,-0.06847387
25675,0.9830053,-0.02012235,-5.022144,0,0,0,8.538028,-0.5267432,-1.336012,36.25,-1.125,-6.25,-16.29122,-80.46549,-155.7601,0.7580945,0.6478375,-0.028485,-0.06919503
25687,0.9830189,-0.02016431,-5.022353,0,0,0,8.470988,-0.3782974,-1.288126,38.5,-0.625,-6.5,-15.61263,-80.5155,-156.2088,0.7579289,0.6478553,-0.03054397,-0.06996022
25698,0.9830284,-0.02020809,-5.022547,0,0,0,8.485353,-0.3447773,-1.312069,46.5,-0.375,-7.25,-14.87198,-80.56764,-156.6228,0.7577019,0.6478432,-0.03320948,-0.07130424
25709,0.9830235,-0.02023288,-5.022738,0,0,0,8.490142,-0.4644917,-1.379109,51.875,0.875,-7.625,-14.23377,-80.61636,-156.8635,0.7574019,0.6478211,-0.03616704,-0.07322641
25721,0.9830089,-0.0202353,-5.022932,0,0,0,8.485353,-0.6033604,-1.407841,46.25,2.875,-6.375,-13.86884,-80.66759,-156.9006,0.7570343,0.6479215,-0.03847117,-0.07494616
25732,0.9829968,-0.02022596,-5.023131,0,0,0,8.480565,-0.6656118,-1.369532,33,4.625,-4.375,-13.78188,-80.73054,-156.8323,0.7566238,0.6482398,-0.03955702,-0.07576877
25744,0.9829879,-0.02022658,-5.023327,0,0,0,8.432679,-0.5985718,-1.345589,23.625,6.25,-3.375,-13.76517,-80.81059,-156.8206,0.7561828,0.6487314,-0.03989287,-0.07578785
25755,0.9829786,-0.02022777,-5.023533,0,0,0,8.427891,-0.5889946,-1.331224,17.5,7.875,-3.125,-13.81569,-80.91154,-156.8219,0.755662,0.6494033,-0.03975319,-0.07530041
25767,0.9829776,-0.02022235,-5.023714,0,0,0,8.619433,-0.6225147,-1.288126,11.75,8.75,-3.375,-13.92908,-81.03349,-156.8368,0.7550583,0.6502529,-0.03916439,-0.07432567
25778,0.9829857,-0.02022301,-5.023835,0,0,0,8.892383,-0.584206,-1.259395,7.375,8.5,-4,-13.95635,-81.16053,-156.9866,0.754483,0.6511232,-0.03838692,-0.07294026
25790,0.9829904,-0.02023362,-5.023934,0,0,0,9.079137,-0.5267432,-1.302492,5.875,7.75,-4.75,-13.82643,-81.28564,-157.3196,0.7539782,0.6519409,-0.03759618,-0.07124978
25801,0.9829878,-0.02023906,-5.024028,0,0,0,9.117445,-0.5506861,-1.331224,3.375,7.75,-4.875,-13.69822,-81.40506,-157.6871,0.7535188,0.6527354,-0.03658035,-0.0693377
25813,0.9829909,-0.02024679,-5.024134,0,0,0,9.098291,-0.517166,-1.283338,0.25,7.875,-4.75,-13.56912,-81.53478,-158.1056,0.7530274,0.6536086,-0.03529292,-0.06708229
25825,0.9830036,-0.02026086,-5.024221,0,0,0,9.146177,-0.450126,-1.221087,0.75,7.125,-5.125,-13.35207,-81.66045,-158.5885,0.7525587,0.6544245,-0.03419951,-0.06491861
25837,0.9830236,-0.02028548,-5.024294,0,0,0,9.275469,-0.3782974,-1.197144,6.625,5.375,-6.375,-12.89506,-81.78229,-159.2416,0.7521258,0.6551331,-0.03369274,-0.0630259
25848,0.983039,-0.02031652,-5.024347,0,0,0,9.347297,-0.3064688,-1.221087,15.875,3.375,-7.875,-12.19516,-81.87839,-160.0085,0.7518113,0.6555882,-0.03407059,-0.06183188
25860,0.9830518,-0.02034272,-5.024414,0,0,0,9.347297,-0.3495659,-1.240241,27,1.25,-9.75,-11.2049,-81.9567,-160.9125,0.7515668,0.655828,-0.03552576,-0.06144096
25872,0.9830568,-0.02034687,-5.024463,0,0,0,9.380817,-0.4405488,-1.264184,33.625,-0.875,-11,-10.21427,-81.99634,-161.7338,0.7514735,0.6558107,-0.0373851,-0.06166304
25883,0.9830489,-0.02034537,-5.024498,0,0,0,9.443069,-0.4692803,-1.350378,35.875,-2.25,-11.375,-9.197647,-82.00441,-162.5568,0.7515327,0.655589,-0.03935502,-0.0620713
25894,0.9830337,-0.02033672,-5.024518,0,0,0,9.524474,-0.5028003,-1.403052,36.125,-3.125,-11.375,-8.173349,-81.99224,-163.3793,0.7516873,0.6552433,-0.04135165,-0.06255094
25906,0.9830181,-0.02030974,-5.024523,0,0,0,9.615458,-0.6033604,-1.412629,32.25,-4,-10.625,-7.326118,-81.96159,-164.0756,0.751928,0.6548381,-0.04288991,-0.06286421
25917,0.9830022,-0.0202608,-5.024511,0,0,0,9.711228,-0.7134976,-1.417418,22.25,-4.875,-9.125,-6.709352,-81.91048,-164.6694,0.7523069,0.6543937,-0.04348215,-0.06254996
25929,0.9829893,-0.02022698,-5.024505,0,0,0,9.682497,-0.6177261,-1.426995,13,-5.75,-7.875,-6.117129,-81.84717,-165.3605,0.7528119,0.6539245,-0.04335225,-0.06146282
25940,0,0,0,0,0,0,9.553205,-0.4549146,-1.460515,11.25,-6.375,-7.125,-5.42801,-81.77186,-166.1738,0.7534069,0.653376,-0.04315891,-0.06012655
25952,0,0,0,0,0,0,9.462223,-0.3830859,-1.450938,19,-6.25,-7.875,-4.583367,-81.69778,-167.0433,0.7539569,0.6527827,-0.04368375,-0.0592922
25964,0,0,0,0,0,0,9.423914,-0.4166059,-1.383898,28.125,-6.375,-9,-3.774982,-81.6384,-167.7538,0.7543472,0.6522508,-0.04490258,-0.05927053
25975,0,0,0,0,0,0,9.414337,-0.5602632,-1.345589,32.5,-6.75,-9.75,-3.082727,-81.57762,-168.2888,0.7546923,0.6517068,-0.04636462,-0.05973456
25987,0,0,0,0,0,0,9.433492,-0.641669,-1.369532,28.875,-6.5,-9.5,-2.507611,-81.51348,-168.7513,0.7550611,0.6511748,-0.0474728,-0.06000426
25998,-8.568779E-07,4.288075E-05,-3.287147E-05,-6.772132E-05,0.003388979,-0.002597919,9.433492,-0.5937832,-1.393475,22,-5.625,-8.125,-2.053853,-81.4585,-169.1862,0.75541,0.650758,-0.04795157,-0.05975274
26011,3.571748E-06,0.0001351315,-0.0001250188,0.0003131985,0.006524095,-0.006516783,9.366451,-0.5315318,-1.369532,15.625,-5.125,-6.625,-1.652281,-81.40536,-169.659,0.7557881,0.6503977,-0.0478778,-0.05894851
26022,1.173473E-05,0.0002639379,-0.0002771337,0.0006245107,0.009854366,-0.01163759,9.251526,-0.5554746,-1.359955,9.5,-4.375,-4.875,-1.489531,-81.36082,-169.969,0.7561306,0.6501501,-0.04716285,-0.05785371
26034,3.010399E-05,0.0004553094,-0.0005303793,0.00129864,0.01352927,-0.01790354,9.20364,-0.5506861,-1.336012,2,-3.25,-3.125,-1.505836,-81.32807,-170.22,0.7564472,0.6500443,-0.04561015,-0.05612353
26047,7.98922E-05,0.0006730321,-0.0008471346,0.003560624,0.01557053,-0.02265288,9.323354,-0.4166059,-1.259395,1.375,-2.75,-2.875,-1.423471,-81.32259,-170.5772,0.7566184,0.6501079,-0.0441242,-0.05423582
26058,0.0001678027,0.0008764996,-0.00118396,0.006856755,0.01586986,-0.02627141,9.395183,-0.2729487,-1.192355,10,-3.125,-4,-1.123177,-81.33032,-171.0192,0.7566661,0.6501879,-0.04360387,-0.05301689
26070,0.0002967594,0.001083645,-0.001584512,0.009985037,0.0160391,-0.03101442,9.308989,-0.2537944,-1.197144,19.25,-3.625,-4.375,-0.7737264,-81.33002,-171.3916,0.7567063,0.6501668,-0.04379807,-0.05254047
26081,0.0004604762,0.001306823,-0.002056684,0.01267746,0.01728193,-0.03656279,9.241948,-0.3352002,-1.211509,23.625,-3.75,-3.75,-0.5674103,-81.32108,-171.564,0.7567564,0.6500797,-0.04417801,-0.05257687
26093,0.0006653792,0.001560282,-0.002604046,0.01545854,0.01912177,-0.04129476,9.313777,-0.3782974,-1.216298,23.125,-3.375,-2.5,-0.5169642,-81.31448,-171.5869,0.7567853,0.6500215,-0.04437741,-0.0527143
26104,0.0009010001,0.001827949,-0.003180409,0.01833483,0.02082846,-0.04484966,9.395183,-0.3735088,-1.216298,21.625,-3.375,-1.375,-0.5568373,-81.30787,-171.5409,0.7568169,0.6499785,-0.04437205,-0.05279541
26115,0.001173012,0.002122427,-0.003809621,0.02097399,0.02270633,-0.04851666,9.385606,-0.3926631,-1.235452,19.625,-3.5,0.25,-0.7486099,-81.29299,-171.3701,0.7568962,0.6499032,-0.04406592,-0.0528421
26127,0.001478696,0.002443618,-0.004494898,0.02349606,0.02468798,-0.05267309,9.347297,-0.4070288,-1.240241,18.375,-3.375,1.125,-1.026495,-81.27649,-171.1304,0.756986,0.6498301,-0.04358096,-0.052858
26138,0.001823772,0.002782313,-0.005238364,0.02652797,0.02603741,-0.05715452,9.328143,-0.3591431,-1.206721,19.25,-3.875,1.5,-1.279468,-81.25889,-170.905,0.757077,0.6497456,-0.04317775,-0.05292157
26150,0.002212149,0.003140637,-0.006046009,0.02983844,0.02752951,-0.06205017,9.299411,-0.3735088,-1.182778,21.375,-4.75,1.625,-1.543408,-81.23283,-170.6408,0.757201,0.6495969,-0.04291604,-0.05318486
26161,0.002641121,0.003526002,-0.006924603,0.03284881,0.02950959,-0.06727882,9.270679,-0.4213945,-1.201932,22.75,-5.25,1.625,-1.838614,-81.19592,-170.3268,0.7573736,0.6493737,-0.04272155,-0.05360785
26173,0.00310187,0.003927676,-0.007849977,0.03580854,0.03121735,-0.07191842,9.308989,-0.4118174,-1.216298,23.75,-5.625,1.5,-2.090427,-81.15467,-170.0436,0.7575674,0.6491145,-0.04263412,-0.05407781
26184,0.003614516,0.004357541,-0.008838693,0.03919914,0.03286932,-0.07560138,9.390394,-0.4118174,-1.206721,25.625,-6.375,1.375,-2.314963,-81.10744,-169.7624,0.7577838,0.6488052,-0.04270915,-0.05469483
26196,0.004166562,0.004805929,-0.009867642,0.04240308,0.03444103,-0.07903446,9.40476,-0.4166059,-1.230664,26.5,-6.875,1.25,-2.510763,-81.0519,-169.4986,0.7580431,0.6484347,-0.04286713,-0.05536716
26207,0.004758439,0.00526874,-0.01097341,0.04477477,0.03501111,-0.0836498,9.308989,-0.3543545,-1.302492,26.875,-6.5,1.875,-2.683567,-80.98875,-169.2536,0.7583446,0.6480101,-0.04306338,-0.05605401
26218,0.005347677,0.00571226,-0.01210074,0.04656169,0.03504699,-0.08908205,9.222795,-0.3256231,-1.340801,27.75,-5.625,2.5,-2.869085,-80.93226,-168.989,0.758602,0.6476292,-0.04328789,-0.05679578
26230,0.00599103,0.006186707,-0.01335356,0.04873515,0.03594024,-0.0949029,9.213217,-0.3974517,-1.312069,28.625,-4.875,2.875,-3.172714,-80.8854,-168.591,0.7587809,0.6473216,-0.04348927,-0.05774951
26241,0.00665716,0.006674706,-0.01465614,0.05129213,0.03757592,-0.1002989,9.241948,-0.4644917,-1.278549,25.375,-4,3.625,-3.603794,-80.85305,-168.1093,0.7588812,0.6471449,-0.04332779,-0.05852893
26253,0.007415836,0.007211436,-0.01613945,0.05450256,0.03855816,-0.1065599,9.213217,-0.4166059,-1.249818,20.5,-3.625,4.5,-4.088473,-80.82701,-167.64,0.7589684,0.6470457,-0.04274471,-0.0589213
26265,0.008159637,0.007721179,-0.01760165,0.05748084,0.03939287,-0.1129981,9.165331,-0.4213945,-1.245029,19.125,-3.5,5,-4.572732,-80.8026,-167.1884,0.7590514,0.6469676,-0.04206401,-0.05919951
26277,0.008953959,0.008252209,-0.01918134,0.0603175,0.04032427,-0.1199557,9.131811,-0.4405488,-1.254606,19.375,-3.125,4.625,-5.04538,-80.78077,-166.7453,0.7591161,0.6469073,-0.04141309,-0.05948652
26288,0.009759283,0.008785654,-0.02081585,0.0626224,0.04148095,-0.1271003,9.098291,-0.4740689,-1.283338,19.25,-2.5,3.75,-5.463151,-80.76352,-166.357,0.7591605,0.6468718,-0.04081956,-0.05971713
26300,0.01063089,0.009370712,-0.02262588,0.064387,0.04321918,-0.13371,9.155754,-0.5315318,-1.336012,17.5,-1.625,3,-5.890593,-80.74992,-165.9833,0.7591921,0.6468736,-0.04008295,-0.05979408
26311,0.01145898,0.009914823,-0.02433554,0.06665263,0.04379518,-0.1376087,9.33772,-0.4549146,-1.321646,18.25,-1,1.875,-6.131781,-80.75745,-165.7821,0.7591289,0.6469791,-0.03962921,-0.0597573
26322,0.01236826,0.010485,-0.02616875,0.06945289,0.04355188,-0.1400256,9.4718,-0.3926631,-1.316858,25.5,-1.25,-0.125,-6.159464,-80.77461,-165.7004,0.7590004,0.6470777,-0.03992656,-0.0601242
26334,0.01329889,0.01105048,-0.02801991,0.07164785,0.0435352,-0.1425177,9.457435,-0.4166059,-1.355167,31.875,-1.625,-1.5,-6.082673,-80.78393,-165.6391,0.7588891,0.6470766,-0.0407916,-0.06095371
26345,0.01427384,0.01163273,-0.02996086,0.07361414,0.04396304,-0.1465527,9.342508,-0.450126,-1.350378,33.5,-1.375,-1.75,-6.022013,-80.79397,-165.5369,0.7587568,0.6470727,-0.04178192,-0.06196273
26357,0.01523429,0.01222102,-0.03190514,0.07522947,0.04607914,-0.1522902,9.194062,-0.584206,-1.326435,29,-0.875,-1.375,-6.133266,-80.80318,-165.3248,0.7586309,0.6471159,-0.04225323,-0.06272853
26368,0.0162336,0.01285636,-0.03397218,0.07693515,0.04891338,-0.1591375,9.117445,-0.6368804,-1.297704,21.375,-0.125,-1,-6.346421,-80.82088,-165.1081,0.7584925,0.6472685,-0.04208702,-0.06294055
26380,0.01725837,0.01350632,-0.0361153,0.07892553,0.05005845,-0.1650586,9.194062,-0.5075889,-1.302492,16.875,0.125,-1.125,-6.422889,-80.8479,-165.0881,0.758359,0.64748,-0.04172564,-0.06261115
26391,0.01830943,0.0141535,-0.03830853,0.08099376,0.04987196,-0.1690089,9.347297,-0.4070288,-1.331224,20.875,-0.125,-2.25,-6.300038,-80.87822,-165.2156,0.7582156,0.6476575,-0.04185317,-0.06242817
26403,0.01938855,0.01480003,-0.04054154,0.08274835,0.04957661,-0.17123,9.476588,-0.4022402,-1.374321,29.25,-0.625,-3.875,-6.023188,-80.90363,-165.3864,0.7580656,0.6477352,-0.04274884,-0.06283589
26414,0.02047984,0.01545194,-0.04278605,0.0839456,0.05014674,-0.1726547,9.529263,-0.4740689,-1.412629,33.5,-0.75,-4,-5.795667,-80.91976,-165.452,0.7579257,0.6477402,-0.04390143,-0.06367105
26425,0.02156877,0.01612056,-0.04503213,0.08428857,0.05175498,-0.1738586,9.534052,-0.5650518,-1.465304,30.5,-0.5,-3.125,-5.717041,-80.9247,-165.4084,0.7578439,0.6477113,-0.044673,-0.0643983
26437,0.0226855,0.01682369,-0.04735425,0.08417374,0.05299788,-0.1750298,9.534052,-0.5411089,-1.503612,24.375,0.375,-1.875,-5.72307,-80.93176,-165.3601,0.7577794,0.6477424,-0.04491406,-0.06467609
26448,0.0237587,0.0174972,-0.04960481,0.08426473,0.05288287,-0.1767082,9.495743,-0.4357603,-1.494035,21.5,1.5,-0.5,-5.764324,-80.95228,-165.3178,0.7576575,0.6478831,-0.04490388,-0.06470145
26460,0.02486303,0.01818078,-0.05195377,0.08453213,0.05232504,-0.1798043,9.395183,-0.3974517,-1.465304,22.125,2,0.25,-5.847754,-80.9798,-165.2263,0.757485,0.6480747,-0.04490083,-0.06480522
26471,0.02599152,0.01885879,-0.05439058,0.08517617,0.05117488,-0.1839238,9.328143,-0.3495659,-1.426995,23.75,2.375,1.375,-5.993941,-81.01417,-165.0522,0.7572527,0.6483133,-0.04495902,-0.06509249
26483,0.02707971,0.01950383,-0.0567691,0.08610457,0.05103965,-0.1882039,9.3042,-0.4261831,-1.379109,24.375,2.5,2.125,-6.275898,-81.04833,-164.7354,0.7569922,0.6485731,-0.04492862,-0.06555234
26494,0.02822313,0.02018646,-0.05929556,0.08743022,0.0521964,-0.1931841,9.265891,-0.5267432,-1.321646,23.125,2.25,2.125,-6.670734,-81.08298,-164.3195,0.7567152,0.648863,-0.044717,-0.06602459
26506,0.02941652,0.02087821,-0.06195036,0.08960059,0.05193751,-0.1993247,9.198852,-0.4118174,-1.259395,24.625,1.125,1.375,-6.879362,-81.11845,-164.0698,0.7564552,0.649117,-0.04479816,-0.06645071
26517,0.03067213,0.02156815,-0.06478397,0.09156378,0.05031274,-0.2066363,9.127023,-0.3160459,-1.278549,31.375,0.375,0.5,-6.889807,-81.147,-163.9247,0.7562166,0.6492511,-0.04558718,-0.06731568
26529,0.03186277,0.02221951,-0.06754183,0.09219766,0.05043825,-0.2135558,9.107868,-0.4644917,-1.345589,33,0.5,1,-7.067468,-81.15549,-163.5982,0.756047,0.649281,-0.04627549,-0.06845297
26541,0.0331027,0.02291337,-0.07047471,0.09271871,0.05188544,-0.2193133,9.208428,-0.5794175,-1.350378,25.75,1,2.625,-7.505439,-81.1606,-163.1036,0.7558985,0.6493775,-0.04619552,-0.06922799
26552,0.03429298,0.02357746,-0.07331956,0.09356807,0.05220432,-0.2236346,9.3042,-0.5075889,-1.345589,17.625,1.5,4.625,-8.012234,-81.16958,-162.6493,0.7557765,0.6495607,-0.04543994,-0.06934064
26564,0.03556567,0.02427834,-0.07640094,0.09416911,0.0518592,-0.2279969,9.318565,-0.4740689,-1.374321,13.875,1.5,6.125,-8.622063,-81.16967,-162.148,0.7557117,0.6497337,-0.0442598,-0.06918894
26575,0.0367684,0.02493084,-0.07935622,0.09452368,0.05128099,-0.2322605,9.3042,-0.4692803,-1.388687,10.875,1.75,7.5,-9.289196,-81.16435,-161.6229,0.7556781,0.6499018,-0.04283013,-0.06887614
26587,0.03799061,0.02557003,-0.08238776,0.09551586,0.04995229,-0.2369131,9.285046,-0.4166059,-1.340801,9.375,1.875,9,-10.0332,-81.16269,-161.043,0.7556124,0.6501243,-0.04121109,-0.06848258
26598,0.03924538,0.02619824,-0.08551995,0.09705023,0.04858903,-0.242261,9.241948,-0.4213945,-1.288126,10.375,1.75,9.375,-10.81833,-81.16327,-160.4109,0.7555093,0.6503733,-0.03962193,-0.06819408
26610,0.04055555,0.02682479,-0.08882099,0.098561,0.04713413,-0.248329,9.198852,-0.4309717,-1.283338,13.625,1,8.75,-11.54667,-81.15514,-159.7959,0.7554354,0.6505454,-0.0382974,-0.06812737
26621,0.04183115,0.02740499,-0.09206311,0.1000475,0.04550574,-0.2542832,9.189274,-0.4261831,-1.278549,19.375,0.375,8.125,-12.15887,-81.1425,-159.2185,0.7553623,0.6506388,-0.03751775,-0.06847895
26632,0.04314852,0.0279797,-0.09543325,0.1015858,0.04431726,-0.2598818,9.222795,-0.4788574,-1.273761,24.5,-0.375,7.375,-12.73536,-81.12196,-158.6095,0.7552953,0.6506561,-0.0371384,-0.06925551
26644,0.04448411,0.02855076,-0.09885583,0.1030869,0.04407685,-0.2641695,9.318565,-0.5746289,-1.278549,23.625,-1,7.5,-13.37102,-81.0889,-157.9517,0.7552786,0.6506208,-0.03662162,-0.0700416
26655,0.04584586,0.02911706,-0.1023404,0.1044682,0.04344505,-0.2673233,9.40476,-0.5698403,-1.307281,19.125,-1.875,8.625,-14.03188,-81.0374,-157.3283,0.7553812,0.6505036,-0.03570474,-0.07049488
26667,0.04721454,0.02966053,-0.105859,0.1053566,0.0418345,-0.2708498,9.37124,-0.517166,-1.355167,16.125,-2.125,10,-14.69745,-80.972,-156.7413,0.7555731,0.6503211,-0.03451765,-0.07071377
26678,0.04859465,0.03018804,-0.1094512,0.1058934,0.04047438,-0.2756251,9.270679,-0.5554746,-1.369532,12.25,-1.875,11.625,-15.50049,-80.89461,-156.0691,0.7558061,0.6501319,-0.03287599,-0.07074554
26690,0.04998933,0.0306945,-0.1131311,0.1068231,0.03879135,-0.2818534,9.165331,-0.5411089,-1.331224,6,-1.375,13.125,-16.40658,-80.81927,-155.3774,0.7560295,0.650026,-0.03066052,-0.07032441
26701,0.05138635,0.03116783,-0.1168488,0.1085233,0.03676922,-0.2887996,9.112657,-0.5219546,-1.268972,2,-1.375,14.25,-17.36031,-80.74811,-154.6878,0.7562268,0.6499873,-0.02812012,-0.06961864
26712,0.05283957,0.03161847,-0.1207126,0.1113061,0.03451606,-0.2959369,9.117445,-0.517166,-1.192355,1.25,-2,14.625,-18.33138,-80.67799,-153.9944,0.7564005,0.6499764,-0.0254821,-0.06884478
26724,0.05433496,0.03202564,-0.1246575,0.1146687,0.03122211,-0.3024977,9.17012,-0.4549146,-1.168412,4.125,-3.125,14.125,-19.15169,-80.6069,-153.4137,0.7565959,0.6499038,-0.02319033,-0.06819085
26735,0.05589971,0.03237181,-0.1287221,0.1184963,0.02621551,-0.307808,9.280257,-0.3495659,-1.173201,13.5,-4.75,12.875,-19.71576,-80.53313,-152.9679,0.756821,0.6496975,-0.02181299,-0.06811167
26747,0.05744673,0.03264736,-0.1326653,0.1221885,0.0217634,-0.3114479,9.390394,-0.4022402,-1.192355,24.5,-6.75,11.625,-20.11977,-80.4444,-152.5355,0.7570939,0.6493118,-0.02137363,-0.0688935
26758,0.05909307,0.03287817,-0.1367925,0.1254541,0.01758866,-0.3144995,9.433492,-0.4644917,-1.249818,31.75,-8.375,11,-20.44349,-80.3275,-152.0856,0.7574774,0.6487073,-0.02148672,-0.07032196
26770,0.06076845,0.03305371,-0.1409526,0.1281072,0.01342245,-0.3181032,9.380817,-0.4884346,-1.302492,32.25,-8.875,12,-20.79074,-80.19155,-151.6069,0.7579359,0.6480004,-0.0215492,-0.07186291
26782,0.06257802,0.03318996,-0.1454388,0.1302601,0.00980795,-0.3229347,9.294622,-0.5746289,-1.345589,26,-8.25,14.25,-21.36887,-80.02754,-150.978,0.7584724,0.6472484,-0.02084749,-0.07317467
26793,0.06429547,0.03328047,-0.1496814,0.1325907,0.006987362,-0.3275347,9.285046,-0.641669,-1.326435,15.25,-7.125,16.5,-22.12094,-79.87354,-150.3201,0.7589531,0.6466784,-0.01916866,-0.07368733
26805,0.06608343,0.03332138,-0.1540354,0.1360284,0.003112383,-0.3312559,9.37124,-0.5889946,-1.278549,7.875,-6.625,17.5,-22.91135,-79.73185,-149.7241,0.7593983,0.6462336,-0.01690435,-0.07355724
26816,0.06789238,0.03329205,-0.1583465,0.140196,-0.002272767,-0.3341151,9.447857,-0.4884346,-1.254606,8.875,-7.375,16.75,-23.51914,-79.6045,-149.2943,0.759835,0.6457945,-0.0149403,-0.07332893
26828,0.06983525,0.03317599,-0.1628989,0.1438522,-0.008593519,-0.3370659,9.443069,-0.4644917,-1.326435,16.5,-8.25,14.625,-23.91213,-79.47044,-148.9829,0.7603413,0.6452001,-0.01370533,-0.0735537
26839,0.07165326,0.03300036,-0.1671304,0.1462248,-0.01412589,-0.3403439,9.380817,-0.5075889,-1.407841,23.5,-8.125,12,-24.10621,-79.35326,-148.7747,0.7608014,0.644596,-0.01325186,-0.0741725
26851,0.07358915,0.03275163,-0.1716515,0.1477778,-0.01898708,-0.3451188,9.261103,-0.5937832,-1.465304,24.75,-6.75,10.125,-24.27262,-79.24316,-148.5754,0.7612262,0.6440197,-0.01294797,-0.07487109
26862,0.07551832,0.03246631,-0.1762035,0.1487402,-0.02199789,-0.3509652,9.155754,-0.742229,-1.484458,17.625,-3.875,9.625,-24.5987,-79.15451,-148.309,0.7615172,0.6436715,-0.01201943,-0.07506175
26874,0.07750446,0.03214002,-0.180937,0.1499196,-0.02462996,-0.3573034,9.127023,-0.7805376,-1.465304,5.625,-1.375,8.875,-25.00445,-79.09789,-148.1235,0.7617086,0.6435787,-0.0101978,-0.07417829
26885,0.07943746,0.03176926,-0.1855775,0.1515009,-0.02905805,-0.3637019,9.122234,-0.6273032,-1.446149,0.875,0.375,6.875,-25.23827,-79.09221,-148.1634,0.7617808,0.6436974,-0.008402451,-0.07261639
26897,0.08142757,0.03132067,-0.1904102,0.1528736,-0.03445965,-0.3712297,9.050406,-0.5458975,-1.455727,4.875,2.375,3.25,-25.27405,-79.13715,-148.3535,0.761686,0.6440017,-0.007229948,-0.07102171
26908,0.08342787,0.03082066,-0.1953304,0.1543324,-0.03857775,-0.3796149,8.978577,-0.6225147,-1.417418,11.375,4,-0.75,-25.20806,-79.22272,-148.5555,0.7613935,0.6444856,-0.006785278,-0.06980281
26919,0.08546202,0.03028439,-0.2003692,0.1565093,-0.04126099,-0.3876939,9.007308,-0.7134976,-1.340801,14.875,5.375,-4.625,-25.06495,-79.35135,-148.7844,0.7609007,0.6451833,-0.006825671,-0.06871765
26931,0.08753653,0.02971144,-0.2055113,0.1590884,-0.043938,-0.3943334,9.127023,-0.6991318,-1.312069,16.625,6,-8.125,-24.7343,-79.51579,-149.1749,0.7603133,0.6459966,-0.007299173,-0.06751982
26942,0.08962841,0.02909748,-0.2107062,0.1609144,-0.04722819,-0.3996048,9.227583,-0.6368804,-1.374321,20.875,5.875,-11.375,-24.12199,-79.69415,-149.7893,0.7597576,0.6467526,-0.008405707,-0.06639855
26954,0.09173158,0.02844341,-0.2159833,0.1614711,-0.05021626,-0.4051537,9.194062,-0.6368804,-1.450938,23.75,5.875,-12.75,-23.38125,-79.86446,-150.4935,0.759263,0.6474103,-0.00981561,-0.06544652
26965,0.09384742,0.02778179,-0.2214032,0.1606315,-0.05022887,-0.4114737,9.112657,-0.8427891,-1.508401,17.875,7.25,-12.5,-22.8333,-80.01855,-151.0805,0.7587796,0.6480858,-0.01054916,-0.06424285
26977,0.09587857,0.0271503,-0.226716,0.1595939,-0.04961873,-0.4174405,9.122234,-0.8667319,-1.508401,7.125,8.875,-12.125,-22.40262,-80.17699,-151.6864,0.7582808,0.6488656,-0.01039687,-0.06225304
26988,0.09795421,0.02648818,-0.2322455,0.1588703,-0.05067842,-0.4232307,9.165331,-0.7039204,-1.484458,2.125,9.75,-12.625,-21.82983,-80.36423,-152.5058,0.7577194,0.6497761,-0.01003455,-0.05959628
27000,0.1000424,0.02578998,-0.2379189,0.1578052,-0.05276227,-0.4287303,9.198852,-0.5937832,-1.503612,5.5,10.25,-14,-21.05939,-80.56797,-153.4813,0.75711,0.6507165,-0.01011057,-0.05701144
27011,0.1020213,0.02508609,-0.2433993,0.1563921,-0.05562992,-0.433127,9.270679,-0.4932232,-1.532344,13.75,11,-15.625,-20.1269,-80.77769,-154.5051,0.7564451,0.6516448,-0.01096627,-0.05504376
27022,0.1040455,0.0243315,-0.2491141,0.1547789,-0.05769914,-0.4369787,9.323354,-0.5267432,-1.522767,23.375,11.625,-17.125,-19.0883,-81.00265,-155.5101,0.7556458,0.6526448,-0.0126294,-0.05380417
27034,0.1060844,0.0235629,-0.2549955,0.1530866,-0.05770722,-0.4415806,9.270679,-0.6464576,-1.479669,23.5,12.25,-16.5,-18.20995,-81.22421,-156.3513,0.7547706,0.6537099,-0.01412463,-0.05277528
27046,0.1081565,0.02278364,-0.2611266,0.1513636,-0.05692615,-0.4478866,9.160542,-0.6656118,-1.431784,13.75,13.125,-14.125,-17.55749,-81.44504,-157.1009,0.7538596,0.6548828,-0.01462188,-0.05109372
27058,0.1100967,0.02204906,-0.267006,0.1499184,-0.05675924,-0.4542879,9.1366,-0.5889946,-1.393475,8.25,13.5,-12.875,-16.98087,-81.65468,-157.8421,0.7529919,0.6560339,-0.01461663,-0.04908341
27069,0.1120912,0.02128309,-0.2731412,0.1491865,-0.05729428,-0.4589132,9.299411,-0.5075889,-1.336012,9.5,13.125,-12.875,-16.29485,-81.87759,-158.6818,0.752059,0.657248,-0.01476596,-0.04705437
27081,0.1139918,0.02054061,-0.2790073,0.1493888,-0.05835779,-0.4610606,9.490954,-0.4357603,-1.268972,15.625,11.5,-13.5,-15.47129,-82.08383,-159.5726,0.7511944,0.6583267,-0.0154581,-0.04554188
27092,0.1160113,0.01974105,-0.2852449,0.1499102,-0.05935403,-0.4630397,9.519686,-0.4118174,-1.225875,24.625,9.25,-14.375,-14.4091,-82.27856,-160.5832,0.7503797,0.6592774,-0.01697034,-0.04467187
27103,0.1179281,0.01898315,-0.2911895,0.1502641,-0.05941537,-0.4660217,9.433492,-0.450126,-1.201932,30.125,7.375,-14.5,-13.36442,-82.43337,-161.5075,0.7497252,0.6599938,-0.01875991,-0.04436879
27115,0.1198518,0.01823035,-0.297205,0.1502611,-0.05879835,-0.4698539,9.366451,-0.4788574,-1.201932,30.625,6.25,-13.5,-12.39396,-82.56225,-162.3507,0.7491722,0.6605797,-0.02046198,-0.04423608
27126,0.1217876,0.01746957,-0.303331,0.1497663,-0.05886118,-0.4739612,9.347297,-0.4070288,-1.230664,30.375,5.375,-11.875,-11.44329,-82.6688,-163.178,0.748722,0.6610439,-0.02207224,-0.04414861
27138,0.1237692,0.01667652,-0.3096675,0.149295,-0.05974917,-0.4774003,9.409549,-0.3256231,-1.230664,34.375,4.625,-11.25,-10.40557,-82.76671,-164.0367,0.7482975,0.66144,-0.02403924,-0.04438656
27149,0.125675,0.01590519,-0.3157875,0.149221,-0.060392,-0.4791695,9.534052,-0.3256231,-1.206721,41,2.875,-10.75,-9.416327,-82.83949,-164.769,0.7479573,0.6616794,-0.02637087,-0.04521987
27161,0.1276086,0.01511591,-0.3220156,0.1490482,-0.06084077,-0.4800874,9.601091,-0.3304116,-1.216298,46.25,1.25,-9.625,-8.48789,-82.88567,-165.3685,0.7477127,0.6617482,-0.02902724,-0.04661015
27172,0.1295364,0.01433111,-0.3282657,0.1485177,-0.06046209,-0.4815163,9.557994,-0.3878745,-1.230664,50.625,-0.25,-8.25,-7.732346,-82.90124,-165.7385,0.7475777,0.6616326,-0.03183988,-0.04854114
27184,0.1314598,0.01356748,-0.3345646,0.1478665,-0.05870471,-0.4842295,9.457435,-0.4884346,-1.216298,52.75,-1.5,-7.625,-7.142766,-82.89441,-165.9131,0.7475206,0.6613841,-0.03466996,-0.05081306
27195,0.1333743,0.01283817,-0.3409099,0.1473902,-0.0561484,-0.4885109,9.33772,-0.5458975,-1.182778,50.25,-2.375,-6.125,-6.773644,-82.87233,-165.9007,0.7475249,0.6610704,-0.03712425,-0.05304854
27207,0.1352879,0.01214576,-0.3473552,0.146773,-0.05310687,-0.4943476,9.218005,-0.584206,-1.177989,44.875,-3,-4.625,-6.593396,-82.8347,-165.7686,0.7476163,0.6606992,-0.03901888,-0.05499059
27218,0.1371967,0.01148449,-0.3538956,0.1462041,-0.05064882,-0.5009521,9.160542,-0.5411089,-1.177989,42,-3.25,-4,-6.415379,-82.79323,-165.6723,0.7477423,0.6603121,-0.04068861,-0.0566902
27229,0.1390668,0.01085437,-0.3604276,0.1452664,-0.04894903,-0.5074139,9.160542,-0.4932232,-1.221087,42.25,-3.375,-3.5,-6.212594,-82.74558,-165.6022,0.7479037,0.659878,-0.04236141,-0.05836662
27241,0.1409507,0.01024547,-0.3671252,0.144299,-0.04663756,-0.5129977,9.232371,-0.5458975,-1.230664,42.75,-3.375,-3.25,-6.089979,-82.69591,-165.4413,0.7480562,0.6594331,-0.04403172,-0.06017615
27252,0.142819,0.00967974,-0.3738716,0.1433372,-0.04340403,-0.5175973,9.3042,-0.6273032,-1.235452,38.875,-3.75,-2.125,-6.157685,-82.63683,-165.1412,0.7482576,0.658971,-0.04524896,-0.06181057
27264,0.1446956,0.009148251,-0.3807647,0.1422205,-0.04027959,-0.5224048,9.289834,-0.6273032,-1.254606,32.625,-4,-0.75,-6.339079,-82.56724,-164.808,0.7485412,0.6584891,-0.04589817,-0.0630204
27275,0.146494,0.008666761,-0.3874528,0.1418511,-0.03797836,-0.5275356,9.256314,-0.5698403,-1.211509,31.375,-4.375,-1,-6.417247,-82.50639,-164.6001,0.7488015,0.6580558,-0.04650953,-0.06399848
27287,0.1483653,0.008196701,-0.3944355,0.1426006,-0.03581952,-0.5320948,9.323354,-0.5458975,-1.144469,38,-5.5,-2.75,-6.283824,-82.44958,-164.5107,0.7490168,0.657577,-0.04782713,-0.06541348
27298,0.1502339,0.007753876,-0.4014361,0.1428772,-0.03386034,-0.5352958,9.419126,-0.5411089,-1.206721,46.75,-7.375,-5.5,-5.810075,-82.37316,-164.6453,0.7493237,0.6568668,-0.05006177,-0.0673352
27310,0.1521913,0.007330166,-0.4088737,0.1411785,-0.03055969,-0.5364293,9.557994,-0.6608232,-1.369532,49.25,-7.875,-6.25,-5.313951,-82.26259,-164.7456,0.749785,0.6559005,-0.05260522,-0.06964014
27322,0.1539904,0.006999724,-0.4158055,0.1386658,-0.02546953,-0.5342885,9.787846,-0.8427891,-1.460515,36.25,-7.125,-3.75,-5.26589,-82.14815,-164.5926,0.7503143,0.6550589,-0.05366448,-0.07103822
27333,0.1557897,0.006728695,-0.4227872,0.1367059,-0.02059178,-0.5304369,9.917137,-0.8284234,-1.455727,12.25,-6.25,0.5,-5.605967,-82.0356,-164.3685,0.7509668,0.6544364,-0.05258716,-0.07068499
27345,0.1575341,0.006508225,-0.4295963,0.1354332,-0.01711723,-0.5286635,9.768692,-0.7230747,-1.422207,-6.75,-5.625,3.75,-6.139466,-81.93,-164.1971,0.7516944,0.6540005,-0.04994248,-0.0688813
27357,0.1593565,0.006319128,-0.4367499,0.134829,-0.01398954,-0.5292267,9.596303,-0.675189,-1.369532,-17.75,-5,4.5,-6.742468,-81.83283,-164.1238,0.7524487,0.6536959,-0.04628373,-0.06603318
27368,0.1610415,0.006170452,-0.4433443,0.135525,-0.01195821,-0.5303971,9.557994,-0.5889946,-1.288126,-16.125,-5,1.875,-7.009674,-81.76889,-164.3221,0.7530232,0.6535099,-0.04331803,-0.06328185
27379,0.1628416,0.006024877,-0.4503126,0.1374079,-0.01111264,-0.5319335,9.548417,-0.4644917,-1.225875,-2,-6,-4,-6.646068,-81.72522,-164.9866,0.7534925,0.6532769,-0.04186607,-0.06103712
27391,0.1646526,0.005869434,-0.4572308,0.1396302,-0.01198479,-0.5334001,9.557994,-0.3064688,-1.230664,26.375,-7.5,-11,-5.502669,-81.69187,-166.0548,0.753822,0.6528499,-0.04326097,-0.06056388
27402,0.1665154,0.005701394,-0.4642937,0.1405461,-0.01267841,-0.5328887,9.692075,-0.3112573,-1.364744,58.125,-8.5,-18.125,-3.689319,-81.64651,-167.3636,0.7540594,0.6521012,-0.04769464,-0.06231961
27413,0.1682938,0.005547607,-0.4710408,0.1394536,-0.01205889,-0.5290571,9.926715,-0.4166059,-1.551498,77.625,-7.875,-21.75,-1.758439,-81.59162,-168.5561,0.7541822,0.651191,-0.05357476,-0.06549339
27425,0.1700671,0.005430514,-0.4778569,0.1362609,-0.008997519,-0.5237526,10.00812,-0.6129375,-1.699944,81.5,-5.375,-21.375,-0.07447489,-81.53815,-169.4348,0.7541698,0.6502836,-0.0596316,-0.06930513
27436,0.1717643,0.005387274,-0.4845714,0.1310596,-0.003338948,-0.5184931,9.984178,-0.8332119,-1.81487,67,-0.375,-17.375,0.9510469,-81.51562,-169.8489,0.7540007,0.6497243,-0.06401832,-0.07240827
27448,0.173422,0.005431694,-0.4913334,0.1254533,0.003361884,-0.5117679,10.08474,-0.9050406,-1.829235,45.25,5,-13.25,1.475703,-81.5518,-170.0411,0.7536196,0.6497364,-0.06639867,-0.07410324
27459,0.1749744,0.005550388,-0.4977758,0.1210039,0.009251259,-0.5021362,10.33853,-0.8427891,-1.78135,24.75,9.5,-9.5,1.65515,-81.6489,-170.1656,0.7530428,0.6503332,-0.0669198,-0.07426342
27471,0.1765079,0.005748767,-0.5041289,0.1178584,0.01524702,-0.4882833,10.66894,-0.8236348,-1.699944,15.5,11.5,-8.25,1.715314,-81.78735,-170.2922,0.7523012,0.6512791,-0.06666219,-0.07371969
27482,0.1780128,0.006025743,-0.5102205,0.1164043,0.02142447,-0.4711962,10.94668,-0.8092691,-1.58023,16.75,11,-9.75,1.924784,-81.94027,-170.5502,0.7514727,0.6523001,-0.06663916,-0.07316098
27494,0.1795568,0.00638051,-0.5161693,0.1164805,0.02676276,-0.448768,11.33456,-0.6991318,-1.503612,32,8.625,-14.125,2.7015,-82.09073,-171.1714,0.7505519,0.6531586,-0.06825304,-0.07346553
27505,0.1810493,0.006781422,-0.5215512,0.1170155,0.03143176,-0.4219422,11.75116,-0.6368804,-1.508401,55.25,5.5,-18.75,3.999143,-82.20744,-172.0191,0.7496401,0.6536012,-0.07195061,-0.07528906
27516,0.182564,0.007273286,-0.5266493,0.1160995,0.03770228,-0.3907784,12.02411,-0.7518061,-1.61375,76.375,2.375,-21.75,5.578672,-82.27563,-172.859,0.7487831,0.6535351,-0.07750063,-0.07879931
27528,0.1840536,0.007884012,-0.5313842,0.1127019,0.04620756,-0.3582439,12.07678,-0.9385605,-1.752618,82,1.5,-20.875,6.946875,-82.30882,-173.4028,0.7480165,0.6531683,-0.08333881,-0.08304943
27539,0.1854141,0.008583729,-0.5355278,0.1073222,0.05519583,-0.3268593,12.072,-1.039121,-1.886698,72.25,2.625,-16.875,7.789187,-82.33013,-173.5807,0.7473969,0.6528171,-0.08782125,-0.08669059
27551,0.1867197,0.00941117,-0.5393811,0.0998922,0.06330842,-0.2948187,12.0289,-0.9960235,-2.030355,54.5,5.375,-10.5,8.05613,-82.36015,-173.4008,0.7468778,0.6526698,-0.09058519,-0.08938731
27563,0.1879451,0.01034496,-0.5428783,0.09203082,0.07013094,-0.262653,11.99059,-0.9146177,-2.054298,32.75,9.875,-2.25,7.530088,-82.43402,-172.7178,0.7463332,0.6530265,-0.09104952,-0.09084766
27574,0.1891209,0.01139577,-0.5460259,0.08595718,0.07681917,-0.2301053,11.97622,-0.8858863,-1.88191,13.625,14.5,5.875,6.081756,-82.57574,-171.3781,0.7455922,0.6540525,-0.08927805,-0.09130755
27586,0.1901818,0.01246592,-0.54861,0.08176794,0.08247784,-0.1991589,12.00017,-0.8427891,-1.738253,2,17.875,11.25,4.108898,-82.75181,-169.6647,0.7447244,0.6554636,-0.08628911,-0.09114388
27598,0.1912345,0.01362335,-0.5508446,0.07882689,0.08667285,-0.1673337,12.01453,-0.742229,-1.618538,0.125,20.125,13.875,1.775875,-82.96001,-167.6277,0.7436293,0.6571712,-0.08290916,-0.09092695
27609,0.1922025,0.01478466,-0.5525947,0.0761016,0.09129082,-0.1375701,11.97622,-0.8332119,-1.541921,2.125,21.875,15,-0.7838129,-83.16649,-165.3254,0.7424294,0.6589112,-0.07968576,-0.0910212
27621,0.1931845,0.01606724,-0.5540338,0.07284832,0.0951535,-0.1067704,11.92355,-0.8140576,-1.517978,1.125,24.25,16.25,-3.800707,-83.39443,-162.5971,0.7410078,0.6609219,-0.07610338,-0.09109365
27632,0.1940539,0.01727908,-0.5550337,0.06820571,0.09506166,-0.07843276,11.85651,-0.5985718,-1.637692,5.25,26.625,17,-6.671063,-83.60767,-159.9506,0.7395583,0.6628435,-0.07312782,-0.0913476
27643,0.1948371,0.01848298,-0.5556794,0.06117063,0.09403212,-0.05043913,11.80862,-0.6177261,-1.762195,12.5,30.625,18.5,-9.980102,-83.82479,-156.7764,0.7378692,0.664871,-0.07053899,-0.09230328
27655,0.1955151,0.01969127,-0.5559652,0.05245558,0.09348503,-0.02211117,11.80862,-0.742229,-1.795715,8.625,35.875,21.875,-14.24117,-84.04803,-152.7054,0.7359026,0.6672504,-0.06724934,-0.09328389
27666,0.1960946,0.02091562,-0.5558757,0.04366534,0.09225742,0.006746968,11.80384,-0.7565947,-1.699944,-4,41.25,26.375,-19.77001,-84.27597,-147.5444,0.733605,0.6701984,-0.06248203,-0.0935622
27678,0.1965538,0.02205611,-0.5554463,0.03592651,0.08923338,0.03360076,11.75116,-0.6656118,-1.570652,-11.5,44.875,29.375,-25.93244,-84.47249,-141.8362,0.7311641,0.6733652,-0.05715327,-0.0933376
27689,0.1969195,0.02315584,-0.5546811,0.02821158,0.08481609,0.05901638,11.62666,-0.6225147,-1.465304,-13.625,47.5,31.625,-32.9202,-84.61974,-135.3399,0.7284923,0.6767554,-0.05144591,-0.0930288
27700,0.197174,0.02421588,-0.5536182,0.01963254,0.08179967,0.08201677,11.4399,-0.8044805,-1.388687,-19.625,50,33.875,-40.69463,-84.67052,-128.1364,0.7257107,0.6802687,-0.04497777,-0.09249544
27712,0.1973126,0.02526401,-0.5522816,0.01063957,0.08042735,0.1025675,11.23878,-1.000812,-1.273761,-35.875,52.25,36.625,-49.06549,-84.59913,-120.554,0.7228872,0.6839637,-0.03685722,-0.09093671
27723,0.1973433,0.02627443,-0.5507194,0.002364597,0.07780883,0.1202929,11.04245,-0.9577149,-1.125315,-54.75,53.5,38.75,-57.29218,-84.42543,-113.3604,0.7200829,0.6877607,-0.02719707,-0.08789895
27735,0.1972735,0.02718594,-0.5489444,-0.00535591,0.06991138,0.1361493,10.9371,-0.6033604,-1.034332,-54.25,52.875,37,-64.62865,-84.23217,-107.056,0.717226,0.6914796,-0.01803548,-0.08436646
27746,0.1971172,0.02792844,-0.5469496,-0.01197226,0.05687071,0.1527822,11.04245,-0.2537944,-0.900252,-25.5,49.625,30.125,-70.82569,-84.09937,-101.5148,0.7142234,0.6949617,-0.01206954,-0.08226419
27758,0.1968775,0.0284855,-0.5447397,-0.01862077,0.04327667,0.1716875,11.24836,-0.2490059,-0.8236348,10.375,44.5,22.125,-75.87377,-84.01199,-96.64662,0.7112964,0.6979793,-0.009730556,-0.08238714
27769,0.1965148,0.02890075,-0.5422537,-0.02777688,0.03180265,0.1903923,11.19569,-0.4692803,-0.900252,34.5,39.25,16,-79.92763,-83.92914,-92.45651,0.7086416,0.70047,-0.009674599,-0.08411536
27781,0.1960002,0.02922114,-0.5395764,-0.03948708,0.02458149,0.2054174,10.88443,-0.8140576,-0.9816577,32.125,36.625,14.125,-83.2882,-83.79626,-88.98982,0.7063712,0.7025652,-0.009329419,-0.08576052
27792,0.1953377,0.02948218,-0.5366904,-0.05031198,0.01982547,0.2191783,10.75993,-1.010389,-0.8188462,11.125,34.25,14,-86.33664,-83.61963,-86.10811,0.7043986,0.7045555,-0.007164281,-0.08586505
27803,0.1946024,0.02965279,-0.5337165,-0.05786963,0.01342754,0.2340541,10.90358,-0.8715205,-0.5602632,-6.125,29.5,12.25,-88.87945,-83.4846,-83.94098,0.7028478,0.7063102,-0.004056896,-0.0843475
27815,0.1937722,0.02968352,-0.5304543,-0.06327593,0.002341492,0.2486255,10.88443,-0.5028003,-0.3830859,-4.625,21.75,7.625,-90.81384,-83.45905,-82.36814,0.7017354,0.7076765,-0.001747628,-0.08220957
27827,0.1928722,0.029499,-0.5271609,-0.06881001,-0.01410798,0.2518056,10.07037,0.02873145,-0.4405488,18.625,12.875,1.375,-91.77355,-83.60088,-81.4589,0.701226,0.7083213,-0.00236463,-0.08097786
27838,0.1918045,0.02910789,-0.5237293,-0.07717949,-0.02827167,0.2480511,9.534052,-0.1340801,-0.6033604,54.875,7.625,-5.25,-91.96982,-83.82556,-80.81288,0.7009786,0.7083825,-0.006539942,-0.08234368
27850,0.1906782,0.02870824,-0.5204943,-0.08661521,-0.03073539,0.2487929,9.77348,-0.9864463,-0.6129375,70.25,3.875,-11.625,-91.64854,-83.99352,-80.51043,0.7008879,0.7080784,-0.01140879,-0.08515402
27862,0.1894745,0.02835234,-0.5171535,-0.09144151,-0.0270359,0.2537828,10.04643,-1.412629,-0.191543,49.75,-1.875,-14,-91.16456,-84.13358,-80.62578,0.7010457,0.707692,-0.01451843,-0.08658128
27873,0.1882741,0.02799083,-0.5138142,-0.0932015,-0.02806717,0.259262,10.13262,-0.9912349,-0.04309717,27.125,-11.25,-16.125,-89.81766,-84.36999,-81.89572,0.702009,0.7068066,-0.01638323,-0.08567089
27885,0.1869868,0.0274391,-0.5102118,-0.09537627,-0.04087787,0.2669065,10.35769,-0.07182861,-0.2537944,45.75,-22.5,-23.25,-86.60872,-84.86226,-84.76669,0.7038869,0.7049058,-0.02142761,-0.08480543
27896,0.185763,0.0267303,-0.5067685,-0.09826319,-0.05691325,0.2764807,10.58275,0.3352002,-0.4644917,99.875,-32.375,-33.75,-81.40355,-85.48035,-88.98193,0.705914,0.7022288,-0.03139119,-0.08703309
27908,0.1844068,0.0258186,-0.5030285,-0.1035259,-0.06959556,0.2854939,10.46782,0.1053486,-0.6943433,151.75,-40.375,-42,-72.44728,-86.137,-96.21559,0.7081572,0.6983412,-0.04648181,-0.093126
27919,0.1829661,0.02484472,-0.499276,-0.1110803,-0.07508701,0.2893266,10.03206,-0.3591431,-0.8667319,161.875,-43.375,-41.875,-60.19247,-86.58419,-106.6328,0.7104355,0.6938179,-0.06171325,-0.1004474
27931,0.181325,0.02383969,-0.4953359,-0.1201761,-0.07359678,0.2885195,9.644189,-0.8236348,-0.9146177,137,-42.75,-36.125,-46.13808,-86.72894,-119.0921,0.7129536,0.6889578,-0.07462244,-0.1070781
27943,0.1796174,0.02291865,-0.4914763,-0.1279461,-0.06901196,0.2892013,9.744749,-0.9912349,-0.8667319,102.75,-41.625,-31.625,-33.59938,-86.64503,-130.5278,0.7155291,0.6845383,-0.08386616,-0.111319
27954,0.177885,0.0220683,-0.4876615,-0.1333741,-0.06546699,0.2936967,10.04643,-0.8427891,-0.8332119,81.625,-41.75,-30.625,-22.55199,-86.4511,-140.7743,0.7180891,0.680509,-0.09123575,-0.113717
27966,0.1761082,0.02125952,-0.4837674,-0.1366744,-0.06221388,0.2995403,10.15657,-0.7230747,-0.7853262,69.125,-43,-31,-12.73287,-86.16207,-149.9529,0.7207057,0.6766113,-0.09773925,-0.1150108
27977,0.1743129,0.0205027,-0.4798434,-0.1383777,-0.05833343,0.3024496,9.936292,-0.6704004,-0.7374405,58.125,-44.125,-31,-4.509678,-85.78722,-157.678,0.72339,0.6728287,-0.1033678,-0.1154279
27989,0.172517,0.01979539,-0.4759127,-0.1375346,-0.05416693,0.3010199,9.615458,-0.5650518,-0.6177261,44.75,-45.75,-30.125,2.22851,-85.34748,-164.0887,0.7261876,0.6691928,-0.1079572,-0.1147952
28000,0.170758,0.01910922,-0.4720411,-0.1353593,-0.05280259,0.2979344,9.490954,-0.2681602,-0.675189,36.25,-47.375,-28.875,8.002491,-84.84695,-169.6484,0.7291307,0.66557,-0.1120076,-0.1133108
28011,0.1689955,0.01836609,-0.4681806,-0.1349194,-0.05688794,0.2955265,9.514897,0.1484458,-1.043909,38.75,-46.875,-27.125,13.12664,-84.27071,-174.5283,0.7322026,0.6616816,-0.1164769,-0.1117589
28023,0.1672329,0.01755718,-0.4644122,-0.1371917,-0.06296031,0.2933079,9.486166,0.2873144,-1.398264,50.625,-43.125,-25.125,17.12504,-83.67926,-178.1364,0.7349988,0.6577215,-0.1216364,-0.1112832
28034,0.1653823,0.01669614,-0.4606465,-0.1418768,-0.06601064,0.2886943,9.280257,0.03830859,-1.561075,56.875,-35.875,-21.625,19.74997,-83.13725,179.7164,0.7373564,0.6540015,-0.126691,-0.1119682
28046,0.1634648,0.01586517,-0.4569636,-0.1464199,-0.06345186,0.2812228,9.074348,-0.3447773,-1.446149,42.25,-28,-16.125,20.96324,-82.71746,178.7916,0.7392889,0.6511492,-0.1296876,-0.1124179
28058,0.1613685,0.01505857,-0.4530647,-0.1469577,-0.0565483,0.2733404,9.1366,-0.5028003,-1.110949,11.875,-21.75,-9.375,21.22765,-82.42309,178.4046,0.7410292,0.6494352,-0.1295327,-0.1110449
28069,0.1595529,0.01439867,-0.4496891,-0.1440435,-0.05235232,0.2677895,9.270679,-0.258583,-0.9577149,-5.875,-19.125,-6.25,21.43631,-82.22923,177.8591,0.742407,0.6486007,-0.1280203,-0.1084426
28081,0.1577092,0.01371949,-0.4462371,-0.1405022,-0.05175849,0.2630705,9.33772,0.04788574,-1.058275,3.125,-18,-8.125,22.15199,-82.0288,176.9095,0.7436203,0.6476999,-0.1275362,-0.1060581
28093,0.1558935,0.01303413,-0.4428071,-0.1378062,-0.05201598,0.2603278,9.4718,0.1149258,-1.192355,27.375,-16.25,-12.125,23.2553,-81.8316,175.894,0.7444188,0.646553,-0.129227,-0.1054049
28104,0.1540072,0.01237983,-0.4392325,-0.1367367,-0.04742996,0.2591202,9.591515,-0.2394287,-1.240241,43.5,-13.875,-14.875,24.21562,-81.65726,175.2554,0.7448788,0.6452763,-0.1321157,-0.1063936
28116,0.1522314,0.01189065,-0.4359048,-0.1375422,-0.03788917,0.2577466,9.577148,-0.6608232,-1.249818,37.625,-10.625,-15.375,24.70762,-81.54237,174.9942,0.7451833,0.6443859,-0.1340156,-0.1072771
28128,0.1503872,0.01156333,-0.4325255,-0.1385999,-0.02459897,0.2539692,9.414337,-0.9098291,-1.163624,7.375,-6.75,-12.375,24.6909,-81.49555,174.8472,0.7455972,0.6442735,-0.1331502,-0.1061487
28139,0.1486138,0.01142974,-0.4293892,-0.1389932,-0.01046997,0.2458038,9.074348,-1.000812,-1.039121,-32.5,-3.125,-7.75,24.17801,-81.518,174.6917,0.7462017,0.6450613,-0.1289034,-0.1022883
28150,0.1468392,0.0114502,-0.4264364,-0.1375974,0.001586001,0.2289551,8.423102,-0.7996919,-0.8715205,-75.25,0.625,-3.375,23.46014,-81.60815,174.1771,0.7469321,0.6468177,-0.1211916,-0.09503632
28162,0.1450833,0.0115936,-0.4237248,-0.1321606,0.01079325,0.2040973,7.891571,-0.483646,-0.5698403,-101.75,3,-1.125,22.8997,-81.77621,173.11,0.7474138,0.6494153,-0.111249,-0.08518313
28173,0.1435282,0.01184364,-0.4214218,-0.1210726,0.01946779,0.1793005,7.891571,-0.3447773,-0.1149258,-110.25,1.375,-3.25,22.77111,-81.99203,171.5553,0.7474291,0.6523216,-0.1012426,-0.074674
28185,0.1421455,0.01219432,-0.4193767,-0.1070747,0.02715489,0.1583638,8.221982,-0.2011201,0.05267432,-103.125,-4.25,-8.375,23.27045,-82.14747,169.4568,0.7474255,0.6547756,-0.09227116,-0.06410994
28196,0.1409145,0.01265731,-0.417536,-0.09292941,0.0349534,0.1389645,8.375216,-0.1771773,0.0191543,-90,-11.375,-14.375,24.23333,-82.18462,167.031,0.7477289,0.6563856,-0.08460607,-0.05386352
28208,0.1399006,0.0132233,-0.4160296,-0.0790629,0.04413133,0.1174557,8.174096,-0.2873144,0.07661719,-84.875,-17.25,-18.375,25.21669,-82.14394,164.6996,0.7482486,0.6573634,-0.07774241,-0.04419766
28219,0.1390674,0.01390277,-0.4148478,-0.06405758,0.05224274,0.09087049,7.814953,-0.1771773,0.1676001,-87,-22.625,-20.5,26.34414,-82.03541,162.1756,0.748955,0.6579466,-0.07086042,-0.0339349
28231,0.1384157,0.01465842,-0.4140601,-0.04928498,0.05714651,0.05957064,7.474965,0.08140577,0.1245029,-84,-26.25,-21.75,27.68913,-81.84734,159.4464,0.749827,0.658075,-0.06443285,-0.02334912
28242,0.13795,0.01543222,-0.4137084,-0.03667644,0.06094424,0.02769656,7.312153,0.1628115,-0.004788574,-73.125,-28.375,-23.75,28.95844,-81.60013,156.9852,0.7508101,0.6577089,-0.05925208,-0.01387048
28254,0.1376378,0.01629188,-0.4137579,-0.02401205,0.06610686,-0.003803946,7.403136,0.1053486,-0.04788574,-59.375,-29.25,-26.375,30.16912,-81.31893,154.7345,0.7518091,0.6570575,-0.05505408,-0.005271906
28265,0.1375007,0.01722172,-0.4142047,-0.01049563,0.07117618,-0.03420531,7.503696,0.1676001,-0.02394287,-44.875,-30.125,-29.125,31.47892,-81.01019,152.5695,0.7527456,0.6562385,-0.05214987,0.002350523
28277,0.1375406,0.01821274,-0.4150677,0.00303572,0.07527623,-0.06555171,7.441444,0.2873144,-0.05267432,-26.125,-31.625,-31.625,32.86506,-80.65038,150.5674,0.7537588,0.6551178,-0.05091653,0.008702277
28288,0.1377232,0.01921952,-0.4163075,0.01434403,0.07910628,-0.09741693,7.297787,0.3256231,-0.2011201,-9.375,-31.875,-32.125,34.01972,-80.26972,149.0304,0.754891,0.6537282,-0.0509684,0.01346615
28299,0.1380304,0.02031229,-0.4180259,0.02349588,0.08356384,-0.1314006,7.178073,0.3112573,-0.4022402,5.25,-29.875,-31.5,34.97153,-79.87572,147.8789,0.7561315,0.6521304,-0.05199697,0.01696084
28311,0.1384387,0.02148184,-0.420204,0.03105431,0.08896638,-0.1656895,7.15413,0.2729487,-0.5506861,15.375,-27,-29.875,35.71084,-79.50846,147.0738,0.7573326,0.650542,-0.05355839,0.01933975
28323,0.1389479,0.02289279,-0.4230433,0.03582003,0.099244,-0.1997133,7.360039,0,-0.8380005,18.5,-21.75,-27,36.02875,-79.1887,146.7377,0.7585595,0.6489545,-0.05486267,0.02087742
28335,0.1394292,0.02432163,-0.4258715,0.03810421,0.1131306,-0.2239213,7.843685,-0.3208345,-1.072641,-0.25,-15.25,-21,35.84873,-79.02691,146.6696,0.7593549,0.6480398,-0.05384799,0.02291325
28346,0.1399482,0.02602544,-0.4291185,0.03947831,0.1295966,-0.2469824,8.006496,-0.4597031,-1.182778,-38.125,-6.625,-9.875,35.19564,-79.0375,146.5641,0.7595773,0.6480039,-0.04888616,0.02726902
28358,0.1405084,0.02788075,-0.4326334,0.04343092,0.1438452,-0.2725122,7.800588,-0.3352002,-0.9481377,-78,0.75,-1.125,34.52809,-79.21057,145.9657,0.7588995,0.649037,-0.04047813,0.03441221
28369,0.1411932,0.02991957,-0.4367415,0.05086784,0.1514497,-0.3051617,7.345673,0.1532344,-0.6081489,-91.75,4.875,3.25,34.33041,-79.4621,144.6445,0.757384,0.6507975,-0.03079974,0.04339848
28380,0.141904,0.03185232,-0.4410498,0.05646825,0.1535512,-0.3422853,6.775833,0.4980117,-0.5937832,-78.875,6.625,2.875,34.54023,-79.65725,143.1729,0.7558572,0.6523193,-0.02312396,0.05123091
28392,0.1426984,0.03384592,-0.4460489,0.06127656,0.1537683,-0.3855768,6.368804,0.6129375,-0.5698403,-60.625,8.875,2.5,35.0099,-79.85008,141.6404,0.754195,0.6538726,-0.01678212,0.05795439
28403,0.1435825,0.03581712,-0.4516156,0.0684798,0.1526875,-0.4311977,6.196415,0.6799775,-0.3112573,-47.5,10.5,5,35.7023,-80.10336,140.0542,0.7521666,0.6558101,-0.01132144,0.06348523
28415,0.144618,0.03785135,-0.4579778,0.07788116,0.1529956,-0.4785049,6.205992,0.5506861,-0.1292915,-35.875,9.375,6.25,36.32957,-80.408,138.6595,0.7500092,0.6579056,-0.006270095,0.06787594
28426,0.1457617,0.03981297,-0.4646169,0.08982729,0.1540707,-0.5214465,6.426267,0.4788574,0.1053486,-20.125,4.75,4.375,36.9449,-80.68365,137.507,0.748116,0.6597745,-0.00258647,0.07080545
28438,0.1470872,0.04183248,-0.4719378,0.101675,0.154906,-0.5615494,6.713581,0.5267432,0.06704004,1.75,-1.125,1,37.4513,-80.86008,136.7346,0.7468831,0.6610203,-0.0007364249,0.07223093
28449,0.1484955,0.04386422,-0.4797195,0.1083879,0.1563712,-0.5989151,6.866816,0.5363203,-0.3447773,25.25,-5.375,-3.125,37.57274,-80.88995,136.6588,0.7467093,0.6612517,-0.0009703394,0.07190637
28461,0.1498995,0.04595125,-0.4879611,0.108131,0.1607389,-0.6347533,6.933856,0.3735088,-0.9241948,48.5,-5.125,-7.25,37.26939,-80.82003,137.3217,0.7474179,0.6606899,-0.00309542,0.06961063
28472,0.1512525,0.04813818,-0.4966497,0.1040387,0.1681604,-0.6680965,7.111033,0.1771773,-1.273761,57.25,-0.125,-9.125,36.90626,-80.76184,138.1698,0.7481822,0.6601369,-0.00584342,0.06639615
28483,0.152553,0.05044957,-0.505736,0.09977647,0.1773353,-0.6971179,7.45581,0.06704004,-1.336012,52.75,7.75,-8.125,36.82439,-80.80504,138.6851,0.7482944,0.6602865,-0.00810913,0.06333555
28495,0.1538093,0.05288718,-0.5150881,0.09717164,0.1885381,-0.7233458,7.685662,-0.1005601,-1.230664,41.125,14.25,-6.375,36.95617,-80.96661,138.8363,0.7476737,0.6611977,-0.009211823,0.06096504
28506,0.155063,0.05547018,-0.5248122,0.09658475,0.1989992,-0.7491606,7.743124,-0.06225147,-1.043909,27.375,19.375,-4.875,37.47548,-81.21054,138.4221,0.7463694,0.6627827,-0.009249701,0.05971934
28518,0.1563249,0.05816296,-0.5349609,0.09645995,0.2058227,-0.7757151,7.685662,0.2059087,-0.9433491,22.125,22.375,-4.375,38.49391,-81.46165,137.4382,0.7447109,0.66469,-0.009178242,0.05923342
28529,0.1575671,0.06089158,-0.5454124,0.09553323,0.2098612,-0.8038388,7.532427,0.4022402,-0.933772,25.75,24.75,-3.875,39.83878,-81.70055,136.1733,0.7429512,0.6667007,-0.009588551,0.05866573
28541,0.1588005,0.06371105,-0.5563825,0.09379777,0.2144093,-0.8342236,7.38877,0.3495659,-0.9385605,29,27.5,-3.125,41.30533,-81.96735,134.8326,0.7410513,0.668888,-0.01015686,0.05769534
28552,0.1599791,0.06652215,-0.5674067,0.09234655,0.2202535,-0.8637657,7.403136,0.225063,-0.8810977,26.5,30.375,-1.5,42.81164,-82.28063,133.4177,0.7389555,0.6712866,-0.01026717,0.05668974
28564,0.1611702,0.0695053,-0.5790156,0.09145668,0.2290674,-0.8914164,7.62341,0.004788574,-0.8140576,17,32.75,0.125,44.38046,-82.66759,131.8197,0.7365214,0.6740222,-0.009282887,0.05607395
28575,0.1623751,0.07263708,-0.5910324,0.09170134,0.2383398,-0.9145172,8.001708,-0.01436572,-0.6991318,5.25,33.25,1.125,46.22916,-83.07743,129.7852,0.7338329,0.676947,-0.007291037,0.05638156
28587,0.1636852,0.07612883,-0.6043539,0.09197384,0.2451379,-0.9352375,8.289022,0.225063,-0.6368804,-1.75,32,1.875,48.62679,-83.47102,127.0816,0.730929,0.6799997,-0.004759122,0.05762533
28599,0.1648412,0.07927943,-0.6163543,0.09178,0.2501275,-0.9527117,8.351274,0.3016802,-0.6129375,-1,30,2.25,50.82081,-83.77956,124.6243,0.7285439,0.6824712,-0.002621806,0.05873735
28610,0.166053,0.08265461,-0.6291114,0.09216128,0.2567068,-0.970273,8.418314,0.1819658,-0.5267432,-2,26.875,2.75,52.93907,-84.09277,122.216,0.7262464,0.6848264,-0.0001295986,0.05982586
28622,0.1672357,0.086102,-0.6419058,0.0913827,0.2663724,-0.9885989,8.356062,-0.08619434,-0.5889946,-10.625,24.5,3.75,54.51352,-84.4138,120.2443,0.7242268,0.6868289,0.003356256,0.06124115
28633,0.168442,0.08979352,-0.6553878,0.09017615,0.2759598,-1.007844,8.332119,-0.08140577,-0.5746289,-30.875,22.875,6.25,55.95585,-84.75013,118.1179,0.7221385,0.6887023,0.008779341,0.06424867
28645,0.1695668,0.09333809,-0.6683628,0.08894544,0.280292,-1.026017,8.308176,0.2681602,-0.5028003,-49.25,20.75,11,57.33351,-85.04773,115.8568,0.7201321,0.690267,0.01530564,0.06860825
28656,0.1707056,0.09706813,-0.6821698,0.08628757,0.2826221,-1.046143,8.207617,0.4118174,-0.5458975,-59.25,18.125,16.125,58.25397,-85.36422,113.8793,0.7182075,0.6915207,0.02317047,0.07375934
28667,0.1717727,0.1006502,-0.6957094,0.08390245,0.2816332,-1.06452,8.274656,0.641669,-0.4644917,-58.5,15,18.875,59.00239,-85.64481,112.1186,0.716489,0.6924634,0.03066172,0.07872736
28679,0.1728415,0.1043351,-0.7100739,0.08046547,0.2774135,-1.081419,8.432679,0.8763091,-0.4740689,-45.375,10.125,20.375,59.15992,-85.88672,111.0755,0.7151948,0.6929798,0.03732624,0.08295913
28691,0.1738088,0.1078907,-0.7242587,0.07471035,0.2746504,-1.095686,8.605068,0.7901148,-0.6704004,-22.375,5.875,19.75,58.10147,-86.0936,111.5683,0.7146677,0.6929848,0.04209754,0.08514687
28702,0.1746806,0.1114023,-0.7384692,0.06792508,0.273574,-1.107082,8.825342,0.6608232,-0.7853262,-4.25,3,19,56.12917,-86.28564,113.2116,0.7146291,0.6927311,0.04551381,0.08577587
28713,0.1754785,0.1149308,-0.7528896,0.06178654,0.2732253,-1.116652,8.978577,0.5650518,-0.7565947,2.75,0.375,21.125,53.28013,-86.49893,115.8188,0.7147935,0.6923686,0.04867192,0.08559899
28725,0.1762138,0.1185601,-0.7678486,0.05547769,0.2738315,-1.128636,8.820554,0.4357603,-0.7805376,-2.75,-1.5,25.5,48.92811,-86.75604,119.8478,0.7150469,0.6918241,0.05281962,0.08542518
28736,0.1768409,0.1221014,-0.7825096,0.04891473,0.2762321,-1.143611,8.561971,0.2346401,-0.8523662,-17.25,-2.125,30.75,42.72223,-87.04759,125.5544,0.7152265,0.6911258,0.05853017,0.0858516
28748,0.1774014,0.1257268,-0.7975844,0.04307337,0.2786203,-1.158529,8.585914,0.1628115,-0.8044805,-39.625,-1.75,35.625,34.49519,-87.36411,132.9823,0.7150233,0.6903821,0.06648137,0.08771846
28759,0.1779,0.1294024,-0.8130433,0.03773733,0.2781805,-1.169975,8.863651,0.3064688,-0.7326519,-56,-2.75,39.5,23.99931,-87.6366,142.4475,0.7145473,0.6894872,0.07595911,0.09088367
28770,0.1782899,0.132866,-0.8280009,0.03069243,0.2726783,-1.177578,9.122234,0.6799775,-0.8044805,-52.875,-5.125,40.375,12.85492,-87.75702,152.6383,0.7143103,0.6883172,0.08450244,0.09401882
28782,0.1785764,0.136309,-0.8433984,0.02203783,0.2648686,-1.184515,9.184485,0.8188462,-0.8906748,-31,-7.125,38.25,1.878113,-87.74059,162.9229,0.71451,0.6870096,0.09119972,0.09579065
28793,0.1787723,0.1396907,-0.8589473,0.01499247,0.2587127,-1.189576,9.33772,0.6033604,-0.8332119,-11.75,-8.75,36.5,-8.763506,-87.64266,173.1198,0.7149234,0.685836,0.09645094,0.09597284
28805,0.1788806,0.1430126,-0.8746415,0.008225605,0.2522914,-1.191929,9.548417,0.5506861,-0.8427891,-4.625,-10.25,37,-18.49989,-87.45848,-177.4989,0.7154739,0.6846344,0.1012362,0.09552015
28816,0.1788821,0.1461335,-0.8898581,0.0001180908,0.2452177,-1.195616,9.433492,0.5937832,-0.9720806,9.125,-11.25,35.625,-25.68383,-87.19969,-170.4838,0.7163404,0.6834027,0.1046293,0.09418082
28828,0.1787757,0.1492733,-0.9056119,-0.008135562,0.2400134,-1.204238,9.059982,0.3878745,-1.029544,25.875,-10.875,32.125,-31.26303,-86.89833,-164.8586,0.7174535,0.6822745,0.1066566,0.09157728
28839,0.1785929,0.1523902,-0.9215547,-0.01394259,0.2376777,-1.21571,8.844497,0.07182861,-0.9289834,32,-9.375,29,-36.06579,-86.60696,-159.9279,0.7183949,0.6814525,0.1081791,0.08847943
28852,0.178325,0.1557543,-0.9390444,-0.01883199,0.2365393,-1.229764,8.729571,-0.1053486,-0.8810977,24.375,-7.625,27.375,-40.61827,-86.3025,-155.345,0.7191033,0.6806815,0.1104371,0.08583075
28863,0.1780327,0.1587324,-0.9547009,-0.02318215,0.2361529,-1.241494,8.782246,-0.2011201,-0.9194063,14.75,-5.625,25.5,-43.99689,-86.04537,-152.0605,0.7195056,0.6800126,0.1130314,0.08437155
28875,0.177673,0.1618282,-0.9711822,-0.02727118,0.2347252,-1.249624,9.098291,-0.1867544,-0.900252,8.625,-3.875,21.875,-46.63726,-85.82491,-149.5989,0.7197098,0.6794033,0.1158276,0.08374432
28886,0.1772623,0.1647969,-0.9873344,-0.03186054,0.2302922,-1.252983,9.462223,0.01436572,-0.9146177,13.5,-3,16.75,-47.91715,-85.67265,-148.4304,0.7199522,0.6788972,0.1175295,0.08339244
28898,0.1767485,0.1677754,-1.00407,-0.03839472,0.2225783,-1.250624,9.902772,0.2490059,-1.019966,31.5,-2.625,10,-47.71719,-85.57987,-148.5038,0.7205221,0.6785048,0.1170704,0.08230242
28909,0.1761876,0.1705161,-1.019831,-0.04428411,0.2163796,-1.244308,10.21882,0.1436572,-1.058275,48.5,-2.625,4.5,-46.94056,-85.52154,-148.9428,0.7212616,0.678319,0.1150097,0.08023694
28920,0.1755591,0.1732893,-1.0359,-0.04845638,0.2137996,-1.238894,10.12783,-0.1723887,-1.005601,55,-2.375,-0.25,-46.06021,-85.47926,-149.3897,0.7220207,0.6782684,0.1122717,0.07767446
28932,0.1749016,0.1760446,-1.051868,-0.05092556,0.2134087,-1.236754,9.874041,-0.3543545,-0.9146177,50.5,-1.875,-4.5,-45.01203,-85.4652,-150.0614,0.7226513,0.6782473,0.1096932,0.07565119
28943,0.1742051,0.1788519,-1.068274,-0.0524223,0.2113114,-1.234961,9.854886,-0.2298516,-0.8092691,43.125,-1.875,-9,-43.17661,-85.50172,-151.6056,0.7232027,0.6781799,0.1071205,0.07466634
28955,0.1735259,0.1814916,-1.083995,-0.05331748,0.2071984,-1.233996,9.807,-0.04788574,-0.7278633,38.375,-2.5,-11.875,-40.72,-85.56354,-153.8428,0.7237179,0.6780399,0.1046344,0.07447114
28966,0.1735259,0.1814916,-1.083995,0,0,0,9.658554,0.09577148,-0.6608232,35.375,-3,-13.5,-37.69416,-85.63667,-156.6827,0.724233,0.6778479,0.1020824,0.07475332
28978,0.1735259,0.1814916,-1.083995,0,0,0,9.514897,0.3064688,-0.675189,36.75,-3.25,-14.625,-33.73978,-85.71079,-160.4182,0.7248726,0.6775777,0.09895454,0.07520818
28990,0.1735259,0.1814916,-1.083995,0,0,0,9.347297,0.4309717,-0.7901148,44.25,-3,-14.875,-29.72201,-85.75111,-164.138,0.7256245,0.6772923,0.09541284,0.07510379
29001,0.1735259,0.1814916,-1.083995,0,0,0,9.150966,0.3830859,-0.9768692,52.75,-0.625,-14.625,-25.83299,-85.76775,-167.6155,0.7264348,0.6770929,0.09128679,0.07419217
29013,0.1734487,0.181437,-1.084083,-0.005932222,-0.004199695,-0.006765087,9.17012,0.2825259,-1.096583,54,3.625,-12.75,-22.66058,-85.79676,-170.3623,0.7269807,0.677165,0.08734532,0.07292043
29025,0.1732532,0.18135,-1.084247,-0.01379886,-0.006135935,-0.01153067,9.342508,0.1388687,-1.240241,44,9.875,-7.625,-20.70459,-85.86967,-171.9979,0.7269968,0.677624,0.08448852,0.07185458
29036,0.172987,0.1812692,-1.084424,-0.02093323,-0.006355423,-0.01390196,9.490954,0.02873145,-1.264184,24.625,15.375,-2,-20.30411,-85.98756,-172.3593,0.726385,0.6783405,0.08391177,0.0719575
29048,0.1726424,0.1811816,-1.084603,-0.02608083,-0.006631945,-0.0135853,9.716018,-0.009577149,-1.077429,4.625,19.25,3.875,-21.27124,-86.17904,-171.6182,0.7250369,0.6794587,0.0853568,0.07329193
29059,0.1722813,0.1810821,-1.084735,-0.02780605,-0.007664682,-0.01011512,9.979389,-0.02394287,-0.7901148,-11.875,19,8.75,-23.41732,-86.39337,-169.9103,0.72329,0.6806739,0.08842829,0.07559947
29072,0.171894,0.1809431,-1.084805,-0.02724736,-0.00978085,-0.004945745,10.08953,-0.01436572,-0.5746289,-18.125,14.25,10.25,-26.19185,-86.58196,-167.7044,0.721513,0.6816903,0.09245166,0.07854988
29083,0.1715713,0.1807779,-1.084809,-0.02549645,-0.01305184,-0.0003380356,10.0991,0.05746289,-0.4309717,-12.375,7.125,8.375,-27.96374,-86.68005,-166.3649,0.7204401,0.6821432,0.09542385,0.08087664
29095,0.1712692,0.1805379,-1.084769,-0.02301428,-0.01828068,0.003034109,9.998543,0.1819658,-0.3399888,5.75,-2.75,4.125,-28.08676,-86.68241,-166.4505,0.7202629,0.681998,0.09670129,0.08215197
29106,0.1709935,0.1802318,-1.084712,-0.02137304,-0.02373266,0.00447632,9.850098,0.2346401,-0.4070288,29.125,-11.75,-1.25,-26.44234,-86.57824,-167.996,0.7211232,0.6812542,0.0957694,0.08186745
29118,0.1707057,0.1798757,-1.084645,-0.0215145,-0.02662498,0.004964116,9.759114,0.08619434,-0.6320918,51.625,-19.25,-6.5,-23.74773,-86.34483,-170.2838,0.7230512,0.6798594,0.09281639,0.07983194
29129,0.1704087,0.179547,-1.084577,-0.02362501,-0.02614337,0.005438714,9.73996,-0.1101372,-0.900252,61.875,-23,-9.5,-21.23899,-86.04146,-172.2793,0.7254195,0.678127,0.08928029,0.07706736
29140,0.1704087,0.179547,-1.084577,0,0,0,9.716018,-0.3112573,-1.168412,59,-23.375,-10.5,-19.18512,-85.68085,-173.8352,0.7280453,0.6760512,0.08596065,0.07426716
29153,0.1704087,0.179547,-1.084577,0,0,0,9.711228,-0.3160459,-1.225875,44.75,-21.125,-9.375,-17.55666,-85.32086,-175.1297,0.7305059,0.6738782,0.08367207,0.07244564
29164,0.1704087,0.179547,-1.084577,0,0,0,9.620246,-0.009577149,-1.192355,31.125,-18.625,-6.625,-16.18346,-85.03371,-176.3748,0.7323843,0.6720253,0.08253491,0.0719959
29176,0.1704087,0.179547,-1.084577,0,0,0,9.23716,0.3495659,-1.158835,26.25,-16.375,-3,-14.86046,-84.77336,-177.6355,0.734053,0.6702983,0.0817038,0.07204763
29187,0.1704087,0.179547,-1.084577,0,0,0,8.763091,0.517166,-1.106161,29.875,-14.25,0,-13.79059,-84.54684,-178.6001,0.7355231,0.6688395,0.08066913,0.07177725
29199,0.1704087,0.179547,-1.084577,0,0,0,8.312965,0.6177261,-1.144469,38.625,-11.375,2.375,-12.91044,-84.34504,-179.2637,0.7368978,0.6676303,0.07903408,0.07074575
29210,0.1703258,0.1794714,-1.084838,-0.006397539,-0.005830618,-0.02012613,8.073536,0.5219546,-1.292915,46,-6.875,4.125,-12.46488,-84.17378,-179.3984,0.7381153,0.6667088,0.07706788,0.06889015
29222,0.1701503,0.1793642,-1.085403,-0.01240574,-0.00758238,-0.03994004,8.221982,0.1723887,-1.321646,41.625,-0.125,7.375,-13.12533,-84.08414,-178.4598,0.7387491,0.6663688,0.07592802,0.06661379
29234,0.1699611,0.1792713,-1.086097,-0.01466458,-0.007197907,-0.05382503,8.566759,-0.05267432,-1.139681,23.5,4.25,11.5,-14.61981,-84.09618,-176.9464,0.7385565,0.6665924,0.07674956,0.0655617
29245,0.1697698,0.1791739,-1.086954,-0.01457343,-0.007420848,-0.06531494,8.787034,-0.07182861,-0.9625034,1.25,5.875,15.5,-16.69205,-84.15594,-175.1499,0.737831,0.667009,0.07958443,0.06611145
29257,0.1695928,0.179052,-1.087925,-0.01382853,-0.009520677,-0.07585213,8.849285,0.03830859,-0.8763091,-7.125,4.875,15.875,-18.57249,-84.2107,-173.6469,0.7370613,0.6673254,0.08286858,0.06745596
29268,0.1694287,0.1788706,-1.089047,-0.01257095,-0.01389523,-0.08591931,8.911537,0.1819658,-0.7996919,-2,2.125,13,-19.84485,-84.24603,-172.6916,0.7364923,0.6674948,0.08543822,0.06877573
29280,0.1692782,0.1786103,-1.090291,-0.0114883,-0.01987371,-0.09498464,8.992943,0.2968916,-0.7949033,12.625,-2.25,8.75,-20.29606,-84.23431,-172.3649,0.7364182,0.6673934,0.0864519,0.06928618
29292,0.1690879,0.178225,-1.091805,-0.0132214,-0.02677449,-0.1052106,8.954634,0.3639317,-1.000812,30,-5.75,5.375,-20.06727,-84.1417,-172.4786,0.7370463,0.6668633,0.08577636,0.0685451
29303,0.1688775,0.1778346,-1.093225,-0.01693195,-0.03141268,-0.1142251,8.916326,0.2968916,-1.216298,46.875,-6.625,3.125,-19.65246,-84.02135,-172.5826,0.7379748,0.666272,0.0838827,0.06662213
29315,0.168603,0.1774055,-1.094826,-0.02082688,-0.03255491,-0.1214622,9.079137,0.004788574,-1.312069,55.125,-5.625,1.125,-19.43538,-83.89516,-172.3576,0.738975,0.6657605,0.08135361,0.06372377
29326,0.1682733,0.1770153,-1.09643,-0.0255076,-0.03019007,-0.1241371,9.399971,-0.2633716,-1.484458,51.75,-3.375,-0.125,-19.46156,-83.78078,-171.9389,0.7398308,0.6653177,0.07925358,0.06100474
29338,0.1678367,0.176687,-1.098049,-0.03268784,-0.02458127,-0.1212236,9.792634,-0.483646,-1.762195,38,0.25,0.375,-19.83826,-83.67575,-171.3396,0.7404788,0.6648691,0.07836127,0.05915978
29349,0.1673333,0.1764539,-1.099504,-0.0397166,-0.0183854,-0.1147797,10.07516,-0.5650518,-1.829235,20.25,5.125,1.25,-20.43536,-83.63412,-170.757,0.7406037,0.6646983,0.07890323,0.05879263
29361,0.1667341,0.1762852,-1.100911,-0.04543122,-0.01279778,-0.106694,10.19487,-0.5315318,-1.704732,4,9,1.125,-21.07912,-83.66342,-170.3433,0.7402055,0.6648373,0.08061675,0.05990231
29372,0.1661006,0.1761624,-1.102173,-0.04974801,-0.00964217,-0.09906298,10.19966,-0.3735088,-1.565864,-3.875,10.25,0,-21.42296,-83.73156,-170.3224,0.7395895,0.6650976,0.08260609,0.06187725
29384,0.1653951,0.1760661,-1.103397,-0.0531781,-0.00725314,-0.09224796,10.12783,-0.3112573,-1.450938,-3.875,10.125,-2.375,-21.4379,-83.82101,-170.6426,0.7389015,0.6654167,0.08441721,0.06417937
29395,0.1646743,0.1760165,-1.104521,-0.05562523,-0.003829311,-0.08672921,10.04643,-0.3926631,-1.379109,-2.75,9.25,-5.25,-21.21998,-83.90738,-171.1703,0.7382773,0.6656907,0.08594113,0.06645788
29406,0.1639349,0.1760236,-1.105573,-0.05765453,0.0005505031,-0.08203749,9.988966,-0.4549146,-1.350378,-3.625,8.125,-8.375,-20.70168,-83.98357,-172.0035,0.7377473,0.665846,0.08732776,0.0689347
29418,0.1631681,0.1760878,-1.106584,-0.0592493,0.004964914,-0.07818375,9.926715,-0.4357603,-1.302492,-2.75,6.625,-11.5,-19.75696,-84.04948,-173.2524,0.7373324,0.6658833,0.08840988,0.07158284
29429,0.1623756,0.1762255,-1.107585,-0.05994186,0.01041078,-0.07566863,9.826155,-0.4884346,-1.235452,-2.875,4.625,-14.875,-18.43556,-84.09821,-174.883,0.7370405,0.6657692,0.08932032,0.0744618
29441,0.1616145,0.1764408,-1.108538,-0.05931896,0.01678281,-0.07427048,9.754326,-0.5602632,-1.149258,-6.75,2.625,-17.375,-16.9609,-84.12778,-176.7048,0.7368186,0.6655072,0.09038553,0.07764702
29452,0.1608632,0.1767463,-1.109485,-0.0577704,0.02349158,-0.07283305,9.763903,-0.5554746,-1.091795,-9.625,-0.375,-20.5,-15.08582,-84.123,-178.9666,0.7367656,0.6649821,0.09146402,0.08129934
29464,0.1608632,0.1767463,-1.109485,0,0,0,9.835732,-0.5315318,-1.077429,-9,-3.625,-23.75,-12.77897,-84.06974,178.3415,0.736968,0.6641578,0.09227853,0.08519044
29476,0.1608632,0.1767463,-1.109485,0,0,0,9.811789,-0.5267432,-1.048698,-9.875,-7.125,-26.75,-10.18998,-83.96002,175.351,0.7374227,0.6630026,0.09298436,0.089383
29487,0.1608632,0.1767463,-1.109485,0,0,0,9.615458,-0.450126,-1.029544,-10,-10.25,-29,-7.550114,-83.79869,172.3237,0.738095,0.6616002,0.09350178,0.09358602
29499,0.1608632,0.1767463,-1.109485,0,0,0,9.395183,-0.3639317,-1.039121,-6.125,-12.75,-31.625,-4.742109,-83.57887,169.1751,0.7390389,0.659946,0.0935124,0.09771481
29510,0.1608632,0.1767463,-1.109485,0,0,0,9.294622,-0.292103,-1.063064,-1.5,-14.75,-33.5,-1.862425,-83.29784,166.0055,0.7402524,0.6580476,0.0930015,0.1017374
29523,0.1608632,0.1767463,-1.109485,0,0,0,9.385606,-0.2346401,-1.101372,1.375,-16.125,-33.75,0.5572467,-83.00562,163.3545,0.7414937,0.6561971,0.09231456,0.1052166
29534,0.1608632,0.1767463,-1.109485,0,0,0,9.548417,-0.191543,-1.197144,4.625,-16.875,-33.125,2.727748,-82.67689,160.9869,0.7428971,0.6542012,0.09143282,0.1084655
29546,0.1608632,0.1767463,-1.109485,0,0,0,9.730383,-0.1771773,-1.288126,9,-17.125,-32,4.457722,-82.35186,159.1236,0.7443146,0.6522911,0.09040211,0.111085
29557,0.1608632,0.1767463,-1.109485,0,0,0,9.854886,-0.2011201,-1.302492,13.875,-17.125,-30.875,6.000661,-82.00817,157.5036,0.745851,0.6503326,0.08906409,0.1133201
29569,0.1608632,0.1767463,-1.109485,0,0,0,9.965023,-0.1723887,-1.312069,20.875,-17.375,-30.125,7.250215,-81.69078,156.2728,0.7473389,0.6486023,0.08737735,0.1147385
29581,0.1608632,0.1767463,-1.109485,0,0,0,9.912349,-0.1484458,-1.407841,28.125,-17,-29.125,8.305337,-81.36999,155.3319,0.7489416,0.646911,0.08524261,0.1154397
29592,0.1608632,0.1767463,-1.109485,0,0,0,9.663342,-0.1819658,-1.589807,33.75,-14.625,-27.625,9.108154,-81.06869,154.7164,0.7505438,0.6453531,0.08290353,0.1154572
29603,0.1608632,0.1767463,-1.109485,0,0,0,9.481377,-0.2777373,-1.733464,33.5,-9.25,-25.375,9.72215,-80.83228,154.2892,0.7518259,0.6441647,0.0808294,0.1152226
29615,0.1608632,0.1767463,-1.109485,0,0,0,9.495743,-0.2968916,-1.776561,25.75,-2.625,-20.75,10.18137,-80.69669,153.9189,0.7525015,0.6435073,0.07963009,0.1153207
29626,0.1608632,0.1767463,-1.109485,0,0,0,9.534052,-0.2202744,-1.790927,13.875,3.75,-15.625,10.52952,-80.66468,153.5022,0.7524939,0.6433662,0.07961959,0.1161622
29638,0.1608632,0.1767463,-1.109485,0,0,0,9.514897,-0.05267432,-1.685578,7.75,9.625,-11,10.93108,-80.73003,152.9483,0.7518611,0.6438022,0.08022848,0.117418
29649,0.1608632,0.1767463,-1.109485,0,0,0,9.399971,0.1149258,-1.426995,9.25,13.5,-6.625,11.40443,-80.88542,152.3358,0.7507373,0.6448373,0.08089472,0.1184672
29661,0.1608632,0.1767463,-1.109485,0,0,0,9.20364,0.1819658,-1.211509,13.25,14.75,-3.25,11.82855,-81.09144,151.8206,0.74941,0.6462033,0.08146389,0.1190362
29672,0.1608632,0.1767463,-1.109485,0,0,0,9.036039,0.2537944,-1.120526,14.25,15.125,1.5,12.02267,-81.32993,151.5427,0.7479936,0.647696,0.08228533,0.1192672
29684,0.1608819,0.1767742,-1.109618,0.001436572,0.002134388,-0.01015787,8.844497,0.3112573,-1.173201,12.75,15.375,7.125,11.81468,-81.58434,151.642,0.7465927,0.6491365,0.08363609,0.1192736
29696,0.1608929,0.1768111,-1.109932,0.0007941636,0.002670181,-0.02271987,8.696051,0.4357603,-1.235452,14.875,16.625,12.75,11.25482,-81.87482,152.1105,0.7451131,0.6507095,0.08524816,0.1188121
29707,0.1608976,0.1768254,-1.110394,0.0003572188,0.001097283,-0.03538755,8.638588,0.5458975,-1.134892,22.25,17.75,17,10.56865,-82.18418,152.8017,0.743645,0.6524491,0.0864219,0.1176159
29719,0.1609139,0.1768074,-1.111048,0.001240416,-0.001374767,-0.04988662,8.523663,0.5315318,-0.967292,29.375,17.5,20.875,9.560978,-82.52946,153.9036,0.7421246,0.654418,0.08736096,0.1155689
29731,0.160957,0.1767509,-1.111927,0.003278467,-0.004298127,-0.06675266,8.36564,0.4788574,-0.8188462,32.75,16.125,25,8.044029,-82.89458,155.5553,0.7405999,0.656464,0.08840666,0.112921
29742,0.1610223,0.17665,-1.113,0.005152823,-0.007954283,-0.0847057,8.236348,0.483646,-0.7613833,31.875,14.375,29.375,6.005938,-83.23879,157.708,0.7391911,0.6583276,0.08979128,0.1101763
29753,0.1611022,0.1764768,-1.114372,0.006087867,-0.01320287,-0.1045171,8.140576,0.5458975,-0.7661719,28.5,12.625,35,3.135047,-83.57307,160.6478,0.7378139,0.6600598,0.09185153,0.1073088
29765,0.1611851,0.1762124,-1.115986,0.006337631,-0.02021014,-0.1233881,8.207617,0.6273032,-0.7613833,28.625,11.125,39,-0.3365934,-83.87359,164.1856,0.7365364,0.661653,0.09410261,0.104279
29777,0.1612908,0.1757814,-1.118061,0.007192881,-0.0293236,-0.1411693,8.451834,0.6225147,-0.7039204,39.125,8.125,41.25,-4.951534,-84.15266,169.0266,0.7353948,0.6633614,0.09592942,0.0997183
29789,0.1614105,0.1752941,-1.120103,0.009028138,-0.03675035,-0.1540636,8.700839,0.4692803,-0.6560347,53.75,4.125,40.375,-9.573068,-84.32187,174.0472,0.734773,0.6647599,0.09650151,0.09428892
29801,0.1615566,0.1747427,-1.122227,0.0112753,-0.04254759,-0.1638589,8.921114,0.2729487,-0.6704004,62.375,0,39.125,-14.3969,-84.39038,179.3747,0.7345514,0.6658479,0.09646939,0.08817263
29812,0.1617219,0.1741368,-1.124439,0.01275996,-0.04677499,-0.1707439,9.1366,0.08619434,-0.7853262,61.125,-3.875,38.875,-19.39392,-84.34628,-175.1397,0.7346687,0.6664788,0.09665897,0.08200654
29824,0.161883,0.173494,-1.126701,0.01246879,-0.04976792,-0.1751466,9.308989,-0.06225147,-0.9720806,51.125,-5.75,39.875,-24.39009,-84.20313,-169.7855,0.7349437,0.6666675,0.0977722,0.07650355
29835,0.1620301,0.1727986,-1.129024,0.011231,-0.05310694,-0.177425,9.467011,-0.1149258,-1.067852,38.75,-6.25,40.25,-29.1118,-83.99661,-164.8633,0.7351932,0.6665906,0.09984959,0.07195914
29847,0.1621645,0.1720263,-1.131329,0.01031988,-0.05928506,-0.1769017,9.692075,0.004788574,-1.029544,32.25,-7.25,38.875,-33.02193,-83.76836,-160.8391,0.7354199,0.666385,0.1021011,0.0682941
29858,0.1622874,0.1711422,-1.133597,0.009457673,-0.06802054,-0.1745194,9.845308,0.1197144,-1.015178,37.125,-9.75,35.625,-35.9537,-83.51677,-157.7289,0.7358817,0.6660157,0.1035492,0.06464244
29870,0.1623926,0.1701397,-1.13583,0.008102063,-0.07724963,-0.1720372,9.850098,0.1053486,-1.072641,49.5,-12.625,30.5,-37.91472,-83.24117,-155.4256,0.7367365,0.6654621,0.1036102,0.06036906
29881,0.1623926,0.1701397,-1.13583,0,0,0,9.754326,-0.009577149,-1.130104,58.25,-13.75,26,-39.26299,-82.95953,-153.6166,0.7378047,0.6648341,0.1026934,0.05562523
29893,0.1623926,0.1701397,-1.13583,0,0,0,9.663342,-0.1484458,-1.144469,59.5,-14.125,21.625,-40.23507,-82.66827,-152.1259,0.7390162,0.6641008,0.101289,0.05065402
29905,0.1623926,0.1701397,-1.13583,0,0,0,9.577148,-0.2011201,-1.221087,53.625,-13.625,19.5,-40.87247,-82.40369,-151.0784,0.7401376,0.6633027,0.1002471,0.04665226
29916,0.1623926,0.1701397,-1.13583,0,0,0,9.462223,-0.1819658,-1.245029,45.625,-12.25,18,-41.31697,-82.17427,-150.3395,0.7411009,0.6625228,0.09964933,0.04362343
29928,0.1623926,0.1701397,-1.13583,0,0,0,9.37124,-0.1628115,-1.087006,37.875,-10.75,16.5,-41.73823,-81.991,-149.7152,0.7418041,0.6619159,0.09941883,0.04135217
29939,0.1623926,0.1701397,-1.13583,0,0,0,9.318565,-0.1532344,-0.9146177,32,-10.375,14.5,-42.06451,-81.8541,-149.2619,0.7423024,0.6614544,0.09940593,0.03979684
29951,0.1624448,0.1700058,-1.135911,0.00372451,-0.00955063,-0.005806278,9.261103,-0.1676001,-0.8236348,24.875,-11.5,12.75,-42.25486,-81.72073,-149.0322,0.7428166,0.6608705,0.09979682,0.03891312
29964,0.162559,0.1697302,-1.136084,0.008245611,-0.01988842,-0.01250601,9.20364,-0.1197144,-0.7613833,18.125,-13.125,11.125,-42.20711,-81.59739,-149.1327,0.7433788,0.6601342,0.1005132,0.03883177
29975,0.1627298,0.1693334,-1.136344,0.01309576,-0.03043443,-0.0199456,9.127023,-0.06225147,-0.7134976,17.75,-15.375,8.75,-41.85585,-81.48558,-149.5358,0.7440543,0.6592943,0.1009572,0.03901308
29987,0.1629511,0.1688007,-1.136713,0.01703342,-0.04099426,-0.02837058,9.040829,-0.03352002,-0.7949033,23.75,-17.25,5.375,-41.11699,-81.3673,-150.2457,0.7449988,0.6582765,0.1006577,0.03894607
29998,0.1632125,0.168107,-1.13718,0.01958586,-0.05197688,-0.03494953,9.179697,0,-0.9529263,35.5,-18.125,1.25,-39.93449,-81.24579,-151.2388,0.7462519,0.657139,0.09908587,0.03818807
30010,0.1634784,0.1673397,-1.137653,0.021085,-0.0608426,-0.03756392,9.43828,-0.1101372,-1.115738,46.75,-18,-2.375,-38.64438,-81.12832,-152.2049,0.7475834,0.6560793,0.09660874,0.03668507
30021,0.1637611,0.1664474,-1.138128,0.02159898,-0.06818759,-0.03630277,9.711228,-0.2394287,-1.292915,54.25,-16.5,-6,-37.19264,-81.01681,-153.219,0.7489952,0.6550596,0.09329537,0.03462797
30032,0.1640269,0.1654513,-1.138569,0.02046946,-0.07669161,-0.03390098,9.787846,-0.1053486,-1.441361,63.5,-13.5,-10.625,-35.39766,-80.95667,-154.4588,0.7503471,0.6542529,0.08882423,0.03228943
30044,0.1642637,0.1642832,-1.139014,0.01787463,-0.08819076,-0.03357727,9.629823,0.1723887,-1.517978,82.5,-10.625,-16.75,-32.96208,-80.96214,-156.0753,0.7517042,0.653731,0.08207098,0.0290012
30055,0.1644474,0.1630307,-1.139474,0.01442721,-0.09833463,-0.0361581,9.385606,0.1628115,-1.589807,103.5,-6.375,-21,-30.4358,-81.01301,-157.5446,0.7528266,0.6536225,0.07372496,0.02438116
30067,0.1646014,0.1616811,-1.140013,0.01182326,-0.1036242,-0.04135826,9.17012,-0.1963315,-1.54671,98.375,-1,-20.375,-28.42011,-81.09682,-158.5442,0.7534386,0.6539056,0.06595914,0.0196773
30078,0.1647415,0.1603079,-1.140648,0.01080554,-0.1059536,-0.04901995,8.983365,-0.4070288,-1.412629,62.25,5.5,-13.875,-27.36714,-81.22488,-159.0593,0.7532853,0.6545669,0.0616539,0.01738347
30090,0.1648859,0.158847,-1.141437,0.01093419,-0.1105899,-0.05969454,8.796611,-0.2154858,-1.254606,23.875,10.125,-6.75,-26.867,-81.40568,-159.5281,0.752547,0.6554954,0.06060145,0.01806051
30101,0.1650579,0.1573302,-1.142362,0.01340224,-0.1182242,-0.07212754,8.681685,0.04309717,-0.9960235,-31.875,11.875,-2.125,-26.61902,-81.62905,-160.4674,0.7513522,0.6563936,0.06381126,0.02335537
30113,0.1652981,0.1556583,-1.143462,0.01846753,-0.1284917,-0.08451527,8.739148,0.2346401,-0.7470176,-4.875,10.25,-1.625,-26.2426,-81.87842,-161.1941,0.7501009,0.6575927,0.06492397,0.02655997
30124,0.165613,0.1538518,-1.14468,0.02435756,-0.1397406,-0.09420107,8.954634,0.3256231,-0.6704004,3.5,6.125,-3.5,-25.50556,-82.0951,-162.1682,0.7491394,0.6585484,0.06520106,0.02920787
30136,0.1660145,0.1518542,-1.146033,0.03027728,-0.1506666,-0.1020983,9.10308,0.3064688,-0.6895547,17.25,0.5,-6,-24.35889,-82.24586,-163.3714,0.7486697,0.659098,0.0642951,0.0308168
30147,0.1664584,0.1498291,-1.147427,0.03481625,-0.158812,-0.1092916,9.112657,0.1628115,-0.8044805,25.625,-4,-8,-23.07523,-82.31208,-164.5986,0.7486919,0.6591775,0.06283024,0.03159093
30158,0.1669475,0.1476843,-1.148933,0.03749249,-0.1644145,-0.1154921,9.17012,0,-1.000812,28.375,-7.375,-9.625,-21.67438,-82.30048,-165.9023,0.7491508,0.6587886,0.06119439,0.03203249
30170,0.1674692,0.1454066,-1.150521,0.03911777,-0.1707907,-0.1190511,9.366451,0.08619434,-1.120526,33.125,-9.5,-12,-19.88028,-82.25166,-167.5322,0.7499008,0.6581302,0.05891172,0.03229496
30182,0.1680223,0.1429893,-1.152118,0.04077818,-0.1782277,-0.1177508,9.725595,0.1867544,-1.182778,51.5,-11.625,-16.125,-17.56295,-82.17893,-169.43,0.7509251,0.6573695,0.05474446,0.03130307
30194,0.1685623,0.1406256,-1.15357,0.0413114,-0.1808225,-0.1110693,10.10868,-0.1245029,-1.388687,71.75,-13.25,-21,-15.24251,-82.06073,-171.0737,0.7522056,0.6564726,0.04910989,0.02861373
30205,0.1691269,0.1382814,-1.154884,0.04274048,-0.1774468,-0.09946686,10.46303,-0.5602632,-1.446149,70.75,-13.5,-23.125,-13.2295,-81.92712,-172.4093,0.753454,0.6555439,0.04368861,0.02570093
30218,0.1698226,0.1357704,-1.156119,0.04767427,-0.1720782,-0.084654,10.62585,-0.6608232,-1.273761,50.75,-13.75,-22,-11.34234,-81.79852,-173.8393,0.7545522,0.654599,0.03957486,0.02418785
30230,0.170522,0.1335235,-1.157121,0.05312334,-0.1706716,-0.07609617,10.28107,-0.3639317,-1.149258,34,-15.125,-19.875,-9.638507,-81.67509,-175.3553,0.7554992,0.6536449,0.03710489,0.02434314
30241,0.1713009,0.1312249,-1.15811,0.05857772,-0.1728662,-0.0743828,9.768692,-0.04309717,-1.082218,35.25,-16.75,-19.875,-7.682498,-81.52987,-177.1079,0.7565569,0.6525628,0.03428243,0.02465841
30253,0.1721148,0.1289835,-1.15908,0.06381472,-0.1757421,-0.07604588,9.510109,0.06225147,-1.067852,46.875,-18.25,-21.625,-5.650885,-81.36633,-178.7953,0.7577003,0.6514398,0.03053341,0.02416862
30264,0.173004,0.1266869,-1.160097,0.06891125,-0.1779716,-0.07882575,9.419126,0.05267432,-1.106161,58.875,-19.125,-22.875,-3.611525,-81.17804,179.6701,0.7589568,0.6502339,0.02580159,0.02268717
30276,0.1739946,0.1243297,-1.161191,0.07454694,-0.1773926,-0.08232293,9.37124,-0.1292915,-1.115738,66.625,-19.5,-23.5,-1.760784,-80.97466,178.4454,0.7602547,0.6489847,0.02049217,0.020292
30287,0.17501,0.12209,-1.162304,0.07909721,-0.1744579,-0.08669438,9.280257,-0.2825259,-1.211509,63.375,-18.75,-22.75,-0.2784567,-80.77248,177.5278,0.7614806,0.6477442,0.01582812,0.01800578
30298,0.1760583,0.1198975,-1.163503,0.08113819,-0.1697152,-0.09283012,9.112657,-0.3926631,-1.417418,47.375,-15.625,-19.375,0.7630228,-80.57815,176.8466,0.7626044,0.646525,0.01271488,0.01668369
30310,0.1771554,0.1177152,-1.16482,0.08281884,-0.1647377,-0.09940542,9.083925,-0.3830859,-1.465304,25.25,-10.875,-14.625,1.429478,-80.44019,176.2521,0.7633653,0.6456414,0.01159433,0.01691686
30321,0.1782636,0.1156593,-1.166163,0.08645643,-0.1603836,-0.1047256,9.189274,-0.3399888,-1.331224,1.5,-6.5,-8.625,1.661741,-80.3936,175.7785,0.7635785,0.6453171,0.01270021,0.01877721
30333,0.1794606,0.1136247,-1.167581,0.0919857,-0.1563571,-0.1090445,9.294622,-0.3064688,-1.206721,-15.75,-4.625,-4.375,1.60781,-80.39727,175.3581,0.7634765,0.6452804,0.01542834,0.02188108
30344,0.1807594,0.1115832,-1.169082,0.09758675,-0.1533968,-0.1127368,9.347297,-0.2106973,-1.216298,-26,-4.25,-1.625,1.418066,-80.40739,174.922,0.7633003,0.6452423,0.01915177,0.02585157
30356,0.1820215,0.1096852,-1.170573,0.1000946,-0.1505282,-0.1182667,9.150966,-0.1963315,-1.412629,-28.625,-3.125,-0.375,1.132736,-80.39814,174.5802,0.7632168,0.6450489,0.02297285,0.02973726
30367,0.1833135,0.1077956,-1.172217,0.09938816,-0.1453483,-0.126503,8.916326,-0.3447773,-1.64727,-34,0.875,0.75,0.6004246,-80.40089,174.3979,0.7630335,0.6448789,0.0275451,0.03394677
30379,0.1845869,0.105988,-1.17398,0.09744028,-0.138323,-0.1349059,8.892383,-0.4692803,-1.74783,-50.125,7.875,3.125,-0.2044658,-80.48293,174.2738,0.7623172,0.6451347,0.03362837,0.03927934
30390,0.1858516,0.1042579,-1.175869,0.09574215,-0.1309714,-0.1429777,8.930691,-0.483646,-1.719098,-73.125,15.125,7.25,-1.313128,-80.67091,174.1361,0.760841,0.6459249,0.04182837,0.04639441
30401,0.1870581,0.1026967,-1.17778,0.0951883,-0.1231686,-0.1507703,8.945057,-0.5506861,-1.618538,-98.125,21,11.75,-2.768149,-80.94389,174.0754,0.7586753,0.6470697,0.05188413,0.05495914
30413,0.1883513,0.1011457,-1.179817,0.09876953,-0.1184657,-0.1555878,9.246737,-0.3447773,-1.264184,-117.625,23.375,15.125,-4.317888,-81.31573,173.7978,0.7556375,0.6485786,0.0637586,0.06551924
30424,0.1897338,0.09955458,-1.181846,0.1053129,-0.1211985,-0.1545486,9.735171,0.1819658,-0.9481377,-103.375,18.625,11.75,-5.072317,-81.66252,172.9035,0.7526579,0.6498685,0.07384259,0.07565851
30437,0.1913161,0.09768255,-1.183994,0.1106227,-0.1308836,-0.1501581,9.950658,0.7039204,-0.9577149,-38.5,9,-1.25,-4.154941,-81.86117,171.1244,0.7509063,0.6506311,0.07796541,0.0820987
30448,0.192742,0.09594032,-1.185819,0.1139971,-0.1392891,-0.1458648,9.969811,0.7661719,-1.053486,38.375,0.5,-15.625,-2.181312,-81.87665,169.3702,0.7508764,0.6509787,0.07500096,0.08237945
30460,0.1942913,0.09408584,-1.187699,0.1173988,-0.1405225,-0.1425179,9.874041,0.2394287,-1.192355,96.875,-6.125,-25.625,0.06666728,-81.76685,168.1401,0.7520367,0.6510649,0.06718262,0.07772974
30471,0.1958347,0.09235222,-1.18953,0.1197216,-0.1344728,-0.1420216,9.648977,-0.2825259,-1.364744,112.875,-9,-28.625,1.824394,-81.60027,167.5916,0.7535891,0.650815,0.05862716,0.07145825
30483,0.1974166,0.09070787,-1.191466,0.1186682,-0.1233571,-0.1452525,9.332932,-0.5985718,-1.656847,99.125,-7.875,-26.625,3.012789,-81.40993,167.4737,0.755163,0.6502216,0.05131366,0.06563205
30494,0.1988955,0.08929485,-1.193374,0.1162949,-0.1111123,-0.1500299,9.184485,-0.7134976,-1.771773,69.25,-3.25,-21.375,3.62235,-81.28806,167.504,0.7561281,0.6497746,0.04701427,0.06207333
30505,0.2004114,0.08799595,-1.195364,0.1168686,-0.1001391,-0.1534069,9.332932,-0.6273032,-1.541921,31.75,2,-14.125,3.880806,-81.28922,167.4046,0.7561722,0.6498816,0.04587368,0.06126259
30517,0.2019735,0.08678918,-1.197355,0.1209928,-0.09346765,-0.1542252,9.567572,-0.3304116,-1.240241,8.5,3.125,-8.875,4.094911,-81.35939,167.0395,0.7556673,0.6503094,0.04659796,0.06239592
30528,0.2036632,0.08557961,-1.199429,0.1269688,-0.09089033,-0.1558164,9.529263,-0.02394287,-1.043909,5,0.375,-6.375,4.394945,-81.42004,166.5301,0.7551689,0.6506624,0.04757063,0.06399655
30540,0.2053553,0.08443519,-1.201472,0.1331047,-0.09002706,-0.1607111,9.270679,0.09577148,-0.9481377,17.125,-3.375,-7.25,4.806011,-81.43295,166.0716,0.7550095,0.6507874,0.04747858,0.06467117
30551,0.2071793,0.08327954,-1.203671,0.1398694,-0.08861658,-0.168584,9.059982,0.05267432,-0.8906748,33,-7.25,-9.5,5.290345,-81.39657,165.7473,0.7552288,0.6506898,0.04609005,0.06409358
30563,0.2090862,0.08217302,-1.205984,0.1466605,-0.08510327,-0.1779693,8.945057,-0.1053486,-0.9050406,43.75,-10.625,-11.25,5.662382,-81.31522,165.6775,0.7557921,0.6503367,0.04394463,0.06252494
30574,0.2110643,0.08114063,-1.208411,0.1524777,-0.07957978,-0.18707,8.954634,-0.2442173,-1.019966,42.375,-12.875,-11.375,5.817201,-81.19485,165.8081,0.7565932,0.6496835,0.04204931,0.06090915
30585,0.213084,0.08016783,-1.210934,0.1552785,-0.07479046,-0.1939099,9.088714,-0.1436572,-1.288126,34.875,-12.625,-9.875,5.900138,-81.04156,165.912,0.7575334,0.6487634,0.04074325,0.05991066
30597,0.2151105,0.07922643,-1.213518,0.1554514,-0.07221512,-0.1982443,9.241948,0.06704004,-1.513189,34.75,-10,-8.75,6.107011,-80.88945,165.8887,0.7584416,0.647867,0.03933858,0.05905314
30608,0.217148,0.07831287,-1.216136,0.1564786,-0.07016128,-0.201093,9.361663,0.1053486,-1.474881,41.75,-6.625,-8,6.36703,-80.79372,165.9027,0.7590684,0.6473774,0.0374303,0.05759139
30620,0.2192064,0.07745253,-1.218763,0.1597678,-0.06677513,-0.2038564,9.395183,-0.02394287,-1.321646,44.375,-4.5,-7,6.502786,-80.75967,166.0727,0.7593848,0.6472757,0.03553246,0.05573445
30631,0.2213485,0.07663458,-1.221481,0.1637801,-0.06253955,-0.2078021,9.318565,-0.1005601,-1.264184,38.75,-2.5,-5.125,6.473665,-80.76743,166.338,0.7594602,0.6473932,0.03423537,0.05413263
30643,0.223517,0.07587129,-1.224259,0.1667313,-0.05868723,-0.2135786,9.165331,-0.07661719,-1.312069,30.375,0,-2.875,6.326976,-80.8018,166.6088,0.7593518,0.6476304,0.03371495,0.05313126
30654,0.2257559,0.07513241,-1.227173,0.1697925,-0.05603557,-0.2210454,9.045617,0.004788574,-1.264184,23.25,3.25,-0.75,6.161412,-80.88578,166.8036,0.7589254,0.6481615,0.03380043,0.05269166
30666,0.2281493,0.07438605,-1.230322,0.1743464,-0.05436715,-0.2293876,9.021674,0.06225147,-1.130104,18.125,5.375,0.75,5.997858,-81.02345,166.9249,0.7581642,0.6490245,0.03434206,0.0526772
30678,0.2304933,0.07367981,-1.233418,0.1795714,-0.05410588,-0.2371577,9.045617,0.1484458,-1.029544,16.375,5.875,1.625,5.89158,-81.17306,166.9659,0.7573151,0.6499668,0.03496856,0.05286088
30689,0.2329061,0.07296398,-1.236611,0.184919,-0.05486159,-0.2447081,9.064771,0.2202744,-0.9912349,20.5,5.25,1.25,5.887401,-81.31339,166.9579,0.7565244,0.6508801,0.03518783,0.05279979
30702,0.2357021,0.07216316,-1.240349,0.1896908,-0.05432894,-0.2536048,9.031251,0.1292915,-1.063064,24.375,5,0.5,5.819325,-81.45188,167.0715,0.755779,0.6517885,0.03513462,0.05230144
30714,0.2382677,0.07147052,-1.243819,0.1932196,-0.05216457,-0.261304,9.050406,0,-1.120526,17.5,5.875,2,5.487977,-81.5845,167.3531,0.7550596,0.6525906,0.03585133,0.05220452
30726,0.2408338,0.07082214,-1.247285,0.1975112,-0.04990612,-0.2668576,9.213217,-0.02873145,-1.058275,0.75,6.75,5.5,4.859601,-81.74525,167.712,0.7541162,0.6534669,0.03810012,0.05327483
30737,0.2434581,0.07018345,-1.250796,0.202355,-0.04924748,-0.2706764,9.352086,0.07661719,-0.9960235,-11.375,5.875,8.125,4.103547,-81.90564,168.0378,0.7531019,0.6542689,0.04136057,0.05530851
30748,0.2461172,0.06952826,-1.25432,0.206165,-0.05079757,-0.2732168,9.43828,0.2490059,-1.043909,-8.875,4.25,7.875,3.510172,-82.02806,168.2336,0.7522829,0.6548496,0.04424593,0.05731257
30760,0.2488637,0.0688339,-1.257911,0.2095557,-0.05298008,-0.2740387,9.567572,0.2968916,-1.077429,5.625,2.625,5.25,3.159201,-82.11676,168.3723,0.7517109,0.6553067,0.04583053,0.05834005
30771,0.251636,0.06812824,-1.261458,0.2131557,-0.05425688,-0.2727092,9.735171,0.225063,-1.082218,20.125,1.125,2.375,2.969015,-82.18036,168.5434,0.7513606,0.6556931,0.04615058,0.05825789
30783,0.2544423,0.06741419,-1.264962,0.2166023,-0.05511333,-0.2704393,9.807,0.191543,-1.101372,27.125,-0.25,0.875,2.855559,-82.21992,168.73,0.7511839,0.6559694,0.04585812,0.05765489
30794,0.2573022,0.06668811,-1.26845,0.2198728,-0.05582253,-0.2681395,9.807,0.1771773,-1.115738,32.625,-1.75,0,2.781054,-82.2356,168.9501,0.7511747,0.6561219,0.0450987,0.05662741
30806,0.2573022,0.06668811,-1.26845,0,0,0,9.874041,0.2059087,-1.110949,38.75,-3.125,-1.125,2.825326,-82.23155,169.132,0.7513039,0.6561874,0.04376392,0.05518448
30818,0.2573022,0.06668811,-1.26845,0,0,0,9.9746,0.2968916,-1.149258,48.625,-4.875,-3.125,3.144755,-82.19093,169.1966,0.7516845,0.6560965,0.04126754,0.05296034
30830,0.2573022,0.06668811,-1.26845,0,0,0,9.969811,0.2968916,-1.201932,60.375,-6.375,-4.625,3.54472,-82.12363,169.3076,0.7522551,0.6558754,0.03795532,0.04999178
30841,0.2573022,0.06668811,-1.26845,0,0,0,9.897983,0.2442173,-1.225875,65.25,-6.75,-4.625,3.871092,-82.05179,169.543,0.7528656,0.6556181,0.03440792,0.04663116
30852,0.2573022,0.06668811,-1.26845,0,0,0,9.768692,0.225063,-1.211509,62.375,-6.375,-3.625,4.107081,-81.98776,169.8436,0.7534148,0.655378,0.03108685,0.04335316
30864,0.2573022,0.06668811,-1.26845,0,0,0,9.514897,0.2490059,-1.221087,58.25,-5.5,-2.25,4.264135,-81.93277,170.1689,0.7538864,0.6551598,0.02815033,0.04035569
30876,0.2573022,0.06668811,-1.26845,0,0,0,9.141388,0.2154858,-1.307281,53.125,-3.5,-1,4.297838,-81.88335,170.5865,0.7543169,0.6549451,0.02550413,0.03745146
30887,0.2573022,0.06668811,-1.26845,0,0,0,8.921114,0.1963315,-1.379109,48.125,0,-0.875,4.34514,-81.86868,170.8776,0.7545022,0.6549268,0.02351787,0.03527481
30899,0.2573022,0.06668811,-1.26845,0,0,0,8.878016,0.3878745,-0.9912349,47,1,-1.375,4.758785,-81.92329,170.7979,0.7542493,0.6553926,0.02129143,0.03339526
30911,0.2573637,0.06663331,-1.268537,0.004669249,-0.004157489,-0.006607601,9.1366,0.4070288,-0.933772,48,-0.75,-1.375,5.174282,-81.96758,170.7306,0.754052,0.6557879,0.01897631,0.03142801
30923,0.257453,0.06654969,-1.268727,0.006336709,-0.005935587,-0.01350983,9.117445,0.2298516,-1.182778,42.375,-1.375,-0.125,5.21587,-81.96951,170.9833,0.7541147,0.6558516,0.01725786,0.02952553
30934,0.2575234,0.06645463,-1.269007,0.005585994,-0.007542423,-0.02223495,8.892383,0.2346401,-1.331224,36.75,0.75,0,5.258236,-81.96969,171.1337,0.7541576,0.6558856,0.0161185,0.0282932
30946,0.257597,0.06631791,-1.269422,0.00554052,-0.0102842,-0.03121483,8.916326,0.3112573,-1.268972,38.625,2.375,-1.5,5.574603,-81.99712,171.0461,0.7540233,0.6561294,0.01455937,0.02703778
30957,0.2576845,0.06615938,-1.26992,0.006880373,-0.01245962,-0.03909783,8.988154,0.2729487,-1.163624,41.625,2.875,-2.625,5.960763,-82.04579,170.9184,0.7537639,0.6565208,0.01278942,0.02562827
30969,0.2577931,0.06598303,-1.270552,0.008077922,-0.01311758,-0.04704439,9.016886,0.1532344,-1.182778,40.25,2.625,-3.375,6.289017,-82.09152,170.8469,0.7535229,0.6568834,0.01107833,0.02418069
30980,0.2578937,0.06581093,-1.271235,0.007854318,-0.01343791,-0.05332572,9.10308,0.1388687,-1.297704,38.125,3,-4.25,6.651041,-82.12102,170.7034,0.7533587,0.6571373,0.009545877,0.02302409
30991,0.2579657,0.06562385,-1.271989,0.00561012,-0.01458229,-0.05877516,9.146177,0.2154858,-1.455727,39.625,4.25,-4.75,7.134913,-82.1389,170.4577,0.7532457,0.6573301,0.007789686,0.02184824
31003,0.2579947,0.06542414,-1.272811,0.002247293,-0.01545604,-0.06362978,9.184485,0.2011201,-1.541921,45,6.375,-5.375,7.677247,-82.1699,170.226,0.7530591,0.657618,0.00558323,0.02023145
31015,0.2579989,0.06522702,-1.273692,0.0003169638,-0.01487504,-0.06643608,9.366451,0.09098291,-1.441361,52.125,8,-7,8.310138,-82.24165,170.0089,0.75264,0.6581817,0.002740997,0.01795638
31026,0.2579981,0.06506648,-1.274552,-6.324006E-05,-0.01252026,-0.06706227,9.548417,-0.04788574,-1.336012,56.625,7.625,-8.375,8.917673,-82.32455,169.8636,0.7521558,0.6588068,-0.0003299317,0.01533661
31037,0.2579896,0.06495635,-1.275405,-0.0006554219,-0.00846914,-0.06565933,9.70644,-0.1723887,-1.359955,58,6.625,-9.625,9.502036,-82.39372,169.768,0.7517431,0.6593275,-0.00354274,0.01253154
31049,0.257959,0.06490228,-1.27623,-0.002297485,-0.004066394,-0.0619998,9.864463,-0.1867544,-1.446149,57.5,6.25,-10.375,10.14471,-82.44646,169.6193,0.7514011,0.6597382,-0.006844903,0.009751463
31060,0.2579023,0.06489961,-1.276953,-0.004498552,-0.0002113187,-0.05729706,9.955446,-0.158023,-1.498824,56.875,5.875,-10.25,10.76205,-82.4844,169.4624,0.7511302,0.66004,-0.009946337,0.007182737
31072,0.2578196,0.06495731,-1.277637,-0.006352303,0.004434273,-0.0526001,9.950658,-0.2106973,-1.455727,53.75,5,-9.5,11.25863,-82.52039,169.3995,0.7508742,0.6603046,-0.0127972,0.004692222
31083,0.2577203,0.06507925,-1.278279,-0.007618616,0.009351611,-0.04918883,9.859674,-0.2346401,-1.388687,48.25,4.25,-8.375,11.61402,-82.55724,169.4061,0.7506235,0.6605523,-0.01512039,0.00255733
31095,0.2576063,0.06524931,-1.278914,-0.008609771,0.01284623,-0.04797291,9.692075,-0.1245029,-1.340801,45.375,3,-7.875,12.03157,-82.57912,169.3162,0.7504392,0.6607123,-0.01731069,0.0007124827
31107,0.2574772,0.06545424,-1.279589,-0.009438246,0.01498614,-0.0494122,9.495743,-0.0191543,-1.302492,46.75,1.125,-7.5,12.51452,-82.57551,169.1888,0.7503817,0.6607087,-0.01974311,-0.001233315
31118,0.2573337,0.06568709,-1.280292,-0.01096977,0.01779191,-0.05368246,9.270679,-0.08619434,-1.331224,45.5,-0.125,-6.375,12.74245,-82.55157,169.2845,0.7504735,0.6605328,-0.02181704,-0.003143756
31130,0.2571637,0.06595659,-1.281082,-0.01304596,0.02068647,-0.06062626,9.059982,-0.1053486,-1.350378,41.25,-0.25,-4.75,12.77218,-82.52357,169.5205,0.7506175,0.6603047,-0.02340659,-0.00482557
31142,0.2569559,0.06630268,-1.282095,-0.01410285,0.02348597,-0.06876945,9.050406,-0.07661719,-1.264184,34.75,-0.25,-2.75,12.65132,-82.51219,169.8436,0.7506908,0.6601701,-0.02449078,-0.006232285
31154,0.2567636,0.06665636,-1.283108,-0.01426244,0.02623707,-0.07515098,9.1366,-0.09577148,-1.216298,25.75,-1,0,12.24619,-82.50883,170.31,0.7507697,0.6600719,-0.02452741,-0.006950001
31166,0.2565772,0.06701586,-1.284134,-0.01454756,0.02805527,-0.0800561,9.222795,-0.04309717,-1.245029,18.375,-1.875,2.625,11.6652,-82.49572,170.8519,0.7509333,0.6599084,-0.02385607,-0.007138946
31177,0.2563851,0.06738614,-1.285225,-0.01485736,0.02863303,-0.08433447,9.270679,0.04309717,-1.264184,16.25,-3,4.5,10.99529,-82.46735,171.4521,0.7511932,0.6596442,-0.02295142,-0.007184909
31189,0.2561834,0.06775589,-1.286371,-0.01562454,0.02864525,-0.08882897,9.246737,0.07182861,-1.307281,17,-3.375,5.5,10.27108,-82.42804,172.1152,0.7515162,0.659305,-0.0220582,-0.007324732
31200,0.2559654,0.06812946,-1.287608,-0.01645564,0.02820048,-0.09334645,9.251526,0.09098291,-1.321646,18.25,-3.375,6.625,9.461926,-82.38683,172.8768,0.7518528,0.6589469,-0.02116927,-0.00762808
31212,0.2557507,0.06848219,-1.288863,-0.01671704,0.02745425,-0.0977199,9.256314,0.1005601,-1.288126,18.625,-3.375,7.75,8.611997,-82.35339,173.6842,0.7521414,0.6586415,-0.0202613,-0.008011713
31223,0.2555384,0.06883007,-1.290203,-0.01636904,0.02683393,-0.1033345,9.17012,0.07182861,-1.235452,17.75,-3.625,8.875,7.642948,-82.32412,174.598,0.75241,0.6583622,-0.01917276,-0.008420026
31235,0.2553419,0.06917029,-1.291639,-0.01508164,0.02610091,-0.1101653,9.088714,0.06225147,-1.158835,17.125,-4.375,9.375,6.640603,-82.29482,175.536,0.7526693,0.658094,-0.01799694,-0.008803272
31246,0.2551738,0.06949233,-1.293159,-0.01293477,0.02478423,-0.1170102,9.093503,0.09098291,-1.101372,18.875,-5.5,9.375,5.704738,-82.25874,176.4299,0.7529479,0.6577951,-0.01700029,-0.009281898
31257,0.2550321,0.06979449,-1.294764,-0.01088567,0.02321796,-0.1233321,9.131811,0.09098291,-1.125315,21.125,-6.75,9.375,4.791872,-82.20228,177.3297,0.7533277,0.657371,-0.01618917,-0.009931647
31269,0.2549093,0.07007164,-1.296454,-0.009391742,0.02119535,-0.1292032,9.160542,0.1053486,-1.187566,22.875,-7.625,9.25,3.934539,-82.12405,178.1966,0.7538157,0.656815,-0.01554921,-0.010688
31280,0.2547944,0.07031441,-1.298181,-0.008930243,0.0188785,-0.1343137,9.198852,0.1101372,-1.288126,26.25,-7.5,8.875,3.167693,-82.03407,179.0163,0.7543541,0.6561876,-0.01522256,-0.0116647
31292,0.2546677,0.07054038,-1.299994,-0.00968918,0.0172764,-0.1386216,9.251526,0.02873145,-1.403052,28.5,-6.125,8.625,2.357114,-81.94434,179.9111,0.7548787,0.6555654,-0.01502129,-0.01290112
31303,0.2545228,0.07076133,-1.301855,-0.01113735,0.01698364,-0.1430443,9.232371,-0.09577148,-1.460515,24.5,-3.5,9,1.415798,-81.88013,-179.115,0.7552531,0.6551273,-0.01439277,-0.01392897
31315,0.2543622,0.07099087,-1.303799,-0.012173,0.01739567,-0.1473256,9.251526,-0.1723887,-1.431784,13.875,-0.75,10.625,0.2545259,-81.85484,-178.0619,0.7554057,0.6549786,-0.01275716,-0.01423272
31327,0.2541986,0.07122816,-1.305851,-0.01195204,0.01732973,-0.1498375,9.40476,-0.158023,-1.355167,0.875,1.875,12.5,-1.095958,-81.87761,-177.0041,0.7552815,0.655187,-0.009906138,-0.01348186
31338,0.2540785,0.07144289,-1.307829,-0.009146387,0.01635867,-0.1507264,9.548417,-0.1053486,-1.168412,-4.875,2,12.875,-2.360389,-81.9295,-176.0968,0.7549748,0.655605,-0.006777789,-0.01221478
31350,0.2540312,0.07162441,-1.309812,-0.003635315,0.01396534,-0.1525805,9.50532,-0.004788574,-0.9433491,-0.25,-0.875,10.5,-3.269541,-81.97739,-175.4799,0.7546829,0.6559823,-0.004337671,-0.01105741
31362,0.2540876,0.07173334,-1.312079,0.003912542,0.007566854,-0.1574424,9.328143,0.258583,-0.8236348,18.875,-6.875,5.125,-3.344185,-81.96967,-175.451,0.7547266,0.6559378,-0.004008456,-0.01082393
31374,0.2542051,0.07175362,-1.31413,0.009359529,0.00161491,-0.1633881,9.179697,0.292103,-0.9098291,40.625,-12,0.875,-2.944241,-81.88834,-175.6141,0.7551907,0.6553695,-0.005676459,-0.0120705
31385,0.2543843,0.07172737,-1.316341,0.01375318,-0.002014572,-0.1696395,9.155754,0.09577148,-1.024755,55.25,-15.625,-2,-2.462583,-81.7403,-175.6543,0.7560092,0.6543419,-0.008565487,-0.01461299
31397,0.2546031,0.07169142,-1.3186,0.01686362,-0.00277044,-0.1741057,9.270679,-0.1340801,-1.163624,54.875,-17.625,-2.125,-2.207002,-81.54855,-175.4724,0.7570539,0.6530259,-0.01121928,-0.01734009
31408,0.2548414,0.07165198,-1.320926,0.01808635,-0.002993523,-0.1765593,9.399971,-0.191543,-1.364744,44.5,-17.25,-0.375,-2.143921,-81.33229,-175.2292,0.7582369,0.6515624,-0.01293953,-0.01938436
31419,0.2550762,0.07159483,-1.3232,0.01831859,-0.004457129,-0.1773758,9.50532,-0.1053486,-1.494035,34.25,-15.375,1,-2.105298,-81.13387,-175.1037,0.7593358,0.6502287,-0.01383199,-0.02050684
31431,0.2553307,0.07150485,-1.325503,0.01962239,-0.006937681,-0.1775664,9.562783,-0.02873145,-1.450938,29.625,-13.375,1.625,-2.057316,-80.97231,-175.0473,0.7602339,0.6491433,-0.01440724,-0.02121162
31442,0.2556201,0.07137867,-1.327835,0.02214689,-0.009657133,-0.1784175,9.524474,-0.009577149,-1.374321,27,-12.125,2,-2.034714,-80.84075,-174.9997,0.7609655,0.6482609,-0.01477528,-0.02170316
31454,0.2559422,0.07121921,-1.330161,0.02501873,-0.01238674,-0.1807202,9.414337,-0.004788574,-1.345589,25.375,-11.25,2,-2.013797,-80.72775,-174.9726,0.7615952,0.6475037,-0.0150235,-0.02204284
31465,0.2563139,0.07102513,-1.332591,0.0282864,-0.01477135,-0.1849413,9.275469,-0.03352002,-1.312069,22.75,-10.5,1.75,-2.006193,-80.6273,-174.9651,0.7621592,0.6468342,-0.01507707,-0.02217218
31477,0.2567244,0.07080781,-1.335067,0.03169982,-0.01678149,-0.1911809,9.117445,-0.05746289,-1.283338,18.125,-9.625,1.75,-2.029009,-80.54282,-174.9871,0.7626421,0.6462802,-0.01476822,-0.02192797
31488,0.2571807,0.07056042,-1.337657,0.03507347,-0.01901694,-0.1990635,8.992943,-0.03830859,-1.278549,12.875,-8.25,1.875,-2.05298,-80.47604,-175.0769,0.7630378,0.6458522,-0.01407599,-0.02121878
31500,0.2576843,0.07026923,-1.340344,0.0388468,-0.02246151,-0.2072959,8.969,0.06225147,-1.254606,11.75,-7.25,1.375,-1.951735,-80.42938,-175.3071,0.7633296,0.6455512,-0.01343565,-0.02027273
31511,0.2582487,0.0699297,-1.343149,0.04316793,-0.02596806,-0.2145314,9.055194,0.07182861,-1.235452,16.875,-7,0,-1.744811,-80.39336,-175.5757,0.7635549,0.6453066,-0.01328891,-0.01966109
31522,0.25886,0.06956305,-1.345999,0.0471635,-0.02828841,-0.219936,9.184485,-0.01436572,-1.283338,22.875,-7.375,-1.625,-1.500592,-80.34937,-175.8002,0.7638121,0.6449983,-0.01363771,-0.01955302
31534,0.2595179,0.06916935,-1.348941,0.05005448,-0.02995328,-0.2237929,9.289834,-0.06704004,-1.398264,25.625,-7.25,-2.5,-1.2361,-80.29181,-176.007,0.7641392,0.6445944,-0.0142199,-0.01967884
31545,0.2601831,0.06877038,-1.351835,0.05200575,-0.03119394,-0.2262605,9.376028,-0.09577148,-1.489247,25.625,-6.25,-3,-0.9744655,-80.23803,-176.2116,0.7644431,0.6442171,-0.01479894,-0.01979882
31557,0.2608886,0.0683495,-1.354821,0.05406183,-0.03225128,-0.2288396,9.37124,-0.1053486,-1.489247,23.875,-5,-3.25,-0.7109101,-80.20078,-176.4395,0.7646574,0.6439528,-0.01526701,-0.01976834
31568,0.261621,0.06791729,-1.357862,0.0559778,-0.03303312,-0.2324119,9.294622,-0.1197144,-1.489247,22.125,-3.25,-3.5,-0.4563514,-80.18517,-176.6808,0.7647521,0.6438376,-0.01560657,-0.01959191
31581,0.2624458,0.06744543,-1.361236,0.05807047,-0.03322096,-0.237538,9.208428,-0.158023,-1.470092,19.75,-1.5,-3.75,-0.2146269,-80.19402,-176.9409,0.7647132,0.6438915,-0.01575979,-0.01921241
31592,0.2632066,0.06702498,-1.364311,0.06010383,-0.03321569,-0.2428841,9.150966,-0.1628115,-1.441361,16.5,0.125,-4,0.001164177,-80.22527,-177.2139,0.7645534,0.6441015,-0.01567092,-0.01859882
31603,0.2640206,0.06658046,-1.367593,0.06192335,-0.03381692,-0.2497443,9.050406,-0.1053486,-1.441361,15.25,1.625,-5,0.3463703,-80.27476,-177.6346,0.7642947,0.6444343,-0.01561535,-0.01772738
31615,0.2648522,0.06612812,-1.370991,0.06320279,-0.03438006,-0.2582667,8.921114,-0.09577148,-1.450938,18,3.25,-6.5,0.8066269,-80.33971,-178.1327,0.7639414,0.6448662,-0.01588876,-0.01699097
31627,0.2657423,0.06564035,-1.374775,0.06340132,-0.03474414,-0.2695136,8.758303,-0.1005601,-1.494035,20.875,5.25,-7.625,1.376268,-80.42245,-178.7008,0.7634776,0.6454152,-0.01649,-0.01641059
31639,0.2665458,0.06518835,-1.378338,0.06330644,-0.03561009,-0.2806551,8.681685,-0.04309717,-1.489247,23.25,7.75,-8.75,2.025172,-80.52512,-179.3176,0.7628903,0.6460984,-0.01733303,-0.01596438
31650,0.2673988,0.06469435,-1.382221,0.0641835,-0.03717343,-0.2922043,8.705628,0.02873145,-1.398264,29.375,9.875,-10.125,2.890136,-80.6731,179.9331,0.7620225,0.6470815,-0.01884499,-0.01587824
31662,0.2682364,0.0642132,-1.38608,0.0657246,-0.03775505,-0.3028332,8.753514,-0.02394287,-1.321646,36.375,10.625,-11.125,3.751493,-80.83289,179.2738,0.7610634,0.6481361,-0.02081372,-0.01639882
31673,0.2691018,0.06373783,-1.39013,0.06703667,-0.03682183,-0.3136933,8.748725,-0.1292915,-1.307281,39.5,11.125,-11.5,4.554403,-80.99818,178.7179,0.7600573,0.6492202,-0.02295237,-0.01730222
31685,0.2699992,0.06326669,-1.394463,0.067504,-0.03544014,-0.3259619,8.662531,-0.1532344,-1.331224,38,12.125,-10.875,5.311538,-81.16996,178.1949,0.7590069,0.65035,-0.02494803,-0.0181913
31696,0.2708662,0.06281471,-1.398823,0.06755555,-0.03522019,-0.3397728,8.509296,-0.05746289,-1.316858,35.5,13.375,-9.75,6.064991,-81.34476,177.6331,0.7579369,0.6515104,-0.02667359,-0.01882837
31707,0.2717425,0.06233973,-1.403425,0.06772747,-0.03670906,-0.355626,8.36564,0.08619434,-1.264184,34.875,15.125,-8,6.860832,-81.54323,177.019,0.7567226,0.6528331,-0.02834374,-0.01939907
31719,0.272643,0.06183264,-1.408373,0.06805503,-0.03832256,-0.373972,8.212405,0.1005601,-1.197144,36.125,16.5,-5.875,7.527975,-81.7672,176.5521,0.7553615,0.6543098,-0.02996084,-0.02025215
31730,0.2735368,0.06132451,-1.413453,0.06967203,-0.03960785,-0.3959187,7.910725,0.08619434,-1.015178,38.625,17.125,-3.625,7.987116,-82.01295,176.3172,0.7538823,0.6559024,-0.03149646,-0.02148366
31742,0.2744642,0.06080855,-1.418955,0.07139923,-0.03972345,-0.42363,7.498908,-0.009577149,-0.9098291,40.125,16.875,-2.625,8.242729,-82.26442,176.3085,0.7523788,0.657501,-0.03297123,-0.0230542
31753,0.2754142,0.06029308,-1.425033,0.07130965,-0.03869301,-0.4562584,7.173285,-0.1149258,-0.967292,36.375,18,-1.625,8.240638,-82.51263,176.5145,0.7509185,0.6590624,-0.03398728,-0.02455467
31765,0.2762877,0.05981542,-1.431176,0.06933165,-0.03791532,-0.48759,7.12061,-0.1197144,-1.082218,25.875,20.875,1.25,7.950374,-82.75508,176.8629,0.7495389,0.6606042,-0.03394913,-0.02531718
31776,0.2771561,0.05931049,-1.437914,0.0667617,-0.03881724,-0.5180346,7.264267,0,-1.115738,12.25,24.25,5.75,7.377643,-83.04209,177.3132,0.7479555,0.6624694,-0.0326478,-0.02512026
31788,0.27801,0.05874319,-1.445046,0.06535698,-0.0434249,-0.5458837,7.484541,0.2825259,-1.029544,4.375,27.125,11,6.680845,-83.38402,177.7764,0.7460744,0.6647148,-0.03061904,-0.02428418
31799,0.2788726,0.05808491,-1.45261,0.0653591,-0.04987344,-0.5731072,7.570736,0.4118174,-0.8906748,8.75,28,15.75,5.588639,-83.76157,178.6856,0.7439747,0.6671615,-0.02864598,-0.0240131
31811,0.2797737,0.05731244,-1.460866,0.06577402,-0.05638827,-0.6026229,7.48933,0.3782974,-0.7996919,20,27.125,18.25,3.950985,-84.14559,-179.7139,0.741793,0.6696099,-0.02726051,-0.02495117
31823,0.2806472,0.05648477,-1.469125,0.06674273,-0.06324386,-0.6311367,7.474965,0.4070288,-0.7134976,37.125,25.25,18,2.319025,-84.48996,-177.8931,0.7397507,0.6717749,-0.02733547,-0.02720964
31834,0.2815437,0.05556525,-1.477712,0.06881386,-0.07058068,-0.6590562,7.52285,0.4309717,-0.5985718,62.375,21.625,16.25,0.8319868,-84.79606,-175.888,0.737808,0.6736329,-0.02954838,-0.03138582
31847,0.282578,0.05443968,-1.487887,0.07029143,-0.07649087,-0.6914925,7.460599,0.2346401,-0.6033604,80.375,18,15.5,-1.345958,-85.06747,-172.8571,0.7358916,0.6752045,-0.03347075,-0.03797465
31859,0.2835122,0.053355,-1.497663,0.06912555,-0.08026393,-0.7233745,7.292999,0.05746289,-0.7374405,80.75,16.625,18.25,-4.283403,-85.23869,-169.1315,0.7344462,0.6762143,-0.03670484,-0.04444978
31870,0.2843707,0.0522944,-1.507341,0.06704815,-0.08282711,-0.7558022,7.115821,-0.07182861,-0.7661719,66.75,16.75,23.875,-8.328121,-85.34937,-164.5215,0.7332223,0.6770768,-0.03813991,-0.04997499
31882,0.2852141,0.0512127,-1.517568,0.06532357,-0.08378099,-0.792118,6.838084,-0.2394287,-0.675189,45.375,17.25,29.75,-13.86994,-85.41132,-158.688,0.732035,0.6780658,-0.03729869,-0.0544094
31893,0.2860449,0.05012272,-1.528317,0.06424969,-0.0842922,-0.8313256,6.622598,-0.3160459,-0.5794175,22.25,17.625,34.875,-20.4322,-85.40824,-152.1348,0.7309008,0.679206,-0.03420923,-0.05738622
31905,0.2868898,0.04898087,-1.539839,0.06380124,-0.08622911,-0.8701027,6.732736,-0.2633716,-0.5267432,5.625,17.125,36.75,-27.06147,-85.34642,-145.7368,0.7298234,0.6804345,-0.02973306,-0.0590141
31916,0.287694,0.04781535,-1.551427,0.06260707,-0.09073722,-0.9020974,7.173285,-0.1388687,-0.6177261,0.625,16.125,36.625,-32.63292,-85.2356,-140.4554,0.728962,0.68146,-0.02527414,-0.05989893
31928,0.2884814,0.0465297,-1.563403,0.06075509,-0.09919361,-0.9240202,7.982553,0.06225147,-0.7326519,6.125,14.875,35.875,-37.21796,-85.10415,-136.0933,0.7282027,0.682314,-0.02157387,-0.0608529
31939,0.2892463,0.04506721,-1.575624,0.05865475,-0.1121455,-0.9371257,8.686474,0.3112573,-0.8140576,25.25,12.875,33.875,-40.70266,-84.97762,-132.5835,0.7274795,0.6829517,-0.01982061,-0.06291009
31950,0.2899525,0.04341689,-1.587905,0.05435466,-0.1270351,-0.9453143,9.059982,0.3735088,-1.015178,58.25,10.75,30.25,-43.04723,-84.84436,-129.7845,0.7268484,0.6831707,-0.02104087,-0.06727943
31962,0.2905616,0.04161583,-1.600312,0.04680714,-0.1383842,-0.953288,9.045617,0.01436572,-1.221087,82.625,11.875,27.125,-45.14526,-84.67859,-126.9129,0.7261336,0.6831639,-0.02409792,-0.07373179
31973,0.291062,0.03975497,-1.612918,0.03826281,-0.142311,-0.9640589,8.791822,-0.6129375,-1.177989,83,16.25,26.25,-48.08664,-84.46278,-123.1888,0.7250518,0.6834189,-0.02664317,-0.08080025
31985,0.2914653,0.03794596,-1.625496,0.03135197,-0.1406367,-0.9778179,8.518873,-1.072641,-0.9481377,53,21.125,29.375,-52.07371,-84.18304,-118.8189,0.7237036,0.6842298,-0.02610411,-0.08603158
31996,0.2918216,0.03613386,-1.638484,0.02724905,-0.1385822,-0.9933187,8.408736,-1.130104,-0.6799775,1.625,25.375,36.125,-56.88135,-83.8308,-114.2975,0.7222685,0.6857142,-0.02092711,-0.08767243
32008,0.2921561,0.03430565,-1.651582,0.025715,-0.1405448,-1.00693,8.581125,-0.8858863,-0.5028003,-36.125,26.25,41.25,-61.48399,-83.45231,-110.4737,0.7209576,0.6874723,-0.0127571,-0.08625139
32019,0.2924979,0.03235545,-1.66498,0.02592529,-0.1479106,-1.016123,8.973788,-0.5746289,-0.4022402,-53.375,23.875,43,-65.41464,-83.07984,-107.5601,0.7198359,0.6891476,-0.003422518,-0.08306621
32031,0.2928649,0.03017149,-1.678984,0.02677863,-0.1593429,-1.021748,9.289834,-0.3974517,-0.3639317,-49.375,19.25,41.375,-68.52695,-82.72053,-105.4471,0.7189189,0.690491,0.005486711,-0.07967264
32043,0.2932233,0.02794392,-1.692452,0.0273153,-0.1697719,-1.026463,9.332932,-0.5028003,-0.3591431,-37,14,37.375,-70.66032,-82.39249,-104.1028,0.7183089,0.6913161,0.01269248,-0.07715812
32054,0.2935866,0.02562488,-1.705855,0.02793387,-0.1783467,-1.03075,9.342508,-0.6895547,-0.3304116,-26,8.125,31.5,-72.01503,-82.09984,-103.3808,0.7180248,0.6916905,0.0185608,-0.0752343
32067,0.2940247,0.02284892,-1.72101,0.0299466,-0.189744,-1.035893,9.33772,-0.6033604,-0.2490059,-20.25,1.875,26.625,-72.77026,-81.84412,-103.2454,0.7181062,0.6916743,0.02399812,-0.07303606
32079,0.294446,0.02011172,-1.734959,0.03144293,-0.2042838,-1.041005,9.347297,-0.3208345,-0.3064688,-12.5,-4.25,23.25,-72.67786,-81.68462,-103.7969,0.7186639,0.6911604,0.02769565,-0.07107991
32091,0.2948653,0.01723605,-1.748523,0.03233529,-0.2217513,-1.045952,9.380817,-0.07182861,-0.3878745,9.5,-10,19.125,-71.87896,-81.60254,-104.7504,0.7195522,0.6902558,0.02891647,-0.07039511
32102,0.2952819,0.01415131,-1.762123,0.03218224,-0.238333,-1.050761,9.376028,-0.1436572,-0.4980117,38.5,-14.75,14,-70.50495,-81.55308,-105.8994,0.7206699,0.689009,0.02748771,-0.07173589
32113,0.2956589,0.01093026,-1.775739,0.02916151,-0.2491147,-1.053129,9.486166,-0.6320918,-0.7374405,58.125,-17.375,9,-68.74731,-81.47046,-107.1758,0.7220083,0.6873969,0.02457301,-0.07473799
32125,0.2959686,0.007608921,-1.789486,0.023649,-0.2536726,-1.049924,9.826155,-1.201932,-0.9481377,50,-16.375,7.25,-67.06888,-81.32219,-108.4738,0.7234589,0.6856349,0.02262378,-0.07746133
32136,0.2962065,0.004315851,-1.803014,0.01832369,-0.2535862,-1.041729,10.15178,-1.628115,-0.9720806,15.375,-13.75,8.25,-65.85764,-81.12068,-109.7586,0.7249299,0.6840085,0.02380532,-0.07773137
32148,0.2964193,0.001007807,-1.816452,0.01631867,-0.2536844,-1.030554,10.38642,-1.64727,-0.7805376,-26.25,-11.875,10.125,-65.10542,-80.91803,-111.1276,0.7263907,0.6826219,0.02836039,-0.07469712
32159,0.2966462,-0.002324101,-1.829676,0.01749829,-0.2569331,-1.019734,10.41036,-1.398264,-0.6177261,-94.125,-12.5,12,-64.50461,-80.73405,-113.2209,0.728214,0.6811011,0.03804257,-0.06601913
32171,0.2968795,-0.005756153,-1.84285,0.01792694,-0.2637605,-1.012455,10.17093,-1.087006,-0.7278633,-83.25,-13.375,11.375,-63.72047,-80.58309,-115.3626,0.7299794,0.6794165,0.04660913,-0.0578873
32182,0.2970772,-0.009312085,-1.855975,0.0151946,-0.2732389,-1.008513,9.926715,-0.8284234,-1.010389,-83.625,-12,8.25,-62.6911,-80.48668,-117.7589,0.731772,0.67756,0.0547623,-0.04922765
32193,0.2972202,-0.0130371,-1.869095,0.01096656,-0.2856389,-1.006055,9.835732,-0.5506861,-1.154046,-65.875,-8.375,3,-61.56244,-80.49313,-120.0299,0.7332237,0.6759896,0.06092504,-0.0413419
32205,0.297324,-0.01685601,-1.882023,0.008057406,-0.2965451,-1.003903,9.807,-0.6129375,-1.082218,-41.625,-5,-2.25,-60.5976,-80.57062,-121.8094,0.7341493,0.6749681,0.06482462,-0.03522185
32216,0.2974137,-0.02082284,-1.895127,0.006850723,-0.3030891,-1.001168,9.811789,-0.9289834,-0.9816577,-21.5,-2.25,-8,-59.81356,-80.69418,-123.1536,0.7346557,0.6744246,0.06706557,-0.03057092
32228,0.2975168,-0.02481335,-1.908055,0.007951799,-0.3076011,-0.9965912,9.950658,-1.067852,-0.8332119,-12.625,-1,-12.125,-59.12883,-80.86226,-124.2743,0.7348734,0.6742247,0.06839647,-0.02653669
32239,0.2976846,-0.02895147,-1.921154,0.01271226,-0.3135654,-0.9925494,9.945868,-0.9289834,-0.5506861,-7.375,-2.375,-14.75,-58.34999,-81.08588,-125.4223,0.7349447,0.6742282,0.06900644,-0.02260061
32252,0.2979475,-0.03336501,-1.934853,0.01912913,-0.3211482,-0.996824,9.361663,-0.708709,-0.3878745,-0.25,-6.25,-16,-57.17724,-81.32726,-126.877,0.735193,0.6740896,0.06881732,-0.01893582
32263,0.298259,-0.03762888,-1.948067,0.02385327,-0.3265083,-1.011834,8.509296,-0.6991318,-0.4357603,5.25,-8.875,-15.5,-55.84356,-81.50352,-128.4055,0.7356756,0.673683,0.068367,-0.01608442
32275,0.2985893,-0.04187448,-1.961544,0.02540977,-0.3265593,-1.036643,7.69045,-0.9720806,-0.6512461,-5.75,-7.625,-11.75,-54.82155,-81.56055,-129.7673,0.7362789,0.6729704,0.06952519,-0.01306098
32287,0.2989592,-0.0466482,-1.977285,0.02510859,-0.3240812,-1.068615,7.398347,-1.087006,-0.7996919,-35.375,-1.75,-5,-54.52692,-81.54968,-130.8933,0.7366018,0.6721909,0.07429251,-0.007608561
32299,0.2993148,-0.05095569,-1.991875,0.02667766,-0.3230941,-1.09438,7.65693,-1.024755,-0.6895547,-55.625,2.125,-0.75,-54.86027,-81.56313,-131.5867,0.7363577,0.6717931,0.08043677,-0.001131126
32311,0.299706,-0.05516583,-2.006377,0.03011606,-0.3241311,-1.11644,7.920302,-0.9050406,-0.5554746,-59,2.75,-0.75,-55.26306,-81.6226,-132.2281,0.7358513,0.6715721,0.08649906,0.005638322
32322,0.3001437,-0.05941279,-2.021081,0.03381785,-0.3281535,-1.136197,8.121422,-0.6799775,-0.5219546,-50.625,2,-2.875,-55.33749,-81.73338,-133.0854,0.7353505,0.671376,0.09147148,0.01211321
32333,0.3006251,-0.06374884,-2.03594,0.03729681,-0.3359714,-1.151298,8.509296,-0.3974517,-0.5267432,-32.875,0.5,-4.25,-54.99474,-81.88229,-134.1285,0.7349797,0.6712183,0.09467844,0.0175133
32345,0.3011653,-0.06829663,-2.05119,0.04112638,-0.3462081,-1.160938,8.964211,-0.2442173,-0.517166,-11.75,-2.125,-4.5,-54.34211,-82.03228,-135.2155,0.7348097,0.6710823,0.0961578,0.02137541
32356,0.3017234,-0.07293843,-2.066363,0.04297547,-0.357419,-1.168301,9.127023,-0.1245029,-0.6704004,12.625,-5.125,-3.375,-53.35281,-82.13421,-136.3186,0.735056,0.6708052,0.09580158,0.0231356
32368,0.3022567,-0.07767786,-2.081663,0.04111806,-0.365415,-1.179624,8.772668,-0.2729487,-0.9720806,32.125,-5.375,-1.625,-52.342,-82.15549,-137.1925,0.7356405,0.6703798,0.09433202,0.02292565
32379,0.3027436,-0.08241298,-2.097228,0.03744923,-0.364184,-1.197137,8.212405,-0.9146177,-1.182778,33.125,-1.125,2.5,-52.30362,-82.06435,-137.0821,0.7360338,0.6700604,0.09385066,0.02157336
32391,0.3032087,-0.08703049,-2.113117,0.03568058,-0.3542121,-1.218904,7.824531,-1.599384,-1.115738,2.125,5.5,9,-53.82768,-81.88962,-135.8142,0.7356426,0.6700397,0.09702085,0.02153538
32402,0.3037245,-0.09147367,-2.129237,0.03973191,-0.3422836,-1.24182,7.738336,-1.862755,-0.6991318,-50,10.375,16.375,-56.66149,-81.70755,-133.9147,0.7341692,0.6703398,0.1049392,0.02505744
32414,0.3043563,-0.09590291,-2.145685,0.04844735,-0.3396138,-1.261154,8.12621,-1.302492,-0.2490059,-76.875,8.5,19,-59.31992,-81.619,-132.5476,0.7322551,0.6706207,0.1143786,0.03142982
32425,0.3050838,-0.1005247,-2.16247,0.0552975,-0.3513321,-1.275905,8.609857,-0.2537944,-0.1963315,-49.875,-0.25,14.75,-60.27004,-81.6425,-132.5451,0.7312075,0.6704356,0.1203161,0.03709161
32437,0.3058109,-0.1051973,-2.178916,0.057011,-0.3663659,-1.289506,8.672108,0.1197144,-0.5219546,14.375,-8.625,7.375,-59.6471,-81.67059,-133.2632,0.7315359,0.6700013,0.1204019,0.03817097
32448,0.3065432,-0.1100592,-2.195933,0.05613058,-0.3726414,-1.304257,8.504508,-0.5075889,-0.8810977,65.5,-12,3.125,-58.74181,-81.58476,-133.5916,0.7326499,0.6695908,0.1169549,0.03455135
32460,0.3072926,-0.1152051,-2.21438,0.05358471,-0.3679627,-1.319065,8.456622,-1.321646,-1.182778,61.625,-9.25,8.375,-58.74724,-81.31977,-133.0227,0.7336698,0.6690564,0.1149522,0.02963483
32472,0.3079335,-0.1198476,-2.231609,0.04952705,-0.3587652,-1.331484,8.480565,-1.728675,-1.417418,9.625,-2.75,22,-59.99981,-80.93343,-131.9345,0.7338998,0.6682508,0.1185134,0.02804694
32483,0.3085395,-0.1244546,-2.249169,0.04641042,-0.3528162,-1.344739,8.451834,-1.551498,-1.312069,-40.125,3.25,34,-62.1021,-80.51606,-130.6621,0.7332435,0.6673951,0.1266334,0.03003087
32495,0.3091312,-0.1291094,-2.267149,0.0448122,-0.3525503,-1.361809,8.241137,-1.177989,-1.087006,-48.375,5.625,36.5,-64.25606,-80.15941,-129.4624,0.7321373,0.6667801,0.13523,0.03304638
32507,0.3098103,-0.1341432,-2.287268,0.04679247,-0.3468517,-1.38628,7.800588,-1.61375,-0.8906748,-41.25,7.25,33,-66.86349,-79.76054,-127.7927,0.7305254,0.6665408,0.1442214,0.03544364
32519,0.3104936,-0.1386043,-2.305901,0.05154663,-0.3365295,-1.405594,7.958611,-2.140493,-0.8140576,-64.75,11,31.875,-69.59686,-79.3773,-126.2254,0.728416,0.6663238,0.1545302,0.03928137
32531,0.3112624,-0.1430165,-2.324663,0.05787056,-0.3321194,-1.412304,8.964211,-1.953738,-0.7039204,-92.375,12.25,31.75,-72.15859,-79.08218,-125.2029,0.7258747,0.6657982,0.1664277,0.04604953
32542,0.3120751,-0.1473422,-2.342547,0.06381851,-0.3396772,-1.404305,10.23797,-1.297704,-0.5698403,-88.125,6.625,27.75,-73.81907,-78.92627,-124.9607,0.7238255,0.6649292,0.176371,0.05328412
32554,0.3129501,-0.1519483,-2.360385,0.06772747,-0.35653,-1.38077,11.53089,-0.7805376,-0.6368804,-44.125,-3.25,18.375,-74.32661,-78.86884,-125.3117,0.7229797,0.6639479,0.1819226,0.05811839
32565,0.3138739,-0.1569307,-2.378259,0.06951133,-0.3749017,-1.344944,12.39283,-0.775749,-0.8954634,15.875,-14.625,6.875,-73.63319,-78.83946,-126.0728,0.7237543,0.6629965,0.1821113,0.05874271
32577,0.3147798,-0.1618821,-2.395177,0.07060836,-0.3859519,-1.318726,11.6506,-1.134892,-1.077429,42.125,-20.625,3.125,-72.55653,-78.74526,-126.8686,0.7252595,0.6619657,0.1804121,0.05702306
32588,0.315715,-0.1668548,-2.41214,0.07235317,-0.3847062,-1.312292,9.950658,-1.819658,-1.197144,23.875,-18.375,6.125,-71.96247,-78.51511,-127.4158,0.7264396,0.6606051,0.1810378,0.05578336
32600,0.3167289,-0.1718333,-2.429633,0.07649292,-0.3755952,-1.319739,8.796611,-2.293727,-1.139681,-32.75,-9.75,12.375,-72.37131,-78.1925,-127.7178,0.7263544,0.658797,0.1870863,0.05826223
32611,0.317821,-0.1766451,-2.44678,0.08460636,-0.3727745,-1.328387,8.791822,-1.98247,-0.7182862,-81.125,-4.75,16,-73.27682,-77.969,-128.1341,0.7251089,0.6568388,0.1964015,0.06485613
32622,0.3190454,-0.181555,-2.464016,0.09482019,-0.3802288,-1.334793,9.127023,-1.359955,-0.3399888,-96.125,-8.375,14.25,-73.87028,-77.8668,-129.0528,0.7237369,0.6545128,0.2059536,0.07349089
32634,0.3204182,-0.1867834,-2.481846,0.1032223,-0.3931134,-1.340578,9.256314,-0.9433491,-0.3782974,-69.75,-16.375,6.25,-73.57108,-77.83149,-130.5478,0.7233548,0.6518587,0.212773,0.08102967
32645,0.3217917,-0.1918967,-2.498816,0.1088357,-0.4051746,-1.344728,9.347297,-0.8571548,-0.6081489,-14.25,-25.125,-8,-72.20531,-77.84743,-132.3304,0.7245733,0.6495827,0.2141839,0.0846232
32657,0.3232777,-0.1973065,-2.516317,0.1141506,-0.4155614,-1.344373,9.663342,-0.9816577,-0.8044805,36.375,-31.5,-20.625,-69.96925,-77.88783,-134.3201,0.7271496,0.6476972,0.2110757,0.08478737
32668,0.3248557,-0.2028182,-2.533736,0.1210305,-0.4227466,-1.335997,10.22839,-1.278549,-0.9385605,69.75,-36.5,-29.75,-67.22071,-77.91531,-136.3712,0.7305681,0.6460891,0.2050346,0.08246201
32680,0.3265429,-0.208474,-2.551146,0.1279013,-0.428761,-1.319811,10.78387,-1.374321,-1.134892,74.375,-39.125,-32.125,-64.21605,-77.89964,-138.6049,0.7343242,0.6442159,0.198481,0.07974379
32692,0.328344,-0.214447,-2.568995,0.1312619,-0.4352842,-1.30076,10.91795,-1.197144,-1.484458,64.875,-38.375,-30.125,-61.05769,-77.82919,-141.0993,0.7382244,0.6418145,0.1925136,0.0777016
32703,0.3300667,-0.2201899,-2.585839,0.1316305,-0.4388286,-1.287108,10.51571,-1.197144,-1.771773,47.5,-33,-26,-58.43871,-77.71993,-143.3233,0.7414502,0.6393708,0.1885277,0.07690219
32715,0.3318125,-0.2258999,-2.60255,0.1340067,-0.4382883,-1.282722,9.783057,-1.407841,-1.676001,18.75,-25.5,-21,-56.59659,-77.60781,-145.1541,0.7436329,0.6370686,0.1872729,0.07799133
32728,0.3338473,-0.2321921,-2.621115,0.1414376,-0.4373788,-1.29047,8.964211,-1.403052,-1.268972,-24.125,-18.25,-16.625,-55.35823,-77.55302,-147.0026,0.7445747,0.634623,0.1897194,0.08287885
32739,0.3357103,-0.2377117,-2.637446,0.1487509,-0.4406868,-1.303933,8.509296,-1.019966,-1.019966,-41.625,-15.5,-17.875,-54.2341,-77.58945,-148.8797,0.7449039,0.6325206,0.1926426,0.089021
32750,0.337756,-0.2436455,-2.654897,0.1548335,-0.4491233,-1.320851,8.36085,-0.5363203,-0.9720806,-25.625,-15,-25.75,-52.35974,-77.72089,-151.3342,0.7455706,0.6305807,0.193463,0.09520794
32762,0.3397982,-0.2495652,-2.672065,0.1587189,-0.4600708,-1.33426,8.609857,-0.2154858,-1.091795,9.375,-14.5,-35,-49.79528,-77.90141,-154.0084,0.7468591,0.6292467,0.1907867,0.0992496
32773,0.341936,-0.2557468,-2.689659,0.1628394,-0.4708662,-1.340137,9.189274,-0.2011201,-1.216298,45.25,-13.625,-42.375,-46.73438,-78.10069,-156.7019,0.7486676,0.6286126,0.1848951,0.100781
32785,0.344135,-0.2619996,-2.706968,0.169594,-0.4822501,-1.334975,10.05601,-0.1963315,-1.177989,80.125,-14.875,-46.5,-43.44546,-78.29163,-159.1692,0.7508369,0.6286938,0.1762872,0.0995537
32796,0.3464314,-0.2683783,-2.724005,0.1779076,-0.4941671,-1.319867,10.83654,-0.1436572,-1.216298,115.875,-19.75,-50.75,-39.76402,-78.41758,-161.5643,0.753691,0.6290042,0.1648834,0.09548404
32807,0.348808,-0.2748997,-2.74087,0.1829044,-0.5018744,-1.297934,11.25794,-0.2873144,-1.709521,152.625,-25.125,-54.25,-35.76244,-78.39777,-163.787,0.7575178,0.6290281,0.1507513,0.08811679
32819,0.3511391,-0.2813684,-2.757285,0.1809399,-0.5021119,-1.274189,11.24836,-0.5985718,-2.466116,165.5,-23.25,-52.5,-32.08531,-78.26567,-165.5355,0.7615027,0.6287031,0.1362986,0.07917492
32830,0.3534502,-0.2878197,-2.77367,0.1763791,-0.4923564,-1.250455,11.09992,-1.245029,-2.877933,137.25,-12.25,-43.375,-29.51196,-78.15328,-166.5244,0.764353,0.628558,0.1248429,0.07136893
32842,0.3557383,-0.2939694,-2.789679,0.1761836,-0.4735275,-1.232684,10.65937,-1.987258,-2.648082,65.25,1.75,-28.875,-28.60431,-78.16412,-166.8079,0.7650959,0.6288769,0.120318,0.0683059
32853,0.3581046,-0.299895,-2.805623,0.1815243,-0.4545583,-1.223067,10.12305,-2.068664,-2.106973,-26.625,15.5,-11.375,-29.17309,-78.34551,-166.8332,0.7635487,0.6296544,0.1238665,0.07201304
32865,0.3605989,-0.3056706,-2.821393,0.1925046,-0.4457518,-1.217148,10.00812,-1.417418,-1.403052,-95.75,22.125,-1.75,-30.14889,-78.69067,-167.3642,0.7603368,0.6305913,0.1325367,0.08170994
32876,0.3632849,-0.3115127,-2.837146,0.2060726,-0.4482176,-1.208535,10.33374,-0.6320918,-0.9481377,-102.375,20.875,-1.5,-30.64491,-79.10928,-168.4797,0.7567456,0.6315248,0.141072,0.09279697
32887,0.3661358,-0.3174474,-2.852704,0.2192853,-0.4564808,-1.196731,10.62106,-0.1676001,-0.8140576,-58.875,13.5,-9.625,-30.15554,-79.4782,-170.0048,0.7541554,0.6323627,0.1454957,0.1009852
32899,0.3691519,-0.323518,-2.868147,0.231063,-0.4650716,-1.183068,10.74556,-0.05267432,-0.8954634,-3.25,5.375,-18.75,-28.79303,-79.74358,-171.6699,0.7529939,0.6331602,0.145217,0.104978
32910,0.3722634,-0.3295511,-2.883132,0.2424435,-0.4700842,-1.167596,10.87964,-0.2442173,-1.010389,48.875,-3.125,-25.75,-26.97871,-79.87802,-173.1014,0.7532358,0.6338916,0.1409676,0.1046201
32922,0.3755868,-0.3357368,-2.898226,0.2530801,-0.4710408,-1.149386,11.0233,-0.4692803,-1.216298,80.125,-9.25,-28.875,-24.99757,-79.90026,-174.2736,0.7544432,0.634407,0.1343857,0.101408
32933,0.3789815,-0.3418365,-2.912955,0.2603071,-0.4677355,-1.129438,11.09992,-0.6608232,-1.594595,97.5,-12.875,-29.125,-23.13384,-79.8179,-175.1048,0.7562947,0.6345352,0.1268235,0.09643265
32945,0.3826878,-0.3482937,-2.928555,0.2631599,-0.4584783,-1.107677,11.02809,-0.9241948,-2.063875,90.375,-10.625,-24.25,-21.7463,-79.68275,-175.4806,0.7582155,0.634384,0.1199183,0.09102696
32957,0.3860756,-0.3540288,-2.942511,0.2641536,-0.4471801,-1.088189,10.96584,-1.106161,-2.245841,58.5,-3.5,-15,-21.3243,-79.61746,-175.3989,0.7590698,0.6343716,0.1167572,0.08805379
32968,0.3895722,-0.3597425,-2.95649,0.2670582,-0.4363912,-1.067656,11.04245,-1.106161,-2.092607,13.75,4.75,-3.5,-21.78164,-79.66988,-175.0274,0.7586029,0.6347426,0.1176594,0.08820398
32980,0.3931029,-0.3653126,-2.97006,0.2721835,-0.4293962,-1.046143,11.18132,-0.900252,-1.843601,-14.25,8.75,4.375,-22.69264,-79.80003,-174.5767,0.7572994,0.6353497,0.1210087,0.09047218
32992,0.3970484,-0.3713802,-2.984554,0.2785528,-0.4283816,-1.023295,11.18132,-0.483646,-1.618538,-16.375,8,7.625,-23.63708,-79.95956,-174.1743,0.7557454,0.6360595,0.124781,0.09331198
33004,0.4006846,-0.3769217,-2.997469,0.2829329,-0.4311787,-1.00489,11.00893,-0.1819658,-1.58023,6.125,5.125,6.5,-24.17653,-80.06977,-173.8395,0.7548322,0.6366979,0.1263115,0.09428483
33015,0.4043882,-0.382535,-3.010287,0.2858813,-0.4332938,-0.9894162,10.75514,-0.2106973,-1.64727,34.375,3,4.75,-24.58891,-80.13813,-173.265,0.7544789,0.6374337,0.1257274,0.09291136
33027,0.4081484,-0.3881287,-3.022973,0.289714,-0.4309803,-0.977403,10.4774,-0.584206,-1.623327,46.75,3.375,6,-25.39536,-80.19731,-172.1327,0.7541832,0.6384074,0.1246359,0.09005267
33038,0.4119535,-0.3936344,-3.035458,0.2946542,-0.4263358,-0.966769,10.37684,-0.8236348,-1.556287,37.625,4.875,9.375,-26.65651,-80.2663,-170.6664,0.7535789,0.6394654,0.1246369,0.08757008
33050,0.4158974,-0.3992124,-3.047987,0.3003706,-0.4248261,-0.9542192,10.53486,-0.6512461,-1.431784,26.125,6,12.625,-28.05862,-80.36118,-169.2131,0.7526456,0.6405912,0.1255548,0.08604412
33061,0.4198745,-0.4047552,-3.060185,0.3064044,-0.4270244,-0.939792,10.71683,-0.4309717,-1.321646,29.125,4.75,13.375,-29.30926,-80.4534,-167.8762,0.7517815,0.6417083,0.126097,0.08446756
33072,0.4239325,-0.4103357,-3.072194,0.3127321,-0.430061,-0.9254962,10.71683,-0.4118174,-1.259395,42.375,1.875,12,-30.38806,-80.51485,-166.5375,0.7512475,0.6427784,0.1255364,0.08187658
33084,0.4280749,-0.4159549,-3.084044,0.3188385,-0.4325114,-0.9120474,10.645,-0.483646,-1.264184,53.625,-1,10.375,-31.32401,-80.53533,-165.1922,0.7510623,0.6437163,0.1240734,0.07836192
33095,0.4322914,-0.421628,-3.095795,0.3232261,-0.434888,-0.9008716,10.44867,-0.4788574,-1.359955,62.125,-4,9,-32.03916,-80.50291,-163.9536,0.7512861,0.6443701,0.1218768,0.07417902
33107,0.4364976,-0.4272949,-3.107372,0.3244522,-0.4371293,-0.8929962,10.16614,-0.4453374,-1.556287,66.75,-4.875,9.125,-32.62534,-80.42669,-162.7882,0.7517881,0.6447636,0.1193551,0.06963391
33118,0.4407324,-0.4330533,-3.119051,0.3221365,-0.4380331,-0.8884249,9.859674,-0.5028003,-1.805292,63.25,-2.5,11.25,-33.37044,-80.32558,-161.5054,0.7522826,0.6450368,0.1172856,0.06513459
33130,0.4448796,-0.4387661,-3.13063,0.3173321,-0.4371239,-0.8859805,9.658554,-0.6273032,-1.996835,48.375,2.875,15.75,-34.56928,-80.23306,-159.9728,0.7523661,0.6453827,0.1167759,0.06156178
33141,0.4488667,-0.4443266,-3.141888,0.3127382,-0.4361498,-0.8830281,9.701652,-0.6895547,-1.987258,27,9.125,21.25,-36.28299,-80.18858,-158.2141,0.7517561,0.6460162,0.1182391,0.05954329
33153,0.4528928,-0.4500354,-3.153312,0.308843,-0.4379269,-0.876375,10.00812,-0.5698403,-1.896275,8,14.25,26.375,-38.43118,-80.19876,-156.2769,0.7504632,0.6469899,0.1213602,0.05899735
33164,0.4571815,-0.4562056,-3.165361,0.3074344,-0.4423085,-0.8637094,10.44867,-0.5363203,-1.685578,2.625,16.375,28.5,-40.97748,-80.25305,-154.0349,0.7486235,0.6484024,0.1251691,0.05890638
33176,0.4611846,-0.4619973,-3.176412,0.3085961,-0.4464766,-0.8519179,10.4774,-0.6368804,-1.460515,5.375,16.125,28,-43.42468,-80.30898,-151.8329,0.7467898,0.649897,0.1284713,0.05860054
33188,0.4652366,-0.4678815,-3.187449,0.3099073,-0.4500333,-0.8440588,10.17093,-0.7182862,-1.379109,7.625,15.125,27,-45.84082,-80.34107,-149.6323,0.7450276,0.651338,0.131588,0.05811473
33199,0.4693051,-0.4738736,-3.198521,0.3082653,-0.4540181,-0.8389239,9.94108,-0.6608232,-1.522767,10.5,15.125,25.875,-48.04529,-80.34659,-147.6085,0.7434669,0.6526034,0.1343706,0.05753496
33212,0.4737003,-0.4805168,-3.210569,0.3036588,-0.4589718,-0.8323847,9.988966,-0.6273032,-1.671212,15.75,16.375,25.125,-50.30695,-80.34354,-145.4715,0.741867,0.6539908,0.1368568,0.05656491
33224,0.4776663,-0.4866741,-3.221511,0.2985342,-0.4634756,-0.8236746,10.1853,-0.6799775,-1.728675,22.25,18,24,-52.34354,-80.34836,-143.4633,0.7403797,0.655435,0.1385353,0.05523455
33236,0.4815618,-0.4928848,-3.232326,0.2928731,-0.4669391,-0.8130543,10.31459,-0.8092691,-1.766984,27.625,19.5,22.875,-54.40638,-80.35381,-141.3573,0.7388532,0.6570401,0.1397656,0.05347852
33247,0.4852152,-0.4988532,-3.242558,0.2867235,-0.468406,-0.8030145,10.28107,-0.9816577,-1.819658,23.625,21.125,23,-56.49546,-80.34044,-139.2785,0.7372958,0.6585662,0.1413486,0.05202081
33258,0.4888269,-0.5049106,-3.25282,0.2797536,-0.4691968,-0.7948977,10.11347,-1.048698,-1.829235,8.625,23.75,24.75,-58.81624,-80.31302,-137.1659,0.7354546,0.6600256,0.144234,0.05166598
33270,0.4924439,-0.5111707,-3.263328,0.2722032,-0.4711119,-0.7907858,9.811789,-0.967292,-1.752618,-9.25,27,26.125,-61.37432,-80.29708,-135.0646,0.7331966,0.6614752,0.1485865,0.05287198
33281,0.4958541,-0.5172604,-3.273467,0.2656131,-0.4743097,-0.78975,9.610668,-0.8906748,-1.599384,-19.625,29.125,26.25,-63.94823,-80.30337,-133.0674,0.7307248,0.6629218,0.1534555,0.05502101
33293,0.4992059,-0.5234532,-3.283679,0.2595211,-0.4795022,-0.7906895,9.490954,-0.7661719,-1.450938,-23.5,29.5,24.625,-66.44544,-80.33977,-131.2001,0.7281416,0.6643754,0.1583536,0.05778641
33304,0.5025586,-0.5299002,-3.294205,0.2527552,-0.4860183,-0.7934956,9.37124,-0.6704004,-1.398264,-19.75,28.5,20.875,-68.6984,-80.4063,-129.5418,0.7256637,0.6657811,0.1626763,0.06069725
33315,0.5057158,-0.5362086,-3.304423,0.2462327,-0.4919978,-0.7969158,9.318565,-0.6991318,-1.355167,-15,27.375,17.5,-70.67226,-80.48335,-128.0782,0.7234281,0.6670863,0.1662391,0.06334116
33327,0.5088371,-0.542676,-3.314825,0.240135,-0.4975678,-0.8002772,9.328143,-0.7565947,-1.288126,-13,26.25,14.5,-72.53258,-80.57298,-126.7053,0.7212651,0.6683504,0.1694864,0.06602114
33338,0.5119494,-0.5493668,-3.325518,0.2340921,-0.503263,-0.8043115,9.289834,-0.7565947,-1.230664,-13.25,24.375,11,-74.18102,-80.68291,-125.5543,0.7192374,0.6694518,0.1725329,0.06902433
33350,0.5148324,-0.5557964,-3.335736,0.2283206,-0.5091941,-0.8092057,9.218005,-0.6991318,-1.177989,-12.25,22.25,7.5,-75.45798,-80.81115,-124.7333,0.7175335,0.6703092,0.1750359,0.07206777
33361,0.5177321,-0.5624899,-3.346333,0.2229522,-0.514642,-0.8147971,9.174909,-0.742229,-1.120526,-7.875,19.375,2.875,-76.44112,-80.96454,-124.1568,0.7160804,0.6710248,0.1769645,0.07508846
33373,0.5205772,-0.569268,-3.357044,0.2179152,-0.5191622,-0.8203388,9.174909,-0.7996919,-1.096583,-4.625,16.875,-1.375,-77.11767,-81.13554,-123.8405,0.7149023,0.6715655,0.1783867,0.07805582
33384,0.5233842,-0.5761907,-3.367959,0.2123323,-0.5236497,-0.8256641,9.198852,-0.7661719,-1.115738,-1.5,14.375,-5.75,-77.38408,-81.33691,-123.8932,0.7140533,0.6718817,0.1792361,0.08110064
33396,0.5261946,-0.5834356,-3.379335,0.2052619,-0.5291312,-0.8308641,9.232371,-0.6368804,-1.168412,8.375,12,-10.625,-77.09998,-81.59081,-124.3687,0.713648,0.6720793,0.1788433,0.0838518
33408,0.5287814,-0.5903947,-3.390244,0.1980072,-0.5326939,-0.8350626,9.275469,-0.7039204,-1.245029,20.125,10.25,-15,-76.43654,-81.84513,-125.0571,0.7136447,0.6722476,0.1773407,0.08570007
33419,0.5312794,-0.5973513,-3.401172,0.1915608,-0.5334818,-0.8380181,9.347297,-0.8906748,-1.264184,24,9.25,-17.75,-75.63445,-82.08894,-125.8298,0.7137731,0.672394,0.1755343,0.08718982
33432,0.5340021,-0.6051445,-3.413466,0.1859735,-0.5323205,-0.8397942,9.443069,-1.024755,-1.211509,19.25,7.875,-19.125,-74.65218,-82.34727,-126.8445,0.7139094,0.6723959,0.173955,0.08920097
33444,0.5364654,-0.6123623,-3.424894,0.1814066,-0.5315407,-0.8415747,9.443069,-0.9720806,-1.158835,13,6,-19.875,-73.51443,-82.58191,-128.0947,0.7140898,0.6721437,0.1729272,0.0916238
33456,0.5387275,-0.6191806,-3.435723,0.176506,-0.5320179,-0.8449851,9.323354,-0.8044805,-1.158835,14,4,-20.875,-72.04528,-82.80492,-129.6557,0.7144752,0.6717179,0.1717271,0.09396853
33467,0.5409516,-0.626057,-3.446706,0.1721123,-0.5321456,-0.8498856,9.213217,-0.7853262,-1.125315,20.125,2,-22.125,-70.27531,-83.01727,-131.4364,0.715071,0.671256,0.170001,0.09585651
33478,0.5431339,-0.6329005,-3.45776,0.1691064,-0.5303009,-0.8565874,9.064771,-0.9098291,-1.077429,21.75,0.375,-22.375,-68.45733,-83.19237,-133.2414,0.715733,0.6707519,0.1683128,0.09741204
33490,0.545338,-0.6398988,-3.469232,0.1663115,-0.5280556,-0.8656588,8.901959,-0.8858863,-1.063064,18.75,-0.75,-21.625,-66.50072,-83.34318,-135.2237,0.716438,0.6700947,0.1669179,0.0991376
33501,0.5474261,-0.6466768,-3.48048,0.1624877,-0.5274255,-0.8752757,8.849285,-0.6943433,-1.106161,20.875,-1.75,-21,-64.30235,-83.47763,-137.4203,0.7172755,0.6693548,0.1653375,0.1007157
33513,0.549467,-0.6535088,-3.491952,0.1574928,-0.5272024,-0.8852239,8.830131,-0.5889946,-1.187566,29.875,-2,-20.75,-61.86182,-83.59639,-139.7432,0.7183145,0.6686693,0.1630405,0.1016038
33524,0.5514524,-0.6603474,-3.503626,0.1523592,-0.5247962,-0.8958976,8.763091,-0.7039204,-1.264184,35.25,-1.125,-19.5,-59.62971,-83.67731,-141.787,0.7193596,0.6681119,0.1605826,0.1017921
33536,0.5533844,-0.6671077,-3.515421,0.1485924,-0.5199419,-0.9071561,8.705628,-0.8906748,-1.240241,27.75,0.625,-16.5,-58.06716,-83.7254,-143.2594,0.7200471,0.6676623,0.1591328,0.102157
33547,0.555284,-0.6738159,-3.527365,0.1460301,-0.5157005,-0.9181874,8.73436,-0.8619434,-1.144469,14,2.125,-12.75,-57.03957,-83.77203,-144.3778,0.7202898,0.6672432,0.1589819,0.1034118
33559,0.5571804,-0.6805716,-3.539564,0.1441923,-0.5136575,-0.9275185,8.892383,-0.7134976,-1.043909,6,3,-9.75,-56.27414,-83.83455,-145.3424,0.7202274,0.6668883,0.1595135,0.1052999
33570,0.5590224,-0.6871192,-3.551499,0.144116,-0.512296,-0.9338713,9.117445,-0.7134976,-0.9194063,6.5,2.75,-8.875,-55.71238,-83.90481,-146.0908,0.7200341,0.6666936,0.1600359,0.1070466
33581,0.5609307,-0.6938021,-3.563739,0.1460399,-0.5114369,-0.9367146,9.409549,-0.7326519,-0.7853262,7.375,0.875,-8.75,-55.15749,-83.97449,-146.8237,0.7198363,0.6665197,0.1605164,0.1087281
33593,0.5628559,-0.7004791,-3.575939,0.1477744,-0.5125148,-0.9364574,9.658554,-0.584206,-0.7661719,8.25,-1.625,-8.125,-54.33067,-84.0286,-147.817,0.7198229,0.6661749,0.160871,0.110392
33604,0.564804,-0.7072603,-3.588262,0.1479784,-0.5150915,-0.9359774,9.677709,-0.4166059,-0.8427891,14.375,-4.25,-6.75,-53.20886,-84.04478,-149.0272,0.7201564,0.6656417,0.1607894,0.1115474
33617,0.5668483,-0.7143499,-3.601158,0.1486885,-0.5156444,-0.9379743,9.486166,-0.5506861,-0.8619434,20.625,-4.875,-6.375,-52.23358,-84.03229,-150.0082,0.7206208,0.6651561,0.1604046,0.1119981
33628,0.5688224,-0.721085,-3.613494,0.1505999,-0.5138106,-0.9410835,9.385606,-0.742229,-0.8427891,15.75,-4.125,-5.25,-51.77082,-84.00642,-150.5395,0.7208606,0.6647367,0.1606794,0.1125488
33640,0.5708079,-0.7277148,-3.62573,0.1531295,-0.5113256,-0.9437,9.419126,-0.8092691,-0.8284234,-0.375,-3,-2.625,-51.77834,-83.97475,-150.8101,0.7207205,0.6641894,0.1624209,0.1141658
33652,0.573095,-0.7351907,-3.639551,0.1561319,-0.5103403,-0.9434928,9.644189,-0.708709,-0.7996919,-16.125,-2,0.25,-52.08166,-83.94951,-151.0547,0.7201491,0.6634064,0.1658443,0.1173583
33664,0.5752206,-0.7420633,-3.652158,0.1586053,-0.5127994,-0.9406633,9.859674,-0.4740689,-0.742229,-15.125,-2.125,0.25,-52.09093,-83.95464,-151.5348,0.7196153,0.6627215,0.1686603,0.1204483
33676,0.5773168,-0.7487625,-3.664332,0.1615447,-0.5162818,-0.9381799,9.850098,-0.4022402,-0.6704004,0.125,-3.375,-2,-51.75259,-83.97334,-152.1474,0.7193837,0.6622691,0.1700048,0.1224143
33687,0.5773168,-0.7487625,-3.664332,0,0,0,9.677709,-0.483646,-0.6943433,13.125,-4.5,-3.875,-51.24887,-83.97849,-152.7546,0.7194582,0.6619336,0.17033,0.1233352
33699,0.5773168,-0.7487625,-3.664332,0,0,0,9.486166,-0.4405488,-0.8236348,21.125,-4.25,-3.75,-50.6032,-83.96674,-153.4008,0.7197728,0.6616098,0.1700525,0.1236195
33711,0.5773168,-0.7487625,-3.664332,0,0,0,9.380817,-0.4022402,-0.8906748,27.875,-2.75,-2.625,-50.1269,-83.95814,-153.7909,0.7200969,0.6615007,0.1693448,0.1232871
33722,0.5773168,-0.7487625,-3.664332,0,0,0,9.265891,-0.4788574,-0.9241948,33.875,-0.75,-1,-50.03513,-83.95155,-153.7205,0.7203373,0.661669,0.1683859,0.1222892
33734,0.5773282,-0.748756,-3.664404,0.0008714505,0.0005034145,-0.005547176,9.194062,-0.5698403,-0.8858863,33.625,1.375,0.875,-50.41628,-83.95668,-153.1807,0.7203283,0.6620821,0.1676448,0.1211179
33746,0.5773678,-0.7487505,-3.664557,0.002846752,0.0003927563,-0.01105427,9.232371,-0.5698403,-0.7901148,32.125,2.875,2.375,-51.14775,-83.98588,-152.3022,0.7200541,0.6627444,0.1670524,0.1199395
33757,0.5774301,-0.7487589,-3.664746,0.004783231,-0.0006397702,-0.01442464,9.376028,-0.5219546,-0.7565947,38.5,2.875,1.625,-51.69281,-84.02657,-151.536,0.7198792,0.6634962,0.1658857,0.1184432
33769,0.5775114,-0.7487788,-3.664962,0.006213627,-0.001526213,-0.01657159,9.467011,-0.5267432,-0.7949033,50.75,1.875,-0.75,-51.88155,-84.06489,-150.964,0.7200249,0.6643179,0.1636068,0.1160978
33781,0.5775995,-0.7487827,-3.665201,0.00669639,-0.0002944284,-0.01818499,9.490954,-0.6560347,-0.9194063,60.125,1.25,-2.625,-51.89194,-84.08069,-150.4428,0.7204625,0.6651235,0.1605862,0.1129459
33793,0.5776746,-0.7487193,-3.66546,0.005474421,0.004617978,-0.01885807,9.534052,-0.8715205,-1.134892,53.875,2.625,-1.5,-52.23369,-84.05842,-149.6544,0.7208499,0.6657776,0.1582458,0.1098813
33804,0.5777214,-0.7485758,-3.665699,0.003559404,0.01092891,-0.0181656,9.620246,-0.9912349,-1.235452,32.75,5.625,2.75,-53.26347,-84.02177,-148.4782,0.7207054,0.6662406,0.1580354,0.108315
33816,0.57775,-0.748364,-3.665923,0.00220643,0.01629041,-0.01726077,9.644189,-0.967292,-1.163624,9.75,8.5,6.75,-54.87891,-83.99949,-147.0201,0.7199368,0.6666277,0.1598033,0.10845
33828,0.5777784,-0.7481104,-3.666173,0.002042838,0.01827751,-0.01802829,9.548417,-0.7661719,-0.9529263,-6.875,9.5,9.125,-56.81646,-84.00936,-145.4841,0.7186326,0.6669897,0.162985,0.1101269
33839,0.5778208,-0.7478959,-3.666456,0.003246716,0.01641725,-0.02168027,9.356874,-0.5411089,-0.7134976,-6.625,7.875,8,-58.30873,-84.05274,-144.366,0.7174058,0.6673447,0.165635,0.1120048
33851,0.577886,-0.7477301,-3.666822,0.004994074,0.01270167,-0.02798672,9.17012,-0.4166059,-0.5889946,6.75,4.875,3.875,-59.1012,-84.11777,-143.7697,0.7165906,0.6677231,0.1668293,0.1131891
33862,0.5779704,-0.747617,-3.667276,0.006499191,0.008708402,-0.03497086,9.117445,-0.3782974,-0.584206,25.125,1,-1.375,-59.00962,-84.18385,-143.814,0.7164268,0.6680436,0.1662173,0.113235
33874,0.578079,-0.7475474,-3.6678,0.008376778,0.005370362,-0.04041866,9.232371,-0.4309717,-0.584206,38.5,-2.375,-5.125,-58.33883,-84.23744,-144.2601,0.7167473,0.6683008,0.164385,0.1123609
33885,0.5782125,-0.7475004,-3.668381,0.01026239,0.003610937,-0.04469028,9.313777,-0.5363203,-0.641669,44.125,-5,-7.375,-57.31522,-84.26213,-144.9826,0.7174038,0.6683816,0.1620844,0.1110246
33897,0.5783526,-0.7474604,-3.669021,0.01079026,0.003081891,-0.04933831,9.270679,-0.5698403,-0.7805376,40.625,-6,-7.875,-56.09961,-84.25601,-145.943,0.7182121,0.6681747,0.160097,0.1099227
33908,0.5784992,-0.7474226,-3.669743,0.01122604,0.002898757,-0.05523564,9.174909,-0.5746289,-0.7996919,33.875,-5.75,-7.5,-54.95336,-84.2431,-146.9205,0.7189232,0.6678515,0.1586633,0.1093157
33919,0.5786628,-0.7473823,-3.670559,0.01271999,0.00313314,-0.06348438,8.988154,-0.6129375,-0.7278633,25.875,-5.625,-7.875,-53.93876,-84.23622,-147.8713,0.7194462,0.6674735,0.1578635,0.1093409
33931,0.5788593,-0.7473447,-3.67154,0.01493997,0.002859906,-0.0745452,8.796611,-0.5698403,-0.6560347,20.875,-5.75,-9.125,-52.78532,-84.24552,-149.0242,0.7198902,0.6670365,0.1572947,0.1099041
33942,0.5790937,-0.7473271,-3.672658,0.0181085,0.001353952,-0.08640499,8.73436,-0.483646,-0.5506861,21.5,-6.625,-11.625,-51.30407,-84.28005,-150.4952,0.7203526,0.6666191,0.156408,0.11067
33954,0.5793749,-0.7473522,-3.673924,0.02161735,-0.001925404,-0.09730674,8.825342,-0.3399888,-0.4932232,30.125,-8.75,-14.75,-49.17086,-84.32574,-152.5041,0.7210988,0.6661892,0.1544978,0.1110809
33965,0.5796776,-0.747435,-3.675313,0.02335208,-0.006388742,-0.1071413,8.901959,-0.1676001,-0.6081489,49,-11.25,-18.625,-46.12016,-84.35098,-155.185,0.7224554,0.6656975,0.1507701,0.1103336
33977,0.5799779,-0.7475604,-3.676835,0.02295865,-0.009594738,-0.1163696,8.935479,-0.1628115,-0.8236348,70,-12.375,-21.125,-42.58771,-84.32854,-158.0685,0.7243804,0.6652154,0.14529,0.1079458
33988,0.5802525,-0.7476694,-3.678427,0.02118472,-0.00840738,-0.1228564,9.107868,-0.4213945,-1.082218,81.375,-11.25,-20.625,-39.56513,-84.25203,-160.2995,0.7264498,0.6648156,0.1393419,0.1042822
34000,0.5805069,-0.7476933,-3.68008,0.01928261,-0.001812689,-0.1252759,9.395183,-0.8044805,-1.273761,69.875,-8.125,-16.375,-37.74139,-84.14545,-161.4699,0.7281272,0.6644393,0.1348662,0.1008089
34011,0.5807253,-0.7476118,-3.681671,0.01717703,0.006409578,-0.125116,9.577148,-0.9433491,-1.374321,45,-4.125,-10.25,-37.06403,-84.05044,-161.8371,0.7290865,0.6640531,0.1329567,0.09893864
34023,0.5809173,-0.7474312,-3.68331,0.0146755,0.01379676,-0.1252202,9.557994,-0.8619434,-1.379109,19.5,0.625,-4,-37.20519,-83.99117,-161.716,0.7293319,0.6637297,0.1333198,0.09881279
34034,0.5810851,-0.7471709,-3.684971,0.01283353,0.01990894,-0.1270245,9.43828,-0.7901148,-1.288126,3,4.875,0.375,-37.97518,-83.98161,-161.1858,0.7289383,0.6636284,0.1351754,0.09987034
34046,0.581266,-0.7468321,-3.686809,0.01284225,0.0240529,-0.13052,9.352086,-0.6799775,-1.077429,-8.625,7.875,3.625,-39.28963,-84.03274,-160.2968,0.7278934,0.6638233,0.1382324,0.1019885
34058,0.5814425,-0.7465065,-3.688529,0.01382096,0.02549895,-0.1347301,9.289834,-0.5411089,-0.9241948,-8.125,8,4.5,-40.47032,-84.10209,-159.4968,0.7268261,0.6641285,0.1408815,0.1039693
34069,0.5816377,-0.7461645,-3.690364,0.01484667,0.02600382,-0.1394623,9.265891,-0.4788574,-0.8810977,1,6.75,4.25,-41.5346,-84.16537,-158.7047,0.725917,0.6644914,0.1428388,0.1053224
34081,0.5818517,-0.7458115,-3.692259,0.0162524,0.02681488,-0.1439595,9.285046,-0.5219546,-0.8523662,9.875,5.125,3.875,-42.55397,-84.20952,-157.84,0.7252202,0.6648791,0.1441364,0.1059063
34093,0.5821102,-0.7454154,-3.694321,0.01853518,0.02839415,-0.1478596,9.347297,-0.6081489,-0.8140576,15,3,4.375,-43.73029,-84.22463,-156.7552,0.7246638,0.6652446,0.1452325,0.1059224
34104,0.5823701,-0.7450404,-3.696233,0.02036965,0.02938981,-0.1498341,9.4718,-0.5889946,-0.8284234,17.625,0.75,5.25,-44.72744,-84.20664,-155.8086,0.7243566,0.6654298,0.1461019,0.1056641
34116,0.5826576,-0.7446509,-3.698246,0.02159777,0.02926813,-0.1512096,9.524474,-0.5075889,-0.8523662,23.625,-1.625,5.75,-45.53094,-84.15813,-154.9785,0.7243242,0.6654909,0.1465285,0.1049089
34127,0.5829522,-0.7442655,-3.700192,0.0231407,0.03026986,-0.1528793,9.490954,-0.6177261,-0.8571548,27.375,-3,6,-46.36367,-84.08616,-154.0717,0.7244217,0.665511,0.1467804,0.1037495
34139,0.5832776,-0.7438559,-3.702192,0.0251801,0.03169879,-0.1548003,9.4718,-0.6799775,-0.8380005,25.5,-4,6.125,-47.21826,-83.99942,-153.1654,0.7245433,0.6654474,0.1472341,0.1026594
34150,0.5836276,-0.7434332,-3.704278,0.02634038,0.03180521,-0.1569818,9.457435,-0.5746289,-0.8763091,25.875,-5.125,5.375,-47.73338,-83.90459,-152.5923,0.7248261,0.6652299,0.1475132,0.1016668
34162,0.5839768,-0.7430246,-3.706308,0.02721199,0.03184314,-0.1581877,9.524474,-0.5794175,-0.9098291,30,-5.875,3.875,-47.98381,-83.8117,-152.232,0.7252443,0.6649895,0.1473514,0.1004851
34173,0.5843458,-0.7426015,-3.708345,0.02855423,0.03274926,-0.1575967,9.658554,-0.675189,-0.9241948,29.75,-6.5,3.125,-48.21102,-83.71141,-151.8962,0.7256988,0.6647031,0.147216,0.09929045
34185,0.5847445,-0.7421503,-3.710412,0.03009037,0.03404852,-0.1560466,9.725595,-0.7230747,-0.9433491,22.5,-6.875,3.5,-48.48922,-83.59936,-151.6024,0.7260981,0.6642618,0.147696,0.0986089
34196,0.5851483,-0.7417095,-3.712402,0.03149324,0.03437166,-0.1551484,9.682497,-0.6608232,-0.933772,15,-6.625,3.875,-48.72866,-83.49928,-151.445,0.7263724,0.6637427,0.148679,0.09860745
34208,0.5855833,-0.7412682,-3.714433,0.03347069,0.03395962,-0.1562628,9.534052,-0.6225147,-0.8715205,8.625,-6.5,3.875,-48.9665,-83.4103,-151.373,0.7265211,0.6631728,0.1501076,0.09918025
34219,0.5860616,-0.7408353,-3.716556,0.03594045,0.03252749,-0.1595608,9.380817,-0.5602632,-0.8092691,3.625,-6.375,3.75,-49.16758,-83.33465,-151.4085,0.7265615,0.6625615,0.1518755,0.1002716
34230,0.5865487,-0.7404604,-3.718643,0.03859943,0.02970837,-0.1653876,9.179697,-0.450126,-0.7326519,2.5,-6.5,2.75,-49.17972,-83.28493,-151.6348,0.726567,0.6619932,0.1534489,0.1015812
34242,0.5870762,-0.7401249,-3.720908,0.04057441,0.0258071,-0.1742328,8.964211,-0.3399888,-0.7470176,7.75,-6.75,0.5,-48.82378,-83.24921,-152.1675,0.7267302,0.6614097,0.1544026,0.1027635
34253,0.587608,-0.7398304,-3.72332,0.04070554,0.02254652,-0.1846102,8.83492,-0.3208345,-0.8954634,15.5,-5.875,-1.625,-48.19841,-83.21395,-152.8688,0.7271003,0.6608436,0.1546132,0.1034691
34265,0.5881366,-0.7395669,-3.72587,0.03997196,0.01992814,-0.1928729,8.992943,-0.3447773,-1.000812,20.25,-3.875,-2.625,-47.55743,-83.19334,-153.524,0.7274652,0.6604317,0.1543983,0.1038544
34277,0.588672,-0.7393335,-3.728571,0.03907365,0.01703197,-0.1970776,9.308989,-0.3352002,-1.043909,24.25,-2.125,-3,-46.93188,-83.196,-154.1102,0.7277629,0.6602247,0.1537938,0.1039806
34289,0.5891644,-0.7391384,-3.731176,0.03774168,0.01494924,-0.19966,9.409549,-0.3687202,-1.110949,27.375,-1,-2.5,-46.45829,-83.1983,-154.5059,0.7280275,0.6601365,0.1530575,0.1037749
34300,0.5896364,-0.7389432,-3.733818,0.03623309,0.01499097,-0.202793,9.352086,-0.5123774,-1.177989,24.75,0.75,-1.25,-46.3354,-83.19369,-154.5858,0.728141,0.6601161,0.1527533,0.1035571
34313,0.5901561,-0.7386961,-3.736832,0.03551793,0.01688841,-0.2060216,9.366451,-0.6608232,-1.158835,13.25,3.375,1.125,-46.81537,-83.20029,-154.227,0.7277933,0.6601965,0.1537121,0.1040678
34325,0.5906452,-0.7384511,-3.739662,0.03594507,0.01800212,-0.2079943,9.452645,-0.6560347,-1.067852,1,4.875,3.375,-47.61032,-83.22639,-153.7135,0.7270701,0.6603013,0.1557053,0.1054856
34336,0.5911103,-0.7382265,-3.742348,0.03632281,0.01754066,-0.2097425,9.4718,-0.5506861,-1.019966,-4.375,5,4.25,-48.34671,-83.26006,-153.3121,0.7262817,0.6603441,0.1579391,0.1073117
34348,0.5915846,-0.7380265,-3.745084,0.03667635,0.01546647,-0.2115956,9.476588,-0.4357603,-0.967292,-0.25,4.125,3.75,-48.88884,-83.30091,-153.0551,0.7255884,0.6604021,0.1597413,0.1089643
34359,0.5920699,-0.7378525,-3.747842,0.03761877,0.01348944,-0.2137375,9.457435,-0.4597031,-0.9194063,7.5,2.125,2.5,-49.26007,-83.32929,-152.8665,0.7251218,0.6604589,0.1608983,0.1100195
34371,0.5925783,-0.7376896,-3.750721,0.03835412,0.01228938,-0.2171887,9.356874,-0.5075889,-0.9481377,12.875,0.125,1.5,-49.4725,-83.33055,-152.7687,0.7249106,0.6603991,0.1616741,0.1106309
34382,0.593066,-0.7375361,-3.75357,0.03796545,0.01194936,-0.221795,9.246737,-0.5315318,-1.043909,14.25,-0.5,1.625,-49.62619,-83.30698,-152.7087,0.7248573,0.6602128,0.1623889,0.1110443
34393,0.5935403,-0.7373905,-3.756515,0.03654684,0.01121627,-0.2268983,9.208428,-0.4740689,-1.106161,16.125,-0.5,2,-49.70765,-83.27602,-152.6985,0.7248897,0.6599882,0.1629618,0.1113283
34405,0.5939981,-0.737261,-3.759518,0.03516947,0.009949775,-0.2307426,9.308989,-0.4453374,-1.101372,23,-0.75,1.625,-49.70886,-83.25,-152.6791,0.725023,0.6598797,0.162956,0.1111111
34416,0.5944428,-0.7371471,-3.762555,0.03420139,0.008759081,-0.2335954,9.385606,-0.4692803,-1.087006,34,-2,0.25,-49.54947,-83.2202,-152.6757,0.7253853,0.6598842,0.1620398,0.1100555
34428,0.5948771,-0.737028,-3.765641,0.03339339,0.009155184,-0.2373065,9.308989,-0.5889946,-1.120526,40.75,-3,-0.5,-49.38736,-83.16939,-152.5856,0.725927,0.6599016,0.1606849,0.1083523
34439,0.5953188,-0.7368653,-3.768813,0.03357466,0.0123684,-0.2411112,9.289834,-0.8284234,-1.134892,36.875,-2.875,0.5,-49.5982,-83.09459,-152.1693,0.7263558,0.6598988,0.1599055,0.1066359
34451,0.595762,-0.7366519,-3.771932,0.0346808,0.0167002,-0.2440584,9.342508,-0.9625034,-1.115738,21.25,-2.625,2.375,-50.13268,-83.00931,-151.6351,0.726481,0.6597102,0.1605424,0.1059907
34462,0.5962293,-0.7363935,-3.775168,0.03575993,0.01977754,-0.2476054,9.308989,-0.8763091,-1.087006,7.625,-2.875,3.875,-50.70316,-82.9212,-151.2446,0.7264256,0.6592798,0.1622506,0.1064471
34474,0.5967144,-0.7361284,-3.778442,0.03723608,0.02034829,-0.2513277,9.313777,-0.7182862,-0.9960235,1.625,-3.75,4.125,-51.11094,-82.84829,-151.0952,0.7263008,0.6587402,0.1642587,0.1075527
34485,0.5972394,-0.7358746,-3.781803,0.03979897,0.01923949,-0.2548199,9.352086,-0.6368804,-0.8858863,4.125,-5.625,2.875,-51.28133,-82.78522,-151.1522,0.7262756,0.6581759,0.1659108,0.1086375
34497,0.5978273,-0.7356375,-3.78536,0.04283649,0.01727202,-0.2591418,9.308989,-0.5889946,-0.8475776,14.125,-8.75,0.125,-51.00463,-82.71032,-151.5248,0.7266475,0.6575161,0.1665862,0.1091108
34509,0.5984217,-0.7354333,-3.788817,0.04534281,0.01557866,-0.2637065,9.270679,-0.584206,-0.8954634,22.875,-11.125,-2.375,-50.38309,-82.62164,-152.1208,0.7273714,0.6567849,0.1664012,0.1089734
34520,0.5990392,-0.7352542,-3.792293,0.04758843,0.01380288,-0.2678791,9.294622,-0.5650518,-0.933772,30.5,-12.875,-4.125,-49.51889,-82.52197,-152.859,0.7283627,0.6560174,0.1655167,0.1083204
34533,0.5997724,-0.7350878,-3.796255,0.05017253,0.01138722,-0.2711118,9.395183,-0.5363203,-0.9577149,39.25,-14.25,-5.625,-48.32489,-82.40333,-153.7816,0.729741,0.6551892,0.163637,0.1069021
34545,0.6004906,-0.7349402,-3.799914,0.05349367,0.01098956,-0.2725282,9.500531,-0.6895547,-0.9816577,42.75,-15.125,-6.25,-47.33711,-82.27656,-154.4707,0.7310793,0.6544489,0.1617367,0.1051713
34556,0.6012254,-0.7347811,-3.803464,0.05657696,0.01224731,-0.2733105,9.529263,-0.8044805,-1.067852,34.375,-14.5,-4.875,-46.64392,-82.1366,-154.9841,0.7322243,0.6536058,0.1607377,0.1039738
34568,0.6019881,-0.7346128,-3.806999,0.05909595,0.01304254,-0.27392,9.53884,-0.7565947,-1.120526,22.125,-13,-2.625,-46.16542,-82.00179,-155.4449,0.7330965,0.6526616,0.1607767,0.1036984
34579,0.6027988,-0.7344526,-3.810552,0.06262647,0.01237818,-0.2744364,9.562783,-0.6799775,-1.029544,13.125,-11.75,-1.125,-45.85007,-81.89424,-155.8607,0.733658,0.651776,0.1614982,0.1041752
34591,0.603678,-0.7343156,-3.81416,0.06715821,0.01046476,-0.2756049,9.529263,-0.6129375,-0.9385605,8,-11.25,-1.125,-45.54434,-81.81036,-156.3355,0.7340441,0.6509241,0.162527,0.1051769
34602,0.6046021,-0.7342241,-3.817782,0.07107879,0.007033841,-0.2786112,9.395183,-0.4692803,-0.933772,9.875,-11,-2.625,-45.00643,-81.74677,-157.0171,0.7344754,0.6501007,0.1631647,0.1062647
34614,0.6055663,-0.7341898,-3.821474,0.07406536,0.002635496,-0.2835654,9.246737,-0.3495659,-0.967292,19.125,-10.375,-5.125,-44.17269,-81.70354,-157.8737,0.7350677,0.649417,0.1628193,0.1068789
34625,0.6065552,-0.7342027,-3.825226,0.0762083,-0.000997053,-0.2891468,9.184485,-0.3591431,-1.053486,28.125,-9,-7.125,-43.22509,-81.67152,-158.7262,0.735766,0.6489139,0.161671,0.1068725
34636,0.6075706,-0.7342368,-3.829062,0.078077,-0.002619914,-0.2950105,9.146177,-0.4788574,-1.134892,30.75,-6,-8.125,-42.40619,-81.6597,-159.4146,0.7363315,0.6486428,0.160346,0.1066192
34648,0.6086177,-0.7342733,-3.832986,0.08031672,-0.002799419,-0.300983,9.131811,-0.5794175,-1.149258,24.75,-2.375,-7.75,-41.84751,-81.68162,-159.9212,0.7365344,0.6485806,0.1595546,0.1067835
34659,0.6096896,-0.73432,-3.837009,0.08186909,-0.003564848,-0.3072373,9.112657,-0.5028003,-1.173201,16.75,1.75,-6.875,-41.40781,-81.74933,-160.4162,0.7363544,0.6486912,0.1593233,0.1076944
34671,0.6107437,-0.7343957,-3.841029,0.08230894,-0.005912248,-0.3139157,9.074348,-0.3352002,-1.187566,17.75,4.75,-7.25,-40.85802,-81.85693,-161.0096,0.7360316,0.6490054,0.1588272,0.108736
34682,0.6118338,-0.7345031,-3.845221,0.08325242,-0.008207617,-0.3201297,9.127023,-0.3399888,-1.144469,26.25,6.625,-8.625,-40.25144,-81.99982,-161.5484,0.7356528,0.6496639,0.1575623,0.1092059
34694,0.6129414,-0.7346124,-3.849445,0.08523063,-0.008405642,-0.325009,9.222795,-0.5075889,-1.120526,30.375,8,-9.5,-39.79916,-82.15504,-161.8775,0.7351882,0.6505445,0.1560737,0.1092305
34705,0.6140916,-0.7347139,-3.853785,0.0872312,-0.007696399,-0.3291636,9.280257,-0.5602632,-1.130104,29,9.125,-9.375,-39.43427,-82.31896,-162.1356,0.7346201,0.6514939,0.1547259,0.109311
34717,0.6153088,-0.7348046,-3.858354,0.08835457,-0.006579489,-0.3316962,9.40476,-0.5506861,-1.197144,27.75,9.75,-9.125,-39.05058,-82.48532,-162.4256,0.7340257,0.6524373,0.1534414,0.1094877
34729,0.6164618,-0.7348729,-3.862691,0.08854048,-0.00524617,-0.333082,9.476588,-0.5363203,-1.254606,27.375,10.125,-8.5,-38.71512,-82.6339,-162.6783,0.7334831,0.6532863,0.1523125,0.109638
34740,0.6176032,-0.7349151,-3.867052,0.08786153,-0.003254483,-0.3356246,9.380817,-0.5458975,-1.302492,25.5,10.875,-7.5,-38.49231,-82.77406,-162.844,0.7329117,0.6540962,0.1514383,0.1098411
34753,0.6188625,-0.7349277,-3.87203,0.08603743,-0.0008609763,-0.3401253,9.265891,-0.517166,-1.336012,18.375,12.25,-4.875,-38.53101,-82.9284,-162.8484,0.7320743,0.6549522,0.1512776,0.1105446
34765,0.6199878,-0.734921,-3.87667,0.08379602,0.0004989257,-0.3455462,9.174909,-0.4357603,-1.316858,10.375,14.25,-1.75,-38.86776,-83.08372,-162.6622,0.7310219,0.655774,0.1519252,0.1117419
34776,0.6210579,-0.7348914,-3.881241,0.08250596,0.002284615,-0.3523806,9.059982,-0.4884346,-1.225875,8.25,15.875,-1,-39.43904,-83.25526,-162.2643,0.7297848,0.6567348,0.1527973,0.11299
34788,0.6221189,-0.7348313,-3.885907,0.08173483,0.004631181,-0.3594046,9.050406,-0.5411089,-1.173201,7.875,16.75,-1.75,-40.06938,-83.44091,-161.8112,0.7284541,0.6577829,0.1536706,0.1142885
34799,0.6231458,-0.7347579,-3.890618,0.07966869,0.005691138,-0.365545,9.117445,-0.4070288,-1.206721,10.625,17.375,-3.125,-40.38689,-83.63657,-161.6351,0.7272199,0.658819,0.1540993,0.1155952
34811,0.6241506,-0.7346805,-3.895533,0.07599894,0.005856995,-0.371713,9.127023,-0.2873144,-1.259395,19.75,17.75,-4.75,-40.35223,-83.84164,-161.6943,0.726173,0.6599438,0.1536137,0.1164036
34822,0.6250826,-0.7345858,-3.900404,0.07230502,0.007343251,-0.377934,9.107868,-0.3687202,-1.273761,30.125,18.25,-6.75,-40.21442,-84.04388,-161.7204,0.7253085,0.6612005,0.1522941,0.1163963
34834,0.6259584,-0.7344577,-3.905383,0.06748477,0.009868901,-0.3836064,9.146177,-0.4022402,-1.355167,36.125,19.25,-8.125,-39.95393,-84.24704,-161.7897,0.7245518,0.6625291,0.1504489,0.1159528
34845,0.6267416,-0.734287,-3.910431,0.06027149,0.01313572,-0.3884361,9.198852,-0.3782974,-1.522767,41.25,20.625,-9.375,-39.45984,-84.44444,-162.0258,0.7239507,0.6638443,0.1481163,0.1151858
34857,0.6274124,-0.7340531,-3.915546,0.05140277,0.01792025,-0.3919596,9.289834,-0.4357603,-1.656847,43.375,23.5,-9.125,-39.12524,-84.65192,-162.0743,0.7232682,0.6652997,0.1456828,0.1141751
34868,0.6279469,-0.7337367,-3.920656,0.04120728,0.02439988,-0.3939811,9.395183,-0.5219546,-1.776561,37.375,27.25,-7.125,-39.30048,-84.87263,-161.6939,0.7222919,0.6668613,0.143936,0.1134586
34879,0.6283351,-0.7333218,-3.925832,0.0295813,0.03161272,-0.3944359,9.514897,-0.5363203,-1.853178,25.5,31.875,-3.875,-40.17404,-85.1258,-160.7717,0.7208167,0.6685802,0.1433119,0.1135153
34891,0.6285639,-0.7328086,-3.930985,0.01751235,0.03927675,-0.3943958,9.557994,-0.5602632,-1.853178,15.625,36.125,-1.375,-41.77592,-85.41042,-159.2522,0.7188789,0.6704751,0.1436205,0.1142346
34902,0.6286359,-0.7322163,-3.936033,0.005633898,0.04634879,-0.3949438,9.524474,-0.5267432,-1.786138,9,39.75,-0.25,-43.89428,-85.72552,-157.3009,0.7166032,0.672521,0.1444306,0.1154777
34914,0.6286359,-0.7322163,-3.936033,0,0,0,9.534052,-0.3878745,-1.685578,10.25,41.125,-0.625,-46.18083,-86.07369,-155.1697,0.7141806,0.6747416,0.1449772,0.1168398
34927,0.6286359,-0.7322163,-3.936033,0,0,0,9.352086,-0.3304116,-1.699944,18.75,41.375,-2,-48.83428,-86.46881,-152.5679,0.7116179,0.6773422,0.1446898,0.1177822
34938,0.6286359,-0.7322163,-3.936033,0,0,0,9.160542,-0.3112573,-1.810081,29.375,41.875,-3.875,-50.9505,-86.78442,-150.3594,0.7097746,0.679509,0.1435188,0.1178559
34950,0.6286359,-0.7322163,-3.936033,0,0,0,8.978577,-0.2968916,-1.94895,36.375,43,-4.75,-53.18904,-87.09088,-147.9345,0.7081105,0.6816958,0.1417228,0.11741
34962,0.628378,-0.7320985,-3.936186,-0.01956896,0.008941716,-0.01161403,8.705628,-0.4070288,-2.063875,38.75,45.375,-5,-56.2361,-87.37759,-144.6693,0.706475,0.683906,0.1398487,0.116654
34974,0.627828,-0.731795,-3.936538,-0.03905944,0.02155374,-0.02500051,8.643376,-0.6512461,-1.987258,28.75,47.5,-3.625,-62.05254,-87.65565,-138.7608,0.7043067,0.6863535,0.1390426,0.1163541
34985,0.6271186,-0.7313687,-3.937019,-0.05626758,0.03381288,-0.03818087,8.557182,-0.7326519,-1.944161,10.375,48.625,-1,-69.50409,-87.85014,-131.4593,0.7020132,0.6883572,0.1399878,0.1172403
34997,0.6261142,-0.7307871,-3.937718,-0.07555251,0.0437443,-0.05257867,8.538028,-0.4884346,-1.891487,-1.375,48.75,0.875,-78.46881,-88.02573,-122.8109,0.6994441,0.6902493,0.141818,0.1192544
35008,0.6249206,-0.7301322,-3.938543,-0.09386441,0.05150319,-0.06489497,8.667319,-0.3639317,-1.786138,4,46.25,0.125,-87.42001,-88.164,-114.0935,0.6972057,0.6919792,0.1429819,0.1209353
35020,0.6234384,-0.7293236,-3.939564,-0.1121209,0.06116443,-0.07719322,8.710417,-0.4980117,-1.733464,15.375,41.875,-2.25,-96.10079,-88.24944,-105.505,0.6953798,0.6936088,0.143284,0.1217521
35031,0.6217506,-0.7283909,-3.940715,-0.1295468,0.07158522,-0.08837051,8.787034,-0.5794175,-1.685578,23,36.875,-4.75,-103.1355,-88.30304,-98.46109,0.6940832,0.6949373,0.1429247,0.1219973
35042,0.6198754,-0.7273505,-3.941946,-0.146216,0.0811295,-0.09600368,9.055194,-0.5458975,-1.608961,31.5,29.375,-6.875,-107.4994,-88.3604,-93.97744,0.6934623,0.6958448,0.1417833,0.1216869
35054,0.6177591,-0.7261677,-3.943273,-0.1636838,0.09148372,-0.1025872,9.141388,-0.5794175,-1.671212,39.375,21.875,-8.5,-108.2928,-88.42059,-92.95926,0.6936147,0.696215,0.1400359,0.1207194
35065,0.6153476,-0.7248041,-3.944772,-0.1819709,0.1028978,-0.1131029,8.854074,-0.6177261,-1.728675,38.125,15.75,-7.75,-105.506,-88.45465,-95.53165,0.6943313,0.6959891,0.1385776,0.1195806
35077,0.6127684,-0.7233808,-3.946409,-0.2010905,0.1109687,-0.1276812,8.514085,-0.3495659,-1.766984,42.5,11.625,-7.25,-99.90501,-88.50695,-100.8695,0.6955376,0.6953825,0.1366924,0.1182622
35088,0.609915,-0.7218037,-3.948188,-0.2195744,0.1213612,-0.1369082,8.930691,-0.5458975,-1.790927,61.125,6.625,-10.875,-91.76431,-88.54398,-108.498,0.697332,0.6947176,0.1332619,0.1154859
35100,0.6067824,-0.7199681,-3.950043,-0.235394,0.1379314,-0.1393525,9.43828,-1.067852,-1.762195,62.375,0.375,-12.625,-82.19633,-88.47672,-117.5246,0.699453,0.6937479,0.1300339,0.1121188
35111,0.6036383,-0.7180126,-3.951855,-0.2491934,0.1549938,-0.1436309,9.270679,-1.206721,-1.752618,49.375,-6.625,-12.375,-72.23669,-88.30626,-127.1319,0.7017731,0.6921363,0.128209,0.1096555
35122,0.6002232,-0.7158051,-3.95384,-0.2624536,0.1696461,-0.1525406,8.921114,-1.010389,-1.661635,41.75,-13.75,-13.5,-61.53216,-88.0563,-137.5702,0.7045927,0.689817,0.1267593,0.1078602
35134,0.5966349,-0.713453,-3.955951,-0.2751633,0.1803645,-0.1618845,8.887594,-0.7278633,-1.589807,48.125,-20.125,-15.75,-50.96836,-87.74337,-147.7817,0.7079405,0.6871133,0.1244059,0.105919
35146,0.5928287,-0.7109376,-3.958175,-0.28752,0.1900133,-0.1680045,9.131811,-0.6464576,-1.61375,67.25,-27.5,-19.125,-41.13239,-87.3181,-157.0044,0.7121012,0.6840537,0.1202034,0.1026338
35158,0.5887215,-0.7081519,-3.960528,-0.2998165,0.2033552,-0.1717748,9.294622,-0.8906748,-1.762195,80.375,-33.875,-21,-33.64796,-86.7308,-163.6707,0.7170454,0.6804788,0.1149385,0.09789605
35169,0.5846525,-0.7053114,-3.962772,-0.3116588,0.2175583,-0.1718451,9.53884,-1.005601,-1.925007,75.5,-38.125,-18.5,-29.12964,-86.07415,-167.4708,0.7219278,0.6766511,0.1106302,0.09340462
35181,0.5804409,-0.7022924,-3.964954,-0.3232756,0.23173,-0.1675416,9.850098,-1.024755,-2.04951,65.25,-41.375,-14.5,-26.38993,-85.36227,-169.6266,0.726788,0.6724874,0.1074524,0.08940832
35193,0.5755382,-0.6986737,-3.967359,-0.3359405,0.2479652,-0.1647914,9.677709,-1.072641,-2.159647,56.25,-44.125,-10.375,-24.76285,-84.50484,-170.7305,0.7322609,0.6674353,0.1051229,0.0852837
35204,0.5712602,-0.6954194,-3.969435,-0.3449994,0.2624415,-0.1674217,9.261103,-1.177989,-2.11655,41.875,-44.125,-6.25,-24.36028,-83.77742,-170.866,0.7365921,0.6630895,0.1046005,0.08248275
35216,0.5666351,-0.6917976,-3.971682,-0.3521999,0.2758011,-0.1711238,9.189274,-1.101372,-2.011201,22.25,-43.375,-1.625,-24.45126,-83.04089,-170.7518,0.7406742,0.6585272,0.1058054,0.08092595
35227,0.5620458,-0.6881193,-3.973912,-0.356751,0.2859362,-0.1733126,9.308989,-0.9529263,-1.891487,6.375,-43.75,2.875,-24.79722,-82.34943,-170.5907,0.7442681,0.6540915,0.1083312,0.08058362
35239,0.5573986,-0.6843025,-3.976208,-0.3599425,0.2956243,-0.1778815,9.117445,-0.9625034,-1.867544,0.5,-44.75,5,-25.30091,-81.65266,-170.3488,0.7477531,0.6495771,0.1114685,0.08055881
35250,0.5526078,-0.6802541,-3.978696,-0.3627714,0.3065561,-0.188329,8.657743,-1.058275,-1.905853,-6.375,-44.875,6.375,-25.9901,-80.92762,-170.0171,0.7512167,0.6448348,0.1154149,0.080877
35262,0.5479037,-0.676164,-3.981307,-0.365454,0.317756,-0.202882,8.293811,-1.110949,-1.963315,-16.875,-42.75,7.375,-26.75766,-80.23846,-169.7328,0.7543097,0.6402104,0.1201408,0.0819362
35273,0.5431096,-0.6719304,-3.984164,-0.3683817,0.3253064,-0.2195705,8.140576,-0.8332119,-1.968104,-22.625,-39.375,7.25,-27.24542,-79.60332,-169.812,0.75709,0.6357324,0.1249945,0.08387784
35284,0.5383286,-0.6677484,-3.98718,-0.3710808,0.3245923,-0.2340802,8.332119,-0.2346401,-1.877121,-5.125,-36.125,5.625,-27.11294,-79.07635,-170.2877,0.7596555,0.6319379,0.1277345,0.08521737
35296,0.5334641,-0.6635662,-3.990364,-0.3713318,0.3192497,-0.2430235,8.815765,0.02873145,-1.752618,38,-36,1.25,-26.5259,-78.61034,-170.6571,0.7624783,0.6289643,0.1267185,0.08350617
35307,0.5286938,-0.659453,-3.99354,-0.3674601,0.3168418,-0.244646,9.385606,-0.3112573,-1.699944,91.125,-38.75,-5.25,-25.81294,-78.15553,-170.45,0.7657734,0.6267499,0.121642,0.07732344
35319,0.523967,-0.6552647,-3.996711,-0.3622936,0.3210149,-0.243083,9.581937,-0.8667319,-1.862755,112.25,-41.25,-7.625,-25.29973,-77.65167,-169.7501,0.7693708,0.6245313,0.1152797,0.06884702
35330,0.5193175,-0.6509619,-3.999859,-0.3593668,0.3325652,-0.2432723,9.342508,-1.422207,-2.202744,87.875,-39.125,-3.125,-25.37962,-77.10992,-168.7798,0.7726395,0.621922,0.1115223,0.06167744
35342,0.514654,-0.6464316,-4.003071,-0.3572207,0.3470221,-0.2460648,9.088714,-1.656847,-2.336824,34.125,-33,5.875,-26.11822,-76.59454,-167.854,0.7750334,0.6190864,0.1124664,0.058367
35353,0.5100825,-0.6417677,-4.006315,-0.3521889,0.3593079,-0.2498871,9.050406,-1.589807,-2.140493,-29.25,-26,15.875,-27.38984,-76.1835,-167.2358,0.7761456,0.6163811,0.1185481,0.06015515
35365,0.5055616,-0.6369504,-4.009663,-0.3436616,0.3661993,-0.2545262,9.079137,-1.273761,-1.843601,-69,-22.625,21.375,-28.79914,-75.85986,-167.0259,0.7763633,0.6137353,0.1276296,0.06557144
35376,0.5013103,-0.6322601,-4.012989,-0.3330753,0.3674563,-0.2605627,9.040829,-0.9289834,-1.585018,-80.5,-22.5,21.75,-29.98638,-75.6038,-167.1552,0.7761832,0.6112162,0.1369009,0.07219918
35388,0.497117,-0.627489,-4.016451,-0.3197309,0.36379,-0.263963,9.328143,-0.6512461,-1.398264,-68.375,-24.875,18.125,-30.83122,-75.37534,-167.5024,0.7760406,0.6087568,0.1449575,0.07850751
35399,0.4931469,-0.6228311,-4.019857,-0.3044315,0.3571761,-0.2612056,9.84052,-0.5219546,-1.345589,-47.5,-28.875,14.125,-31.35275,-75.13953,-167.8888,0.7762507,0.6063645,0.1510419,0.08332624
35411,0.4891234,-0.6179203,-4.023446,-0.2858444,0.3488801,-0.2549172,10.10389,-0.517166,-1.297704,-27.75,-34,10.75,-31.68515,-74.84521,-168.2508,0.7769759,0.6037266,0.1558319,0.08682747
35423,0.4856865,-0.6135378,-4.026673,-0.2682356,0.3420331,-0.2518816,9.897983,-0.5889946,-1.268972,-21.25,-38.375,10.5,-31.98475,-74.52882,-168.4966,0.7779155,0.6011044,0.1598278,0.08930863
35434,0.4824337,-0.6091476,-4.029982,-0.2480569,0.3347981,-0.2523365,9.668132,-0.6368804,-1.101372,-30.125,-40.75,13.375,-32.45853,-74.19423,-168.7,0.778706,0.5982653,0.1648193,0.09235854
35446,0.4795067,-0.6049418,-4.033286,-0.2258684,0.3245422,-0.255004,9.57236,-0.4932232,-0.8715205,-44.625,-42.5,17.375,-33.04689,-73.87697,-168.9774,0.7791467,0.5953088,0.1709373,0.09653226
35458,0.4767063,-0.6005913,-4.036931,-0.1985102,0.3083946,-0.2583561,9.644189,-0.2825259,-0.5889946,-48.125,-45.875,19.625,-33.67927,-73.54173,-169.3442,0.7794772,0.5920195,0.1778513,0.101475
35469,0.4744892,-0.5968496,-4.040296,-0.1717046,0.2897896,-0.260649,9.778269,-0.09098291,-0.4261831,-28.125,-50.25,17.125,-34.03371,-73.22466,-169.6441,0.7801662,0.5891596,0.182483,0.1045549
35481,0.4726242,-0.5933633,-4.043694,-0.1438436,0.2688716,-0.2620464,9.888406,0.0191543,-0.3735088,3.25,-54.25,12.875,-34.12802,-72.88454,-169.7935,0.7814978,0.5866094,0.1846121,0.1052096
35492,0.471151,-0.5901166,-4.047102,-0.1134275,0.2499801,-0.2624606,9.979389,-0.225063,-0.3495659,29.75,-57.875,10.375,-34.20588,-72.50952,-169.6044,0.7833217,0.5843852,0.1849708,0.1033779
35504,0.4700808,-0.5870358,-4.050559,-0.08134741,0.2341747,-0.2626985,9.969811,-0.5219546,-0.4309717,34.5,-59.25,11.25,-34.42904,-72.09921,-169.2003,0.785252,0.5821461,0.1853169,0.1007123
35515,0.4694079,-0.5842056,-4.053932,-0.05243266,0.2205404,-0.2628507,9.897983,-0.6081489,-0.7134976,23,-57.125,15.375,-34.82117,-71.68269,-168.7865,0.786919,0.5797411,0.1868108,0.098795
35527,0.4690835,-0.5815108,-4.057358,-0.02489735,0.2068308,-0.2629696,9.854886,-0.6033604,-0.900252,7.625,-51.625,20.5,-35.42337,-71.29952,-168.3758,0.7880541,0.5773826,0.1897193,0.09801282
35538,0.4691291,-0.5790058,-4.060775,0.003517821,0.1933322,-0.2637067,9.821366,-0.6943433,-0.8619434,-7,-44,25.25,-36.28487,-71.01283,-167.9046,0.7883284,0.5755541,0.1939204,0.09833986
35550,0.4691291,-0.5790058,-4.060775,0,0,0,9.830943,-0.7518061,-0.8140576,-21.375,-36.75,27.875,-37.31198,-70.82014,-167.4631,0.7878224,0.5741639,0.1992145,0.09992665
35562,0.4691291,-0.5790058,-4.060775,0,0,0,10.05122,-0.6129375,-0.8427891,-30.875,-29,29.375,-38.4633,-70.72014,-167.0903,0.7865686,0.5731529,0.2054951,0.1028468
35573,0.4691291,-0.5790058,-4.060775,0,0,0,10.34811,-0.5219546,-0.7709605,-32.875,-23.125,30.5,-39.56931,-70.71575,-166.7335,0.7849016,0.5727658,0.2113058,0.1059181
35585,0.4691291,-0.5790058,-4.060775,0,0,0,10.41515,-0.5554746,-0.675189,-31.875,-19.75,31.25,-40.77782,-70.76271,-166.2816,0.7828581,0.5727796,0.2171962,0.1090074
35596,0.4694771,-0.5792417,-4.06074,0.02748746,-0.01862777,0.002709986,10.1853,-0.5937832,-0.6895547,-31.375,-16.25,31.375,-41.97857,-70.84039,-165.7971,0.7806794,0.5730481,0.2227651,0.1119435
35609,0.4702698,-0.5797957,-4.060698,0.05621065,-0.03928512,0.003030486,9.969811,-0.5794175,-0.708709,-30.75,-11.625,30.75,-43.33101,-70.98116,-165.2345,0.7779598,0.5737076,0.2287734,0.1153296
35620,0.4713511,-0.5805656,-4.060661,0.0827287,-0.0589008,0.002778822,9.936292,-0.5937832,-0.641669,-29,-7.125,29.625,-44.60184,-71.17316,-164.6716,0.7751394,0.5747534,0.2340374,0.1185071
35632,0.4729307,-0.5816742,-4.060666,0.1112873,-0.07810807,-0.0002990351,9.711228,-0.7518061,-0.6081489,-28.75,-3.625,27.75,-46.03397,-71.42184,-163.9972,0.7718236,0.5761903,0.2396127,0.1219788
35644,0.4746348,-0.5828618,-4.06074,0.1347432,-0.09390374,-0.005836795,9.443069,-0.7853262,-0.6704004,-31.5,0,25.875,-47.29916,-71.67011,-163.4388,0.7687006,0.5775308,0.2445814,0.1254491
35655,0.4767012,-0.5843067,-4.060925,0.1571314,-0.1098635,-0.01410366,9.222795,-0.7565947,-0.6991318,-31.875,4.125,23.125,-48.55526,-71.97438,-162.9198,0.7652903,0.5791045,0.249456,0.1293859
35667,0.479006,-0.5859221,-4.061227,0.1784016,-0.1250422,-0.02340959,9.117445,-0.7805376,-0.675189,-27.5,7.75,19,-49.70363,-72.32359,-162.4316,0.7618695,0.5809627,0.2535622,0.133204
35678,0.4816836,-0.5878276,-4.061655,0.201113,-0.1431237,-0.03212254,9.23716,-0.6847661,-0.4788574,-20,10.25,13.5,-50.69165,-72.76213,-162.0154,0.7583373,0.5833362,0.2566212,0.1370727
35690,0.4845089,-0.5899268,-4.062132,0.2217982,-0.164797,-0.03745058,9.529263,-0.3782974,-0.3591431,-6.625,9.625,8.25,-51.29886,-73.21697,-161.781,0.7553695,0.585812,0.2579791,0.1403138
35701,0.4876749,-0.5924534,-4.062674,0.2401802,-0.1916721,-0.04110613,9.701652,0.03830859,-0.3352002,28.875,5.75,0.125,-51.32468,-73.68507,-161.6646,0.7535061,0.5887871,0.2560397,0.141429
35713,0.490928,-0.5952266,-4.063231,0.2555816,-0.2178802,-0.04384563,9.735171,0.1963315,-0.4357603,81.875,0.75,-11.25,-50.68921,-74.10422,-161.5195,0.7533281,0.5923374,0.2497575,0.1387603
35724,0.4944843,-0.5984094,-4.063813,0.2700959,-0.2417276,-0.04416656,9.850098,0.09098291,-0.6560347,136.125,-3.125,-23.625,-49.4041,-74.49609,-161.259,0.7547143,0.5967059,0.2386886,0.1318193
35736,0.4982294,-0.6017854,-4.064348,0.2866707,-0.2584182,-0.04090088,10.04164,-0.4166059,-0.7949033,172.25,-5.875,-31.75,-47.91711,-74.83661,-160.7176,0.7568628,0.6014469,0.2249625,0.1217055
35747,0.5021425,-0.6052219,-4.064819,0.3051377,-0.2679746,-0.03678914,10.04643,-0.9194063,-0.8475776,174,-7,-35.75,-46.46653,-75.13827,-160.1402,0.7589069,0.6057983,0.2113692,0.1113184
35758,0.5063406,-0.6087652,-4.065255,0.324354,-0.2737628,-0.03362487,9.936292,-1.149258,-0.8571548,148.875,-7.125,-35.75,-45.08883,-75.42178,-159.7936,0.7604625,0.6093814,0.1995048,0.1027074
35770,0.5108777,-0.6124784,-4.065643,0.3430465,-0.2807496,-0.02937541,10.02249,-0.9960235,-0.8571548,122,-7.25,-34.5,-43.62104,-75.70723,-159.861,0.7616323,0.612236,0.1892294,0.09631061
35781,0.5155046,-0.616227,-4.065935,0.3605988,-0.2921529,-0.02275631,10.27149,-0.5937832,-0.7709605,110.625,-8.75,-35.125,-41.90323,-75.99467,-160.3721,0.7626891,0.6145384,0.1796683,0.09147356
35793,0.5204282,-0.620239,-4.066106,0.3789473,-0.308783,-0.01314034,10.56359,-0.1771773,-0.6177261,122.5,-12.5,-37.25,-39.75342,-76.27939,-161.1477,0.7640544,0.6167426,0.1686803,0.08600324
35804,0.5257031,-0.624579,-4.066129,0.3973497,-0.3269332,-0.001741596,10.6881,0.009577149,-0.6320918,151,-17.625,-41.375,-37.10083,-76.51548,-162.0134,0.7660778,0.6188629,0.1549783,0.0782002
35816,0.5309182,-0.6288593,-4.065987,0.4125591,-0.3386075,0.01120633,10.75514,-0.2729487,-0.9768692,178,-20.625,-44.75,-34.41945,-76.64929,-162.644,0.7684893,0.6205932,0.1400809,0.06830552
35827,0.5364901,-0.6333545,-4.065651,0.4269317,-0.344435,0.0257309,10.76472,-0.6368804,-1.216298,174.625,-19.25,-42.875,-31.92546,-76.74244,-163.0643,0.770696,0.6220618,0.1253763,0.05785717
35838,0.5422437,-0.6378546,-4.065148,0.4416972,-0.3454674,0.03867127,10.61627,-0.9481377,-1.230664,134.875,-15.25,-33.375,-30.18847,-76.82695,-163.2603,0.7720084,0.6232069,0.114546,0.04995611
35850,0.5485401,-0.6425906,-4.064474,0.4574558,-0.3440875,0.04895458,10.36247,-1.087006,-1.187566,77.375,-11.5,-19.5,-29.31869,-76.90255,-163.3135,0.7724611,0.6239967,0.1087973,0.04577003
35862,0.5547372,-0.6471041,-4.063748,0.4718337,-0.3436562,0.05528909,10.10389,-0.9864463,-1.154046,11.25,-7.375,-5.25,-29.30366,-76.97438,-163.4415,0.7720684,0.6243368,0.109227,0.04672826
35874,0.5610874,-0.6516148,-4.062961,0.4853404,-0.3447457,0.06016661,9.998543,-0.8523662,-1.158835,-42.75,-3.875,5.125,-29.84882,-77.0525,-163.7338,0.7710241,0.6243123,0.1143095,0.05186022
35885,0.5675839,-0.6561335,-4.06212,0.4990792,-0.3471427,0.06454667,9.979389,-0.7661719,-1.096583,-78.5,-0.875,13.125,-30.85611,-77.14938,-164.0386,0.7693557,0.6241198,0.1225139,0.05963846
35898,0.5750911,-0.6612529,-4.061152,0.5157869,-0.3517212,0.0665248,9.816577,-0.6704004,-0.9194063,-109.625,0.25,18.75,-32.34742,-77.27939,-164.477,0.7667907,0.6235966,0.1345891,0.07102893
35909,0.581682,-0.6657038,-4.060346,0.5299426,-0.3578835,0.06478737,9.567572,-0.4980117,-0.8044805,-127.5,-0.375,22.75,-33.7678,-77.38796,-164.9348,0.7642096,0.6227668,0.146306,0.08209558
35920,0.5888286,-0.6705111,-4.059563,0.5439579,-0.3659077,0.05964381,9.323354,-0.3735088,-0.7661719,-136.125,-1.875,25.25,-35.336,-77.48254,-165.4683,0.7612426,0.6214374,0.1594097,0.09441391
35932,0.5960066,-0.6753408,-4.058876,0.5576027,-0.3751795,0.05335904,9.241948,-0.2873144,-0.6991318,-137,-3.875,26.125,-36.8671,-77.56071,-166.0093,0.7581699,0.6197973,0.1722962,0.1065064
35943,0.6033654,-0.6803115,-4.058296,0.5710685,-0.3857402,0.04496761,9.093503,-0.2059087,-0.6273032,-132,-6.625,25.875,-38.32061,-77.6188,-166.565,0.7550771,0.6178657,0.1847489,0.1181883
35955,0.6110972,-0.6855512,-4.057868,0.584597,-0.3961625,0.03237792,8.791822,-0.2346401,-0.5889946,-124.375,-9.25,24.625,-39.7482,-77.65151,-167.0956,0.7519675,0.6156408,0.1969086,0.1294539
35966,0.6187901,-0.6907876,-4.057642,0.5972331,-0.4065183,0.01759278,8.59549,-0.2106973,-0.5746289,-113.375,-12.125,21.375,-40.91,-77.65936,-167.6942,0.7491752,0.6132683,0.2077083,0.1396277
35978,0.626716,-0.6962265,-4.057621,0.6092557,-0.4180907,0.001603253,8.518873,-0.1149258,-0.5650518,-94,-14.625,16.625,-41.71181,-77.6552,-168.4129,0.7468066,0.6109029,0.2167919,0.1485897
35989,0.6346939,-0.7017705,-4.057794,0.619596,-0.4305754,-0.01348604,8.566759,0.01436572,-0.641669,-70,-16.75,11.125,-42.06265,-77.63241,-169.2528,0.7451271,0.6086833,0.2236036,0.1558577
36001,0.6429355,-0.7075862,-4.058148,0.6290352,-0.4438732,-0.02700919,8.696051,0.1005601,-0.7230747,-40.625,-18.875,6,-42.03476,-77.5863,-170.1018,0.7442324,0.6067653,0.2280415,0.1610939
36012,0.651224,-0.7135101,-4.058659,0.6383633,-0.4562502,-0.0393195,8.767879,0.05746289,-0.7853262,-18.75,-20.5,3,-41.86352,-77.51694,-170.7978,0.7439249,0.6051876,0.230782,0.16451
36023,0.6596757,-0.7195935,-4.05934,0.648043,-0.4664428,-0.0522806,8.700839,-0.09098291,-0.8619434,-6.875,-21.625,2,-41.7467,-77.41867,-171.2829,0.7439411,0.603767,0.2328221,0.1667659
36035,0.6682269,-0.725767,-4.06021,0.6582404,-0.4752173,-0.06690515,8.561971,-0.1963315,-0.8715205,-6.625,-21.875,2.75,-41.76756,-77.3119,-171.6248,0.7439214,0.6023762,0.2350146,0.1687962
36046,0.6769244,-0.7320727,-4.061277,0.6685253,-0.484678,-0.08202662,8.533239,-0.1532344,-0.8475776,-9.125,-22.125,3.625,-41.81885,-77.20752,-171.9714,0.7438135,0.6009372,0.2374169,0.1710239
36058,0.6857509,-0.7385104,-4.062524,0.6791176,-0.4953223,-0.09594397,8.638588,-0.09098291,-0.8140576,-8.25,-22.875,3.75,-41.83937,-77.10506,-172.3381,0.7437225,0.599505,0.2397144,0.1732274
36069,0.6948985,-0.7452257,-4.063956,0.6906952,-0.5070436,-0.1081605,8.801399,-0.07182861,-0.7805376,-2.875,-24.375,3.375,-41.82821,-76.99299,-172.6723,0.7437878,0.5981213,0.2416518,0.1750282
36081,0.7041116,-0.7520505,-4.0655,0.7017412,-0.5198255,-0.1175773,9.007308,0.0191543,-0.8236348,6.375,-25.375,2.25,-41.68858,-76.87154,-173.0107,0.7441608,0.5968606,0.242793,0.1761638
36092,0.713097,-0.7587964,-4.067082,0.7107584,-0.5336111,-0.1251933,9.112657,0.1963315,-0.9098291,23.875,-26.125,-0.25,-41.29981,-76.7431,-173.3694,0.745064,0.5958935,0.2424286,0.1761221
36104,0.722473,-0.7659248,-4.06883,0.7191836,-0.546783,-0.1340999,9.007308,0.1819658,-1.015178,47.125,-26.125,-2.875,-40.76693,-76.59851,-173.5643,0.7466004,0.5953878,0.2403001,0.1742329
36116,0.7327067,-0.7737336,-4.070893,0.7293114,-0.5564953,-0.1470102,8.739148,-0.1149258,-1.096583,59.625,-24.125,-4.125,-40.35558,-76.45095,-173.429,0.7483885,0.5953578,0.2372431,0.17082
36127,0.7422202,-0.7809663,-4.072961,0.7401714,-0.5627253,-0.160906,8.571548,-0.3543545,-1.082218,58.5,-20.5,-4.75,-40.13434,-76.36115,-173.1586,0.7496852,0.5956739,0.234592,0.1676647
36139,0.7520752,-0.78844,-4.075253,0.7513167,-0.5697713,-0.1746818,8.609857,-0.3112573,-1.063064,58.25,-17.625,-6.875,-39.77383,-76.31786,-173.0186,0.7508343,0.5962077,0.2316002,0.164759
36150,0.7619504,-0.7959315,-4.077674,0.7615655,-0.5777369,-0.1867157,8.729571,-0.2059087,-1.101372,69.625,-15.25,-11.5,-39.10099,-76.3125,-173.0447,0.7521709,0.597079,0.2273354,0.1614129
36163,0.7729512,-0.8042795,-4.080476,0.7719831,-0.5858242,-0.1966697,8.935479,-0.2011201,-1.225875,87.75,-12.625,-17,-38.03581,-76.33591,-173.1326,0.7540158,0.5985337,0.2207428,0.1564938
36174,0.7829243,-0.811822,-4.083076,0.7809162,-0.5905941,-0.2035294,9.059982,-0.3399888,-1.379109,97.375,-9.375,-20,-37.01892,-76.37804,-173.1445,0.7557195,0.6001458,0.2140172,0.1513596
36185,0.7931355,-0.8194766,-4.085791,0.7883874,-0.590999,-0.2096409,9.055194,-0.5698403,-1.64727,89.125,-3.25,-18.875,-36.21587,-76.4501,-173.0345,0.7569821,0.6018533,0.2079893,0.1465986
36197,0.8034524,-0.8271118,-4.088613,0.7947115,-0.588136,-0.2173858,8.887594,-0.742229,-1.786138,65.375,5,-14.75,-35.7957,-76.59,-172.8528,0.7572681,0.6036073,0.2039682,0.143528
36208,0.8137912,-0.834627,-4.091548,0.8011397,-0.5823527,-0.2274767,8.686474,-0.9433491,-1.800504,28.25,15.25,-9.5,-35.88023,-76.83509,-172.6553,0.7561374,0.6054192,0.2029758,0.1432644
36220,0.8244192,-0.8421901,-4.094673,0.8090784,-0.5757508,-0.2379242,8.696051,-1.039121,-1.68079,-8.75,24,-5.625,-36.33776,-77.20348,-172.5746,0.7535764,0.6073317,0.20479,0.1460547
36231,0.8350442,-0.8496077,-4.09785,0.8185033,-0.5714213,-0.2447186,9.016886,-0.9481377,-1.494035,-41.875,30.25,-3,-36.93848,-77.6759,-172.7833,0.7498422,0.6091701,0.2088348,0.1517779
36243,0.84576,-0.8570292,-4.101057,0.8260101,-0.5720741,-0.2472381,9.376028,-0.5267432,-1.426995,-54.25,32.875,-2.875,-37.26146,-78.19846,-173.438,0.7457135,0.6108266,0.2133141,0.1590579
36254,0.8566893,-0.8646491,-4.10433,0.8288572,-0.5778792,-0.2481681,9.500531,0.02873145,-1.474881,-41.125,34.25,-4.25,-37.07201,-78.74153,-174.4548,0.7418508,0.612613,0.2163754,0.1659653
36266,0.8673351,-0.8721653,-4.107529,0.827822,-0.5844633,-0.2487643,9.500531,0.2825259,-1.604172,-10.375,36,-6.625,-36.50164,-79.26566,-175.4369,0.7387785,0.6148989,0.2168856,0.1704891
36277,0.8780552,-0.8797956,-4.110774,0.8259566,-0.5878959,-0.2500306,9.428702,0.1340801,-1.690367,24.125,38.375,-9.875,-35.77972,-79.79662,-176.1197,0.7363423,0.618042,0.2148688,0.1722081
36288,0.8888438,-0.8874511,-4.114081,0.8253795,-0.5856853,-0.2530387,9.285046,-0.2729487,-1.719098,47,41.625,-12.5,-35.18764,-80.34846,-176.3644,0.7341641,0.6219544,0.2113354,0.1717945
36300,0.8996921,-0.8950511,-4.11746,0.826351,-0.5789153,-0.2573487,9.189274,-0.6273032,-1.685578,45.125,45,-11.875,-34.97631,-80.93061,-176.248,0.7316298,0.6261434,0.2082405,0.1711669
36311,0.9102578,-0.9023165,-4.120795,0.8281631,-0.5694723,-0.2614309,9.20364,-0.8571548,-1.64727,19,49,-7.75,-35.37061,-81.53295,-175.8711,0.7282611,0.6300019,0.2075222,0.172244
36323,0.9210761,-0.9095912,-4.124262,0.8300045,-0.5581377,-0.2659926,9.179697,-0.9720806,-1.61375,-20.5,52.75,-0.875,-36.62489,-82.17697,-175.156,0.723614,0.6333898,0.2102314,0.1760766
36335,0.9327362,-0.9172429,-4.128071,0.8316723,-0.5457743,-0.2716931,9.1366,-0.9768692,-1.532344,-69.25,56.625,7.875,-39.17089,-82.90304,-173.8831,0.716985,0.6362022,0.2176124,0.1839131
36347,0.9434285,-0.9241861,-4.131626,0.830409,-0.5392267,-0.2760673,9.227583,-0.5458975,-1.417418,-102.25,59.25,14.125,-41.997,-83.59666,-172.6614,0.7098455,0.6380686,0.2267733,0.1938084
36358,0.9542453,-0.9312363,-4.135261,0.8269701,-0.5390136,-0.2778754,9.467011,-0.04788574,-1.173201,-102.875,58.625,16.125,-44.84939,-84.31824,-171.4524,0.7024041,0.6397857,0.2357538,0.2042621
36370,0.9651332,-0.9384222,-4.138926,0.8243421,-0.5440527,-0.2774815,9.677709,0.2298516,-0.775749,-74.625,52.625,13.75,-47.42556,-85.01965,-170.1614,0.6957418,0.64181,0.2423069,0.2128632
36382,0.9769072,-0.9463728,-4.142906,0.8199736,-0.5537006,-0.2771925,9.687285,0.5363203,-0.5650518,-23,41.875,5.875,-48.46867,-85.66989,-169.7691,0.6909121,0.6443415,0.244526,0.2183386
36393,0.9870006,-0.953392,-4.146342,0.8117644,-0.5645172,-0.2764013,9.725595,0.9433491,-0.6608232,55.375,32.25,-4.875,-46.44838,-86.11739,-171.3737,0.6897957,0.6473152,0.2401157,0.2179666
36405,0.9870006,-0.953392,-4.146342,0,0,0,9.816577,0.900252,-0.8906748,138.5,24.125,-16.875,-41.23233,-86.45122,-175.0434,0.6917889,0.6515082,0.2286083,0.2114318
36417,0.9870006,-0.953392,-4.146342,0,0,0,9.792634,0.2202744,-1.235452,198.625,19.5,-24.75,-34.99025,-86.64882,-178.8274,0.6959035,0.6565936,0.2119906,0.1991562
36428,0.9870006,-0.953392,-4.146342,0,0,0,9.548417,-0.5889946,-1.618538,198.75,20.625,-23.5,-31.26869,-86.76318,179.7478,0.6994957,0.6610087,0.1973246,0.1866452
36440,0.9870006,-0.953392,-4.146342,0,0,0,9.342508,-1.082218,-1.901064,152.875,26.375,-14.125,-31.01233,-86.90427,-178.7531,0.7014857,0.6647875,0.1868542,0.1762413
36451,0.9870006,-0.953392,-4.146342,0,0,0,9.380817,-1.163624,-1.98247,80,34.75,-2,-34.13459,-87.12513,-174.8742,0.701063,0.6676469,0.1830009,0.1710821
36463,0.9870006,-0.953392,-4.146342,0,0,0,9.577148,-0.9768692,-1.853178,17.5,41.125,9.625,-40.68147,-87.41548,-168.3795,0.6986304,0.6700006,0.1843926,0.1703354
36474,0.9870006,-0.953392,-4.146342,0,0,0,9.725595,-0.6033604,-1.719098,-27.75,44.625,18.5,-50.65242,-87.71038,-159.0663,0.6947817,0.6718647,0.1895625,0.1730384
36486,0.9870006,-0.953392,-4.146342,0,0,0,9.807,-0.2968916,-1.628115,-42.5,45.25,22.375,-62.70929,-87.93256,-147.8407,0.6906465,0.6733857,0.1956526,0.1768592
36497,0.9870006,-0.953392,-4.146342,0,0,0,9.883617,-0.1005601,-1.508401,-36,43.5,22.125,-75.9194,-88.07095,-135.3884,0.6866866,0.6748796,0.2011043,0.1804333
36509,0.9870006,-0.953392,-4.146342,0,0,0,9.878829,0.01436572,-1.321646,-17.875,39.25,19.375,-88.60278,-88.13155,-123.2377,0.6833278,0.6764633,0.2049386,0.1829229
36520,0.9870006,-0.953392,-4.146342,0,0,0,9.763903,0.04309717,-1.197144,6,33.25,14.625,-98.17764,-88.14122,-113.8682,0.6811131,0.6779818,0.2065133,0.1837876
36531,0.9870006,-0.953392,-4.146342,0,0,0,9.57236,0.03830859,-1.211509,34,26.375,8.25,-104.1102,-88.15199,-107.781,0.6801766,0.6794462,0.2056303,0.1828357
36543,0.9870006,-0.953392,-4.146342,0,0,0,9.380817,-0.004788574,-1.345589,55.5,21.5,3.125,-106.7998,-88.18059,-104.6544,0.6803397,0.68076,0.2028645,0.1804154
36555,0.9870006,-0.953392,-4.146342,0,0,0,9.160542,-0.225063,-1.489247,66,19.125,-0.125,-107.6635,-88.19864,-103.1867,0.6811185,0.6819869,0.1991567,0.1769411
36567,0.9870006,-0.953392,-4.146342,0,0,0,8.940269,-0.4980117,-1.58023,55.875,19.625,-0.125,-108.3603,-88.16624,-102.0426,0.6816537,0.6829006,0.1966881,0.1740945
36578,0.9868306,-0.9532397,-4.146475,-0.01302366,0.01166869,-0.01013871,8.863651,-0.6225147,-1.54671,30.25,21,2.125,-109.922,-88.08961,-100.3745,0.6814612,0.6834233,0.196501,0.1730049
36591,0.9864681,-0.9529302,-4.146747,-0.02575983,0.0219916,-0.01930962,8.992943,-0.5458975,-1.379109,2.375,20.75,4.75,-112.347,-87.98988,-98.22673,0.6804588,0.6835079,0.1987095,0.1740901
36602,0.9859849,-0.952576,-4.147083,-0.03729702,0.02733338,-0.02597331,9.141388,-0.2825259,-1.197144,-9.875,17.875,5,-114.0695,-87.93787,-96.91769,0.6794037,0.6831987,0.2014392,0.1762741
36613,0.9853442,-0.9522008,-4.147496,-0.04922612,0.0288289,-0.03173746,9.222795,-0.004788574,-1.067852,3.125,11.625,0.375,-113.7292,-87.98355,-97.50212,0.6791457,0.6826581,0.2026286,0.1779911
36625,0.9845503,-0.9518319,-4.147989,-0.0611187,0.02840385,-0.03796079,9.189274,0.1484458,-1.005601,37,4.25,-8.5,-110.145,-88.15199,-100.8882,0.6803269,0.6821675,0.2005027,0.177768
36636,0.9836081,-0.951465,-4.148584,-0.07245495,0.02821718,-0.04574217,9.064771,0.1532344,-1.010389,83.5,-4,-20.375,-100.7007,-88.42455,-109.5262,0.6833326,0.6818367,0.1940384,0.1746549
36648,0.9824443,-0.9510331,-4.149356,-0.08383208,0.03110757,-0.05560964,8.940269,-0.0191543,-1.125315,118.125,-10.375,-29.125,-81.23656,-88.66236,-127.647,0.6879688,0.6814643,0.1839244,0.1687519
36660,0.9812149,-0.9505432,-4.150225,-0.09388061,0.03741295,-0.06639054,8.815765,-0.2490059,-1.259395,129.5,-13.75,-32.375,-57.66199,-88.65884,-149.8039,0.6928059,0.6808856,0.1735937,0.1621109
36672,0.9798846,-0.9499331,-4.151258,-0.1020487,0.04680248,-0.07920048,8.648165,-0.4980117,-1.288126,125,-15.875,-33.5,-38.50582,-88.4268,-167.6049,0.6975311,0.6799988,0.1638861,0.1555423
36683,0.9784697,-0.9491882,-4.152469,-0.1093133,0.05754393,-0.09358054,8.514085,-0.5985718,-1.321646,114.125,-17.375,-34.875,-25.41997,-88.06175,-179.4835,0.7020307,0.6787202,0.1551265,0.1497584
36694,0.9769437,-0.948302,-4.153879,-0.1173489,0.06814985,-0.1084834,8.470988,-0.5315318,-1.417418,101.625,-17.5,-36,-16.13744,-87.6215,172.2862,0.7063327,0.6770594,0.147164,0.1450083
36706,0.9753295,-0.9472947,-4.155439,-0.1241221,0.07745722,-0.1199492,8.73436,-0.4405488,-1.350378,91.375,-17.25,-35.875,-9.388203,-87.17265,166.4577,0.7102192,0.6753525,0.1398791,0.1411436
36717,0.9736848,-0.9461751,-4.157096,-0.1264268,0.08606559,-0.1273567,9.059982,-0.4788574,-1.077429,79.25,-19.625,-34.625,-4.724197,-86.73775,162.5581,0.7136425,0.673633,0.133644,0.1381028
36729,0.9720207,-0.9449531,-4.158869,-0.1272968,0.09348146,-0.1356506,8.997731,-0.3926631,-0.9912349,64.875,-23.125,-31.875,-1.644572,-86.27512,160.0583,0.7169203,0.6715415,0.1286917,0.1359997
36740,0.9703789,-0.9436468,-4.160748,-0.127588,0.1015152,-0.1460109,8.825342,-0.4309717,-1.019966,48.125,-25.5,-28.625,-0.09710234,-85.80755,158.866,0.7199708,0.6691089,0.1254531,0.1348967
36752,0.968723,-0.9422116,-4.16279,-0.126631,0.1097505,-0.1561275,8.858863,-0.4357603,-0.9960235,36,-26.5,-27.125,0.8955739,-85.34225,158.0761,0.7228265,0.6664935,0.1232411,0.1346098
36763,0.967097,-0.9407026,-4.164926,-0.125003,0.1160022,-0.1642379,9.007308,-0.2729487,-0.967292,30.875,-27.5,-26.375,1.86657,-84.87837,157.2396,0.7255577,0.663824,0.1213504,0.1348257
36775,0.9654123,-0.9390787,-4.167251,-0.1228909,0.1184551,-0.1695544,9.23716,0.05267432,-0.9194063,35.625,-29,-25.5,3.091274,-84.37583,156.2193,0.7285168,0.6610338,0.1187613,0.1348828
36787,0.9638235,-0.9375017,-4.169516,-0.1204077,0.1195181,-0.1716899,9.457435,0.1819658,-0.9433491,47.125,-31.25,-23.375,3.897875,-83.87986,155.7592,0.7316164,0.6583862,0.1155167,0.1338692
36798,0.9623001,-0.9358609,-4.17179,-0.1160954,0.125042,-0.173258,9.510109,-0.1628115,-1.005601,51.625,-32.625,-19.75,3.696049,-83.41641,156.3654,0.7347347,0.6558269,0.1126203,0.1318054
36810,0.9608697,-0.9341055,-4.174083,-0.1094295,0.1342875,-0.1754146,9.481377,-0.4884346,-0.9960235,44.375,-32.75,-16.75,2.878873,-83.00111,157.4919,0.7375649,0.6533524,0.1108256,0.1297937
36822,0.959408,-0.9320115,-4.176654,-0.1012486,0.1450471,-0.1781458,9.457435,-0.5363203,-1.024755,38.25,-32.25,-17,2.098652,-82.55616,158.5274,0.7404885,0.6506205,0.1093554,0.1281063
36834,0.9582145,-0.930075,-4.178904,-0.0957026,0.1552785,-0.180403,9.443069,-0.5554746,-1.225875,41.75,-30.625,-20.25,1.766049,-82.1587,159.1291,0.7430786,0.6482618,0.1075809,0.126559
36845,0.9570464,-0.9279062,-4.181262,-0.08914094,0.1655086,-0.1799409,9.658554,-0.5075889,-1.245029,43.875,-27.625,-22.625,1.843186,-81.77484,159.366,0.7455636,0.6460859,0.1052525,0.1250193
36857,0.9559948,-0.9256849,-4.183536,-0.08161482,0.1723962,-0.176505,9.893194,-0.2681602,-1.168412,37.25,-25.375,-20.375,2.0838,-81.44646,159.3457,0.7475961,0.6442011,0.1033787,0.1241686
36868,0.9550266,-0.9234048,-4.185792,-0.07519098,0.1770684,-0.1751924,9.711228,-0.07182861,-1.216298,26.375,-23.25,-14.625,2.075212,-81.15864,159.4289,0.7492819,0.6423973,0.1025976,0.1240002
36879,0.9540998,-0.920992,-4.188142,-0.07028588,0.1829936,-0.1782466,9.356874,-0.1292915,-1.355167,15.375,-19.375,-8.375,1.574862,-80.92406,159.8579,0.7506018,0.640713,0.1031746,0.1242533
36891,0.9532471,-0.9185554,-4.1905,-0.06608924,0.1888532,-0.1827076,9.232371,-0.1292915,-1.412629,6.25,-14,-3.75,0.8872515,-80.77446,160.356,0.7513517,0.6394397,0.1047181,0.1249866
36902,0.9524525,-0.9160441,-4.192935,-0.06092247,0.1925247,-0.1866393,9.285046,0.004788574,-1.312069,-3.875,-8.75,1.75,0.09954328,-80.72375,160.8144,0.7514082,0.6386677,0.1072684,0.1264232
36914,0.9517409,-0.9134547,-4.195486,-0.05362242,0.1951162,-0.1922553,9.189274,0.009577149,-1.125315,-13.625,-5.875,7.875,-1.027683,-80.76113,161.4712,0.7508562,0.6382853,0.1110376,0.128365
36925,0.9511673,-0.9108648,-4.198021,-0.04503775,0.2033505,-0.1990234,9.098291,-0.5028003,-1.149258,-37.5,-3,15.25,-3.084339,-80.87613,162.7724,0.7496357,0.6380091,0.117364,0.1312116
36937,0.9506882,-0.9080502,-4.200675,-0.03693654,0.2170138,-0.2046061,9.179697,-0.9146177,-1.364744,-78.375,1.875,22.875,-6.133136,-81.05655,164.5212,0.7474017,0.6375061,0.127676,0.1366585
36948,0.9503104,-0.905081,-4.203356,-0.02905731,0.2283249,-0.2062351,9.476588,-0.775749,-1.364744,-119.75,7.5,30,-9.54434,-81.31348,166.0832,0.7438614,0.636839,0.1413063,0.145392
36959,0.9500434,-0.9020869,-4.205987,-0.02061002,0.2311053,-0.2030411,9.869251,-0.2298516,-1.091795,-136.5,10.125,33.5,-12.66794,-81.62255,167.1372,0.7394353,0.636139,0.1557367,0.1559124
36971,0.9498757,-0.8991144,-4.208587,-0.01282468,0.2273072,-0.1988489,9.955446,0.2059087,-0.8954634,-120.125,8.125,32.25,-15.38031,-81.90569,167.9705,0.735146,0.635377,0.1685699,0.1656517
36982,0.9497833,-0.8962278,-4.211125,-0.007114663,0.2223852,-0.1955141,9.878829,0.3160459,-0.9529263,-82,4.375,27.375,-17.68195,-82.10032,168.9049,0.7319275,0.6346726,0.1780939,0.1724974
36994,0.9497521,-0.8933374,-4.213686,-0.002359463,0.2182106,-0.1933776,9.77348,0.2633716,-1.024755,-41.375,1.25,21.125,-19.60725,-82.22118,169.9789,0.7298242,0.6342324,0.1843876,0.1763721
37005,0.9497777,-0.8905923,-4.216136,0.002023813,0.2166621,-0.1933524,9.60588,0.06704004,-1.106161,-5,-1.375,15.75,-21.22748,-82.27488,171.252,0.7288514,0.6341492,0.1876284,0.177274
37017,0.949851,-0.8877403,-4.218705,0.005606457,0.2182276,-0.1965123,9.342508,-0.1484458,-1.259395,8.625,-2.125,14.625,-23.06138,-82.28728,172.9091,0.7283183,0.6341276,0.1901104,0.1768974
37028,0.949954,-0.8848469,-4.221354,0.007886237,0.2215291,-0.2028622,9.079137,-0.258583,-1.383898,5.25,-0.75,17,-25.22699,-82.28942,174.853,0.7276835,0.6340517,0.19311,0.1765328
37040,0.9500758,-0.8817146,-4.224322,0.008710893,0.2239754,-0.2122123,8.887594,-0.1771773,-1.422207,0.875,1.25,18.875,-27.57913,-82.29788,176.9037,0.7267944,0.6339703,0.1966829,0.1765435
37052,0.9501754,-0.8788165,-4.227162,0.007735509,0.2250406,-0.2204991,8.901959,-0.06225147,-1.494035,9.75,3,16.875,-29.3608,-82.30585,178.5219,0.7261636,0.6340738,0.1990144,0.1761539
37063,0.9502499,-0.8758751,-4.230171,0.005673347,0.2239444,-0.2291062,8.892383,0.09577148,-1.474881,31.375,4.125,12,-30.46389,-82.32427,179.7444,0.7260153,0.6346268,0.1992104,0.1745449
37075,0.9503127,-0.8729706,-4.233293,0.004758076,0.220138,-0.2366222,9.00252,0.2059087,-1.302492,52.125,3.875,8.375,-31.05346,-82.36771,-179.2709,0.7262421,0.6357154,0.197421,0.1716487
37087,0.9503993,-0.869966,-4.236687,0.006184649,0.2144127,-0.2421656,9.20364,0.2011201,-1.115738,71,0.625,6.25,-31.44648,-82.40317,-178.1917,0.7269699,0.6372011,0.1938619,0.1670539
37099,0.9505087,-0.8672915,-4.239852,0.008563814,0.2094031,-0.2478181,9.165331,0.1245029,-1.048698,80.875,-3.75,5.375,-31.77324,-82.38784,-177.112,0.7280574,0.6384436,0.1899526,0.1619885
37110,0.9506595,-0.8645588,-4.243237,0.01141756,0.2069314,-0.2563016,8.954634,-0.09577148,-1.106161,80.625,-7.875,5.625,-32.34221,-82.30106,-175.7655,0.729468,0.63932,0.1862189,0.1564257
37122,0.950837,-0.8619188,-4.246627,0.01391496,0.2070212,-0.2658464,8.830131,-0.2873144,-1.216298,69.5,-9.875,6.5,-33.11979,-82.16852,-174.3779,0.7307971,0.6396881,0.1836792,0.1516466
37133,0.9510515,-0.8591713,-4.250267,0.016224,0.2078093,-0.2752852,8.854074,-0.3543545,-1.283338,52.5,-10.5,7,-33.96568,-82.01144,-173.1241,0.7319295,0.6396106,0.1823928,0.1480215
37145,0.9512946,-0.8564666,-4.253931,0.01871706,0.2081999,-0.2820512,9.045617,-0.3639317,-1.302492,39.5,-11,6.75,-34.70283,-81.85439,-172.1549,0.7328361,0.6392376,0.1820242,0.1455807
37156,0.9515519,-0.8538093,-4.257609,0.02005183,0.2070855,-0.2866864,9.198852,-0.2394287,-1.374321,34.375,-11.625,5.25,-35.08842,-81.69203,-171.6062,0.7337772,0.6386217,0.1817818,0.1438357
37167,0.9518049,-0.8511713,-4.261369,0.01956688,0.2040372,-0.2908082,9.232371,-0.05267432,-1.465304,38.5,-11.375,3.375,-35.07421,-81.52998,-171.4033,0.7349074,0.6379635,0.180914,0.1420697
37179,0.9520476,-0.8485191,-4.265265,0.0183531,0.2005759,-0.2945894,9.256314,-0.01436572,-1.532344,45.25,-10.5,2.375,-34.92424,-81.37295,-171.2418,0.7361684,0.6374347,0.1793957,0.1398227
37190,0.9522862,-0.8459731,-4.269088,0.01859011,0.1983753,-0.2979148,9.285046,-0.158023,-1.498824,46.625,-9.875,3,-34.9842,-81.2337,-170.8609,0.7372665,0.6370982,0.1779687,0.1373727
37202,0.9525459,-0.8434175,-4.273003,0.01998551,0.1966146,-0.3012158,9.294622,-0.2442173,-1.455727,42.375,-10,3.5,-35.16187,-81.09839,-170.413,0.7382324,0.6367468,0.1769233,0.135147
37213,0.9528288,-0.8408489,-4.277035,0.02140465,0.1943985,-0.3051404,9.251526,-0.225063,-1.455727,42.5,-10.25,2,-35.17436,-80.96364,-170.1228,0.739255,0.6363494,0.1756942,0.1330151
37225,0.9531255,-0.8384028,-4.280965,0.02335836,0.1925146,-0.3093583,9.218005,-0.2681602,-1.436572,49.375,-11,-1.375,-34.94316,-80.8365,-169.9957,0.7404156,0.6360259,0.1737814,0.1305978
37236,0.9534562,-0.835914,-4.285062,0.02537458,0.1909878,-0.314364,9.160542,-0.2968916,-1.460515,55.875,-11.25,-5.25,-34.4161,-80.7091,-170.0663,0.7417929,0.6357268,0.1710481,0.1278175
37248,0.9538151,-0.8334308,-4.289228,0.0275364,0.1905204,-0.3196331,9.131811,-0.3735088,-1.498824,58.75,-10.625,-8.25,-33.73819,-80.59047,-170.2459,0.7432151,0.6354743,0.1679125,0.1249366
37259,0.9542351,-0.830808,-4.293662,0.03067204,0.1915246,-0.3237868,9.227583,-0.4980117,-1.517978,56.875,-9.75,-10.5,-32.9884,-80.48188,-170.4938,0.7446035,0.6352472,0.1646528,0.1221324
37271,0.9546757,-0.8282605,-4.297969,0.03330204,0.192582,-0.3255881,9.385606,-0.4884346,-1.589807,52,-8.5,-11.75,-32.17518,-80.39154,-170.8857,0.7458211,0.6349836,0.1617253,0.1199654
37283,0.9551401,-0.825749,-4.302217,0.03554754,0.192249,-0.3251983,9.553205,-0.3735088,-1.61375,48.75,-7.25,-11.5,-31.3166,-80.32278,-171.3723,0.7468779,0.6347638,0.1589693,0.1182249
37294,0.9556389,-0.8232269,-4.306459,0.03802506,0.1922626,-0.3233245,9.663342,-0.3974517,-1.637692,45.375,-6.25,-10.375,-30.59034,-80.26411,-171.7704,0.7477795,0.6345904,0.156553,0.1166707
37307,0.9562191,-0.8204402,-4.311092,0.04023127,0.1932389,-0.3212955,9.648977,-0.4357603,-1.704732,41.5,-4.75,-9.875,-29.89831,-80.20847,-172.1577,0.7486208,0.6344134,0.1542858,0.11525
37318,0.9562191,-0.8204402,-4.311092,0,0,0,9.629823,-0.3926631,-1.690367,43.375,-3,-11,-29.21474,-80.18682,-172.5537,0.7492528,0.6344311,0.1520509,0.1140093
37330,0.9562191,-0.8204402,-4.311092,0,0,0,9.787846,-0.1628115,-1.470092,63.5,-3,-16.875,-27.78304,-80.21604,-173.3739,0.7501596,0.6349546,0.1471751,0.1115032
37342,0.9562191,-0.8204402,-4.311092,0,0,0,9.931503,0.2154858,-1.211509,102.5,-6.375,-25.875,-25.46878,-80.25341,-174.6146,0.7516637,0.6358517,0.1388282,0.1068693
37353,0.9562191,-0.8204402,-4.311092,0,0,0,9.874041,0.3782974,-1.139681,151.75,-11.625,-34.625,-22.35462,-80.23406,-176.0155,0.7541132,0.6369005,0.1261745,0.09874818
37365,0.9562191,-0.8204402,-4.311092,0,0,0,9.792634,0.03830859,-1.173201,192,-16.375,-41,-18.99422,-80.13598,-177.0703,0.7572608,0.6378938,0.1099991,0.08687876
37376,0.9562191,-0.8204402,-4.311092,0,0,0,9.658554,-0.3256231,-1.292915,203.75,-18.5,-43,-15.95934,-79.98606,-177.7084,0.7603369,0.638471,0.09360583,0.0740305
37387,0.9562191,-0.8204402,-4.311092,0,0,0,9.581937,-0.7374405,-1.474881,190,-17.25,-40.5,-13.50671,-79.81842,-177.9202,0.7629837,0.6386535,0.07862534,0.06160914
37399,0.9562191,-0.8204402,-4.311092,0,0,0,9.591515,-1.158835,-1.632904,154.5,-13.25,-35.375,-11.81896,-79.6777,-177.8215,0.7648847,0.6386137,0.06692774,0.05142647
37410,0.9562191,-0.8204402,-4.311092,0,0,0,9.529263,-1.321646,-1.805292,96.5,-6.375,-26.875,-10.90839,-79.59775,-177.7066,0.7658823,0.6385302,0.06026033,0.04552324
37422,0.9562191,-0.8204402,-4.311092,0,0,0,9.514897,-1.278549,-1.795715,36.75,0.75,-16.875,-10.70476,-79.60867,-177.6743,0.76594,0.6386995,0.05871205,0.04418063
37433,0.9562191,-0.8204402,-4.311092,0,0,0,9.562783,-1.125315,-1.632904,-19.25,6.75,-7.125,-11.10237,-79.71947,-177.786,0.765071,0.6392202,0.06191713,0.04722611
37445,0.9562191,-0.8204402,-4.311092,0,0,0,9.529263,-0.8092691,-1.58023,-51,10.375,-1.375,-11.66696,-79.87846,-178.1408,0.7637135,0.6398305,0.06755647,0.05286523
37456,0.9562191,-0.8204402,-4.311092,0,0,0,9.553205,-0.3926631,-1.541921,-57.625,13.125,1.375,-12.10321,-80.08028,-178.7361,0.7620297,0.64059,0.07365126,0.05942074
37468,0.9562191,-0.8204402,-4.311092,0,0,0,9.682497,-0.1867544,-1.460515,-43.125,14,1.125,-12.34867,-80.30387,-179.3303,0.7602961,0.6415456,0.07845936,0.06491014
37479,0.9562191,-0.8204402,-4.311092,0,0,0,9.716018,-0.3304116,-1.484458,-24.625,13.75,0.5,-12.70164,-80.52644,-179.6033,0.7586437,0.642622,0.082185,0.06886514
37491,0.9562191,-0.8204402,-4.311092,0,0,0,9.481377,-0.6129375,-1.666424,-22,15.125,2.125,-13.4643,-80.72,-179.4105,0.7571175,0.6435738,0.08601698,0.07202145
37503,0.9562191,-0.8204402,-4.311092,0,0,0,9.241948,-0.8523662,-1.752618,-38.875,18.625,6.375,-14.83878,-80.92992,-178.8226,0.7552542,0.6445249,0.09162593,0.07604798
37514,0.9562191,-0.8204402,-4.311092,0,0,0,9.1366,-0.9385605,-1.68079,-71.625,23,13,-16.91476,-81.19384,-177.9657,0.75263,0.6455379,0.1002306,0.08235846
37527,0.9562191,-0.8204402,-4.311092,0,0,0,9.107868,-0.7805376,-1.54671,-102.875,25.625,19.125,-19.71808,-81.52924,-176.9677,0.7489098,0.6465164,0.1126192,0.09201922
37538,0.9562337,-0.8204014,-4.311161,0.001172159,0.003103548,-0.005450345,9.117445,-0.5219546,-1.426995,-116.125,25.75,22,-22.22314,-81.82551,-176.1947,0.7453228,0.647113,0.1242234,0.1015242
37550,0.9562598,-0.8203973,-4.311316,0.001861311,0.0002968416,-0.01106401,9.179697,-0.08619434,-1.283338,-100.75,22.875,19,-24.30446,-82.1407,-175.8492,0.7415348,0.6475896,0.1353408,0.1115208
37562,0.9562826,-0.8204831,-4.311518,0.001763143,-0.006637529,-0.01558859,9.246737,0.2537944,-1.182778,-61.25,17.875,12.5,-25.23937,-82.3849,-175.9993,0.7388975,0.6480271,0.1418719,0.1181679
37573,0.9562944,-0.8206733,-4.31178,0.0009191998,-0.01473479,-0.02031263,9.232371,0.3687202,-1.173201,-8.25,11.125,5,-25.27493,-82.54494,-176.3567,0.7375904,0.6485618,0.1438878,0.1209312
37585,0.9562784,-0.820966,-4.312151,-0.001218597,-0.02231047,-0.02829647,8.978577,0.3687202,-1.240241,34.625,5.5,-0.25,-24.72632,-82.61761,-176.7372,0.7374694,0.6491268,0.142407,0.1203896
37596,0.9562564,-0.8213334,-4.312633,-0.001697653,-0.0283199,-0.03711293,8.916326,0.2202744,-1.158835,69.375,-0.625,-4.375,-23.92798,-82.62158,-176.9131,0.7382431,0.6497633,0.1382574,0.1170031
37608,0.9562677,-0.8217399,-4.313215,0.0008632846,-0.03122341,-0.04469477,9.026463,-0.09098291,-1.048698,86.375,-7.25,-6.5,-23.28698,-82.55824,-176.7026,0.7395666,0.6502485,0.1330161,0.1119151
37619,0.9563186,-0.8221378,-4.313885,0.003924569,-0.03069749,-0.05171858,9.055194,-0.3639317,-1.125315,85.625,-13,-6.125,-22.98083,-82.4081,-176.1676,0.7412652,0.6501905,0.1282054,0.1064972
37631,0.9564096,-0.822489,-4.314644,0.006991215,-0.02694921,-0.05822584,9.079137,-0.6177261,-1.240241,64.875,-16.875,-2.875,-23.23325,-82.18703,-175.3399,0.7429714,0.6494641,0.1254535,0.1022319
37642,0.9565424,-0.8228061,-4.315452,0.01020418,-0.02437362,-0.06208523,9.280257,-0.5602632,-1.264184,37.625,-18.5,2.375,-23.83408,-81.94608,-174.5243,0.74437,0.6482868,0.1250842,0.09995805
37653,0.9567055,-0.8231293,-4.316263,0.01250618,-0.02478312,-0.06219696,9.562783,-0.3495659,-1.340801,10.625,-19.375,10.375,-24.8459,-81.68542,-173.659,0.7454452,0.6466962,0.1271721,0.09961297
37665,0.9568813,-0.8234486,-4.317071,0.01365758,-0.02481113,-0.06284013,9.500531,-0.3830859,-1.470092,-11.875,-19,18.25,-26.46793,-81.40364,-172.4784,0.746184,0.6448206,0.1315418,0.1005621
37676,0.9570646,-0.8237545,-4.317956,0.01390008,-0.02320139,-0.06709286,9.20364,-0.5123774,-1.58023,-35.5,-16,24.5,-28.70023,-81.1162,-171.0155,0.7464041,0.6427445,0.138383,0.1030089
37688,0.9572716,-0.8240505,-4.318891,0.01605967,-0.02295442,-0.07251651,9.127023,-0.5028003,-1.426995,-49.625,-13.5,26.375,-30.9468,-80.88432,-169.7058,0.7460446,0.6408629,0.1461399,0.1065618
37699,0.9575431,-0.8243845,-4.319916,0.02057331,-0.02530756,-0.07763368,9.194062,-0.4166059,-1.230664,-51.125,-13.5,24.375,-32.91955,-80.68631,-168.7111,0.7454426,0.6390647,0.1538489,0.1106443
37711,0.9578485,-0.8247681,-4.32097,0.02382031,-0.0299229,-0.08222647,9.222795,-0.2394287,-1.278549,-40.875,-14.75,20.5,-34.26386,-80.48816,-168.1841,0.7451449,0.637244,0.1601061,0.1142163
37722,0.9581743,-0.8252477,-4.322089,0.02509337,-0.03694008,-0.08619811,9.265891,-0.02873145,-1.388687,-21.625,-15.125,16.375,-35.04216,-80.28841,-167.9826,0.7452727,0.6355156,0.1645132,0.1167216
37734,0.9585151,-0.8258278,-4.323249,0.02600895,-0.04427644,-0.08853075,9.385606,-0.0191543,-1.455727,3.375,-14.875,13.5,-35.57179,-80.09546,-167.7048,0.7457767,0.6341908,0.1668772,0.1173511
37746,0.9589128,-0.8265184,-4.324504,0.02820851,-0.04897753,-0.08903125,9.510109,-0.292103,-1.517978,19.25,-14,12,-36.25504,-79.89242,-167.0639,0.7464626,0.6331859,0.1682723,0.1164208
37757,0.9593033,-0.8271493,-4.325641,0.03074051,-0.04967823,-0.08948684,9.481377,-0.5937832,-1.608961,16,-11.5,12.25,-37.11867,-79.71924,-166.2771,0.746856,0.6324153,0.1699855,0.1155941
37769,0.95974,-0.8277907,-4.326844,0.0331459,-0.04868478,-0.09132926,9.356874,-0.7326519,-1.676001,0.625,-7.625,13.75,-38.24687,-79.56771,-165.4325,0.7467753,0.6316198,0.17307,0.1158883
37780,0.9602044,-0.8283978,-4.32807,0.03590366,-0.04693098,-0.09475128,9.227583,-0.8188462,-1.661635,-17.125,-2.625,13.75,-39.47813,-79.47754,-164.7098,0.7460736,0.6309262,0.1773489,0.1177025
37792,0.9607078,-0.8290358,-4.32939,0.03785961,-0.04798149,-0.09924608,9.17012,-0.6033604,-1.623327,-24.125,1.75,11,-40.43543,-79.46429,-164.3698,0.7449921,0.6303835,0.1817422,0.1207195
37803,0.9611971,-0.8297154,-4.3307,0.03839706,-0.053333,-0.1028615,9.251526,-0.2490059,-1.575441,-18.625,5.375,7.375,-40.89432,-79.53243,-164.4344,0.7438577,0.6301972,0.1848893,0.1238685
37815,0.9617012,-0.8305218,-4.332092,0.03822969,-0.06116366,-0.105538,9.347297,-0.06225147,-1.54671,-0.75,7.125,3.75,-41.00491,-79.65097,-164.6283,0.7428894,0.6304693,0.1863439,0.1260942
37826,0.9621798,-0.8313773,-4.333474,0.03763207,-0.06726223,-0.1086719,9.289834,-0.1388687,-1.599384,17.25,8.125,0,-40.92667,-79.77499,-164.7665,0.7422586,0.6310702,0.1862535,0.1269341
37838,0.9626698,-0.8322905,-4.334951,0.03748288,-0.06985207,-0.1130362,9.179697,-0.3974517,-1.652058,23.75,9.5,-2.75,-40.8865,-79.90435,-164.7773,0.7416795,0.6318675,0.185694,0.1271716
37849,0.9631677,-0.8332285,-4.336489,0.03780031,-0.07121636,-0.1167056,9.232371,-0.4932232,-1.64727,15.25,11.125,-3.125,-40.93573,-80.05149,-164.809,0.7408438,0.6326366,0.1857799,0.1280915
37860,0.9636509,-0.8341745,-4.338006,0.0377159,-0.07383515,-0.1184371,9.385606,-0.3830859,-1.632904,2,11.625,-2.125,-40.97387,-80.20443,-165.022,0.7397907,0.6331568,0.1867789,0.130138
37872,0.9641291,-0.8351567,-4.339571,0.03694848,-0.07589606,-0.12084,9.328143,-0.3830859,-1.671212,-5.75,11.25,-1.875,-41.01641,-80.34221,-165.3335,0.7386854,0.6334168,0.1883945,0.1327953
37883,0.9646014,-0.8361907,-4.341225,0.03569992,-0.07815935,-0.1250457,9.198852,-0.3304116,-1.656847,-7.875,11.125,-3.75,-40.86974,-80.48457,-165.8685,0.7375966,0.6335519,0.1900182,0.1358545
37895,0.9650446,-0.8372528,-4.342889,0.03432861,-0.08227602,-0.1289515,9.232371,-0.1676001,-1.585018,-4.75,10.375,-5.625,-40.43763,-80.6337,-166.6387,0.73665,0.6336784,0.1910952,0.1388559
37906,0.9654642,-0.838382,-4.344604,0.03248839,-0.0874124,-0.1327628,9.246737,-0.05267432,-1.565864,4.5,8.75,-7.25,-39.74589,-80.7695,-167.548,0.736011,0.6338205,0.1913227,0.1412624
37918,0.9658692,-0.8395975,-4.346429,0.03060388,-0.09185009,-0.1379004,9.150966,-0.07661719,-1.565864,14.5,7.25,-9.125,-38.88063,-80.8857,-168.5009,0.7356837,0.6340047,0.1907418,0.1429172
37929,0.9662393,-0.8408087,-4.348269,0.02916222,-0.09544355,-0.1449865,8.983365,-0.1053486,-1.527555,21.25,6,-10.5,-37.95762,-80.98032,-169.4197,0.7355815,0.6342085,0.1896686,0.143963
37941,0.9666139,-0.8420722,-4.350276,0.02874629,-0.09697104,-0.1539786,8.849285,-0.2633716,-1.503612,23.875,4.375,-12,-37.03406,-81.05095,-170.3006,0.7356316,0.6343489,0.1884482,0.1446891
37952,0.9669852,-0.8433427,-4.352393,0.02848968,-0.09746869,-0.1624087,8.887594,-0.3160459,-1.532344,22.375,2.75,-13.25,-36.04442,-81.09418,-171.2646,0.7358085,0.6342869,0.1873319,0.1455086
37964,0.9673694,-0.8447063,-4.354683,0.02810416,-0.09976044,-0.1675636,9.165331,-0.1723887,-1.522767,21.375,0.625,-13.75,-34.79812,-81.12062,-172.4983,0.7361281,0.6340286,0.1860975,0.1465984
37976,0.9677388,-0.8460615,-4.356932,0.02787126,-0.1022516,-0.1697093,9.380817,-0.1340801,-1.541921,26.125,-1.75,-13.75,-33.55202,-81.11396,-173.669,0.7366784,0.6336907,0.1845789,0.1472134
37987,0.9681002,-0.8474074,-4.359178,0.02765654,-0.1030054,-0.1718559,9.366451,-0.225063,-1.608961,35.75,-3.625,-15.125,-32.31094,-81.06924,-174.7069,0.7375726,0.6333409,0.1824198,0.1469323
37999,0.9684427,-0.8487455,-4.361461,0.02627894,-0.1026599,-0.1751809,9.256314,-0.2346401,-1.723887,44.625,-3.875,-16.75,-30.976,-80.99984,-175.7213,0.738757,0.633007,0.1795517,0.1459503
38011,0.9688256,-0.8502555,-4.364115,0.02572719,-0.1014561,-0.1783116,9.3042,-0.292103,-1.704732,50.875,-3,-17,-29.54855,-80.93629,-176.6883,0.74009,0.632911,0.175789,0.1441833
38023,0.9691678,-0.8515918,-4.366537,0.0256564,-0.1001893,-0.1816003,9.270679,-0.3016802,-1.685578,50.875,-3,-15.875,-28.41464,-80.87933,-177.41,0.7412201,0.6328683,0.1725366,0.1424833
38035,0.9694935,-0.8528466,-4.368927,0.0254117,-0.09791272,-0.1865668,9.122234,-0.3591431,-1.719098,45.5,-2.375,-13.125,-27.63527,-80.82108,-177.864,0.7421415,0.6327801,0.1700867,0.1410173
38046,0.9698241,-0.8540649,-4.37141,0.02562067,-0.09440662,-0.1924046,9.055194,-0.4549146,-1.723887,31,-1.125,-8.875,-27.31119,-80.77419,-178.0505,0.7426488,0.6326001,0.1690851,0.1403574
38058,0.97017,-0.8552413,-4.373972,0.02673958,-0.09095772,-0.1980664,9.079137,-0.4788574,-1.666424,12.75,-0.25,-4.75,-27.35233,-80.74743,-178.1114,0.7426597,0.6322873,0.1697262,0.1409342
38069,0.9705501,-0.8563973,-4.376668,0.0286881,-0.08725616,-0.2035055,9.112657,-0.517166,-1.628115,-7.5,0,-0.5,-27.78476,-80.72905,-178.0557,0.7421836,0.6317167,0.1722475,0.1429278
38081,0.9709511,-0.8574856,-4.379349,0.03119482,-0.08464989,-0.2085603,9.141388,-0.4692803,-1.561075,-22.75,-0.25,2.25,-28.37584,-80.71877,-178.0297,0.7413744,0.630945,0.1759458,0.1459986
38092,0.9714016,-0.8585745,-4.382103,0.03478234,-0.08405934,-0.2125754,9.246737,-0.3639317,-1.436572,-32.25,-1,3.625,-28.97741,-80.72127,-178.1234,0.7403048,0.6300386,0.1803466,0.1499183
38103,0.9719017,-0.8596796,-4.384924,0.0384159,-0.0849015,-0.2167189,9.246737,-0.2633716,-1.388687,-35.875,-2.75,4.25,-29.53372,-80.70893,-178.3146,0.7392311,0.6289165,0.1850076,0.1541874
38115,0.9724411,-0.8608017,-4.387792,0.04148338,-0.08628816,-0.2205583,9.265891,-0.2011201,-1.417418,-34.625,-3.625,4.125,-30.01997,-80.68221,-178.5597,0.7382476,0.6276815,0.1895269,0.1583854
38126,0.9730211,-0.8619534,-4.39069,0.0445523,-0.08845999,-0.2225613,9.409549,-0.1436572,-1.417418,-31,-3.75,4.125,-30.45495,-80.65842,-178.8103,0.7372985,0.6265016,0.1937358,0.1623368
38138,0.9736487,-0.8631307,-4.393622,0.04794535,-0.08994038,-0.2240386,9.447857,-0.2011201,-1.436572,-30.375,-4,5.25,-31.04206,-80.62959,-178.9048,0.736316,0.625314,0.198072,0.1660987
38149,0.9743159,-0.8642712,-4.396528,0.05196385,-0.08882803,-0.2262771,9.376028,-0.4070288,-1.489247,-40.875,-3.5,8.125,-32.0382,-80.59714,-178.7124,0.7350283,0.6239822,0.2034706,0.1702336
38161,0.9750693,-0.8653908,-4.399522,0.05762216,-0.08562015,-0.2290006,9.342508,-0.6177261,-1.474881,-63.875,-1.875,12.375,-33.58966,-80.58441,-178.2822,0.7329402,0.6223364,0.2110898,0.17589
38172,0.9759051,-0.8664805,-4.402535,0.06418379,-0.08368953,-0.2313555,9.385606,-0.5889946,-1.379109,-93.75,-0.25,17.625,-35.52041,-80.6052,-177.8631,0.7298459,0.6202283,0.2211036,0.1837256
38184,0.976861,-0.8676681,-4.405703,0.07011306,-0.08710552,-0.2323637,9.519686,-0.2298516,-1.235452,-103.625,-0.875,19,-37.29689,-80.64426,-177.8103,0.726212,0.6176575,0.2320319,0.1930712
38196,0.9778314,-0.8689357,-4.408788,0.07313606,-0.09553232,-0.232476,9.596303,0.2059087,-1.187566,-80.75,-3.875,14.625,-38.24731,-80.6558,-178.2348,0.7234627,0.6152211,0.2403046,0.2008944
38207,0.9788063,-0.8703248,-4.411852,0.07434934,-0.10594,-0.2337088,9.510109,0.4261831,-1.187566,-36.125,-7.375,7.375,-38.39331,-80.62397,-178.8571,0.7222189,0.6134461,0.2446237,0.2055315
38219,0.9797959,-0.8718335,-4.414952,0.07572933,-0.1154586,-0.2372592,9.328143,0.3782974,-1.197144,4.25,-10,1.75,-38.14087,-80.55502,-179.3411,0.722254,0.6124325,0.2457523,0.2070784
38231,0.9809653,-0.8736532,-4.418538,0.07915482,-0.1231676,-0.2426709,9.227583,0.1436572,-1.225875,34.875,-12.125,-2.375,-37.754,-80.44023,-179.5288,0.7233545,0.6120059,0.2445288,0.2059435
38243,0.9820675,-0.8753264,-4.421779,0.08365484,-0.1269891,-0.2459939,9.328143,-0.1101372,-1.316858,40.375,-13,-2.625,-37.63886,-80.31655,-179.39,0.7245052,0.6117285,0.2432893,0.2041831
38255,0.9832119,-0.8770077,-4.424995,0.08816238,-0.129529,-0.2477843,9.428702,-0.1963315,-1.407841,30.625,-12.625,-0.25,-37.77956,-80.19051,-179.1273,0.7253425,0.6112417,0.2430115,0.2029955
38266,0.9844316,-0.8787198,-4.428198,0.09432229,-0.1324074,-0.2477251,9.586726,-0.2633716,-1.331224,12.25,-11.875,3.25,-38.23101,-80.09192,-178.7949,0.7254932,0.6105279,0.2442834,0.2030789
38278,0.9857486,-0.8804902,-4.431379,0.1019277,-0.1370151,-0.2461431,9.730383,-0.2346401,-1.197144,-3.375,-11.875,5.25,-38.792,-80.01818,-178.5574,0.7251026,0.6095753,0.2467118,0.2043953
38289,0.9871729,-0.8823981,-4.434618,0.1077541,-0.1443381,-0.2450361,9.692075,0.009577149,-1.201932,-9.625,-12.5,5.5,-39.15873,-79.93569,-178.6079,0.7246523,0.6082904,0.2494606,0.2064738
38301,0.9871729,-0.8823981,-4.434618,0,0,0,9.620246,0.04788574,-1.254606,-6.75,-11.875,4.5,-39.40926,-79.85648,-178.7269,0.7243044,0.6070796,0.2518307,0.2083721
38313,0.9871729,-0.8823981,-4.434618,0,0,0,9.668132,0.02394287,-1.326435,-2.125,-9.75,2.75,-39.56983,-79.79238,-178.9007,0.7239692,0.6060001,0.2538907,0.2101718
38324,0.9871729,-0.8823981,-4.434618,0,0,0,9.759114,0.05267432,-1.398264,2.75,-6.875,0.875,-39.56522,-79.76382,-179.1486,0.7236727,0.6052786,0.2552275,0.2116474
38336,0.9871729,-0.8823981,-4.434618,0,0,0,9.854886,-0.02873145,-1.379109,5.125,-4.375,-0.375,-39.54674,-79.77336,-179.3797,0.723236,0.604857,0.2563122,0.2130302
38347,0.9871729,-0.8823981,-4.434618,0,0,0,9.845308,-0.1676001,-1.374321,0.75,-2.625,-0.75,-39.62323,-79.80563,-179.569,0.7225411,0.6044925,0.2577321,0.2147028
38359,0.9871729,-0.8823981,-4.434618,0,0,0,9.687285,-0.2202744,-1.431784,-8.625,-0.75,-0.5,-39.77229,-79.85023,-179.8138,0.7215087,0.6039395,0.2598761,0.2171327
38370,0.9871729,-0.8823981,-4.434618,0,0,0,9.553205,-0.07661719,-1.489247,-15.625,1.75,-0.5,-39.80221,-79.91222,179.748,0.7202778,0.6032742,0.2622544,0.220188
38382,0.9871729,-0.8823981,-4.434618,0,0,0,9.519686,0.03352002,-1.498824,-13,3.375,-1.5,-39.66835,-79.99376,179.1628,0.7190219,0.6027022,0.2643403,0.2233421
38393,0.9871729,-0.8823981,-4.434618,0,0,0,9.543629,0.0191543,-1.498824,-5.875,4.5,-3.625,-39.396,-80.08692,178.539,0.7179347,0.6023811,0.2657418,0.2260267
38405,0.9871729,-0.8823981,-4.434618,0,0,0,9.519686,0.05746289,-1.522767,-1.375,5,-4.875,-38.9742,-80.18504,177.8054,0.7169368,0.6021333,0.2667818,0.2286145
38417,0.9871729,-0.8823981,-4.434618,0,0,0,9.399971,-0.05746289,-1.474881,-2.5,5.25,-4.75,-38.70124,-80.28172,177.2287,0.7158998,0.6019477,0.2679375,0.2309892
38428,0.9871729,-0.8823981,-4.434618,0,0,0,9.318565,-0.2154858,-1.374321,-11.25,4.5,-4.625,-38.58946,-80.38172,176.6982,0.7145494,0.6015633,0.2698563,0.2339199
38440,0.9871729,-0.8823981,-4.434618,0,0,0,9.323354,-0.2011201,-1.249818,-21.5,2.375,-4.875,-38.45586,-80.46968,176.0164,0.7129889,0.6007835,0.2724549,0.2376439
38452,0.987255,-0.8824666,-4.434673,0.005783962,-0.004828681,-0.003919476,9.332932,0.009577149,-1.149258,-23.625,-2,-7,-37.94214,-80.51338,174.8723,0.7115852,0.5994028,0.2751834,0.242151
38465,0.9873852,-0.8826014,-4.434785,0.009370135,-0.009702787,-0.008024186,9.294622,0.1532344,-1.249818,-13,-6.125,-10.5,-37.07327,-80.47116,173.5359,0.7110618,0.5977642,0.2768339,0.2458294
38476,0.9875432,-0.8827692,-4.434927,0.01227945,-0.01304244,-0.01100226,9.342508,0.1436572,-1.355167,-0.625,-8,-13.25,-36.14046,-80.38706,172.3326,0.711183,0.596325,0.2774305,0.248289
38487,0.987756,-0.8829731,-4.435084,0.01631948,-0.01563337,-0.0121009,9.490954,0.07661719,-1.374321,9.75,-9,-14.625,-35.21228,-80.28748,171.2679,0.7116625,0.5951229,0.2773286,0.2499084
38499,0.9880309,-0.8831877,-4.435246,0.02137696,-0.01668397,-0.01259737,9.534052,-0.03830859,-1.417418,13.125,-9.625,-14.5,-34.46643,-80.17905,170.4326,0.7122386,0.594029,0.2771557,0.2510585
38510,0.9883879,-0.8833988,-4.435422,0.02717226,-0.01606549,-0.01338328,9.50532,-0.1436572,-1.484458,7.625,-9.25,-12.625,-33.98278,-80.07037,169.7851,0.7125863,0.5928177,0.2776213,0.2524172
38522,0.9888139,-0.8835922,-4.43562,0.03286695,-0.01492579,-0.01527511,9.414337,-0.158023,-1.513189,-3.75,-8,-9.25,-33.7846,-79.98307,169.2749,0.7124217,0.5914475,0.2791167,0.2544388
38533,0.9893063,-0.883778,-4.435866,0.0378565,-0.01427508,-0.01886855,9.280257,-0.08140577,-1.513189,-14.625,-5.875,-6,-33.75033,-79.92706,168.7821,0.7117146,0.5899532,0.2815007,0.257245
38545,0.9898615,-0.8839913,-4.436174,0.04293106,-0.01649554,-0.02380496,9.198852,0.08140577,-1.336012,-15.125,-5,-5.125,-33.61145,-79.90639,168.1776,0.7108066,0.5886407,0.2837675,0.2602541
38556,0.9904982,-0.8842772,-4.436565,0.0485827,-0.02182163,-0.02987995,9.146177,0.2346401,-1.130104,-4.625,-7,-7,-33.20761,-79.88092,167.4387,0.7102638,0.5875614,0.2850793,0.2627294
38568,0.9912002,-0.8846437,-4.437052,0.05412721,-0.02825408,-0.03749558,9.031251,0.3160459,-1.053486,14.5,-9.875,-9.875,-32.58365,-79.81766,166.7323,0.7105438,0.5868235,0.2848847,0.2638302
38579,0.9919978,-0.8851026,-4.437662,0.06043896,-0.03477496,-0.0462143,8.964211,0.2968916,-1.019966,32.75,-13.125,-12.625,-31.84402,-79.7083,166.1521,0.7116504,0.5863686,0.28335,0.2635116
38590,0.992856,-0.8856265,-4.438351,0.06742697,-0.04116181,-0.05411886,9.012096,0.2729487,-0.9912349,47.875,-16.375,-14.125,-31.1258,-79.56622,165.7814,0.713359,0.5861661,0.2808828,0.2619791
38602,0.9938447,-0.8862383,-4.439149,0.07581376,-0.04691542,-0.06121918,9.093503,0.1819658,-1.005601,53.25,-18.75,-13.625,-30.57078,-79.39809,165.6528,0.715354,0.5860063,0.2781933,0.2597572
38613,0.9949828,-0.8869097,-4.440056,0.08697101,-0.05130302,-0.06932448,9.040829,-0.03830859,-0.9433491,45.625,-20.25,-11,-30.40484,-79.24113,165.8145,0.7169924,0.585734,0.2764309,0.2577274
38626,0.9964015,-0.8876951,-4.441174,0.1019738,-0.056451,-0.08037569,8.906748,-0.1819658,-0.7518061,26,-21.875,-6.75,-30.64803,-79.10769,166.129,0.7178515,0.5850631,0.2764353,0.2568541
38637,0.9979204,-0.8885033,-4.442387,0.1172944,-0.06241209,-0.09363218,8.705628,-0.2106973,-0.5937832,2.125,-23.5,-1.75,-31.21691,-79.00591,166.4487,0.7177543,0.5838868,0.278439,0.2576368
38649,0.9996516,-0.8894187,-4.443829,0.1317598,-0.06967093,-0.1097611,8.49972,-0.1101372,-0.5698403,-22.5,-24.375,3.125,-32.03105,-78.90645,166.6786,0.7168304,0.5819519,0.2824393,0.2602196
38660,1.001558,-0.8904492,-4.44547,0.1447511,-0.07824046,-0.1246383,8.585914,0.02873145,-0.6177261,-37.625,-24.125,7.375,-32.99759,-78.8121,166.853,0.7153435,0.5795525,0.2876706,0.2639095
38673,1.003764,-0.8917072,-4.447344,0.1575601,-0.08985037,-0.1338469,9.055194,0.2059087,-0.6464576,-41.875,-23.875,10.5,-34.07184,-78.72123,167.0185,0.7135022,0.5768784,0.2936104,0.2681773
38684,1.005932,-0.8930306,-4.449102,0.1692494,-0.1033086,-0.1372035,9.467011,0.3543545,-0.5794175,-36.375,-25.125,13,-35.09756,-78.64079,167.2772,0.7119006,0.5746014,0.2987634,0.2716089
38695,1.008338,-0.8946106,-4.450914,0.1822369,-0.1196729,-0.1372409,9.754326,0.4118174,-0.4644917,-20.625,-28,14.375,-36.2109,-78.54372,167.8042,0.7107604,0.5726976,0.3031319,0.2737668
38707,1.010826,-0.8963633,-4.452655,0.1952783,-0.1376084,-0.1366897,9.826155,0.4692803,-0.3495659,1.5,-31.875,13.5,-37.19608,-78.41492,168.5043,0.7105157,0.571358,0.3058839,0.2741398
38718,1.013513,-0.8984032,-4.454428,0.2081151,-0.1579745,-0.1372894,9.754326,0.5794175,-0.2633716,30.75,-36.5,11.125,-37.96983,-78.22936,169.3668,0.7115067,0.570603,0.306601,0.272335
38730,1.016446,-0.9007952,-4.456285,0.2207077,-0.1800115,-0.1398214,9.615458,0.6512461,-0.258583,70.375,-41.5,7.125,-38.45692,-77.96378,170.4747,0.7142431,0.5706737,0.3044409,0.2674027
38741,1.019444,-0.9033725,-4.458127,0.2334993,-0.200694,-0.1434032,9.529263,0.5746289,-0.3064688,107.25,-44.75,2.875,-38.69464,-77.65664,171.7925,0.7182853,0.5715951,0.2997607,0.2597861
38752,1.022656,-0.9062108,-4.460029,0.2485911,-0.2196856,-0.1472389,9.519686,0.3447773,-0.3543545,135.75,-47,0.25,-38.88413,-77.31872,173.4447,0.7232545,0.573244,0.293171,0.2496899
38764,1.026184,-0.9093526,-4.462019,0.2663825,-0.2372579,-0.1503035,9.591515,0.1053486,-0.4118174,146,-47.875,0.5,-39.17379,-76.96443,175.3746,0.7284848,0.5751964,0.2858674,0.2381991
38775,1.029829,-0.9125977,-4.463969,0.2840781,-0.2529121,-0.151915,9.682497,-0.0191543,-0.5411089,144.625,-47,2.375,-39.53774,-76.62392,177.3116,0.7332814,0.5770204,0.2790013,0.2269453
38787,1.033772,-0.9160674,-4.465958,0.3035293,-0.2670631,-0.1531379,9.711228,-0.2298516,-0.5985718,134.625,-45.125,5.125,-40.08313,-76.30343,179.3215,0.7374917,0.578732,0.2729245,0.2160731
38798,1.038081,-0.9197644,-4.468018,0.3255683,-0.2793124,-0.155637,9.620246,-0.5075889,-0.5937832,113,-42.25,7.875,-40.85952,-76.01855,-178.6935,0.7407547,0.5801544,0.2684306,0.2065149
38810,1.042481,-0.9234642,-4.470054,0.3466233,-0.291509,-0.1604212,9.43828,-0.517166,-0.5602632,86.875,-39.125,10.625,-41.66772,-75.78897,-177.0604,0.7429063,0.5810599,0.2658493,0.1994591
38821,1.047268,-0.9274555,-4.472257,0.3670955,-0.3060319,-0.1688932,9.179697,-0.3782974,-0.4932232,62.875,-36.125,13.375,-42.49759,-75.60046,-175.7017,0.7442466,0.581579,0.2647421,0.1943565
38833,1.052309,-0.9316429,-4.474614,0.3870506,-0.3215147,-0.1810086,8.911537,-0.3256231,-0.4261831,45.875,-33.875,14,-43.28436,-75.45065,-174.6094,0.744994,0.5818309,0.2646428,0.1908433
38844,1.057911,-0.9363285,-4.477289,0.4063054,-0.3398612,-0.1940159,8.897171,-0.1532344,-0.4597031,46.25,-31.875,10.25,-43.75786,-75.32269,-173.8041,0.7458484,0.5820993,0.2639277,0.1876507
38856,1.063448,-0.9410369,-4.47997,0.4219077,-0.3587845,-0.2042463,9.036039,0.05267432,-0.6129375,67.5,-30.125,2.875,-43.66943,-75.21687,-173.2901,0.7473906,0.5827542,0.2609866,0.1835508
38868,1.069163,-0.9459755,-4.482747,0.4370845,-0.3776541,-0.2123494,9.184485,0.07182861,-0.6895547,93.25,-27.75,-4,-43.21469,-75.14592,-172.7968,0.7495325,0.5841369,0.2556722,0.1778114
38879,1.075091,-0.9511225,-4.48561,0.4547716,-0.3948928,-0.2196652,9.256314,-0.1340801,-0.6225147,111.375,-25.625,-8.375,-42.67118,-75.12033,-172.1476,0.7518386,0.5862314,0.2488567,0.1707096
38892,1.082007,-0.9570675,-4.488953,0.4768673,-0.4098839,-0.2304804,9.059982,-0.4549146,-0.5937832,110.625,-23.625,-9.625,-42.21506,-75.12022,-171.2775,0.7540808,0.5887554,0.2413988,0.1626532
38903,1.088201,-0.9623088,-4.491977,0.4957469,-0.419502,-0.2420989,8.83492,-0.6608232,-0.6847661,97,-20.625,-9.5,-41.94883,-75.1361,-170.5679,0.7555482,0.5907043,0.2359551,0.1566548
38915,1.094951,-0.967936,-4.495306,0.5147337,-0.4291367,-0.2538725,8.849285,-0.6560347,-0.7470176,79.5,-16.875,-9.25,-41.68558,-75.1914,-170.0382,0.7565359,0.5924857,0.2313488,0.1519601
38926,1.101798,-0.9736133,-4.498691,0.5317482,-0.4409188,-0.2628661,9.050406,-0.4357603,-0.7949033,73,-14.375,-9.625,-41.27188,-75.27934,-169.7621,0.7573074,0.5941314,0.2269716,0.1482477
38937,1.108844,-0.9794894,-4.502127,0.5471563,-0.4563252,-0.2668366,9.452645,-0.1292915,-0.8427891,81.625,-13.375,-10.875,-40.6046,-75.38814,-169.6335,0.7582601,0.5959179,0.2216254,0.1442423
38949,1.116289,-0.9857668,-4.505639,0.5622847,-0.4740805,-0.2652184,9.883617,0.02394287,-0.9146177,98.625,-14,-11,-39.80348,-75.4893,-169.394,0.7595983,0.5979992,0.2148274,0.1387683
38960,1.123717,-0.9920563,-4.509006,0.576892,-0.4884714,-0.2615053,10.00812,-0.1676001,-1.058275,110.25,-14.75,-8.875,-39.20978,-75.54797,-168.8263,0.7610832,0.6001167,0.2077788,0.1320621
38972,1.131405,-0.9985447,-4.512389,0.5912291,-0.4989534,-0.2601774,9.77348,-0.4261831,-1.168412,107.25,-13.625,-5.75,-38.90307,-75.58614,-168.0002,0.7623749,0.6021758,0.2013128,0.1250683
38983,1.139188,-1.005069,-4.515775,0.6044225,-0.506688,-0.2630224,9.414337,-0.5746289,-1.230664,97,-11.125,-2.25,-38.86763,-75.62479,-167.0497,0.763263,0.6041034,0.1959783,0.1186637
38995,1.147295,-1.011822,-4.519312,0.6174634,-0.5143038,-0.2693863,9.150966,-0.584206,-1.182778,84.375,-8.25,0.25,-38.99141,-75.69373,-166.091,0.7636967,0.6060296,0.1915666,0.1131278
39006,1.155453,-1.018616,-4.522892,0.6295213,-0.5243266,-0.2761884,9.131811,-0.3974517,-1.130104,75.25,-6.875,3.25,-39.1588,-75.78222,-165.2268,0.7638372,0.6078491,0.1878758,0.1085124
39018,1.163808,-1.025616,-4.526562,0.6407796,-0.5368347,-0.2814719,9.265891,-0.225063,-1.125315,73.25,-6.25,5.875,-39.34948,-75.87802,-164.369,0.7638731,0.6096582,0.1843365,0.1040907
39029,1.172216,-1.03272,-4.53025,0.6504342,-0.5496158,-0.2852917,9.356874,-0.1771773,-1.225875,82.25,-5.5,6.5,-39.52082,-75.96574,-163.4227,0.7640283,0.6115521,0.1801999,0.09895923
39040,1.180807,-1.040078,-4.534026,0.657158,-0.5627459,-0.288828,9.342508,-0.09577148,-1.417418,99.5,-2.75,5.75,-39.59656,-76.06362,-162.3406,0.7643594,0.6137639,0.1746491,0.09244636
39052,1.18941,-1.047536,-4.537821,0.6629567,-0.5747505,-0.2924396,9.313777,-0.1723887,-1.479669,112.875,1.25,5.75,-39.75408,-76.19373,-161.0119,0.7645499,0.6164221,0.1681992,0.08483181
39064,1.19824,-1.055221,-4.541737,0.6695407,-0.5827093,-0.2969359,9.218005,-0.5267432,-1.484458,114.625,6,6.75,-40.25439,-76.35394,-159.2962,0.7643032,0.6195074,0.1618157,0.07659558
39075,1.206817,-1.062696,-4.545598,0.674489,-0.5878426,-0.3036848,8.988154,-0.7039204,-1.561075,104.125,10.5,8,-40.96022,-76.52108,-157.5546,0.7636751,0.6224744,0.1565745,0.06935757
39086,1.215708,-1.070541,-4.549715,0.6762474,-0.5967329,-0.313115,8.810977,-0.3830859,-1.628115,96.625,16,8.75,-41.61209,-76.75234,-155.9423,0.7626954,0.6256273,0.1514049,0.06295225
39098,1.224502,-1.078486,-4.553921,0.6755686,-0.6103011,-0.3231505,8.791822,0,-1.637692,108.25,20.625,7.375,-42.04202,-77.05771,-154.4189,0.7615798,0.6291503,0.1449273,0.05623486
39110,1.233864,-1.087203,-4.558558,0.6735849,-0.6271241,-0.3335495,8.83492,0.158023,-1.628115,140,24.5,3.125,-42.27674,-77.46191,-152.5755,0.7603482,0.6336175,0.1349688,0.04672247
39121,1.242587,-1.095519,-4.562987,0.671004,-0.6396888,-0.3407365,8.992943,-0.1149258,-1.71431,172.5,28.125,-2.375,-42.48523,-77.87454,-150.4324,0.7590882,0.6382896,0.1230222,0.03517184
39133,1.251318,-1.104002,-4.567515,0.6663707,-0.6474966,-0.3456154,9.107868,-0.5028003,-1.891487,188.875,32.625,-7.375,-42.79269,-78.30966,-147.955,0.757532,0.6431454,0.1096361,0.02212131
39144,1.259856,-1.112462,-4.572041,0.6581334,-0.6520734,-0.3488124,9.174909,-0.7518061,-2.130916,187.75,39.375,-10.75,-43.26036,-78.77406,-145.3549,0.7555127,0.6479443,0.09633662,0.009376195
39157,1.269014,-1.121712,-4.577019,0.6458497,-0.652384,-0.3510785,9.208428,-1.110949,-2.288939,166.625,47.875,-10.875,-44.39405,-79.30671,-142.1961,0.7525187,0.653214,0.08377927,-0.002846604
39168,1.277136,-1.130037,-4.581547,0.6334435,-0.6493282,-0.3531536,9.184485,-1.403052,-2.288939,125.875,56.25,-7.25,-46.28962,-79.7892,-139.0012,0.7490852,0.6580166,0.07593581,-0.0109218
39180,1.285182,-1.138443,-4.586162,0.6205043,-0.648248,-0.3558812,9.179697,-1.268972,-2.174013,69,64.375,-0.25,-49.14978,-80.28671,-135.5803,0.7449605,0.6629752,0.0727042,-0.01455473
39191,1.293079,-1.146937,-4.59083,0.6074877,-0.6533994,-0.3591471,9.227583,-0.7996919,-2.011201,32.25,69.125,6.375,-52.68862,-80.79335,-131.9711,0.7404484,0.668038,0.0723534,-0.01504769
39202,1.300727,-1.155496,-4.595523,0.5932,-0.6638296,-0.3639197,9.179697,-0.3687202,-1.94895,24.125,71.25,9,-56.52924,-81.29315,-128.1728,0.7358877,0.6730586,0.07244518,-0.01459968
39214,1.308292,-1.164343,-4.600375,0.5768297,-0.6746085,-0.3699596,9.107868,-0.3352002,-1.953738,34.75,72.25,7.875,-60.75778,-81.76698,-123.8482,0.7312691,0.6781569,0.07159916,-0.01491878
39225,1.315588,-1.173215,-4.605266,0.5611029,-0.6823193,-0.3761321,9.093503,-0.5698403,-1.805292,46.5,72.125,4.75,-65.43109,-82.1887,-118.9217,0.7266308,0.6832806,0.06980157,-0.01622104
39237,1.322651,-1.182147,-4.610223,0.5452907,-0.6895691,-0.3827138,9.079137,-0.5985718,-1.695155,56.375,69.875,-0.125,-70.17379,-82.58787,-113.794,0.7221863,0.688224,0.06686234,-0.01800591
39248,1.329499,-1.191236,-4.615312,0.5262852,-0.6984996,-0.3910743,8.973788,-0.4309717,-1.810081,75.375,66.875,-7.375,-74.52751,-83.01304,-108.8038,0.7181915,0.6927977,0.06168988,-0.02065875
39260,1.336114,-1.200505,-4.620562,0.504298,-0.7066064,-0.4002421,8.925902,-0.4692803,-1.925007,95.375,65,-13.75,-78.80778,-83.44294,-103.6169,0.7144784,0.6971045,0.05443181,-0.02455889
39271,1.342329,-1.209705,-4.625827,0.4814758,-0.7128062,-0.4078998,9.036039,-0.6033604,-1.925007,109.75,63.5,-19,-83.26559,-83.85206,-98.07813,0.7109288,0.7011529,0.04588181,-0.02932402
39283,1.3483,-1.219078,-4.631226,0.4573898,-0.7179155,-0.4135375,9.208428,-0.6943433,-1.905853,115.875,61.625,-22.25,-88.10868,-84.23302,-92.05866,0.7074367,0.7049848,0.03658107,-0.03451966
39294,1.353971,-1.228565,-4.636712,0.4314921,-0.7218974,-0.4174826,9.352086,-0.7805376,-1.934584,117.625,59.625,-24.875,-93.25322,-84.57497,-85.70457,0.7040825,0.7084881,0.02696691,-0.03981553
39306,1.359146,-1.237807,-4.64207,0.4054687,-0.7240115,-0.4197613,9.481377,-0.9146177,-1.905853,114.25,58,-26.25,-98.59325,-84.84447,-79.23038,0.7009158,0.711612,0.01793418,-0.04476382
39317,1.364084,-1.247267,-4.647572,0.3787664,-0.7256784,-0.4219889,9.50532,-0.933772,-1.824447,106.5,55.875,-26.5,-104.2843,-85.05946,-72.47985,0.6978173,0.7145187,0.009364064,-0.04925809
39329,1.368956,-1.257409,-4.6535,0.350001,-0.7286545,-0.4259331,9.419126,-0.8140576,-1.766984,100,53,-26.625,-110.4078,-85.24951,-65.31223,0.6947691,0.7172439,0.000683313,-0.05344775
39341,1.373162,-1.266915,-4.659109,0.3238844,-0.7319273,-0.4318173,9.265891,-0.7326519,-1.652058,101,49.375,-27.25,-116.087,-85.39716,-58.64211,0.6921433,0.7194349,-0.00758636,-0.0573892
39352,1.377074,-1.276504,-4.664859,0.2995102,-0.7340532,-0.4402578,9.074348,-0.7661719,-1.446149,107.75,44.625,-29.375,-121.7464,-85.52438,-51.89425,0.6896724,0.7212871,-0.01655412,-0.06182901
39364,1.380729,-1.286237,-4.670794,0.2766552,-0.7367835,-0.4492804,9.045617,-0.6656118,-1.264184,124.25,38.625,-34.875,-127.9156,-85.69483,-44.40313,0.6873333,0.7227085,-0.02751685,-0.06714279
39376,1.384317,-1.296839,-4.677288,0.2509303,-0.7414214,-0.4541058,9.409549,-0.517166,-1.288126,164.125,30.25,-45.375,-135.9627,-86.001,-34.35304,0.6850348,0.7232738,-0.044059,-0.07524055
39387,1.387118,-1.306152,-4.682938,0.2240327,-0.7448417,-0.4518837,9.945868,-0.5985718,-1.570652,202.125,24.5,-53.375,-144.3402,-86.3025,-23.7494,0.68311,0.7227393,-0.06202093,-0.0846293
39399,1.389607,-1.315969,-4.688822,0.1887115,-0.7443426,-0.4461309,10.22839,-0.9960235,-1.972893,222.25,22,-56.625,-153.803,-86.56807,-11.67261,0.6810911,0.7211486,-0.08247468,-0.09621659
39410,1.3915,-1.325442,-4.694499,0.1473195,-0.7374978,-0.4419677,10.1422,-1.623327,-2.332036,205.125,24,-53.125,-161.6291,-86.71437,-1.517986,0.6792181,0.7191537,-0.100076,-0.1070778
39422,1.39282,-1.33479,-4.700162,0.1026479,-0.7268884,-0.4403633,9.960235,-1.996835,-2.446961,159.25,28.5,-46.125,-167.1535,-86.75351,5.752974,0.6775408,0.717525,-0.1129828,-0.1154611
39433,1.393573,-1.344391,-4.706076,0.05615885,-0.7160689,-0.4410603,9.792634,-1.987258,-2.413441,112.625,33,-41.5,-171.4757,-86.70866,11.27608,0.6759885,0.7165911,-0.1220118,-0.1210366
39445,1.393752,-1.35339,-4.711706,0.01411715,-0.707794,-0.4427912,9.711228,-1.776561,-2.28415,98,34.125,-44.125,-176.1397,-86.60426,16.89488,0.6744193,0.7160498,-0.1296964,-0.1249404
39456,1.393397,-1.362496,-4.717474,-0.0273788,-0.7013874,-0.4442567,9.73996,-1.565864,-2.202744,103,32.375,-49.125,178.0794,-86.45007,23.71664,0.6726645,0.7153778,-0.1384818,-0.128763
39467,1.39249,-1.371473,-4.723229,-0.07034241,-0.6960121,-0.4462485,9.716018,-1.527555,-2.332036,108.875,30.5,-49.5,172.5998,-86.29562,30.30877,0.6710328,0.7142904,-0.1477339,-0.1329619
39479,1.390935,-1.380555,-4.729147,-0.1180008,-0.6894591,-0.4492581,9.668132,-1.71431,-2.542733,102.75,31.25,-45,168.5734,-86.17065,35.39569,0.6696277,0.712989,-0.156134,-0.1373599
39490,1.388761,-1.389376,-4.735033,-0.1678268,-0.680824,-0.4542246,9.534052,-1.98247,-2.667236,78.625,34.375,-35.625,167.0674,-86.11401,37.63844,0.6686615,0.7120165,-0.1614266,-0.1409462
39502,1.385916,-1.398102,-4.741043,-0.2188634,-0.6712435,-0.4623327,9.299411,-2.111761,-2.710333,39,38.625,-23.625,168.1294,-86.13314,36.807,0.6683009,0.7117737,-0.162408,-0.1427439
39513,1.382433,-1.406684,-4.747161,-0.2688113,-0.6623687,-0.4722132,9.150966,-2.059087,-2.676813,-11.5,43.5,-10,171.8498,-86.19713,32.66782,0.668614,0.7125927,-0.1582371,-0.1418737
39525,1.378336,-1.415228,-4.753436,-0.3149932,-0.6568625,-0.4824283,9.10308,-1.704732,-2.514002,-41,45.25,-2.75,176.4926,-86.2269,27.22217,0.6691968,0.7140902,-0.1513829,-0.1390469
39536,1.373719,-1.423804,-4.759843,-0.3550162,-0.659493,-0.4927312,9.064771,-0.9385605,-2.327247,-26.5,42.5,-4.5,179.034,-86.18777,24.06535,0.6694448,0.7153664,-0.1465936,-0.1363999
39548,1.368552,-1.432624,-4.766444,-0.3913172,-0.6679719,-0.499887,9.294622,-0.3926631,-2.174013,23.75,36.375,-11.25,178.7566,-86.1194,24.37823,0.6690028,0.715693,-0.1470168,-0.1363998
39559,1.363115,-1.441175,-4.772859,-0.4276225,-0.6725128,-0.5044907,9.481377,-0.7039204,-2.145281,67.75,29.375,-16,177.8212,-86.11935,25.90286,0.6683842,0.714836,-0.1510749,-0.139458
39571,1.356972,-1.449967,-4.779556,-0.4683052,-0.6702518,-0.5106048,9.390394,-1.326435,-2.164436,72.875,24.125,-14.125,178.0291,-86.23589,26.36757,0.6682524,0.7132856,-0.155013,-0.1436435
39582,1.35035,-1.458644,-4.786337,-0.5076099,-0.6651137,-0.5197595,9.141388,-1.537132,-2.01599,48.375,21.125,-9.125,179.5579,-86.41565,25.1884,0.6687804,0.7119095,-0.1563478,-0.1465371
39594,1.342811,-1.46783,-4.793721,-0.5432878,-0.6619934,-0.5321324,8.916326,-1.230664,-1.719098,31.625,15.75,-8.125,-179.3958,-86.62009,24.28111,0.6697883,0.7106076,-0.156567,-0.1480108
39606,1.335409,-1.476443,-4.800746,-0.5705343,-0.6638443,-0.5415298,9.050406,-0.6991318,-1.470092,56.875,5.5,-15.375,178.0208,-86.81267,27.31976,0.670594,0.7086476,-0.1600106,-0.1500633
39617,1.327541,-1.485209,-4.807937,-0.598354,-0.666705,-0.5468469,9.361663,-0.6273032,-1.556287,107.625,-8,-25.875,170.7125,-87.06375,35.7523,0.6713713,0.7048424,-0.1687435,-0.1548657
39629,1.319345,-1.493854,-4.815071,-0.6313754,-0.6659852,-0.5495366,9.567572,-1.072641,-1.877121,136.625,-18.125,-30.625,159.9155,-87.36485,48.03363,0.6725266,0.6994678,-0.1798208,-0.1616083
39641,1.310212,-1.50283,-4.822564,-0.671578,-0.660009,-0.5509866,9.668132,-1.642481,-2.135704,122.5,-23.625,-26.625,145.8628,-87.71193,63.45138,0.6746588,0.69326,-0.1895078,-0.1682643
39653,1.300678,-1.511589,-4.829956,-0.7103676,-0.6525871,-0.5507612,9.763903,-1.74783,-2.11655,76.25,-26.375,-16.75,128.8272,-88.01613,81.21778,0.6778979,0.6877792,-0.1944526,-0.1720536
39664,1.291032,-1.519999,-4.83709,-0.7431714,-0.6479819,-0.5496496,9.792634,-1.426995,-2.011201,39.625,-29.25,-8.375,108.3624,-88.15231,101.9163,0.6818356,0.6831176,-0.196033,-0.1732673
39675,1.281068,-1.52834,-4.844227,-0.771428,-0.645717,-0.5525482,9.447857,-1.139681,-1.920218,19.625,-32,-3.25,86.94218,-88.05077,123.3123,0.68626,0.6787521,-0.1959294,-0.1730737
39687,1.270755,-1.536672,-4.851488,-0.7959442,-0.6430632,-0.560385,9.045617,-1.053486,-1.752618,10.25,-33.25,-1.5,69.65625,-87.73782,140.4529,0.6907907,0.6746196,-0.1950053,-0.1722488
39698,1.260072,-1.545083,-4.858959,-0.8152826,-0.6419074,-0.5701483,8.887594,-0.7661719,-1.551498,7.125,-34.625,-1.125,58.29526,-87.27337,151.6263,0.6951826,0.6707072,-0.1940379,-0.1709457
39710,1.249287,-1.553427,-4.866474,-0.8309708,-0.6429732,-0.5790938,8.925902,-0.4980117,-1.508401,14,-35.75,-1,51.30756,-86.73254,158.5168,0.6992421,0.6667874,-0.1938532,-0.1699296
39721,1.238281,-1.561801,-4.87413,-0.8450117,-0.6429095,-0.5877811,8.940269,-0.5267432,-1.450938,21.5,-36.375,0,46.19152,-86.17715,163.6336,0.7030687,0.6627537,-0.194114,-0.1696224
39733,1.227162,-1.570093,-4.881863,-0.8581342,-0.6399143,-0.596768,8.911537,-0.7182862,-1.374321,14.375,-36.375,3.125,41.59967,-85.64413,168.134,0.7069427,0.6589423,-0.1933817,-0.1692056
39744,1.215844,-1.578375,-4.88975,-0.8687955,-0.6357056,-0.6054369,8.940269,-0.7326519,-1.254606,-3.125,-36.375,7.5,37.41153,-85.13015,172.0009,0.7110376,0.6556117,-0.1909414,-0.1677502
39756,1.204456,-1.586607,-4.897711,-0.8755293,-0.6329142,-0.6120589,9.098291,-0.517166,-1.149258,-17.125,-37,10.5,34.05698,-84.62462,174.8498,0.7152107,0.6527381,-0.1874189,-0.165169
39767,1.192982,-1.594849,-4.905735,-0.8792066,-0.6316034,-0.6148281,9.395183,-0.3256231,-1.115738,-16.25,-38.25,10.875,31.55624,-84.11127,176.853,0.7192517,0.6499135,-0.1841167,-0.1624517
39778,1.181588,-1.602984,-4.913671,-0.8817176,-0.6295437,-0.6141442,9.658554,-0.3591431,-1.130104,-9.125,-39.875,9.75,29.57475,-83.59014,178.4347,0.7230974,0.6469336,-0.1814646,-0.1602422
39790,1.169978,-1.611185,-4.921712,-0.8844816,-0.6247371,-0.6125927,9.720806,-0.5794175,-1.149258,-12.5,-40.125,10.125,27.5522,-83.06432,-179.9914,0.7270383,0.6439536,-0.178307,-0.1579428
39801,1.158554,-1.619164,-4.929589,-0.8858496,-0.618672,-0.6108244,9.744749,-0.6560347,-1.101372,-28,-39.125,12.375,25.52357,-82.57555,-178.6043,0.7310135,0.6414718,-0.1738094,-0.1546722
39813,1.158554,-1.619164,-4.929589,0,0,0,9.687285,-0.5554746,-1.024755,-39.75,-38.25,13.75,23.58481,-82.08553,-177.5129,0.7352154,0.6392672,-0.1680503,-0.1501828
39826,1.158554,-1.619164,-4.929589,0,0,0,9.332932,-0.3543545,-1.015178,-41.125,-37.125,13.25,22.04574,-81.60194,-176.8712,0.7393306,0.6371877,-0.162192,-0.1451752
39837,1.158554,-1.619164,-4.929589,0,0,0,9.155754,-0.2825259,-1.043909,-30.5,-35.125,10.375,21.05562,-81.18873,-176.5669,0.7426569,0.6353024,-0.1578415,-0.1412006
39849,1.158554,-1.619164,-4.929589,0,0,0,9.179697,-0.2537944,-1.043909,-12.625,-33,6.125,20.50476,-80.82104,-176.46,0.7453406,0.6334188,-0.1551597,-0.1384681
39861,1.158627,-1.619133,-4.929663,0.005381767,0.00227756,-0.005453338,9.208428,-0.2537944,-1.053486,8.75,-31.25,1.75,20.31237,-80.47205,-176.4375,0.7475249,0.631325,-0.1543084,-0.1372014
39873,1.15876,-1.61904,-4.929816,0.009802635,0.00683371,-0.0112525,9.174909,-0.4453374,-1.096583,21.75,-29.625,-0.125,20.08868,-80.14677,-176.2023,0.7493579,0.6291309,-0.1543934,-0.1371852
39884,1.158924,-1.618867,-4.930043,0.01273494,0.0134372,-0.01765223,9.093503,-0.6608232,-1.144469,23.25,-27.375,-0.625,19.72949,-79.86469,-175.8093,0.7509397,0.6271663,-0.1544052,-0.1375178
39896,1.159128,-1.6186,-4.930346,0.01576258,0.02060426,-0.0233844,9.146177,-0.708709,-1.173201,18,-24.625,-0.25,19.31697,-79.61786,-175.4303,0.7524107,0.6255143,-0.1539421,-0.1375205
39907,1.159395,-1.618242,-4.930678,0.02064187,0.02777,-0.02576713,9.419126,-0.6704004,-1.120526,13.625,-22.5,0.75,18.89312,-79.41878,-175.0981,0.753684,0.6242539,-0.1530983,-0.1372163
39919,1.159762,-1.617787,-4.931,0.02785173,0.03443173,-0.02438622,9.725595,-0.5746289,-1.072641,14.875,-22,1.75,18.49673,-79.23976,-174.7815,0.7548251,0.6231138,-0.1523215,-0.1369909
39930,1.160205,-1.617258,-4.931286,0.0343932,0.04105911,-0.02220665,9.778269,-0.6177261,-1.144469,18.375,-21.625,3,18.01672,-79.0621,-174.3353,0.755911,0.6219102,-0.1516823,-0.137182
39941,1.16072,-1.616613,-4.93157,0.03964955,0.04966039,-0.02183544,9.625034,-0.8188462,-1.177989,12.625,-19.875,5.625,17.21216,-78.89481,-173.6396,0.7570636,0.6208373,-0.1502265,-0.1372873
39953,1.161304,-1.615856,-4.931887,0.04492329,0.05832691,-0.02444074,9.395183,-0.8475776,-1.154046,-0.375,-17.5,8.625,16.19102,-78.75423,-172.8995,0.7582829,0.6201537,-0.1475402,-0.1365594
39964,1.161975,-1.615002,-4.932264,0.05120306,0.06509642,-0.02875596,9.270679,-0.7039204,-1.139681,-8.375,-14.5,10.375,15.1608,-78.6524,-172.2629,0.7594029,0.61988,-0.144195,-0.1351434
39976,1.162743,-1.614099,-4.932684,0.05946189,0.06995907,-0.03252358,9.328143,-0.5363203,-1.063064,-4.375,-12.625,9.75,14.32239,-78.59466,-171.762,0.7601789,0.6198516,-0.1413596,-0.1339018
39987,1.163647,-1.613133,-4.93315,0.0692274,0.07395609,-0.03571907,9.390394,-0.450126,-1.005601,7.125,-12,8,13.6624,-78.55989,-171.2925,0.7606323,0.6198118,-0.1395256,-0.1334327
39999,1.164691,-1.612099,-4.933651,0.07941458,0.07863097,-0.03805822,9.462223,-0.5075889,-0.9768692,19.75,-11.75,6.5,13.06268,-78.53525,-170.7158,0.7608236,0.6196456,-0.1386662,-0.1340094
40010,1.165837,-1.611026,-4.934148,0.08969988,0.0840507,-0.03893523,9.577148,-0.584206,-0.9433491,26.5,-11.75,5.875,12.47933,-78.51704,-170.0666,0.7608669,0.6194232,-0.1383036,-0.1351606
40022,1.16714,-1.609855,-4.934659,0.1001087,0.08994032,-0.03917387,9.625034,-0.6368804,-0.9481377,27.25,-12.25,6.125,11.85629,-78.48917,-169.3661,0.760942,0.6191294,-0.1379516,-0.1364387
40033,1.168674,-1.608521,-4.935207,0.110491,0.09604108,-0.03952049,9.60588,-0.6704004,-1.000812,22.5,-12.375,7.25,11.12126,-78.44413,-168.6156,0.7611763,0.6188031,-0.1371197,-0.1374466
40045,1.17024,-1.607198,-4.935718,0.1201044,0.1015751,-0.03914504,9.653766,-0.6895547,-1.029544,14.125,-12.125,9.25,10.31787,-78.3952,-167.9092,0.7615544,0.6185973,-0.1355868,-0.1377987
40057,1.17024,-1.607198,-4.935718,0,0,0,9.778269,-0.6512461,-1.005601,7.25,-12.375,10.625,9.482272,-78.3456,-167.2629,0.7620328,0.6185076,-0.1335082,-0.137586
40069,1.17024,-1.607198,-4.935718,0,0,0,9.845308,-0.4166059,-0.9577149,8.125,-14.375,11.125,8.76611,-78.27909,-166.7451,0.7626073,0.6183184,-0.1315161,-0.137171
40081,1.17024,-1.607198,-4.935718,0,0,0,9.826155,-0.2968916,-0.967292,17.625,-16.875,10.625,8.273677,-78.18896,-166.3119,0.763148,0.6178046,-0.1305396,-0.1374121
40093,1.17024,-1.607198,-4.935718,0,0,0,9.692075,-0.2681602,-1.000812,31.125,-19.625,9.625,7.932781,-78.06174,-165.8476,0.7636775,0.6168264,-0.1307146,-0.1386929
40104,1.17024,-1.607198,-4.935718,0,0,0,9.57236,-0.3256231,-1.024755,41.875,-21.25,8.75,7.66131,-77.91388,-165.3107,0.7641459,0.6155428,-0.1317211,-0.1408465
40116,1.17024,-1.607198,-4.935718,0,0,0,9.486166,-0.3399888,-1.130104,47.875,-22,8.125,7.479034,-77.74963,-164.7945,0.7646168,0.6140611,-0.1331891,-0.143356
40127,1.17024,-1.607198,-4.935718,0,0,0,9.366451,-0.3447773,-1.312069,49,-21.125,8.625,7.304486,-77.56622,-164.2679,0.7651588,0.6124244,-0.134739,-0.1459922
40139,1.17024,-1.607198,-4.935718,0,0,0,9.33772,-0.4740689,-1.374321,40.75,-18.625,10.75,6.904129,-77.3903,-163.617,0.7657552,0.6109791,-0.1354312,-0.1482634
40150,1.17024,-1.607198,-4.935718,0,0,0,9.395183,-0.584206,-1.297704,24.375,-16.625,13.75,6.259482,-77.2456,-162.9438,0.7664279,0.6100425,-0.1346097,-0.1493881
40161,1.17024,-1.607198,-4.935718,0,0,0,9.486166,-0.5506861,-1.254606,6.25,-15.625,16.25,5.497252,-77.11442,-162.3916,0.7673084,0.6095032,-0.1323486,-0.1490894
40173,1.17024,-1.607198,-4.935718,0,0,0,9.529263,-0.5028003,-1.225875,-4.5,-15.5,16.625,4.747302,-76.99,-161.9998,0.7683303,0.6091845,-0.1293052,-0.1477935
40184,1.17024,-1.607198,-4.935718,0,0,0,9.467011,-0.292103,-1.149258,-5.25,-16.125,14.375,4.284488,-76.89224,-161.8961,0.7692421,0.6089996,-0.1266678,-0.1460869
40196,1.17024,-1.607198,-4.935718,0,0,0,9.428702,-0.05746289,-1.134892,8.625,-17.25,10.5,4.202178,-76.81107,-161.9919,0.7698922,0.6086594,-0.1255348,-0.1450546
40207,1.17024,-1.607198,-4.935718,0,0,0,9.443069,-0.08140577,-1.115738,29.125,-18.875,6.25,4.358417,-76.729,-162.0519,0.7702389,0.6079705,-0.1261949,-0.1455294
40219,1.170385,-1.607223,-4.935759,0.01149297,-0.002036309,-0.003226404,9.37124,-0.3016802,-1.158835,38.25,-19.5,4.125,4.50115,-76.63544,-161.98,0.7704928,0.6070738,-0.1274552,-0.1468243
40231,1.170696,-1.607266,-4.935869,0.02202548,-0.00299616,-0.007794498,9.265891,-0.450126,-1.268972,33.25,-18.5,4.5,4.543994,-76.5179,-161.8535,0.7709147,0.606079,-0.1283111,-0.1479702
40243,1.171116,-1.607321,-4.936032,0.03177077,-0.004152133,-0.01233344,9.241948,-0.4405488,-1.292915,23.875,-16.625,5.625,4.505605,-76.42616,-161.7833,0.7713596,0.6054267,-0.1283438,-0.1482932
40255,1.171696,-1.607404,-4.93627,0.04253852,-0.006128099,-0.0174238,9.222795,-0.3687202,-1.273761,22.125,-15.625,4.75,4.541429,-76.35683,-161.8106,0.7717269,0.6049393,-0.1283804,-0.1483394
40266,1.172384,-1.607506,-4.93657,0.05279571,-0.007814473,-0.02303731,9.165331,-0.3782974,-1.264184,25.875,-14.75,2.625,4.663036,-76.31159,-161.8723,0.7719131,0.604543,-0.1288349,-0.1485921
40278,1.173204,-1.607617,-4.936955,0.06158999,-0.008292997,-0.02896787,9.122234,-0.5123774,-1.345589,24.125,-13.125,1.875,4.727759,-76.26977,-161.8966,0.772096,0.6042019,-0.1291064,-0.1487933
40289,1.174085,-1.607711,-4.93739,0.06879991,-0.00737612,-0.03394106,9.155754,-0.6560347,-1.407841,11,-10.375,3.5,4.584386,-76.2423,-161.884,0.7723879,0.6041864,-0.1281831,-0.1481382
40301,1.175123,-1.60779,-4.937918,0.07631179,-0.005791865,-0.03878895,9.184485,-0.708709,-1.407841,-9.625,-7.25,6.625,4.173613,-76.23914,-161.8979,0.772877,0.6047074,-0.1253374,-0.1458796
40313,1.176268,-1.607865,-4.93852,0.08421545,-0.005502377,-0.04431907,9.141388,-0.6081489,-1.403052,-25.875,-4.5,9,3.647893,-76.26653,-162.0248,0.7734554,0.6056908,-0.1211443,-0.1422298
40324,1.177451,-1.607951,-4.939159,0.0924544,-0.006779621,-0.04990512,9.127023,-0.4692803,-1.374321,-35.125,-1.75,10.25,3.118684,-76.33105,-162.2337,0.773914,0.6069934,-0.1165249,-0.1379784
40336,1.178761,-1.608078,-4.939894,0.1011966,-0.009799524,-0.05681345,9.040829,-0.3208345,-1.355167,-34.625,0.25,9.875,2.653075,-76.42925,-162.5108,0.7741807,0.6084889,-0.112,-0.1335728
40347,1.180175,-1.608253,-4.940754,0.1096051,-0.0135596,-0.06664956,8.815765,-0.2490059,-1.326435,-24.75,1.75,7.125,2.343421,-76.55657,-162.8119,0.7741418,0.6099991,-0.1084235,-0.129807
40359,1.181735,-1.608487,-4.94182,0.117677,-0.01763523,-0.08038342,8.542816,-0.2154858,-1.288126,-10.25,2.75,3,2.245445,-76.71396,-163.1437,0.7737601,0.6114873,-0.1061364,-0.1269397
40370,1.183328,-1.608763,-4.943047,0.1239833,-0.02144297,-0.09548249,8.384793,-0.2394287,-1.340801,4.125,4.375,-1,2.330121,-76.88355,-163.4549,0.7731118,0.6128311,-0.1051956,-0.1251809
40382,1.185013,-1.609083,-4.944483,0.1297975,-0.02467493,-0.1106733,8.384793,-0.2825259,-1.340801,10.875,6.125,-3,2.463361,-77.07742,-163.7262,0.7722386,0.6142485,-0.1048086,-0.1239422
40393,1.186787,-1.609445,-4.946083,0.136462,-0.02782885,-0.1230165,8.619433,-0.2633716,-1.297704,19.375,6.5,-5.625,2.740717,-77.29486,-164.0276,0.7711331,0.6156975,-0.10524,-0.123268
40405,1.188638,-1.609864,-4.947787,0.1422261,-0.03222947,-0.1310002,8.935479,-0.191543,-1.436572,39.5,6.125,-10,3.35384,-77.5066,-164.3986,0.7698151,0.6168124,-0.1075348,-0.1239502
40416,1.190536,-1.610319,-4.949546,0.1459,-0.03497096,-0.1352383,9.189274,-0.3591431,-1.575441,57.875,6.875,-14.25,4.114337,-77.71452,-164.67,0.7682525,0.6176473,-0.1113301,-0.1261178
40427,1.192479,-1.610742,-4.951311,0.1486946,-0.03240537,-0.1350593,9.519686,-0.7709605,-1.537132,54.625,8,-14.625,4.596844,-77.93085,-164.6969,0.7666247,0.6185988,-0.1145677,-0.1284382
40439,1.194431,-1.611103,-4.953002,0.1517262,-0.02806032,-0.1314023,9.797423,-0.900252,-1.489247,32,8.125,-11,4.771489,-78.13652,-164.717,0.7653453,0.6198097,-0.115766,-0.1291536
40450,1.196471,-1.611448,-4.954656,0.1559719,-0.02632592,-0.1264887,9.90756,-0.6656118,-1.465304,14.5,7.125,-8,4.945304,-78.3323,-164.9699,0.7643788,0.6211891,-0.1156859,-0.1283201
40462,1.198578,-1.611804,-4.956223,0.1619596,-0.02736804,-0.1203854,10.02727,-0.4022402,-1.403052,17.75,5.375,-8.125,5.33023,-78.52174,-165.3943,0.7634209,0.6224629,-0.1160679,-0.1275027
40473,1.200913,-1.612195,-4.957784,0.1694423,-0.0283599,-0.1132732,10.09431,-0.3591431,-1.307281,34.25,2.125,-10.5,5.970916,-78.69849,-165.8451,0.7622932,0.6233983,-0.1179835,-0.12792
40486,1.203213,-1.612565,-4.959211,0.1752707,-0.02823731,-0.1087418,9.912349,-0.4405488,-1.321646,49.125,-1.375,-12.375,6.704696,-78.81415,-166.1984,0.7612851,0.6237198,-0.1209991,-0.1295297
40497,1.205568,-1.612913,-4.960618,0.1794831,-0.02648447,-0.1072946,9.663342,-0.5746289,-1.336012,53.25,-3.5,-12.375,7.37085,-78.8866,-166.4274,0.7604316,0.6236931,-0.1242088,-0.1316164
40509,1.207968,-1.613223,-4.962025,0.1836632,-0.02376659,-0.1076181,9.534052,-0.6273032,-1.278549,49.75,-5.625,-11.375,7.947006,-78.93024,-166.6135,0.7597736,0.6235234,-0.1270365,-0.1335089
40521,1.210736,-1.61353,-4.963635,0.1883349,-0.02085129,-0.1095599,9.428702,-0.6033604,-1.264184,44,-8.5,-9.875,8.545277,-78.93201,-166.859,0.7593811,0.6231092,-0.1296675,-0.1351357
40533,1.213276,-1.613781,-4.965138,0.1916284,-0.01897894,-0.1133682,9.261103,-0.5602632,-1.326435,41.375,-10.375,-8.875,9.081638,-78.89394,-167.1134,0.7592822,0.6225079,-0.131826,-0.1363692
40545,1.215791,-1.614006,-4.966673,0.1936658,-0.01728704,-0.118241,9.155754,-0.5746289,-1.407841,39.125,-11,-7.75,9.534189,-78.83043,-167.3201,0.7593574,0.6217794,-0.1336834,-0.137461
40556,1.218319,-1.614209,-4.968263,0.1957024,-0.01569952,-0.1230059,9.160542,-0.5650518,-1.422207,34.625,-10.875,-5.625,9.846281,-78.76243,-167.4484,0.759523,0.6210968,-0.1350374,-0.138306
40567,1.220876,-1.614403,-4.969916,0.1977903,-0.01508251,-0.1279158,9.146177,-0.4932232,-1.455727,29.5,-10.125,-2.875,10.02625,-78.69478,-167.5155,0.7597665,0.6205029,-0.1358497,-0.1388376
40579,1.2235,-1.614595,-4.971671,0.1998044,-0.01458159,-0.1336282,9.088714,-0.4884346,-1.465304,25,-8.875,-0.375,10.02986,-78.63383,-167.467,0.7600411,0.6200306,-0.1361205,-0.1391793
40590,1.226127,-1.614769,-4.973481,0.2025508,-0.01345441,-0.139614,9.074348,-0.517166,-1.393475,18.5,-7.5,2.125,9.819837,-78.59538,-167.2927,0.7602915,0.6198198,-0.1356601,-0.1392004
40602,1.22882,-1.614934,-4.975379,0.2068121,-0.01260752,-0.1457165,9.088714,-0.4597031,-1.297704,13.625,-7,3.5,9.546884,-78.57738,-167.1216,0.7605056,0.6198277,-0.1347693,-0.1388603
40613,1.231575,-1.615097,-4.977348,0.2125531,-0.01260293,-0.1519306,9.098291,-0.3591431,-1.216298,15.5,-7.875,2.875,9.396526,-78.56709,-167.0486,0.7606507,0.6198546,-0.1341632,-0.1385324
40625,1.234415,-1.615272,-4.979417,0.2179271,-0.01341438,-0.1587013,9.050406,-0.3112573,-1.264184,23.875,-9.125,0.875,9.439896,-78.54005,-167.0586,0.7607614,0.6196318,-0.1343885,-0.1387022
40636,1.237295,-1.615455,-4.981576,0.2212836,-0.0140805,-0.1659429,8.983365,-0.3782974,-1.398264,30.875,-8.375,-1.125,9.570725,-78.50394,-167.0622,0.7608114,0.6192338,-0.1352271,-0.1393883
40648,1.240208,-1.615651,-4.983829,0.2234624,-0.0150544,-0.1728141,8.992943,-0.3926631,-1.498824,31.875,-6.375,-1.5,9.702949,-78.47913,-167.054,0.7607821,0.6188957,-0.1361414,-0.1401579
40659,1.243116,-1.615855,-4.986134,0.2250337,-0.01575616,-0.1783159,9.083925,-0.4357603,-1.551498,30,-3.875,-0.75,9.7272,-78.4774,-166.9646,0.7606535,0.6187474,-0.1367848,-0.1408827
40671,1.246078,-1.616047,-4.988506,0.2270589,-0.01476499,-0.1818589,9.246737,-0.5554746,-1.494035,23.875,-1.5,0.375,9.546559,-78.5115,-166.7492,0.7604152,0.6189428,-0.1367596,-0.1413343
40682,1.24906,-1.61621,-4.990907,0.2296702,-0.01256213,-0.1849276,9.294622,-0.6320918,-1.412629,15,-0.125,1.25,9.222392,-78.56999,-166.5059,0.7601773,0.6194471,-0.1359434,-0.141192
40694,1.252256,-1.616343,-4.993526,0.2321711,-0.009662842,-0.1901862,9.150966,-0.675189,-1.374321,4.875,1,1.375,8.808483,-78.64542,-166.3168,0.7600156,0.6202404,-0.1342483,-0.140198
40706,1.255356,-1.616466,-4.996132,0.2350155,-0.009308652,-0.1976517,8.973788,-0.4788574,-1.364744,1.5,2.125,-0.25,8.653254,-78.73952,-166.4228,0.7598043,0.6211861,-0.1326806,-0.1386408
40717,1.258465,-1.616632,-4.998802,0.2385081,-0.01267637,-0.2047733,8.997731,-0.1819658,-1.412629,15.5,3.125,-3.125,8.918097,-78.85577,-166.7648,0.7592655,0.6220449,-0.1326226,-0.1377946
40729,1.261627,-1.616834,-5.001553,0,0,0,9.150966,-0.2490059,-1.474881,34.75,3.75,-6.125,9.326609,-78.9781,-166.9941,0.758387,0.6226416,-0.1341232,-0.1384833
40741,1.261636,-1.616837,-5.001614,0,0,0,9.227583,-0.4884346,-1.537132,43.5,4.875,-7.125,9.635535,-79.11279,-166.9686,0.7572425,0.62314,-0.1363458,-0.1403211
40753,1.261626,-1.616823,-5.001645,0,0,0,9.318565,-0.6129375,-1.589807,36.875,6.5,-5.25,9.671525,-79.23576,-166.7923,0.7562973,0.6237108,-0.1375794,-0.1416722
40765,1.261613,-1.616816,-5.001664,0,0,0,9.385606,-0.5937832,-1.608961,28.125,8.125,-3,9.550588,-79.36688,-166.5804,0.7554491,0.6244848,-0.1379769,-0.1424004
40776,1.2616,-1.61682,-5.001689,0,0,0,9.347297,-0.5363203,-1.604172,20.875,9.75,-1.125,9.320402,-79.51074,-166.357,0.7546448,0.6254659,-0.1377263,-0.1426015
40788,1.261598,-1.616828,-5.001717,0,0,0,9.347297,-0.4788574,-1.522767,16.375,11,-0.25,9.039618,-79.67719,-166.143,0.7537846,0.6266719,-0.1371065,-0.1424534
40799,1.261602,-1.616839,-5.001737,0,0,0,9.40476,-0.4597031,-1.474881,13.375,11.25,-0.5,8.770051,-79.85662,-165.9815,0.7529009,0.6280121,-0.1362866,-0.1420107
40811,1.261601,-1.616854,-5.001755,0,0,0,9.414337,-0.4357603,-1.489247,12.375,11.625,-1.125,8.565502,-80.03292,-165.8953,0.7520478,0.6293387,-0.1354861,-0.1414223
40822,1.261597,-1.616876,-5.001779,0,0,0,9.385606,-0.4022402,-1.479669,12.625,12.25,-1.75,8.41862,-80.21725,-165.864,0.7511467,0.6307107,-0.1347695,-0.1407834
40833,1.261602,-1.616903,-5.00182,0,0,0,9.294622,-0.3399888,-1.403052,11.75,12.375,-1.625,8.295896,-80.40987,-165.8691,0.7502126,0.6321482,-0.1340166,-0.1400336
40845,1.261622,-1.616937,-5.001872,0,0,0,9.251526,-0.2633716,-1.292915,12.25,11.5,-0.875,8.174185,-80.60474,-165.8712,0.7492579,0.6335933,-0.1332901,-0.1393059
40856,1.261655,-1.616967,-5.001917,0,0,0,9.3042,-0.2442173,-1.187566,19.25,8.5,-1.5,8.151855,-80.77376,-165.8787,0.7483376,0.6347505,-0.133173,-0.1390955
40868,1.261687,-1.617007,-5.001966,0,0,0,9.285046,-0.1867544,-1.201932,30.625,5.25,-3.25,8.392546,-80.90417,-165.9992,0.7474653,0.6354627,-0.1341289,-0.1396149
40879,1.261706,-1.617041,-5.002021,0,0,0,9.246737,-0.2442173,-1.235452,41.25,2.375,-4.375,8.737496,-80.99078,-166.0809,0.746668,0.63571,-0.1359581,-0.1409789
40891,1.261707,-1.617044,-5.002069,0,0,0,9.261103,-0.450126,-1.264184,43.875,0.25,-4.75,8.953298,-81.03566,-166.0046,0.7460611,0.6356493,-0.1378032,-0.1426645
40902,1.261687,-1.617043,-5.002123,0,0,0,9.213217,-0.5219546,-1.355167,40.375,-1,-4.625,9.142838,-81.04647,-165.9402,0.7456901,0.6354054,-0.1393983,-0.1441334
40914,1.261634,-1.617048,-5.002192,0,0,0,9.155754,-0.5506861,-1.508401,32,-0.625,-3.625,9.260744,-81.03156,-165.9059,0.7455878,0.6351158,-0.1403504,-0.1450128
40926,1.261574,-1.617047,-5.002248,0,0,0,9.17012,-0.6129375,-1.570652,21.875,0.75,-2.375,9.197659,-81.0197,-165.8324,0.7456391,0.6350274,-0.1403426,-0.1451429
40937,1.26152,-1.617041,-5.002296,0,0,0,9.218005,-0.6320918,-1.532344,9.5,2.125,-0.125,8.899181,-81.0248,-165.6871,0.7457907,0.6352612,-0.1392073,-0.144433
40949,1.261474,-1.617057,-5.002334,0,0,0,9.294622,-0.4980117,-1.541921,-0.5,2.875,2.625,8.494383,-81.03623,-165.5747,0.7460728,0.6357089,-0.1372005,-0.1429177
40961,1.261432,-1.617095,-5.002365,0,0,0,9.361663,-0.3974517,-1.537132,-0.625,2.875,4.125,8.033245,-81.04985,-165.4334,0.7463684,0.6362025,-0.1349878,-0.1412758
40973,1.261413,-1.61713,-5.002391,0,0,0,9.361663,-0.3304116,-1.465304,8.25,1.875,4,7.70641,-81.06238,-165.2763,0.7464874,0.6365032,-0.1337368,-0.1404804
40984,1.261403,-1.617163,-5.002423,0,0,0,9.356874,-0.3447773,-1.388687,18.25,0.375,3.625,7.39269,-81.0683,-165.009,0.7464918,0.6366154,-0.1331806,-0.1404769
40996,1.261396,-1.617183,-5.002461,0,0,0,9.313777,-0.4070288,-1.340801,25.5,-1.125,2.375,7.155459,-81.06275,-164.7213,0.7464452,0.6365362,-0.1332309,-0.1410352
41007,1.261392,-1.617202,-5.002516,0,0,0,9.218005,-0.4118174,-1.307281,29.875,-2.25,1.625,6.996163,-81.04845,-164.454,0.7463816,0.636327,-0.1336701,-0.1418968
41019,1.261395,-1.617219,-5.002579,0,0,0,9.198852,-0.4166059,-1.259395,30.125,-3.375,2,6.816138,-81.02502,-164.1589,0.7463583,0.6360509,-0.1341224,-0.142828
41030,1.261396,-1.617233,-5.002629,0,0,0,9.241948,-0.4453374,-1.278549,25.75,-4.125,3.375,6.538186,-80.98561,-163.8271,0.7464918,0.6357496,-0.1341298,-0.1434629
41041,1.261392,-1.617244,-5.002679,0,0,0,9.246737,-0.483646,-1.302492,16.125,-4.125,5.375,6.080047,-80.93399,-163.4409,0.7468345,0.6355318,-0.133254,-0.1434607
41053,1.261402,-1.617252,-5.002744,0,0,0,9.17012,-0.4740689,-1.216298,8.875,-4.5,5.875,5.591427,-80.88876,-163.1178,0.7472516,0.6354695,-0.1318297,-0.1428794
41064,1.261224,-1.617353,-5.002799,0,0,0,9.050406,-0.3974517,-2.45175,6.5,-5.5,5.125,5.618371,-80.64634,-163.3494,0.7488739,0.6340992,-0.1305547,-0.1416388
41076,1.261216,-1.617371,-5.002955,0,0,0,8.609857,-0.450126,-1.297704,-3.25,-5.375,7.125,5.112388,-80.56738,-163.1685,0.7496671,0.6339943,-0.1281915,-0.1400627
41087,1.261177,-1.617307,-5.003061,0,0,0,8.878016,-1.010389,-1.350378,-45.5,-3.5,16,3.396845,-80.45027,-162.3306,0.7511833,0.6343746,-0.1215012,-0.1361256
41098,1.261105,-1.61722,-5.003017,0,0,0,9.716018,-1.288126,-1.666424,-115.375,-0.125,27.75,0.6986372,-80.29189,-161.4244,0.7537352,0.6355202,-0.1086537,-0.127247
41110,1.261082,-1.617209,-5.002972,0,0,0,9.763903,-0.7901148,-1.565864,-159.75,3.125,34.75,-2.144371,-80.18127,-160.9711,0.7563624,0.6373951,-0.09231389,-0.1145493
41121,1.261105,-1.617226,-5.002978,0,0,0,9.50532,-0.5506861,-1.312069,-182.125,5.75,38,-5.132695,-80.13032,-160.6755,0.7585369,0.6396428,-0.0741414,-0.09990933
41133,1.261154,-1.617249,-5.002998,0,0,0,9.457435,-0.5075889,-1.168412,-190.875,6.625,37.75,-8.150636,-80.1123,-160.5,0.7601965,0.6418508,-0.05509675,-0.08422072
41144,1.261213,-1.617293,-5.002996,0,0,0,9.596303,-0.3830859,-1.125315,-187,6.625,34.375,-10.73021,-80.12431,-160.6108,0.7612459,0.6436986,-0.03736852,-0.0689965
41156,1.261286,-1.617401,-5.002955,0,0,0,9.850098,-0.02873145,-1.134892,-166.75,6.125,28.625,-12.6729,-80.17827,-161.1693,0.7617532,0.6452351,-0.02140713,-0.05427257
41167,1.261351,-1.617562,-5.002898,0,0,0,9.945868,0.2825259,-1.192355,-126.875,4.375,21,-13.76845,-80.25262,-162.0454,0.7618679,0.6462923,-0.009312783,-0.04215147
41179,1.261429,-1.617771,-5.002844,0,0,0,9.888406,0.3878745,-1.158835,-74.5,1.5,12.5,-14.1417,-80.34176,-163.0686,0.7617402,0.6470357,-0.001206913,-0.03309608
41192,1.261513,-1.617924,-5.002836,0,0,0,9.67292,0.2346401,-1.029544,-26,-1.5,5,-14.0236,-80.42422,-163.8418,0.7615022,0.647532,0.002240949,-0.02849108
41203,1.261581,-1.618036,-5.002881,0,0,0,9.356874,0.07182861,-1.029544,5.25,-3.75,1,-13.70141,-80.47617,-164.3826,0.7613575,0.6477776,0.003073771,-0.02663741
41215,1.26164,-1.618106,-5.002954,0,0,0,9.165331,-0.1340801,-1.024755,18.625,-4.875,0.125,-13.49184,-80.50316,-164.6293,0.7612728,0.6478975,0.003034854,-0.02614088
41226,1.261697,-1.618197,-5.003028,0,0,0,9.184485,-0.03352002,-1.063064,39.25,-6,-3.625,-12.86083,-80.52734,-165.022,0.7612436,0.6479002,0.001025919,-0.02706454
41238,1.261732,-1.618271,-5.003076,0,0,0,9.289834,-0.08619434,-1.192355,64.125,-6.875,-8.875,-11.87002,-80.5359,-165.4597,0.7612965,0.647714,-0.003093924,-0.02974522
41249,1.261743,-1.61829,-5.003108,0,0,0,9.356874,-0.4309717,-1.345589,68,-5.875,-9.875,-11.09894,-80.52411,-165.6143,0.7613685,0.6474329,-0.00732688,-0.03309177
41261,1.261739,-1.618272,-5.003142,0,0,0,9.313777,-0.6608232,-1.417418,46.5,-3.375,-6.625,-10.82387,-80.51268,-165.5545,0.761393,0.6472727,-0.009477064,-0.03505854
41272,1.261738,-1.618275,-5.003197,0,0,0,9.208428,-0.5267432,-1.383898,26.5,-1.25,-4.125,-10.66605,-80.52782,-165.6402,0.761323,0.6473297,-0.01006194,-0.03536063
41283,1.261745,-1.618326,-5.003265,0,0,0,9.150966,-0.225063,-1.340801,22.25,-0.25,-4.75,-10.20507,-80.57427,-166.0872,0.7611626,0.6475318,-0.01066003,-0.03493516
41295,1.261743,-1.618373,-5.003332,0,0,0,9.146177,-0.2346401,-1.383898,25.5,-0.125,-5.75,-9.679624,-80.61609,-166.5556,0.7610235,0.6476902,-0.01155662,-0.03474236
41306,1.26173,-1.618381,-5.003415,0,0,0,9.036039,-0.4549146,-1.422207,19.25,0.75,-5.625,-9.389377,-80.6501,-166.8673,0.7608997,0.647857,-0.01176351,-0.03427172
41318,1.26172,-1.618394,-5.003501,0,0,0,9.021674,-0.4166059,-1.393475,9.5,2,-5.375,-9.11665,-80.7036,-167.2891,0.7607004,0.6481684,-0.01125354,-0.03295188
41329,1.261719,-1.618409,-5.003569,0,0,0,9.141388,-0.3830859,-1.350378,4.375,2.875,-5.75,-8.811069,-80.77847,-167.8105,0.7604024,0.6486218,-0.01041784,-0.03113571
41341,1.261716,-1.618401,-5.003602,0,0,0,9.342508,-0.5123774,-1.379109,0.875,3.5,-6.875,-8.548074,-80.85819,-168.3327,0.7600733,0.6491202,-0.009294761,-0.02907393
41352,1.261705,-1.61842,-5.003593,0,0,0,9.581937,-0.3399888,-1.460515,6,4.25,-10,-7.865282,-80.95169,-169.2072,0.7597119,0.6496353,-0.008964665,-0.02704763
41364,1.261695,-1.618488,-5.003591,0,0,0,9.557994,-0.004788574,-1.455727,26.125,3.5,-14.375,-6.514837,-81.04913,-170.4871,0.7593478,0.6500712,-0.01074904,-0.0261338
41375,1.261691,-1.618532,-5.003666,0,0,0,9.107868,-0.1149258,-1.336012,39,1.625,-15,-5.193355,-81.12363,-171.5655,0.7590365,0.6503724,-0.01344557,-0.02642981
41386,1.261654,-1.618512,-5.003793,0,0,0,8.767879,-0.483646,-1.460515,28,0.875,-11,-4.590708,-81.13853,-172.0688,0.758995,0.6503931,-0.01459138,-0.02650628
41398,1.261572,-1.618464,-5.003876,0,0,0,9.045617,-0.6225147,-1.709521,12.875,2,-8.625,-4.291006,-81.12741,-172.4728,0.7591115,0.6503029,-0.01427628,-0.02553806
41410,1.261493,-1.618429,-5.003877,0,0,0,9.4718,-0.5698403,-1.805292,2.625,3.875,-8.25,-3.984316,-81.13988,-173.0156,0.7591208,0.6503845,-0.01323502,-0.02367517
41422,1.261447,-1.618438,-5.003861,0,0,0,9.596303,-0.2873144,-1.64727,-1,4,-6.125,-3.61202,-81.18202,-173.6736,0.7589713,0.6506616,-0.01198994,-0.02140718
41433,1.26142,-1.618463,-5.003895,0,0,0,9.328143,-0.1628115,-1.494035,10.375,1.625,-6.75,-3.070702,-81.21097,-174.3528,0.758874,0.6508256,-0.0117326,-0.0199686
41446,1.26138,-1.618487,-5.003987,0,0,0,9.107868,-0.1819658,-1.489247,49.625,-2.375,-14.5,-1.71527,-81.18722,-175.2739,0.7590145,0.6505322,-0.01546938,-0.02157374
41458,1.261337,-1.618509,-5.004015,0,0,0,9.347297,-0.1484458,-1.604172,76.875,-5.125,-19.125,-0.07706276,-81.12066,-176.1589,0.7593096,0.6498999,-0.02128136,-0.02502377
41469,1.261275,-1.618483,-5.004026,0,0,0,9.423914,-0.4357603,-1.728675,82.125,-5.75,-16.375,0.9885382,-81.02438,-176.4162,0.7596927,0.6490627,-0.02686743,-0.0293734
41481,1.261196,-1.618391,-5.004087,0,0,0,9.112657,-0.8427891,-1.757407,69.625,-4.625,-12.5,1.2949,-80.92442,-176.0755,0.7600886,0.6482297,-0.0308117,-0.03337909
41492,1.26113,-1.618297,-5.004194,0,0,0,8.849285,-0.8667319,-1.652058,60.875,-3.875,-12.5,1.550786,-80.8456,-175.7998,0.7603778,0.6475505,-0.03405494,-0.03666404
41504,1.261094,-1.61826,-5.004305,0,0,0,8.86844,-0.4932232,-1.503612,64,-4.875,-14.125,2.325168,-80.78524,-175.9964,0.7605411,0.6469532,-0.03807492,-0.03973879
41515,1.261079,-1.618273,-5.004391,0,0,0,9.021674,-0.1771773,-1.450938,77.625,-7.125,-15.125,3.49234,-80.71394,-176.4156,0.7606814,0.6462042,-0.04345152,-0.04354353
41526,1.261059,-1.618288,-5.004452,0,0,0,9.160542,-0.1723887,-1.517978,102,-10,-16.75,4.783518,-80.60092,-176.6441,0.7608819,0.645023,-0.05073635,-0.04929285
41538,1.261012,-1.618237,-5.004501,0,0,0,9.213217,-0.5794175,-1.642481,117.25,-11,-18.625,5.845428,-80.45472,-176.4145,0.7610914,0.6434485,-0.05908827,-0.0567679
41549,1.260963,-1.618172,-5.004538,0,0,0,9.270679,-0.6943433,-1.666424,117.25,-10,-18.375,6.749661,-80.32636,-176.0596,0.761129,0.641921,-0.06709633,-0.06417334
41561,1.260965,-1.618179,-5.00458,0,0,0,9.285046,-0.2154858,-1.455727,119,-9.75,-16.25,7.927773,-80.24019,-175.9497,0.7608155,0.6405808,-0.07554598,-0.07147604
41572,1.26095,-1.618019,-5.004633,0,0,0,9.227583,-1.225875,-1.326435,138.875,-11.375,-15,8.087594,-80.14156,-174.5444,0.760319,0.6388354,-0.08446328,-0.08167249
41584,1.260947,-1.617989,-5.004704,0,0,0,9.122234,-0.483646,-1.422207,152.875,-12.125,-14.625,8.9527,-80.02963,-173.658,0.759597,0.6367363,-0.0951423,-0.09234271
41595,1.260901,-1.617904,-5.004779,0,0,0,9.031251,-0.933772,-1.565864,142.25,-9.75,-11.625,9.19016,-79.91915,-172.333,0.7588848,0.6346443,-0.1040703,-0.1024189
41607,1.260846,-1.617817,-5.004864,0,0,0,8.988154,-0.9625034,-1.589807,115.125,-5.625,-8,9.143371,-79.85043,-171.0423,0.7581137,0.6330184,-0.1108971,-0.1106944
41618,1.260813,-1.617772,-5.004958,0,0,0,9.007308,-0.6847661,-1.527555,95.875,-1.875,-5,9.110006,-79.84264,-169.9675,0.7571195,0.6319328,-0.1166082,-0.1176161
41630,1.260801,-1.617767,-5.005021,0,0,0,9.146177,-0.4884346,-1.508401,92.875,0.5,-4,9.177447,-79.87636,-169.0932,0.7559396,0.631177,-0.1218777,-0.1237607
41642,1.260784,-1.617769,-5.005053,0,0,0,9.323354,-0.483646,-1.561075,96.875,2.75,-4.5,9.284883,-79.93631,-168.2086,0.7545063,0.630496,-0.1274677,-0.1301806
41653,1.260758,-1.617755,-5.00509,0,0,0,9.289834,-0.6129375,-1.54671,95.875,5.25,-4,9.216251,-80.02358,-167.1489,0.7528599,0.6299547,-0.1328676,-0.1367674
41666,1.26072,-1.61774,-5.005153,0,0,0,9.208428,-0.641669,-1.532344,82.5,7.875,-0.25,8.762849,-80.14069,-165.8,0.7510892,0.6296985,-0.1373469,-0.143111
41678,1.260681,-1.617725,-5.005219,0,0,0,9.117445,-0.6991318,-1.522767,70.125,9.5,2.5,8.07398,-80.24978,-164.4687,0.7496186,0.6296876,-0.1402015,-0.1480174
41690,1.260634,-1.617692,-5.005284,0,0,0,9.127023,-0.8475776,-1.494035,60.375,10.5,2.875,7.20697,-80.36238,-163.0893,0.7482469,0.6298716,-0.1421797,-0.1522279
41701,1.260556,-1.617648,-5.005337,0,0,0,9.141388,-1.039121,-1.628115,45.25,11.875,3.25,6.188668,-80.45256,-161.7672,0.7472335,0.6301907,-0.1428662,-0.1552134
41712,1.26048,-1.61761,-5.005401,0,0,0,9.083925,-1.010389,-1.589807,14.125,15,7,4.825896,-80.5652,-160.5051,0.7465762,0.6312215,-0.141023,-0.1558709
41724,1.260447,-1.617638,-5.00545,0,0,0,9.232371,-0.5746289,-1.489247,-4.5,16.5,10,3.523704,-80.72258,-159.5635,0.746004,0.6328762,-0.1378852,-0.1547042
41735,1.260435,-1.617702,-5.005459,0,0,0,9.476588,-0.3304116,-1.484458,2.625,15.375,8.5,2.614018,-80.8813,-158.9123,0.7453254,0.634365,-0.1357328,-0.1537777
41747,1.260413,-1.617754,-5.005452,0,0,0,9.562783,-0.4405488,-1.489247,14.125,13.25,6.125,1.837605,-81.01596,-158.2429,0.74459,0.6354985,-0.1345463,-0.1537031
41758,1.260379,-1.617784,-5.005464,0,0,0,9.452645,-0.6033604,-1.450938,15.25,10.875,5.5,0.9980918,-81.11635,-157.4949,0.7440078,0.6364049,-0.1333655,-0.1538014
41770,1.260347,-1.617802,-5.005486,0,0,0,9.380817,-0.6656118,-1.407841,9.25,9,6,0.1378775,-81.18532,-156.7993,0.7436866,0.6372017,-0.1317354,-0.1534608
41781,1.260316,-1.617821,-5.005494,0,0,0,9.476588,-0.675189,-1.393475,4.125,6.875,6.125,-0.6780222,-81.22969,-156.2162,0.7435917,0.6379142,-0.1297453,-0.1526533
41792,1.260281,-1.617831,-5.005477,0,0,0,9.615458,-0.7518061,-1.398264,-3.5,4.25,7,-1.542798,-81.23404,-155.6885,0.7438365,0.6384981,-0.1270784,-0.1512567
41804,1.260262,-1.617845,-5.005456,0,0,0,9.658554,-0.7039204,-1.345589,-14.75,2.125,8.5,-2.37779,-81.21575,-155.3205,0.7443693,0.6390714,-0.1236798,-0.1490152
41815,1.260275,-1.617903,-5.005452,0,0,0,9.591515,-0.3926631,-1.245029,-20,-0.5,9.375,-2.956501,-81.19339,-155.2909,0.7450701,0.6396405,-0.1200495,-0.1460095
41827,1.26032,-1.618012,-5.005455,0,0,0,9.57236,-0.04309717,-1.187566,-12,-3.5,9.375,-3.135193,-81.16593,-155.5621,0.7457486,0.6399703,-0.1173303,-0.1432857
41838,1.260381,-1.618153,-5.005434,0,0,0,9.711228,0.07182861,-1.192355,4.75,-6.875,9.75,-3.133382,-81.10289,-155.8073,0.7463989,0.6398111,-0.1158755,-0.141786
41851,1.260424,-1.618257,-5.005392,0,0,0,9.826155,-0.1101372,-1.245029,17.375,-9.375,10.75,-3.275018,-80.99235,-155.7304,0.7470552,0.6391954,-0.1152108,-0.1416485
41862,1.260463,-1.618343,-5.005362,0,0,0,9.754326,-0.2202744,-1.240241,21.375,-11.125,12.25,-3.557438,-80.84906,-155.4595,0.7477902,0.6383489,-0.1146537,-0.1420398
41874,0,0,0,0,0,0,9.577148,-0.2968916,-1.216298,19.125,-12.25,14.75,-4.042498,-80.67608,-155.0169,0.7486699,0.6373949,-0.1136726,-0.1424768
41886,0,0,0,0,0,0,9.40476,-0.4597031,-1.254606,11.25,-12.75,17.375,-4.869107,-80.44428,-154.3526,0.7499182,0.6362765,-0.1115718,-0.1425717
41898,0,0,0,0,0,0,9.232371,-0.5937832,-1.264184,3.75,-12.75,18.5,-5.764839,-80.21584,-153.7047,0.7512107,0.6352966,-0.1088993,-0.142203
41910,0,0,0,0,0,0,9.00252,-0.6847661,-1.254606,-4.625,-13.125,18.5,-6.665193,-79.97977,-153.1574,0.7526453,0.6343815,-0.1055918,-0.141194
41921,1.292935E-05,-1.696428E-05,-0.0001176258,0.001001654,-0.001314245,-0.009112624,8.820554,-0.7182862,-1.225875,-14,-13.375,17.75,-7.491661,-79.75047,-152.7986,0.7541778,0.6335984,-0.1017081,-0.1393718
41933,6.949247E-05,-8.294603E-05,-0.0003973587,0.004052961,-0.004727841,-0.02004392,8.767879,-0.5506861,-1.158835,-22.125,-14,16.875,-8.152723,-79.52901,-152.7574,0.7558779,0.6329388,-0.09714939,-0.1363787
41945,0.0001781474,-0.0002141128,-0.000776751,0.008265249,-0.009977696,-0.0288599,8.897171,-0.3926631,-1.158835,-19.25,-15.125,15.125,-8.489549,-79.33886,-152.9666,0.7574106,0.6322898,-0.09339705,-0.1334762
41956,0.0003227556,-0.0003875495,-0.001234792,0.01114858,-0.01337111,-0.03531271,9.040829,-0.5794175,-1.264184,-14.625,-15.75,12.75,-8.76239,-79.13753,-153.168,0.7589241,0.6314731,-0.09008526,-0.1309984
41968,0.0004817307,-0.0005593745,-0.001752121,0.0122477,-0.01323767,-0.03985582,9.146177,-0.9050406,-1.364744,-21.25,-14.375,11.125,-9.185343,-78.93207,-153.3009,0.7604813,0.6307327,-0.0861429,-0.1281561
41979,0.000657484,-0.0007304782,-0.002307242,0.01354762,-0.01318922,-0.04279055,9.265891,-0.9098291,-1.403052,-33.125,-12,9.125,-9.547427,-78.76912,-153.6479,0.7619833,0.6303368,-0.08150567,-0.1241527
41991,0.0008677816,-0.0009368655,-0.002884591,0.01617176,-0.01587106,-0.04439779,9.390394,-0.6799775,-1.407841,-38.25,-9.25,6,-9.650134,-78.679,-154.3237,0.7632449,0.6303319,-0.07692764,-0.1192516
42002,0.001121849,-0.001195546,-0.003478107,0.01952411,-0.01987861,-0.04560943,9.433492,-0.5506861,-1.403052,-38.5,-7.125,2.875,-9.559011,-78.64412,-155.1963,0.7642571,0.6305832,-0.07266696,-0.1139983
42014,0.001418094,-0.001508189,-0.004100567,0.02245815,-0.02370123,-0.04718827,9.399971,-0.5506861,-1.436572,-41,-4.625,1,-9.435719,-78.64405,-156.1439,0.7651009,0.6310459,-0.06827322,-0.1083538
42025,0.001730149,-0.00184473,-0.004726178,0.02452104,-0.02644521,-0.04916007,9.352086,-0.6081489,-1.474881,-47.75,-1.75,0,-9.383506,-78.67233,-157.0766,0.7657789,0.6317181,-0.06353366,-0.1023638
42036,0.002073667,-0.002217695,-0.005395744,0.02621872,-0.02846623,-0.05110403,9.352086,-0.6464576,-1.494035,-62,1.875,0.5,-9.497032,-78.73704,-158.058,0.7663415,0.6327549,-0.05747396,-0.09507259
42048,0.002428916,-0.002608304,-0.006078033,0.02718676,-0.02989279,-0.05221472,9.40476,-0.675189,-1.54671,-78.375,5.5,1.875,-9.811513,-78.83006,-159.0521,0.7667824,0.6340765,-0.05003384,-0.08653656
42060,0.002819486,-0.003055824,-0.006797406,0.02840302,-0.0325445,-0.05231421,9.490954,-0.5554746,-1.551498,-93.25,9.25,2.25,-10.18627,-78.98163,-160.2623,0.7669814,0.6358125,-0.04107171,-0.076125
42072,0.003233371,-0.00358955,-0.00748185,0.03153647,-0.04066799,-0.05215212,9.557994,-0.06225147,-1.450938,-93.25,10.875,1,-10.16838,-79.19051,-161.7977,0.7668057,0.6376618,-0.03299224,-0.06563552
42083,0.003722764,-0.004305992,-0.008166221,0.03728992,-0.05459023,-0.05214652,9.601091,0.4597031,-1.273761,-71.375,9.625,-1.5,-9.597971,-79.43858,-163.6004,0.7662768,0.6394547,-0.02712968,-0.05640604
42095,0.004289703,-0.005201958,-0.008845187,0.04367458,-0.06902128,-0.05230461,9.601091,0.5698403,-1.192355,-30.25,5.5,-5.25,-8.620623,-79.65243,-165.2572,0.7656652,0.6407769,-0.02469512,-0.05051664
42107,0.004940609,-0.006245158,-0.009572299,0.04775182,-0.07653143,-0.05334255,9.490954,0.03352002,-1.292915,-0.875,1.875,-8.125,-7.747818,-79.78979,-166.4307,0.765228,0.6415583,-0.02412725,-0.04740229
42118,0.005608219,-0.007282611,-0.01033403,0.04986636,-0.07749133,-0.05689615,9.270679,-0.4261831,-1.340801,0.75,0.75,-8.125,-7.272838,-79.87471,-167.1722,0.7649618,0.6420797,-0.0232416,-0.04502038
42130,0.006287216,-0.008295404,-0.01116749,0.05231505,-0.07803313,-0.06421619,8.983365,-0.4213945,-1.249818,-6.375,0.125,-7,-6.911069,-79.95026,-167.8854,0.7647456,0.6425807,-0.02173925,-0.0422108
42141,0.00701269,-0.009333485,-0.01211669,0.05622961,-0.08045892,-0.07357043,8.849285,-0.2394287,-1.115738,-12.375,-1.125,-5,-6.549026,-80.02605,-168.6781,0.7645417,0.6430963,-0.01978466,-0.03887955
42153,0.007807539,-0.01043541,-0.01316521,0.06137351,-0.08508445,-0.08096049,9.021674,-0.04788574,-1.058275,-12.875,-3.625,-3,-6.143898,-80.08105,-169.5259,0.7644449,0.6434682,-0.01777969,-0.03544767
42164,0.008673666,-0.01160013,-0.01426858,0.06615196,-0.08895697,-0.08427121,9.328143,-0.1053486,-1.139681,-8.125,-6.125,-1.75,-5.85405,-80.09067,-170.2013,0.7645493,0.6435453,-0.01592947,-0.03256175
42176,0.009587278,-0.012788,-0.01536931,0.07030487,-0.09141002,-0.08470485,9.534052,-0.2106973,-1.221087,-3.5,-8.25,-1.125,-5.685162,-80.05981,-170.6916,0.764833,0.6433589,-0.01427733,-0.03026276
42187,0.01057044,-0.01404089,-0.01648421,0.07548244,-0.09619104,-0.08559634,9.514897,-0.01436572,-1.158835,5,-10.375,-1,-5.351661,-80.01568,-171.2387,0.7651786,0.6430468,-0.01339762,-0.02851571
42198,0.01163335,-0.01537635,-0.01763124,0.08193929,-0.1029492,-0.08842376,9.385606,0.1628115,-1.058275,25.5,-14.125,-2.125,-4.768624,-79.94359,-171.7689,0.7656412,0.642487,-0.01426484,-0.0282962
42210,0.01277829,-0.01675905,-0.01883445,0.08801783,-0.106296,-0.0924975,9.280257,-0.09577148,-1.077429,41.25,-17.875,-2.625,-4.353068,-79.81457,-171.9218,0.7663425,0.641544,-0.01609581,-0.02968772
42221,0.01398917,-0.01811399,-0.02008249,0.09294457,-0.1040026,-0.09579707,9.313777,-0.5458975,-1.173201,38,-19.875,-1,-4.421309,-79.63545,-171.6283,0.7672693,0.6403268,-0.01715692,-0.03138803
42233,0.01525592,-0.01942178,-0.02133985,0.0971956,-0.1003445,-0.096475,9.495743,-0.675189,-1.283338,18.5,-19.75,2.625,-4.821098,-79.43946,-171.2598,0.7683124,0.6390765,-0.01639292,-0.03175909
42244,0.0165748,-0.02069984,-0.022558,0.1024448,-0.09927469,-0.09462062,9.701652,-0.4932232,-1.283338,-1.5,-19.375,7.125,-5.356384,-79.25507,-171.0209,0.7693375,0.6379599,-0.01399185,-0.03051357
42256,0.01801346,-0.02204882,-0.02375859,0.1098885,-0.1030378,-0.09170438,9.811789,-0.1245029,-1.192355,-4.625,-20.25,8.625,-5.697636,-79.08224,-171.0286,0.7703303,0.636895,-0.01151927,-0.02869442
42267,0.01955798,-0.02347441,-0.02491408,0.118892,-0.1097372,-0.0889454,9.826155,0.1053486,-1.110949,8.875,-22.5,8.125,-5.808296,-78.90497,-171.091,0.7713315,0.6357432,-0.01028629,-0.02779663
42279,0.01955798,-0.02347441,-0.02491408,0,0,0,9.883617,0.06225147,-1.101372,28.375,-25.625,7.25,-5.865263,-78.68311,-170.9468,0.7725182,0.6342598,-0.01052252,-0.02862457
42292,0.01955798,-0.02347441,-0.02491408,0,0,0,9.931503,-0.3112573,-1.168412,39.625,-28,6.625,-6.129711,-78.40842,-170.4249,0.7739105,0.632438,-0.01139268,-0.0309038
42303,0.01955798,-0.02347441,-0.02491408,0,0,0,9.902772,-0.6320918,-1.201932,31.875,-28.625,7.25,-6.599689,-78.13914,-169.8153,0.775255,0.6307015,-0.01133727,-0.032663
42315,0.01955798,-0.02347441,-0.02491408,0,0,0,9.821366,-0.7182862,-1.187566,16.75,-28.75,8.375,-7.159022,-77.87218,-169.3136,0.7766105,0.6290239,-0.01005565,-0.03322708
42327,0.01955798,-0.02347441,-0.02491408,0,0,0,9.687285,-0.6560347,-1.168412,1.75,-29,9.375,-7.733313,-77.59454,-169.006,0.7780653,0.6273001,-0.007569527,-0.03243025
42338,0.01955798,-0.02347441,-0.02491408,0,0,0,9.510109,-0.3160459,-1.082218,-10.5,-29.5,11.375,-8.163543,-77.33928,-169.0063,0.7794601,0.625702,-0.004381821,-0.030329
42350,0.01955798,-0.02347441,-0.02491408,0,0,0,9.380817,0.4309717,-0.8571548,-5.875,-32,14.125,-8.230796,-77.10953,-169.3189,0.7807737,0.6241803,-0.00198302,-0.02806407
42361,0.01955798,-0.02347441,-0.02491408,0,0,0,9.37124,0.8188462,-0.6704004,29.5,-38.25,14.75,-8.040583,-76.84552,-169.4322,0.7822102,0.6223539,-0.002396234,-0.02858579
42373,0.01955798,-0.02347441,-0.02491408,0,0,0,9.4718,0.4597031,-0.7853262,71.625,-44.375,11.875,-7.856557,-76.49312,-168.9845,0.7839624,0.619905,-0.0057221,-0.03298754
42384,0.01955798,-0.02347441,-0.02491408,0,0,0,9.514897,-0.2681602,-1.043909,92.5,-47.5,10.25,-7.950535,-76.04762,-167.9581,0.786004,0.6168451,-0.0101465,-0.0399623
42396,0.01955798,-0.02347441,-0.02491408,0,0,0,9.347297,-0.9050406,-1.187566,76.125,-46.5,13,-8.50106,-75.57592,-166.6896,0.7880628,0.6137265,-0.01263823,-0.04622814
42407,0.01955798,-0.02347441,-0.02491408,0,0,0,9.059982,-1.326435,-1.201932,38.25,-43.375,16.75,-9.445748,-75.11711,-165.5171,0.7900642,0.6108838,-0.01182635,-0.04979573
42419,0.01955798,-0.02347441,-0.02491408,0,0,0,8.854074,-1.431784,-1.216298,-7,-39.25,18.375,-10.5517,-74.68251,-164.7858,0.7920848,0.6083532,-0.007494702,-0.04951725
42430,0.01970851,-0.0234214,-0.0250235,0.01201254,0.00423044,-0.008731561,8.882805,-1.039121,-1.149258,-41.375,-35.5,19,-11.39323,-74.35927,-164.7323,0.7937522,0.6065077,-0.001497164,-0.04586497
42442,0.0201521,-0.02354591,-0.02526321,0.03166006,-0.008886338,-0.01710904,9.160542,0.2442173,-0.8715205,-47.25,-34.5,19.125,-11.61115,-74.13107,-165.5067,0.7952033,0.6050284,0.004431303,-0.03965666
42454,0.02087888,-0.02399034,-0.02555044,0.05527636,-0.03380213,-0.02184567,9.543629,1.216298,-0.6368804,-0.875,-38.75,15.75,-11.16507,-73.95357,-166.286,0.7963891,0.6036351,0.005686099,-0.03683309
42465,0.02189659,-0.02474279,-0.02583061,0.07981463,-0.05901098,-0.02197268,9.912349,1.302492,-0.675189,81.5,-45.125,7.625,-10.31123,-73.72966,-166.3976,0.7975936,0.6018113,0.0006287385,-0.04083184
42477,0.02324173,-0.02569619,-0.02607445,0.1029105,-0.07294047,-0.01865503,10.07037,0.3687202,-0.9098291,136.625,-48.25,1.75,-9.584183,-73.42471,-165.6131,0.7988104,0.5994055,-0.008151744,-0.05048396
42488,0.02482802,-0.02662581,-0.02629367,0.1214614,-0.07118046,-0.01678522,9.802212,-0.8810977,-1.139681,140.875,-46.75,1.25,-9.398103,-73.06844,-164.2069,0.7999074,0.5967193,-0.01631057,-0.06171217
42500,0.02674868,-0.02738022,-0.02657492,0.1352672,-0.0531316,-0.01980821,9.261103,-2.092607,-1.350378,84.875,-39.375,4.25,-9.983595,-72.67419,-162.6652,0.8010948,0.5941091,-0.01966299,-0.06996457
42513,0.02872578,-0.02780307,-0.02692177,0.1444297,-0.03088909,-0.02533746,8.949845,-2.514002,-1.575441,1.5,-28.25,7.625,-10.96141,-72.3654,-161.9097,0.8023221,0.592475,-0.01625671,-0.07062797
42524,0.03078466,-0.02807661,-0.02734885,0.156724,-0.02082247,-0.03250961,8.935479,-1.632904,-1.431784,-74,-16.75,10.75,-11.76389,-72.2725,-162.3438,0.8031223,0.5923551,-0.008243062,-0.06357639
42536,0.03307622,-0.02847308,-0.02787614,0.1771455,-0.0306484,-0.04076128,9.1366,-0.03352002,-0.9433491,-96.5,-11.5,12.375,-11.9993,-72.39969,-163.6574,0.8031683,0.5933934,4.576103E-06,-0.05296351
42547,0.03576103,-0.02919938,-0.02850144,0.2029797,-0.05491048,-0.04727439,9.452645,1.087006,-0.6704004,-56.625,-12.5,9.375,-11.6254,-72.61552,-165.1056,0.8027146,0.594687,0.004573123,-0.04444894
42559,0.03866816,-0.03019183,-0.02914857,0.2268364,-0.07743845,-0.05049405,9.648977,1.029544,-0.7996919,10.125,-15.5,2.25,-10.976,-72.78413,-165.9245,0.8022012,0.5955707,0.004045113,-0.04186114
42570,0.04192714,-0.03135265,-0.02983869,0.2472669,-0.08807478,-0.05236116,9.610668,0.08140577,-1.058275,64.25,-16,-5,-10.42935,-72.89775,-165.898,0.8016282,0.5961462,-7.006575E-05,-0.04474341
42581,0.04526125,-0.03241086,-0.030548,0.2621157,-0.08319214,-0.05576336,9.318565,-1.125315,-1.278549,64.5,-11.875,-7,-10.4154,-72.9797,-165.3282,0.8009824,0.5966954,-0.003243348,-0.04869573
42593,0.04877933,-0.03328564,-0.03135792,0.2720446,-0.06764513,-0.0626291,8.906748,-1.968104,-1.498824,12.5,-3.5,-3.5,-11.04227,-73.07356,-164.7726,0.8002858,0.5975949,-0.0018894,-0.049187
42605,0.05255842,-0.03409099,-0.03236619,0.2840565,-0.06053392,-0.07578751,8.547606,-1.259395,-1.273761,-58.125,5.75,3.625,-11.79429,-73.31723,-165.0663,0.7991669,0.599561,0.004545066,-0.04287526
42616,0.0564456,-0.03508993,-0.03355923,0.3030231,-0.0778721,-0.09300265,8.485353,0.7039204,-0.6704004,-67.125,7.125,7.75,-11.71895,-73.72986,-166.3166,0.7975007,0.6022763,0.01000046,-0.0339995
42627,0.06066639,-0.03654987,-0.03496968,0.3267622,-0.1130242,-0.1091932,8.73436,2.135704,-0.3495659,16.5,-0.625,2.25,-10.58016,-74.14843,-167.5741,0.7958061,0.6047165,0.008163621,-0.03072461
42639,0.06529215,-0.03847052,-0.0365398,0.349193,-0.1449881,-0.1185267,9.194062,1.857967,-0.6368804,132.25,-8.875,-9.875,-8.907108,-74.44019,-167.8027,0.7944103,0.6062084,-0.002583503,-0.03764196
42650,0.0699982,-0.04052199,-0.03809681,0.3668867,-0.1599341,-0.121385,9.519686,0.6033604,-1.000812,228.875,-12.875,-23.375,-7.25426,-74.61996,-166.7682,0.7929068,0.6066819,-0.01971117,-0.05336267
42662,0.07492046,-0.04257635,-0.03969067,0.378577,-0.158003,-0.1225859,9.481377,-0.7661719,-1.302492,260.5,-10.75,-31,-5.924378,-74.76427,-164.9249,0.7908009,0.6064642,-0.03882629,-0.07299021
42673,0.08000259,-0.04449311,-0.04138094,0.3841951,-0.1449019,-0.1277796,9.055194,-1.68079,-1.441361,240.375,-4.75,-33.125,-5.02016,-74.93005,-162.8488,0.7880702,0.6060828,-0.05624311,-0.09190039
42684,0.08487141,-0.04606144,-0.0431517,0.383674,-0.1235878,-0.1395395,8.413525,-2.442173,-1.489247,181.375,3.5,-33.5,-4.685969,-75.12624,-161.0616,0.7853278,0.606157,-0.0682475,-0.1057181
42696,0.08979795,-0.04730745,-0.04516655,0.378005,-0.09560438,-0.1545966,8.09269,-2.992859,-1.589807,109.125,11.25,-35.25,-4.691122,-75.36823,-159.8125,0.7828761,0.6070182,-0.07515993,-0.1139512
42707,0.09461654,-0.04819409,-0.04738625,0.3694672,-0.06798328,-0.1701963,8.011285,-3.007225,-1.752618,9.625,20.5,-33.75,-4.897836,-75.6808,-159.6704,0.7812433,0.609239,-0.07495088,-0.1134416
42719,0.09960382,-0.04879263,-0.04993053,0.3636365,-0.04364142,-0.1855104,8.164519,-2.581042,-1.656847,-104.25,29.5,-22.125,-5.636272,-76.11116,-160.5956,0.7803196,0.6133984,-0.06559872,-0.1026664
42731,0.1044124,-0.04917163,-0.05251608,0.3648153,-0.02875341,-0.1961579,8.609857,-1.81487,-1.412629,-237.75,38.25,3.875,-7.408263,-76.6153,-162.2382,0.7798492,0.6189991,-0.04541152,-0.08132162
42743,0.1092725,-0.04953692,-0.05514622,0.3715955,-0.02792914,-0.2010965,9.17012,-0.675189,-1.235452,-335.375,43.25,25.625,-9.729546,-77.19611,-164.6313,0.7788075,0.6248859,-0.01743524,-0.05169728
42754,0.1142252,-0.05010432,-0.05779403,0.3799808,-0.04353254,-0.2031463,9.476588,0.6368804,-1.125315,-336.375,41.625,31.625,-11.53536,-77.81623,-167.5607,0.7764958,0.6296881,0.01003953,-0.0211314
42767,0.1199553,-0.05117721,-0.06083133,0.3882436,-0.07269353,-0.2057929,9.481377,1.503612,-1.010389,-234.625,32.875,16.625,-11.72286,-78.48498,-171.2172,0.7731113,0.633505,0.03067483,0.005422816
42779,0.1253067,-0.05246569,-0.06357538,0.3972859,-0.09565576,-0.2037157,9.821366,1.288126,-0.8571548,-118.875,21.5,0.375,-10.83735,-78.98059,-174.0189,0.7703702,0.6360458,0.03974753,0.01989006
42790,0.1304313,-0.05385845,-0.06612355,0.4005759,-0.1088687,-0.1991847,9.917137,0.7230747,-1.307281,-19.125,11,-16.75,-9.124288,-79.24667,-176.2438,0.7690631,0.6373838,0.04039881,0.02553494
42802,0.1356052,-0.05535142,-0.06863543,0.4002079,-0.115484,-0.1942978,9.874041,0.2968916,-1.618538,49,6.125,-29.375,-6.791912,-79.39281,-178.1904,0.7685904,0.638238,0.03550459,0.02570166
42813,0.1407843,-0.05689552,-0.07106318,0.4004838,-0.1194012,-0.1877316,10.00812,0.1436572,-1.594595,88,4.375,-35,-4.18133,-79.50643,-179.9012,0.7683142,0.6390803,0.0274958,0.02266653
42825,0.1460848,-0.05852577,-0.07341666,0.4007347,-0.1232517,-0.1779303,10.23797,0.1867544,-1.628115,117.25,3,-36.5,-1.375421,-79.58811,178.6018,0.7681438,0.6398236,0.01703024,0.01705578
42836,0.1512453,-0.06011361,-0.07557004,0.4010944,-0.1234138,-0.1673701,10.31938,-0.05267432,-1.632904,140.125,1.75,-36.875,1.18033,-79.64088,177.6173,0.7679856,0.6403757,0.005404397,0.009373479
42847,0.1564411,-0.0616092,-0.07762444,0.4011636,-0.115472,-0.1586167,10.18051,-0.6656118,-1.61375,136.875,1.375,-32.75,2.961409,-79.68851,177.3792,0.7677104,0.6407751,-0.005187671,0.001000707
42859,0.16165,-0.06294328,-0.07962649,0.3997266,-0.102377,-0.1536372,9.878829,-1.067852,-1.642481,97.25,2.75,-22.875,3.695876,-79.75014,177.6749,0.7673067,0.6411525,-0.01174182,-0.005107186
42870,0.1668139,-0.06414357,-0.08161054,0.3973809,-0.09236538,-0.1526779,9.562783,-0.8475776,-1.642481,43.625,5.25,-10.25,3.676076,-79.84044,178.0077,0.7667862,0.6417208,-0.01344456,-0.007253031
42882,0.1719607,-0.06531352,-0.08360828,0.3952359,-0.08984384,-0.1534135,9.433492,-0.2729487,-1.604172,23.875,5.75,-3.875,3.680999,-79.93753,178.0438,0.7662401,0.642365,-0.01365095,-0.007552102
42893,0.1770956,-0.06651303,-0.08563861,0.3929698,-0.09179696,-0.1553778,9.33772,0.07182861,-1.594595,42.75,4.25,-4.875,4.063439,-80.00941,177.9453,0.7657956,0.6428301,-0.01563339,-0.009061929
42905,0.1821093,-0.06769142,-0.08768126,0.3895636,-0.09156097,-0.158715,9.218005,-0.1053486,-1.652058,68,2.875,-7.875,4.498549,-80.04832,178.1207,0.7654946,0.6430213,-0.01951182,-0.01268822
42916,0.1871187,-0.06883091,-0.08977632,0.3834757,-0.0872302,-0.1603812,9.318565,-0.4453374,-1.84839,75.875,4.25,-8.375,4.67736,-80.07885,178.6696,0.7652175,0.6430981,-0.02377657,-0.0173682
42928,0.1919878,-0.06988919,-0.09184314,0.3738312,-0.08125015,-0.1586808,9.529263,-0.6129375,-2.140493,66.375,8.75,-6.5,4.593484,-80.13087,179.355,0.7648281,0.6433076,-0.02704945,-0.02149038
42939,0.1969711,-0.070952,-0.09400962,0.36174,-0.07714969,-0.1572649,9.481377,-0.483646,-2.255419,56.125,16,-4.75,4.499582,-80.2644,179.9397,0.7639832,0.6440722,-0.02967471,-0.02490062
42951,0.2015422,-0.07190707,-0.09610863,0.3486124,-0.0728399,-0.1600832,9.155754,-0.5458975,-2.28415,46.25,23.75,-2.875,4.193902,-80.47288,-179.4187,0.7627443,0.645361,-0.03120681,-0.02750496
42963,0.2059013,-0.07274776,-0.09833565,0.3325578,-0.06413521,-0.1698981,8.605068,-0.9241948,-2.346401,22.375,31.5,1,3.14744,-80.74262,-178.3489,0.7612404,0.6471252,-0.03025033,-0.02876016
42974,0.2099891,-0.07343529,-0.1007385,0.3144957,-0.05289527,-0.1848599,8.193251,-1.154046,-2.38471,-17.875,41.125,5.75,1.362683,-81.09594,-177.0671,0.7593617,0.6495942,-0.02566837,-0.02717258
42987,0.2143133,-0.07409124,-0.1037341,0.293299,-0.04449217,-0.203193,8.111845,-0.8571548,-2.379921,-61.625,51.5,10.75,-0.9636592,-81.627,-175.9689,0.7565395,0.6533952,-0.01662618,-0.02112485
42999,0.2179857,-0.07473777,-0.1066157,0.2760812,-0.04860432,-0.2166288,8.389583,0.05267432,-2.231476,-73,57.125,13.625,-2.396637,-82.20943,-175.8115,0.7533439,0.6574301,-0.00827227,-0.01379017
43010,0.221379,-0.07554791,-0.1095685,0.2616712,-0.06247236,-0.2276958,8.59549,0.8475776,-1.992047,-33.125,57.5,9.25,-2.46346,-82.82866,-176.4751,0.749855,0.6615297,-0.004226762,-0.008846682
43022,0.2245831,-0.07652552,-0.1126514,0.2474737,-0.07550846,-0.238118,8.662531,0.8044805,-1.896275,31.75,54.5,-1,-1.431293,-83.41701,-177.3853,0.7464767,0.6653286,-0.005856838,-0.008723173
43033,0.2275629,-0.07751741,-0.1158463,0.230657,-0.07677733,-0.2473023,8.748725,-0.1149258,-2.011201,76.875,52.25,-10.875,-0.4838482,-83.94168,-177.6103,0.7433763,0.6686661,-0.01080674,-0.01268062
43045,0.2303025,-0.07835266,-0.1191753,0.2090162,-0.06372605,-0.253984,8.930691,-1.249818,-2.25063,69,53.875,-13.375,-0.9511133,-84.44547,-176.5021,0.7403381,0.6718656,-0.01436554,-0.0170253
43056,0.2327183,-0.07896556,-0.1225433,0.1857713,-0.0471315,-0.258997,9.059982,-1.556287,-2.298516,22.875,58.375,-9.5,-2.632597,-84.98112,-174.7874,0.7371374,0.6753619,-0.01378567,-0.01802157
43068,0.2348514,-0.07946737,-0.1259557,0.164019,-0.03858585,-0.2623932,9.218005,-0.9241948,-2.135704,-27.25,61.875,-3.625,-4.438441,-85.57494,-173.6107,0.7336539,0.6793007,-0.009452773,-0.01460393
43079,0.2367412,-0.08002387,-0.1293784,0.1457108,-0.04290645,-0.2638968,9.409549,0.1005601,-1.81487,-39.125,61.5,1.125,-5.27576,-86.20997,-173.5645,0.7299448,0.683423,-0.004766843,-0.009537999
43090,0.2384391,-0.08078203,-0.1328308,0.1305373,-0.05828833,-0.2654219,9.443069,0.9864463,-1.484458,-2.375,55.25,1.625,-3.935422,-86.81463,-175.2237,0.7264107,0.6872184,-0.003694156,-0.006679484
43102,0.2399504,-0.08175325,-0.1363126,0.1159053,-0.07448587,-0.2670307,9.447857,1.067852,-1.369532,56.75,46.375,-1.875,-0.6942855,-87.30775,-178.0102,0.7234739,0.690259,-0.007602878,-0.008381019
43113,0.241231,-0.08281544,-0.1397881,0.09836596,-0.08159414,-0.266976,9.57236,0.3591431,-1.537132,110.75,37.375,-6.875,2.46372,-87.63843,179.9947,0.7213615,0.6922264,-0.01547953,-0.01485168
43125,0.242198,-0.08382219,-0.1432019,0.07507139,-0.07815177,-0.2650045,9.711228,-0.5123774,-1.920218,125.5,33.75,-9,3.400382,-87.85598,-179.5975,0.7198192,0.6933683,-0.02380409,-0.02311194
43136,0.2428061,-0.08468564,-0.1466464,0.04645446,-0.06596742,-0.2631602,9.692075,-1.254606,-2.197956,100.25,35,-7.875,0.77574,-88.04465,-175.9359,0.7184337,0.6943129,-0.02950585,-0.03019822
43148,0.2430218,-0.08537092,-0.1500809,0.01659411,-0.05271799,-0.2642136,9.4718,-1.393475,-2.245841,57.625,38.5,-5.375,-4.315447,-88.24454,-170.3704,0.7170157,0.6955116,-0.03146122,-0.03409112
43159,0.2428613,-0.08598578,-0.1537678,-0.01172427,-0.04492947,-0.2694155,9.189274,-0.9385605,-2.006413,19.625,41.125,-3.375,-10.06371,-88.50067,-164.6461,0.7153175,0.6972684,-0.03059443,-0.0346649
43171,0.242407,-0.08660375,-0.1574241,-0.03425453,-0.04658659,-0.2756328,9.122234,-0.2059087,-1.652058,7.75,39.5,-2.625,-13.38276,-88.79034,-161.5105,0.7135434,0.6991873,-0.02945091,-0.03355013
43183,0.2417017,-0.08729727,-0.1610691,-0.05415374,-0.05325334,-0.2798917,9.275469,0.2059087,-1.479669,18.25,34,-2.125,-14.18356,-89.04509,-160.7536,0.7120369,0.7007474,-0.02953655,-0.03292679
43194,0.2407091,-0.08807085,-0.1647402,-0.07612871,-0.05932795,-0.2815453,9.476588,0.1484458,-1.61375,38.5,27.125,-2.25,-13.44851,-89.19183,-161.2678,0.7111334,0.7015417,-0.03121079,-0.03397754
43207,0.2391391,-0.08895851,-0.168911,-0.1066756,-0.06031552,-0.2833979,9.4718,-0.3016802,-1.958527,52.5,23,-2.625,-14.75072,-89.2149,-159.5085,0.7108183,0.7015881,-0.03394104,-0.03687277
43219,0.2373025,-0.08968658,-0.1727196,-0.1379759,-0.05469707,-0.2861305,9.385606,-0.8427891,-2.178801,53,22.875,-4.5,-18.9183,-89.17885,-154.9216,0.7107688,0.7013655,-0.03609514,-0.03989399
43231,0.2351025,-0.09031191,-0.1764748,-0.1695473,-0.04819103,-0.2893887,9.33772,-0.9481377,-2.245841,44.375,24.625,-7.75,-21.34594,-89.16187,-152.1969,0.7106715,0.7012592,-0.03767433,-0.04197856
43242,0.2325218,-0.09090295,-0.1802524,-0.1987473,-0.04551754,-0.2909253,9.476588,-0.6368804,-2.087818,41.75,25.75,-10.375,-19.87713,-89.2189,-153.4018,0.7103013,0.7014479,-0.03954691,-0.04334836
43253,0.2296422,-0.09148547,-0.1839782,-0.2234856,-0.0452087,-0.2891582,9.73996,-0.4118174,-1.771773,52.75,23.5,-13.375,-13.42293,-89.32594,-159.4529,0.7097074,0.7017496,-0.04271641,-0.04514709
43265,0.226383,-0.09203403,-0.1877261,-0.2470526,-0.04158265,-0.2841025,9.988966,-0.641669,-1.599384,57.875,18.875,-14.375,-6.0109,-89.38898,-166.3838,0.7092589,0.7018209,-0.04625283,-0.04753941
43276,0.2228615,-0.09247134,-0.1913105,-0.272377,-0.03382401,-0.2772399,10.13262,-0.9960235,-1.733464,34.75,14,-9.375,-6.809761,-89.34151,-165.4119,0.7094662,0.701467,-0.04720596,-0.04871729
43288,0.2189768,-0.09279459,-0.194819,-0.2997923,-0.02494606,-0.2707552,10.09431,-1.115738,-1.901064,-0.5,11.125,-1.875,-14.25149,-89.19887,-158.2536,0.7102798,0.7008754,-0.04468675,-0.04774224
43299,0.2146513,-0.09307063,-0.1983564,-0.3276125,-0.0209071,-0.2679276,9.802212,-0.742229,-1.972893,-22.875,8.5,3,-18.72598,-88.99537,-154.3648,0.7115362,0.7000532,-0.04026723,-0.04494884
43311,0.2101089,-0.09338301,-0.2017985,-0.3537965,-0.0243306,-0.2680922,9.57236,-0.158023,-2.006413,-9.5,5.125,2.5,-16.57498,-88.78889,-156.9142,0.7129571,0.6988955,-0.03761679,-0.0426877
43322,0.2051807,-0.09382416,-0.2053021,-0.3793285,-0.03395548,-0.2696763,9.457435,0.3352002,-2.030355,41.75,0.5,-5.5,-7.358746,-88.57494,-165.8675,0.7144551,0.6971793,-0.0401314,-0.04340995
43334,0.1999706,-0.09439076,-0.2088192,-0.4030997,-0.04383846,-0.2721173,9.380817,0.3782974,-1.968104,120,-5,-17.25,4.877017,-88.29544,-176.828,0.715804,0.6947662,-0.04977767,-0.04946463
43345,0.1943066,-0.09501368,-0.2124619,-0.426829,-0.04694133,-0.2745064,9.380817,-0.1532344,-1.901064,180.875,-10.125,-27.625,15.04109,-87.90472,175.1292,0.7169391,0.6914727,-0.0649001,-0.06042989
43356,0.1885447,-0.09553459,-0.2159926,-0.452199,-0.0408816,-0.2770907,9.347297,-0.9241948,-2.006413,196.125,-13,-31.125,20.07453,-87.46873,172.3316,0.7179575,0.687633,-0.08013079,-0.07264226
43368,0.1822823,-0.0959458,-0.2196586,-0.4796194,-0.03149307,-0.2807651,9.256314,-1.230664,-2.08303,183,-14,-30.625,22.85599,-87.00892,171.6733,0.7189685,0.683415,-0.09434488,-0.08442397
43380,0.1753337,-0.09628208,-0.2235536,-0.5059409,-0.02448554,-0.2836056,9.323354,-1.015178,-2.001624,170.625,-16.375,-30.125,25.68879,-86.51299,170.9048,0.7199115,0.6788528,-0.1084197,-0.09555902
43392,0.168362,-0.09656266,-0.2272653,-0.5300484,-0.02133203,-0.2821954,9.620246,-0.7565947,-2.073453,176.25,-20.625,-30.625,28.53511,-85.98394,170.1108,0.7207345,0.6739417,-0.1226335,-0.1063274
43403,0.1610802,-0.09679177,-0.2309019,-0.5572664,-0.0175329,-0.2783053,9.778269,-0.9289834,-2.365556,183.125,-22.875,-30.125,30.41832,-85.41111,170.3594,0.7215548,0.6683601,-0.1371043,-0.1177121
43415,0.1532963,-0.09694572,-0.2345295,-0.5886643,-0.01164251,-0.2743376,9.744749,-1.245029,-2.633716,172.875,-21.25,-26.375,31.06218,-84.84604,171.74,0.7223917,0.6625137,-0.1503338,-0.1289402
43427,0.1442273,-0.09703352,-0.2384781,-0.6222731,-0.006024576,-0.2709333,9.658554,-1.235452,-2.638505,157.875,-18.125,-23.875,31.57092,-84.28677,173.2458,0.7230186,0.6564438,-0.1633205,-0.1401855
43439,0.1356551,-0.09707214,-0.2420319,-0.6498512,-0.002927721,-0.2694137,9.534052,-1.063064,-2.537944,156,-16.625,-25.25,32.55024,-83.82013,174.0673,0.723102,0.65113,-0.1750996,-0.1499779
43451,0.1266965,-0.09709814,-0.2455887,-0.6750989,-0.001959611,-0.2680359,9.514897,-0.8810977,-2.48527,157.875,-16,-26,33.87695,-83.37527,174.5782,0.7227495,0.6457958,-0.1872367,-0.15976
43462,0.1177835,-0.09713671,-0.2489776,-0.6980765,-0.003020544,-0.2654147,9.601091,-0.7374405,-2.523579,163.5,-15.125,-26.75,35.38377,-82.96527,174.9124,0.7219557,0.6405475,-0.1994347,-0.1694248
43473,0.1084647,-0.09718685,-0.2523436,-0.7219928,-0.00388511,-0.2607913,9.735171,-0.8284234,-2.614562,171,-12.875,-27.375,36.84349,-82.58405,175.4136,0.7206265,0.6350808,-0.2121939,-0.1798434
43485,0.09851214,-0.09720083,-0.2557366,-0.7489886,-0.001052327,-0.2553419,9.778269,-1.221087,-2.638505,157.625,-9,-25.25,37.70984,-82.26054,176.392,0.7191367,0.6298317,-0.2237028,-0.1900304
43497,0.08852899,-0.09714722,-0.2589709,-0.7770197,0.004172709,-0.2517373,9.6394,-1.522767,-2.643293,121.125,-4.375,-20.25,37.80725,-82.0182,177.6096,0.718185,0.6257519,-0.2314728,-0.1976493
43508,0.07815812,-0.09706077,-0.2622037,-0.8037565,0.006699928,-0.2505452,9.43828,-1.326435,-2.662447,79.625,0.375,-15.25,37.68929,-81.83269,178.5072,0.7178568,0.6229764,-0.235987,-0.2022183
43520,0.06721878,-0.09701591,-0.2655465,-0.8249257,0.003382733,-0.2520801,9.241948,-0.6991318,-2.528367,58.25,3.75,-13.25,38.07227,-81.70038,178.6336,0.7175485,0.6212118,-0.239328,-0.2047977
43531,0.05644174,-0.09703562,-0.2688272,-0.8406429,-0.001536984,-0.2559022,9.088714,-0.3735088,-2.298516,62.875,3.875,-14.625,38.89614,-81.60368,178.3596,0.7168255,0.619706,-0.2431903,-0.2073259
43542,0.04531194,-0.09709217,-0.2722368,-0.855678,-0.004348452,-0.262132,8.930691,-0.4692803,-2.126127,69.625,2.125,-16.125,39.73238,-81.50532,178.1719,0.7159009,0.6179749,-0.2476023,-0.2104424
43554,0.03378856,-0.0971665,-0.2758219,-0.871794,-0.005623339,-0.27123,8.724782,-0.6081489,-2.08303,65.25,0.625,-16.875,40.46017,-81.38758,178.0484,0.7151694,0.6161705,-0.2517232,-0.2133123
43565,0.02251145,-0.09725214,-0.2794042,-0.8881016,-0.006744149,-0.2821177,8.547606,-0.6560347,-2.11655,58.5,-0.125,-18.625,41.22263,-81.255,177.7834,0.714679,0.6145127,-0.2553352,-0.2154345
43577,0.01072364,-0.09733836,-0.2832173,-0.9064756,-0.006630862,-0.2932236,8.542816,-0.8092691,-2.169224,50,0.5,-20.5,41.97514,-81.12155,177.4342,0.7143523,0.6130551,-0.2584435,-0.2169595
43588,-0.001374815,-0.09740432,-0.2871647,-0.9258077,-0.005046844,-0.3020666,8.719994,-0.9289834,-2.188379,37.625,2,-21.25,42.66949,-81.01437,176.9863,0.7141897,0.6120954,-0.2606125,-0.2176087
43600,-0.01430736,-0.09744691,-0.2913671,-0.9457765,-0.003115208,-0.3073224,9.012096,-0.9146177,-2.21711,23.75,3.875,-20.375,43.35281,-80.937,176.3703,0.7142029,0.6117304,-0.2617563,-0.2172186
43612,-0.02705799,-0.09745619,-0.2954742,-0.963621,-0.0007009641,-0.3103965,9.179697,-0.8571548,-2.135704,11.25,5.625,-17.25,43.81733,-80.90726,175.802,0.7143704,0.6119687,-0.2616864,-0.2160778
43623,-0.03981835,-0.09745953,-0.2995553,-0.9765327,-0.0002559547,-0.3123173,9.289834,-0.4932232,-1.968104,7.625,5.875,-13.5,44.32633,-80.90966,175.135,0.7144501,0.6125489,-0.26129,-0.2146453
43635,-0.05275249,-0.09749852,-0.3036639,-0.9842592,-0.002966863,-0.3126589,9.428702,-0.03352002,-1.829235,23.75,4.75,-11,45.07367,-80.9184,174.4323,0.7140135,0.6128079,-0.2621698,-0.2142854
43647,-0.0672725,-0.09758765,-0.3082437,-0.9930246,-0.006095,-0.3132126,9.414337,-0.03352002,-1.843601,61.25,2.25,-10.875,45.84838,-80.88773,174.2555,0.7127165,0.6115724,-0.2661247,-0.2172375
43659,-0.08087707,-0.09765318,-0.3125126,-1.007671,-0.004854306,-0.3161955,9.213217,-0.6081489,-1.987258,77.75,2,-10.25,45.90215,-80.83784,174.9838,0.7114492,0.6094642,-0.2704632,-0.2219081
43671,-0.09398273,-0.09767955,-0.3166263,-1.02436,-0.00206097,-0.3215344,9.007308,-0.8810977,-2.035144,65.5,3.875,-7.625,45.49407,-80.80796,175.9772,0.7106292,0.6077245,-0.2732796,-0.2258216
43682,-0.1074035,-0.09769927,-0.3208909,-1.037312,-0.001524106,-0.3296129,8.815765,-0.5698403,-1.891487,49.125,4.25,-4.875,45.18712,-80.79747,176.657,0.7100697,0.6066433,-0.2750038,-0.2283809
43694,-0.1209005,-0.09774476,-0.3252821,-1.044982,-0.003521592,-0.3399826,8.662531,-0.1628115,-1.695155,49,1.25,-4.125,45.24047,-80.77176,176.9675,0.7094518,0.6056321,-0.2770373,-0.2305172
43705,-0.1348364,-0.09781946,-0.3299328,-1.052801,-0.005643679,-0.3513419,8.605068,-0.1676001,-1.699944,57.875,-3.5,-5.25,45.36968,-80.67995,177.3297,0.708878,0.6039321,-0.2799622,-0.2331935
43717,-0.1485295,-0.09788981,-0.3345803,-1.064369,-0.005467931,-0.361251,8.672108,-0.5219546,-1.838813,49.5,-5.75,-4.75,45.10231,-80.54655,177.9711,0.70891,0.602093,-0.2819895,-0.2353986
43728,-0.1624828,-0.09794957,-0.339375,-1.076146,-0.004609159,-0.3697899,8.782246,-0.5794175,-1.84839,23.125,-6,-2,44.59521,-80.41554,178.5108,0.7097261,0.6010048,-0.281978,-0.2357341
43740,-0.1765799,-0.09802915,-0.3442948,-1.082806,-0.006112383,-0.3778993,8.839708,-0.1723887,-1.709521,3.5,-6.75,-1,44.43134,-80.30016,178.4451,0.7108605,0.6007938,-0.2808728,-0.2341679
43751,-0.1906807,-0.09815258,-0.3493123,-1.08526,-0.009499295,-0.3861687,8.844497,0.1676001,-1.589807,5.375,-9,-2.75,44.72408,-80.17611,177.9446,0.7118027,0.6006617,-0.2803432,-0.2322719
43762,-0.2048255,-0.09832823,-0.3544397,-1.086226,-0.01348926,-0.393745,8.901959,0.2968916,-1.570652,19.25,-12.25,-5.375,45.30448,-80.01479,177.3378,0.7124358,0.5999864,-0.2811385,-0.231112
43774,-0.2190501,-0.098536,-0.3596635,-1.08859,-0.01589988,-0.3997737,9.016886,0.1484458,-1.618538,31.75,-15,-7.25,45.84167,-79.81593,176.9419,0.7129263,0.5986628,-0.2828705,-0.2309183
43785,-0.2331121,-0.09873923,-0.3648714,-1.09279,-0.01579326,-0.4047159,9.093503,-0.08619434,-1.642481,32.375,-17.125,-6.75,46.09377,-79.5983,176.8397,0.7136128,0.5970787,-0.2844181,-0.2309981
43797,-0.2474272,-0.09893692,-0.3702192,-1.096438,-0.01514119,-0.4096058,9.107868,-0.08140577,-1.618538,26.25,-18.625,-4.75,46.19703,-79.36922,176.8062,0.7145824,0.5955539,-0.2854273,-0.230692
43808,-0.261765,-0.09912328,-0.3756288,-1.099606,-0.0142931,-0.4148729,9.079137,-0.06704004,-1.61375,21.125,-19.5,-2.625,46.15753,-79.13637,176.8459,0.715776,0.5941092,-0.2859346,-0.2300878
43820,-0.2768112,-0.09930161,-0.3813582,-1.102453,-0.01306652,-0.4198034,9.122234,-0.06225147,-1.618538,15,-19.625,-0.625,45.98059,-78.89913,176.9368,0.7172298,0.5927818,-0.285854,-0.2290823
43832,-0.2914366,-0.09947026,-0.3869778,-1.102969,-0.0127184,-0.4237961,9.189274,0.1005601,-1.585018,11.75,-19.5,1.5,45.80757,-78.68398,176.9778,0.7186614,0.5917011,-0.2854818,-0.2278504
43843,-0.3058673,-0.0996404,-0.3925852,-1.101911,-0.01299179,-0.42818,9.160542,0.2154858,-1.556287,15.875,-19.625,2.5,45.66823,-78.47891,177.0375,0.7199193,0.5905648,-0.285389,-0.2269414
43855,-0.3201852,-0.09980595,-0.3982287,-1.101383,-0.01273494,-0.4341145,9.036039,0.1532344,-1.565864,19.5,-19.5,2.75,45.47198,-78.27805,177.2025,0.7210897,0.5893008,-0.2854644,-0.2264165
43867,-0.3363576,-0.09997114,-0.4047422,-1.101061,-0.01124639,-0.4434574,8.863651,0.07182861,-1.522767,15.75,-19.5,3.625,45.1305,-78.06055,177.4535,0.7225355,0.5880007,-0.2850955,-0.2256507
43880,-0.3510256,-0.1001138,-0.4107907,-1.099139,-0.01069369,-0.4532417,8.772668,0.1963315,-1.484458,13.5,-20.125,3.25,44.95838,-77.86288,177.5115,0.7238401,0.5869656,-0.2847495,-0.224599
43891,-0.3652513,-0.1002542,-0.4168029,-1.096477,-0.01081562,-0.4634032,8.719994,0.2777373,-1.494035,20.375,-21,1,44.99363,-77.65959,177.4561,0.7248781,0.5857682,-0.2851421,-0.2238778
43902,-0.3794153,-0.1003743,-0.422931,-1.095687,-0.009295537,-0.4740542,8.672108,0.08619434,-1.537132,25.75,-21.125,-0.875,44.99219,-77.4526,177.5128,0.7258045,0.5843379,-0.2858841,-0.2236678
43914,-0.3935998,-0.1004464,-0.4291885,-1.097024,-0.005576062,-0.4839519,8.724782,-0.1532344,-1.585018,18.375,-19.625,-1,44.82491,-77.26546,177.6447,0.7268974,0.5831653,-0.2859104,-0.223145
43925,-0.4080203,-0.100444,-0.4356433,-1.098954,0.0001859497,-0.4919091,8.892383,-0.2968916,-1.575441,-1.5,-16.75,0.875,44.45628,-77.12649,177.7167,0.7283671,0.5828307,-0.2842408,-0.2213526
43937,-0.4222772,-0.1003792,-0.4421118,-1.097784,0.004986344,-0.4980682,9.045617,-0.08140577,-1.494035,-17.25,-14.625,2.375,44.17249,-77.03699,177.4962,0.7299365,0.5833575,-0.2815084,-0.2182658
43948,-0.4364725,-0.1002793,-0.4486655,-1.091439,0.007685987,-0.503903,9.107868,0.3160459,-1.321646,-13.625,-14.5,2.125,44.18153,-76.97758,177.0222,0.7311061,0.5841271,-0.279282,-0.2151306
43960,-0.4505193,-0.1001505,-0.4552837,-1.082854,0.009929893,-0.5101922,9.093503,0.4692803,-1.216298,4.75,-16.25,0.25,44.38955,-76.91087,176.5886,0.7317409,0.5843755,-0.2785469,-0.2132421
43971,-0.4645154,-0.09996986,-0.4620038,-1.076127,0.01388608,-0.5166901,9.074348,0.2825259,-1.249818,20.25,-17.875,-1.625,44.55486,-76.81898,176.4047,0.7321341,0.5839403,-0.2788719,-0.2126589
43983,-0.4785019,-0.09971023,-0.46882,-1.073083,0.01991913,-0.5229542,9.06956,-0.02394287,-1.379109,21,-17.875,-1.75,44.50369,-76.7114,176.4531,0.7326992,0.5832438,-0.2790334,-0.2124125
43994,-0.4923545,-0.09936271,-0.4756635,-1.071351,0.02687729,-0.5292724,9.055194,-0.1484458,-1.417418,10.125,-16.375,-0.875,44.3247,-76.62237,176.4901,0.7335053,0.5829263,-0.2782755,-0.2114936
44005,-0.5062034,-0.09893426,-0.4826097,-1.067684,0.03303159,-0.5355257,9.074348,0,-1.359955,-0.25,-15.25,0,44.20506,-76.55883,176.3285,0.7344052,0.5831386,-0.2768292,-0.2096761
44017,-0.5201083,-0.09843961,-0.4896982,-1.062011,0.03777917,-0.5413955,9.112657,0.191543,-1.336012,1.125,-15.5,-0.5,44.23799,-76.49542,176.0267,0.7351869,0.5834083,-0.2756467,-0.207735
44028,-0.533833,-0.09789051,-0.4967994,-1.05574,0.04223835,-0.546241,9.189274,0.2490059,-1.340801,12.375,-16.625,-2.25,44.39133,-76.4183,175.7542,0.7356892,0.5833026,-0.2754183,-0.2065537
44040,-0.5481445,-0.0972373,-0.5043055,-1.048467,0.04785473,-0.5498969,9.308989,0.2394287,-1.297704,22.375,-17.5,-3.125,44.58394,-76.33653,175.5745,0.7359495,0.5828757,-0.2759271,-0.2061521
44052,-0.5619713,-0.09652732,-0.5116536,-1.039999,0.053402,-0.5526971,9.380817,0.3112573,-1.245029,34.125,-19.125,-3.875,44.84905,-76.24567,175.4778,0.7359271,0.5820628,-0.2773464,-0.2066234
44064,-0.5754368,-0.0957494,-0.5188973,-1.033656,0.05971562,-0.5560526,9.318565,0.1628115,-1.321646,46.25,-20.25,-4.375,45.02845,-76.13251,175.6248,0.7357761,0.5806723,-0.279505,-0.2081593
44075,-0.5888731,-0.09486772,-0.5261822,-1.033569,0.06782166,-0.5603743,9.184485,-0.2681602,-1.589807,44.125,-18.5,-4.375,44.92971,-76.0051,176.0307,0.7358977,0.5790602,-0.2812163,-0.2099081
44087,-0.6041914,-0.09370331,-0.5345598,-1.03888,0.07896953,-0.5681703,8.949845,-0.6273032,-1.743041,19.75,-13.125,-3.375,44.5174,-75.91307,176.4394,0.7366083,0.5782348,-0.2808383,-0.2101966
44100,-0.6180511,-0.09252761,-0.5422404,-1.040513,0.08826651,-0.5766158,8.878016,-0.4309717,-1.585018,-6.5,-9.625,-1.625,44.2072,-75.90215,176.3902,0.7375092,0.5788523,-0.2786187,-0.2082835
44111,-0.6315209,-0.09130009,-0.5498239,-1.0367,0.09447565,-0.5836633,9.00252,0.0191543,-1.436572,-11.75,-9.5,-1.625,44.20561,-75.91628,175.9636,0.7382143,0.5799775,-0.2764199,-0.2055676
44123,-0.6448748,-0.09001617,-0.5574556,-1.030158,0.09904424,-0.5887241,9.165331,0.2681602,-1.393475,1,-11.25,-2.625,44.40122,-75.91434,175.5025,0.7385755,0.5807264,-0.2753498,-0.2035822
44134,-0.658091,-0.08866196,-0.5651043,-1.025147,0.1050424,-0.5932907,9.198852,0.1149258,-1.422207,14,-12.875,-3.25,44.51161,-75.88905,175.2997,0.738793,0.5808587,-0.2750912,-0.2027634
44146,-0.671532,-0.08716132,-0.5729649,-1.024546,0.1143868,-0.5991764,9.088714,-0.3016802,-1.508401,8.875,-12.375,-1.75,44.26649,-75.86086,175.3897,0.7393584,0.5808986,-0.274031,-0.2020224
44157,-0.6848724,-0.08554936,-0.5808425,-1.025635,0.1239299,-0.605642,9.021674,-0.4070288,-1.585018,-8.75,-9.875,0.125,43.86414,-75.85522,175.4086,0.7403103,0.5815241,-0.271542,-0.2000882
44168,-0.6981394,-0.08383451,-0.5887637,-1.024395,0.1324112,-0.6116278,9.074348,-0.2298516,-1.503612,-21.375,-7.375,0.875,43.55338,-75.89513,175.1696,0.7412621,0.5828772,-0.2682283,-0.1970742
44180,-0.7116095,-0.08197737,-0.5968816,-1.020699,0.1407236,-0.6151355,9.294622,-0.08619434,-1.417418,-22.125,-6.625,0.875,43.33533,-75.96237,174.8145,0.7420474,0.5844986,-0.2648561,-0.193851
44191,-0.7246487,-0.08006989,-0.6047724,-1.014952,0.1484766,-0.6142138,9.648977,0.04788574,-1.374321,-14.5,-6.75,1.875,43.149,-76.03853,174.5366,0.7425718,0.58593,-0.2620569,-0.1913101
44203,-0.7377353,-0.07803947,-0.6126923,-1.007203,0.1562703,-0.6095475,9.955446,0.1436572,-1.316858,-2.75,-7.5,4.25,42.88347,-76.1204,174.4797,0.7428719,0.5870162,-0.2598583,-0.1898078
44214,-0.7506332,-0.07591413,-0.6204827,-0.9979855,0.1644492,-0.6027862,10.1422,0.1771773,-1.235452,12.25,-9.75,6.875,42.48724,-76.1885,174.7439,0.7429975,0.5875037,-0.2584898,-0.1896764
44226,-0.7637456,-0.07362213,-0.6284035,-0.9881972,0.1727335,-0.596945,10.06558,0.1723887,-1.197144,29.75,-12.375,8.75,41.96658,-76.2277,175.3579,0.7429588,0.5872321,-0.2581743,-0.1910938
44237,-0.776229,-0.07133155,-0.6359634,-0.9800141,0.1798221,-0.5934877,9.874041,0.1340801,-1.273761,46.25,-14.375,10,41.37986,-76.22462,176.243,0.7428112,0.5862011,-0.2589089,-0.1938197
44249,-0.7889407,-0.06888877,-0.6436796,-0.9732561,0.1870291,-0.5907806,9.787846,0.0191543,-1.364744,59.25,-15.25,11.375,40.65077,-76.19435,177.4477,0.7425551,0.5845242,-0.2604,-0.1978263
44260,-0.8021758,-0.06622478,-0.6517262,-0.9669077,0.1946217,-0.5878629,9.783057,-0.06704004,-1.412629,64.875,-15,13.25,39.76088,-76.15649,178.9116,0.742216,0.5824984,-0.2621628,-0.2026862
44272,-0.8148757,-0.06355948,-0.6594479,-0.9616795,0.2018251,-0.5847106,9.792634,-0.158023,-1.479669,64.625,-13.375,15.625,38.75982,-76.12768,-179.5391,0.7418852,0.5805496,-0.2635953,-0.2075718
44284,-0.8148757,-0.06355948,-0.6594479,0,0,0,9.73996,-0.06704004,-1.417418,60.5,-12,18.5,37.70981,-76.11932,-178.0067,0.741541,0.578887,-0.2645653,-0.2121603
44296,-0.8148757,-0.06355948,-0.6594479,0,0,0,9.548417,0.1628115,-1.331224,64.75,-11.875,19.625,36.6961,-76.11584,-176.4125,0.7409183,0.577073,-0.2660543,-0.2173521
44308,-0.8148757,-0.06355948,-0.6594479,0,0,0,9.452645,0.1388687,-1.403052,76.625,-11.25,17.625,35.88346,-76.10339,-174.89,0.7399524,0.5750016,-0.2684747,-0.2230808
44320,-0.8148757,-0.06355948,-0.6594479,0,0,0,9.577148,-0.08140577,-1.575441,82.875,-8.375,15.5,35.08958,-76.1002,-173.3017,0.7387035,0.5728068,-0.2713113,-0.2293464
44332,-0.8148757,-0.06355948,-0.6594479,0,0,0,9.883617,-0.191543,-1.676001,80.5,-4.25,12.875,34.39826,-76.14141,-171.8515,0.7371917,0.5710315,-0.2740487,-0.2353059
44343,-0.8148757,-0.06355948,-0.6594479,0,0,0,10.17093,-0.2681602,-1.709521,81,-1.625,8.75,33.91624,-76.2181,-170.6254,0.7353975,0.5695965,-0.2769713,-0.2409093
44354,-0.8148757,-0.06355948,-0.6594479,0,0,0,10.3098,-0.5889946,-1.925007,77.25,1.5,3,33.56557,-76.31078,-169.553,0.7334785,0.5683548,-0.2799566,-0.2461838
44366,-0.8148757,-0.06355948,-0.6594479,0,0,0,10.15178,-0.9241948,-2.106973,50,7.25,0.875,33.10128,-76.4434,-168.7034,0.7320703,0.568166,-0.2810793,-0.2495094
44377,-0.8148757,-0.06355948,-0.6594479,0,0,0,9.787846,-0.8188462,-1.977681,10.5,13.125,2.25,32.56032,-76.64699,-168.3032,0.7314318,0.569728,-0.2794363,-0.2496655
44389,-0.8148757,-0.06355948,-0.6594479,0,0,0,9.490954,-0.3782974,-1.790927,-19,16.25,2.375,32.22023,-76.9166,-168.4939,0.7312216,0.5727305,-0.2760888,-0.2471231
44400,-0.8148757,-0.06355948,-0.6594479,0,0,0,9.529263,-0.08140577,-1.695155,-23.875,16.375,-0.25,32.20414,-77.21934,-169.0873,0.7309012,0.5762067,-0.2727507,-0.2436725
44411,-0.8148757,-0.06355948,-0.6594479,0,0,0,9.716018,0.07182861,-1.426995,-19,13.125,-1.75,32.37474,-77.51513,-169.7835,0.7303734,0.5794637,-0.2700593,-0.2405091
44423,-0.8148757,-0.06355948,-0.6594479,0,0,0,9.84052,0.3064688,-1.139681,-8.5,5.75,-1.5,32.73501,-77.76214,-170.5406,0.7297747,0.5821288,-0.2682782,-0.2378693
44434,-0.8148757,-0.06355948,-0.6594479,0,0,0,9.816577,0.517166,-1.101372,15.625,-4.625,-1.5,33.34959,-77.88091,-171.2405,0.7291442,0.583281,-0.2685082,-0.2367181
44446,-0.8148757,-0.06355948,-0.6594479,0,0,0,9.596303,0.4549146,-1.163624,42.875,-13.25,-2.125,34.01669,-77.86972,-171.6405,0.7284625,0.5827679,-0.2707281,-0.2375505
44457,-0.8148757,-0.06355948,-0.6594479,0,0,0,9.23716,0.1867544,-1.240241,65.625,-20.5,-3.875,34.68695,-77.74358,-171.7328,0.7277373,0.580759,-0.2746626,-0.2401624
44469,-0.8148757,-0.06355948,-0.6594479,0,0,0,8.892383,-0.2059087,-1.374321,75.125,-24.75,-6.375,35.26678,-77.53143,-171.5971,0.7271847,0.5778096,-0.2792777,-0.2436036
44480,-0.8148757,-0.06355948,-0.6594479,0,0,0,8.849285,-0.6368804,-1.513189,68,-25.75,-8.125,35.67002,-77.27045,-171.3397,0.7270363,0.5745942,-0.2834375,-0.2468257
44492,-0.8149323,-0.06347167,-0.6594989,-0.00426673,0.006626847,-0.003848892,9.194062,-0.8188462,-1.637692,44.125,-23.5,-6.625,35.85363,-77.03651,-171.1977,0.7275189,0.572301,-0.2855873,-0.2482492
44505,-0.8149987,-0.0632895,-0.6595299,-0.004593173,0.01258498,-0.002139072,9.629823,-0.5602632,-1.61375,22.25,-20.25,-3,35.99643,-76.85062,-171.3131,0.7283998,0.5710514,-0.286137,-0.2479111
44516,-0.814981,-0.06308634,-0.659529,0.001402118,0.01602727,6.716698E-05,9.754326,-0.1101372,-1.398264,18,-18.375,0.5,36.16892,-76.75308,-171.5278,0.7289494,0.5705704,-0.2862801,-0.2472367
44528,-0.8148113,-0.06284308,-0.65952,0.01242442,0.01781416,0.0006635695,9.668132,0.2346401,-1.249818,34.25,-18.375,2.125,36.46867,-76.67651,-171.6596,0.7288886,0.5697467,-0.2876234,-0.2477555
44540,-0.8145217,-0.06258,-0.6595305,0.02138869,0.01942896,-0.0007805813,9.490954,0.1436572,-1.340801,56.625,-18.125,1.5,36.74734,-76.58723,-171.4666,0.7282376,0.5680645,-0.2904621,-0.2502087
44552,-0.8142099,-0.06229461,-0.659587,0.0243487,0.0222839,-0.004406329,9.251526,-0.2442173,-1.532344,65.25,-14.375,1.25,36.7717,-76.51012,-170.9284,0.7274001,0.5661297,-0.2933727,-0.2536116
44563,-0.8138822,-0.06196677,-0.6597153,0.02536251,0.02537459,-0.009933752,9.083925,-0.3782974,-1.589807,54,-8.375,2.875,36.58816,-76.4905,-170.3244,0.7266303,0.5648576,-0.2952118,-0.2565041
44574,-0.8135205,-0.06161403,-0.6599352,0.02800374,0.02731185,-0.01703187,8.978577,-0.2346401,-1.527555,36.625,-2,5.5,36.30425,-76.55714,-169.8529,0.7259505,0.5647211,-0.2956616,-0.258206
44586,-0.8130713,-0.06124697,-0.6602755,0.03388844,0.02768794,-0.02566492,8.911537,0.0191543,-1.407841,28.25,2,7.125,36.05027,-76.69667,-169.5257,0.7251254,0.5653762,-0.2955151,-0.2592563
44597,-0.8125272,-0.06090855,-0.660722,0.04233717,0.02633657,-0.03474974,8.882805,0.2681602,-1.321646,33.5,3.5,6.125,36.00759,-76.86963,-169.3479,0.7239111,0.566161,-0.2959379,-0.2604518
44609,-0.8118662,-0.06059052,-0.6613012,0.05093384,0.02450367,-0.04462363,8.830131,0.3016802,-1.307281,47.125,3.625,3.25,36.1516,-77.05047,-169.1749,0.722178,0.5665826,-0.2975087,-0.2625486
44620,-0.8111243,-0.06028582,-0.6620151,0.05705832,0.02343644,-0.05491121,8.777456,0.1245029,-1.359955,55.5,4.5,0.375,36.33671,-77.23018,-168.9265,0.7201622,0.5666977,-0.2997105,-0.2653183
44632,-0.810334,-0.05998814,-0.6628624,0.06076774,0.02288759,-0.06514633,8.758303,-0.03830859,-1.426995,52.75,6.375,-1.25,36.49146,-77.41698,-168.6788,0.7181783,0.5669218,-0.3017084,-0.2679399
44643,-0.8094944,-0.05970353,-0.6638354,0.06450267,0.02186607,-0.07475967,8.806189,-0.009577149,-1.431784,47.875,8.5,-2.25,36.70742,-77.63023,-168.5552,0.7161717,0.5674959,-0.3034443,-0.270126
44655,-0.8086005,-0.0594391,-0.6649205,0.06844795,0.02024876,-0.08309333,8.906748,0.03830859,-1.441361,47.5,10.75,-4.25,37.05873,-77.87528,-168.5694,0.7139527,0.5683165,-0.3053009,-0.2721755
44666,-0.8076911,-0.05919845,-0.666078,0.0706919,0.01870796,-0.08997996,8.992943,-0.05267432,-1.503612,48.25,13.375,-6.125,37.43292,-78.13791,-168.5986,0.7116059,0.5692273,-0.3071927,-0.2742807
44677,-0.8067921,-0.05896531,-0.6673358,0.06872791,0.01782262,-0.09615281,9.016886,-0.3256231,-1.642481,40.125,17.25,-6.625,37.61309,-78.41906,-168.5306,0.7094384,0.5704545,-0.3083323,-0.2760617
44689,-0.8059624,-0.05874366,-0.6686723,0.06371931,0.0170222,-0.1026451,8.964211,-0.4980117,-1.733464,18.75,22.75,-4.875,37.49033,-78.73586,-168.4403,0.7078323,0.5725803,-0.3076659,-0.2765267
44700,-0.8051479,-0.05855325,-0.6701717,0.05983783,0.01398859,-0.1101515,8.921114,-0.2968916,-1.719098,-5.875,28.625,-2.625,37.29188,-79.13844,-168.6189,0.7066013,0.5761627,-0.3050906,-0.2750834
44713,-0.804357,-0.05844576,-0.6717488,0.05958376,0.008097958,-0.1188116,8.849285,0.08140577,-1.623327,-11.625,32.125,-2.875,37.38586,-79.59211,-169.1626,0.7051743,0.5803306,-0.3023996,-0.272947
44724,-0.8035745,-0.05842666,-0.6734379,0.05959263,0.001453947,-0.1286361,8.763091,0.1723887,-1.570652,-4.75,32.875,-4.875,37.70998,-80.05217,-169.8395,0.70341,0.5843202,-0.3003934,-0.2711979
44736,-0.8028348,-0.05848714,-0.6752462,0.05696723,-0.004657117,-0.1392627,8.681685,0.02873145,-1.604172,-1.25,32.375,-6.25,38.03819,-80.47912,-170.4664,0.7016886,0.5879362,-0.2986536,-0.2697593
44748,-0.8020731,-0.05866336,-0.6774529,0.0519907,-0.0120287,-0.150627,8.715205,-0.0191543,-1.661635,-3,31.25,-7.125,38.49259,-80.92255,-171.2806,0.699982,0.5918279,-0.2966445,-0.2678939
44760,-0.8014419,-0.05892209,-0.6795908,0.04716804,-0.0193345,-0.1597604,8.810977,0.02394287,-1.666424,-3.25,29.375,-7.625,39.05329,-81.29419,-172.1722,0.6985689,0.5951917,-0.294918,-0.2660297
44772,-0.8008828,-0.05926873,-0.6817674,0.04306892,-0.02669938,-0.1676468,8.897171,0.1005601,-1.61375,-0.5,26.875,-7.875,39.75815,-81.62461,-173.1618,0.6972342,0.5981951,-0.2935564,-0.264295
44783,-0.8003753,-0.05971403,-0.6840261,0.03926013,-0.03445519,-0.1747657,8.959422,0.1676001,-1.589807,6.875,23.125,-8.375,40.65199,-81.90248,-174.2428,0.6959115,0.6006538,-0.2928849,-0.2629465
44794,-0.7999373,-0.06026449,-0.6863599,0.03388829,-0.04258933,-0.1805664,9.050406,0.1245029,-1.676001,17.75,19.625,-8.875,41.61216,-82.11472,-175.2477,0.6946009,0.6023489,-0.2930693,-0.2623276
44806,-0.7995971,-0.06093226,-0.6888069,0.02576163,-0.05056572,-0.1852966,9.127023,-0.0191543,-1.78135,23.625,17.75,-8.75,42.45293,-82.28261,-176.0544,0.6933814,0.6035331,-0.2936102,-0.2622273
44817,-0.7993938,-0.06167822,-0.6912503,0.01574949,-0.05778122,-0.1892657,9.17012,-0.1532344,-1.843601,21.25,17.125,-7.5,43.01406,-82.42245,-176.6122,0.692461,0.604543,-0.2937979,-0.2621227
44829,-0.7993163,-0.06253286,-0.6937632,0.005953754,-0.06567622,-0.193106,9.184485,-0.09098291,-1.843601,17.125,16.75,-5.75,43.48838,-82.55382,-177.1387,0.6917375,0.6056173,-0.2936257,-0.2617458
44840,-0.7993605,-0.06349288,-0.6963163,-0.003412532,-0.07408643,-0.1970292,9.179697,-0.02873145,-1.834024,17,16,-4.375,43.90425,-82.67196,-177.6098,0.6911089,0.6065993,-0.293407,-0.2613773
44852,-0.7995433,-0.06456877,-0.6989431,-0.01402477,-0.08257029,-0.201595,9.127023,-0.08619434,-1.877121,18.625,15.25,-3.5,44.16594,-82.76849,-177.9056,0.6905937,0.6073495,-0.2932206,-0.2612065
44863,-0.7998932,-0.06574737,-0.7016332,-0.02689747,-0.09059098,-0.2067761,9.06956,-0.2346401,-1.953738,13.625,15.5,-1.75,44.05648,-82.84985,-177.8952,0.6904104,0.6080691,-0.2924492,-0.2608812
44875,-0.8004254,-0.06701493,-0.7044026,-0.04080974,-0.09719785,-0.2123559,9.045617,-0.3687202,-1.910641,0.375,16.5,1.25,43.44681,-82.94587,-177.5587,0.6906765,0.6091859,-0.2903675,-0.259895
44886,-0.8011105,-0.06834413,-0.7071964,-0.05325742,-0.1033277,-0.2171817,9.112657,-0.3208345,-1.810081,-12.375,17.25,4.125,42.59026,-83.06367,-177.1385,0.6912451,0.610785,-0.2872062,-0.2581366
44898,-0.8019396,-0.06980248,-0.7100865,-0.06286673,-0.1105815,-0.2191432,9.356874,-0.1005601,-1.699944,-17.625,17.25,6.5,41.72781,-83.20551,-176.7968,0.6918522,0.6127399,-0.2835529,-0.2559066
44909,-0.8028321,-0.07133295,-0.7129079,-0.06921928,-0.1186966,-0.2188184,9.548417,0.1197144,-1.585018,-12.25,16,8.25,40.96075,-83.34686,-176.4729,0.6922429,0.6145204,-0.2803909,-0.2540578
44921,-0.8038377,-0.07307892,-0.7158856,-0.07379197,-0.1281252,-0.218519,9.557994,0.2681602,-1.494035,2.875,13.375,9.5,40.20474,-83.47118,-175.9814,0.6923116,0.6157632,-0.2782373,-0.2532277
44933,-0.8048967,-0.07489178,-0.7188097,-0.07946005,-0.1360293,-0.2194073,9.4718,0.1197144,-1.465304,17.75,10.25,9.875,39.23411,-83.54721,-175.0698,0.6922267,0.6161717,-0.2771413,-0.2536682
44944,-0.8060488,-0.07674787,-0.7217033,-0.08826553,-0.1421971,-0.2216842,9.352086,-0.1628115,-1.541921,22.5,7.75,9.75,37.95217,-83.56618,-173.7814,0.6923589,0.6160215,-0.2762931,-0.2545957
44956,-0.8073509,-0.07865541,-0.7246403,-0.1000752,-0.1466096,-0.225734,9.20364,-0.4453374,-1.599384,17.5,6.875,8.875,36.43047,-83.55302,-172.3156,0.6928315,0.6157988,-0.2749941,-0.2552541
44968,-0.809025,-0.08085952,-0.7280196,-0.1141607,-0.1502973,-0.2304333,9.194062,-0.5698403,-1.575441,-0.25,7.25,8.75,34.57223,-83.54029,-170.7797,0.6939232,0.6161855,-0.2720228,-0.2545381
44980,-0.8106954,-0.08292231,-0.7311358,-0.124926,-0.1542737,-0.2330616,9.328143,-0.4453374,-1.508401,-19.375,7.375,9.375,33.01112,-83.54266,-169.7704,0.6953559,0.6172746,-0.2679889,-0.2522581
44992,-0.8123986,-0.08499257,-0.7341797,-0.131113,-0.1593734,-0.2343258,9.452645,-0.158023,-1.340801,-27.5,6.25,9.5,31.87676,-83.56465,-169.2801,0.6967894,0.6187588,-0.2637195,-0.2491469
45003,-0.8141173,-0.08713394,-0.7372208,-0.13267,-0.1652927,-0.2347391,9.548417,0.1292915,-1.125315,-21.25,2.25,8.5,31.28489,-83.57953,-169.2506,0.6979932,0.6200655,-0.2602623,-0.2461458
45015,-0.8158363,-0.08934297,-0.7402374,-0.1333212,-0.1713362,-0.2339772,9.644189,0.1867544,-1.096583,-5.5,-3,5.625,31.19863,-83.54189,-169.5186,0.6989773,0.6206162,-0.2583227,-0.2439993
45026,-0.8176447,-0.09167811,-0.7433069,-0.136689,-0.1765033,-0.2320054,9.716018,-0.004788574,-1.225875,12.125,-7.75,1.375,31.46018,-83.42899,-169.9052,0.6998568,0.6202102,-0.2579388,-0.2429143
45038,-0.8194873,-0.09399348,-0.7462628,-0.1429377,-0.1796115,-0.2293041,9.759114,-0.2681602,-1.331224,18.25,-9.875,-1.625,31.75231,-83.27993,-170.2357,0.7007508,0.6193843,-0.2580901,-0.242283
45049,-0.8194873,-0.09399348,-0.7462628,0,0,0,9.759114,-0.2681602,-1.326435,15.125,-10.625,-3,32.18394,-83.12759,-170.7453,0.7017224,0.6186485,-0.2581416,-0.2412935
45061,-0.8194873,-0.09399348,-0.7462628,0,0,0,9.725595,-0.1101372,-1.259395,10.625,-11.5,-3.375,32.86202,-82.9698,-171.571,0.7028238,0.6180791,-0.25802,-0.239672
45073,-0.8194873,-0.09399348,-0.7462628,0,0,0,9.615458,-0.1149258,-1.197144,8.75,-13,-3.375,33.45128,-82.81321,-172.3223,0.7039483,0.6175447,-0.257775,-0.2380069
45084,-0.8194873,-0.09399348,-0.7462628,0,0,0,9.467011,-0.2106973,-1.187566,2.25,-14.625,-2.75,33.83185,-82.63548,-172.9478,0.705388,0.6170312,-0.2569704,-0.2359375
45096,-0.8194873,-0.09399348,-0.7462628,0,0,0,9.40476,-0.1245029,-1.149258,-6,-15.75,-1.625,34.17449,-82.4495,-173.6485,0.7070991,0.6167141,-0.2555541,-0.2331668
45107,-0.8194873,-0.09399348,-0.7462628,0,0,0,9.443069,0.1628115,-1.048698,-7.875,-17.625,-0.375,34.67915,-82.26814,-174.5285,0.7087678,0.6164989,-0.2541859,-0.2301451
45119,-0.8194284,-0.09405587,-0.7462876,0.004517737,-0.004784234,-0.001899529,9.457435,0.4597031,-0.9720806,5.375,-21.25,-0.25,35.48458,-82.05554,-175.5473,0.7101972,0.6158004,-0.2540043,-0.2277974
45131,-0.819325,-0.09418213,-0.7463509,0.007306539,-0.008922804,-0.004473211,9.40476,0.3208345,-1.082218,25.25,-24.375,-1.375,36.26021,-81.76493,-176.2706,0.7115102,0.6140295,-0.2553811,-0.2269397
45143,-0.81925,-0.0943246,-0.7464643,0.00526924,-0.01001285,-0.007970026,9.313777,-0.06225147,-1.245029,28,-24.125,-0.875,36.49326,-81.44926,-176.408,0.7129913,0.6118776,-0.2565929,-0.2267364
45156,-0.8192036,-0.09446833,-0.7466418,0.003406956,-0.01053964,-0.01301729,9.189274,-0.08619434,-1.240241,16.125,-21.875,0.625,36.52726,-81.1825,-176.5136,0.7145808,0.6103557,-0.2566645,-0.2257512
45167,-0.8191596,-0.09463748,-0.7468961,0.00338486,-0.01301203,-0.01956436,9.055194,0.1245029,-1.249818,10.875,-20,0.625,36.75903,-80.95689,-176.8847,0.7160182,0.6093,-0.2564977,-0.2242332
45179,-0.8191267,-0.09486107,-0.7472524,0.002517582,-0.01714218,-0.02731489,8.940269,0.191543,-1.398264,14.125,-17.5,-0.875,37.15691,-80.74343,-177.3796,0.7172493,0.6082778,-0.2567057,-0.2228312
45190,-0.819137,-0.09511856,-0.7477103,-0.0008003593,-0.02000735,-0.03557619,8.873228,0.004788574,-1.503612,12.125,-13.625,-1.5,37.37611,-80.56792,-177.7175,0.7183601,0.607497,-0.2565793,-0.2215248
45201,-0.8192092,-0.09539886,-0.7482824,-0.005476245,-0.02127347,-0.04341925,8.916326,-0.1484458,-1.522767,-2.125,-8.25,-0.5,37.33431,-80.46014,-177.9841,0.7195464,0.607489,-0.2550856,-0.2194113
45213,-0.8193275,-0.09569089,-0.7489216,-0.009141719,-0.02256974,-0.04940568,9.055194,-0.09098291,-1.498824,-15.25,-3.5,0.625,37.23973,-80.42597,-178.3643,0.7206625,0.6082944,-0.2525324,-0.2164506
45224,-0.8194737,-0.09600239,-0.7496225,-0.01127808,-0.02401482,-0.05403489,9.174909,0.004788574,-1.426995,-20.625,0.5,0.625,37.2161,-80.4594,-178.8876,0.7215154,0.6096972,-0.2495451,-0.2131012
45236,-0.8196411,-0.09632251,-0.7503722,-0.01296521,-0.02480875,-0.05809928,9.227583,0,-1.364744,-21,3.125,0,37.22131,-80.53699,-179.4408,0.7221097,0.6113753,-0.2464944,-0.2098059
45247,-0.8198517,-0.09665138,-0.7512031,-0.0157771,-0.02463404,-0.0622363,9.232371,-0.09577148,-1.364744,-23,6.125,-0.25,37.14076,-80.65523,-179.9521,0.7225772,0.6133602,-0.2430433,-0.2064014
45259,-0.8200895,-0.09695699,-0.7520641,-0.01864564,-0.02395882,-0.06750003,9.1366,-0.1245029,-1.312069,-28.375,9.25,-0.25,37.02781,-80.8112,179.5273,0.722909,0.6156402,-0.2392573,-0.2028439
45270,-0.8203483,-0.09726472,-0.7530406,-0.01989231,-0.02365507,-0.0750593,8.988154,-0.009577149,-1.168412,-31.5,11.5,-0.625,37.05849,-81.01533,178.8091,0.7230119,0.6183557,-0.2352072,-0.1989163
45282,-0.8206091,-0.09757517,-0.7541566,-0.01978078,-0.02354876,-0.08465552,8.858863,0.08140577,-1.034332,-25.625,12.25,-2.75,37.37554,-81.24506,177.8741,0.7227457,0.6211525,-0.2317133,-0.1952362
45293,-0.8208792,-0.09786379,-0.7553745,-0.02105027,-0.02249095,-0.09490321,8.787034,-0.02394287,-1.034332,-16.875,12.5,-5.625,37.82264,-81.46294,176.9421,0.7222599,0.6236261,-0.2290406,-0.1922801
45304,-0.8212044,-0.09811536,-0.7567515,-0.02510943,-0.01942901,-0.1063466,8.696051,-0.258583,-1.077429,-14.625,13.75,-7.625,38.19486,-81.68415,176.1152,0.7217211,0.6260179,-0.2264243,-0.189611
45316,-0.8216168,-0.09832004,-0.7583432,-0.03081958,-0.01529383,-0.1189332,8.638588,-0.3687202,-1.087006,-21.5,16,-7.75,38.48042,-81.93442,175.2693,0.7212191,0.628749,-0.2230635,-0.1864416
45327,-0.8220661,-0.09847411,-0.7599816,-0.03584946,-0.01229415,-0.1307415,8.638588,-0.2825259,-1.067852,-28.125,18.25,-6.625,38.77955,-82.19322,174.3607,0.7207341,0.6316048,-0.2193861,-0.1829961
45339,-0.8225805,-0.09862676,-0.7618527,-0.03931288,-0.01166667,-0.1429906,8.648165,-0.02873145,-1.015178,-26.5,19.5,-5.875,39.38499,-82.47768,173.1366,0.7200162,0.6347004,-0.2157871,-0.1793543
45350,-0.8231316,-0.09879833,-0.7639371,-0.04152716,-0.01292685,-0.1570549,8.528451,0.1628115,-0.9481377,-12.875,19.375,-6.25,40.34419,-82.75928,171.7291,0.7189258,0.6375415,-0.2133295,-0.1765703
45362,-0.823748,-0.09900485,-0.76635,-0.04478637,-0.01500681,-0.1753298,8.255502,0.1867544,-0.9625034,6.5,18.5,-7.25,41.51974,-83.01736,170.3562,0.7175035,0.6398233,-0.2124022,-0.1752145
45374,-0.824407,-0.0992168,-0.7688848,-0.05094189,-0.01638502,-0.1959466,7.977765,0.02873145,-1.077429,22.25,18.5,-8.75,42.55814,-83.22532,169.3394,0.716056,0.6413459,-0.2126711,-0.1752438
45385,-0.8252159,-0.09944476,-0.7718166,-0.06078862,-0.01712961,-0.2203058,7.728759,-0.1532344,-1.216298,29.75,20.5,-9.625,43.45132,-83.42964,168.5717,0.7145212,0.642596,-0.213394,-0.1760481
45397,-0.8261443,-0.09964591,-0.7749164,-0.0724825,-0.01570515,-0.2420168,7.867628,-0.3830859,-1.254606,22.125,24.375,-8.875,43.97832,-83.67609,168.0702,0.7130499,0.644145,-0.2131789,-0.1766124
45409,-0.8273322,-0.09984232,-0.7784157,-0.08693875,-0.01437409,-0.2560997,8.523663,-0.4309717,-1.407841,9.25,29.875,-7.75,44.54351,-84.00034,167.3561,0.7114449,0.646462,-0.211754,-0.1763334
45421,-0.8287085,-0.1000125,-0.7819791,-0.1018026,-0.01258695,-0.2635852,9.007308,-0.4692803,-1.412629,-5.125,35.375,-5.625,45.05251,-84.40346,166.5045,0.7097639,0.6495394,-0.208927,-0.1751666
45432,-0.8301849,-0.1001306,-0.7854234,-0.1152785,-0.009221401,-0.2689212,9.165331,-0.5554746,-1.249818,-23.75,39.75,-2,45.20987,-84.87138,165.7822,0.7081972,0.6532436,-0.2044108,-0.1730482
45444,-0.8318387,-0.1002112,-0.7889307,-0.1279466,-0.006237576,-0.2713529,9.40476,-0.4884346,-1.149258,-41.25,42,0.375,45.38306,-85.3839,164.8102,0.7067395,0.6575592,-0.1983762,-0.1696531
45455,-0.8336424,-0.1002848,-0.792422,-0.1395757,-0.005697314,-0.2701651,9.687285,-0.2777373,-1.115738,-46.125,42.5,1.625,45.97068,-85.89378,163.3581,0.7052774,0.66199,-0.1920574,-0.1657317
45467,-0.8356352,-0.1003743,-0.7959446,-0.150611,-0.006762675,-0.2662362,9.897983,-0.1340801,-1.048698,-41.125,41,2.5,46.95094,-86.39217,161.5574,0.70373,0.6662652,-0.1860442,-0.1619953
45478,-0.8376904,-0.1004744,-0.7993139,-0.1597891,-0.007780272,-0.261958,9.945868,-0.08140577,-0.8667319,-33.5,37.75,3.5,48.07499,-86.84943,159.732,0.7022126,0.6700481,-0.1807629,-0.1589274
45489,-0.8398624,-0.1005972,-0.8026271,-0.1676161,-0.009478313,-0.2556902,10.10389,0.009577149,-0.7326519,-23.125,32,5,49.09949,-87.24934,158.1339,0.7008547,0.6732134,-0.1762737,-0.1565699
45501,-0.8421592,-0.1007607,-0.8058407,-0.1761727,-0.01254116,-0.2464967,10.32417,0.07182861,-0.7805376,-8,26.5,5.125,49.94216,-87.56626,156.9099,0.6996957,0.6755579,-0.1730818,-0.1552103
45512,-0.8445779,-0.100967,-0.8088974,-0.1863733,-0.01589981,-0.2355306,10.46303,0.02394287,-0.8715205,10.5,21.625,4.5,50.25293,-87.80384,156.4595,0.6986912,0.6770188,-0.1714505,-0.1551804
45524,-0.8471615,-0.1012023,-0.8118287,-0.1981866,-0.01804444,-0.2248577,10.43909,-0.1340801,-0.9050406,20.875,18.125,4.75,49.37034,-88.00022,157.3372,0.6978645,0.6779029,-0.1705462,-0.1560344
45535,-0.8499138,-0.1014574,-0.8146483,-0.2105978,-0.01952329,-0.2157463,10.31938,-0.225063,-0.8954634,24.625,14.625,5.625,47.07954,-88.1573,159.6714,0.697297,0.6783783,-0.169864,-0.157245
45547,-0.8527715,-0.1017457,-0.8173323,-0.2222511,-0.02242305,-0.2087418,10.16614,-0.1292915,-0.8906748,28.125,11.125,6.25,44.18916,-88.25887,162.6488,0.6969552,0.6784911,-0.1695747,-0.1585809
45558,-0.8558257,-0.1020979,-0.819985,-0.2339825,-0.02697728,-0.203227,10.04164,-0.03830859,-0.933772,36.5,7.625,6.25,40.97664,-88.299,166.0581,0.6967594,0.6781284,-0.1701005,-0.1604187
45570,-0.8590387,-0.1025096,-0.822579,-0.2463434,-0.03156845,-0.1988794,9.950658,-0.08140577,-0.9816577,47.125,4.75,5.625,37.48761,-88.28651,169.8822,0.6966316,0.6772815,-0.1715368,-0.1630013
45581,-0.8625622,-0.1029954,-0.8252165,-0.2594417,-0.03577059,-0.1942101,9.960235,-0.1532344,-0.9864463,51.375,3,5.625,33.57549,-88.24364,174.2007,0.6965587,0.6761512,-0.1733551,-0.1660532
45592,-0.8658969,-0.1034921,-0.8275532,-0.2703467,-0.04026151,-0.1894364,10.00333,-0.09098291,-0.9529263,53.25,1.5,6.375,30.27568,-88.18576,177.8924,0.6965163,0.6750141,-0.1751705,-0.1689269
45604,-0.8695574,-0.1040969,-0.8299758,-0.2798612,-0.0462422,-0.1852104,9.94108,0.04309717,-0.8715205,59.375,-0.5,6.5,27.6795,-88.10432,-179.0166,0.6963882,0.6736273,-0.1777079,-0.1723073
45615,-0.8733222,-0.1047906,-0.8323647,-0.2880937,-0.05308526,-0.1828097,9.802212,0.1292915,-0.8332119,72.625,-2.875,5.5,26.19797,-87.99553,-176.8674,0.6960835,0.6718475,-0.1814649,-0.1765196
45627,-0.8775398,-0.1056589,-0.8349549,-0.2962783,-0.06099564,-0.1819576,9.677709,0.1676001,-0.8236348,89.75,-4.875,3.25,25.95222,-87.85287,-175.6503,0.6954235,0.6693935,-0.1872618,-0.1822957
45640,-0.881702,-0.1065916,-0.8374693,-0.3037479,-0.06806545,-0.183495,9.50532,0.1340801,-0.7996919,104,-6.5,1.375,26.39434,-87.69989,-174.9617,0.6944812,0.6665876,-0.1941279,-0.1888684
45651,-0.8857328,-0.1075507,-0.8399126,-0.3104661,-0.07387538,-0.1881903,9.256314,0.07661719,-0.7565947,109.875,-7.5,0.875,26.81529,-87.5496,-174.235,0.6934286,0.6636987,-0.2010615,-0.1955379
45663,-0.8898467,-0.108578,-0.8424553,-0.316363,-0.07899904,-0.1955337,9.055194,0.05267432,-0.6895547,109.5,-8,1.25,27.07992,-87.40407,-173.3548,0.6922926,0.6607672,-0.2079038,-0.2022216
45674,-0.8939852,-0.1096563,-0.8450882,-0.3211594,-0.08367801,-0.2043243,8.940269,0.06225147,-0.6225147,112.75,-8.5,0.125,27.72474,-87.26907,-172.8231,0.6909509,0.6577899,-0.2149975,-0.2089867
45686,-0.8982527,-0.1107996,-0.847892,-0.3261097,-0.08737236,-0.2142569,8.863651,-0.01436572,-0.5985718,119.75,-8.75,-2.625,28.84955,-87.13822,-172.6603,0.6892744,0.6545801,-0.2228446,-0.2162546
45697,-0.9026173,-0.111923,-0.8508052,-0.3357937,-0.08642799,-0.2241292,8.854074,-0.5315318,-0.6943433,118.625,-7.875,-6.875,29.34643,-87.00323,-171.8895,0.6876099,0.6512643,-0.2303697,-0.223556
45709,-0.9072223,-0.1129819,-0.8538544,-0.3533617,-0.08125064,-0.2339787,8.83492,-1.182778,-0.9768692,88.625,-3.75,-8.625,28.31075,-86.86568,-169.9705,0.6867391,0.6485534,-0.2351809,-0.2290368
45720,-0.9120418,-0.1139756,-0.8569881,-0.3740705,-0.07712366,-0.2432271,8.854074,-1.307281,-1.235452,34.75,4,-5.75,26.26285,-86.77785,-167.7444,0.6870025,0.6475382,-0.2355658,-0.2307177
45732,-0.9171951,-0.114995,-0.8602808,-0.3925716,-0.0776557,-0.2508304,8.992943,-0.9098291,-1.312069,-21.875,14.375,-0.875,23.85923,-86.81027,-165.9073,0.6880282,0.6488116,-0.2315176,-0.2281671
45743,-0.9224594,-0.1160662,-0.8636151,-0.4060077,-0.0826193,-0.2571628,9.098291,-0.4022402,-1.211509,-49.875,22.25,1.25,21.87635,-86.96855,-164.8508,0.6889534,0.6516094,-0.2255367,-0.2233419
45754,-0.9278504,-0.1172345,-0.8670378,-0.4148519,-0.08990429,-0.263382,9.127023,-0.02873145,-0.9912349,-56.375,27.625,1.125,20.36033,-87.2399,-164.3496,0.6892991,0.6552668,-0.2192074,-0.2178078
45766,-0.9333073,-0.118507,-0.8705281,-0.4209633,-0.09816735,-0.2692545,9.165331,0.1771773,-0.8140576,-49.25,29.25,-0.25,19.45116,-87.56522,-164.3604,0.6890742,0.6590438,-0.2136164,-0.2126171
45777,-0.938876,-0.1199093,-0.8741064,-0.4259346,-0.1072581,-0.2736947,9.285046,0.3016802,-0.7230747,-30.875,27.625,-3.25,19.955,-87.89577,-165.5509,0.6883318,0.6623932,-0.2097097,-0.2084624
45789,-0.9444839,-0.1214207,-0.8776979,-0.4316442,-0.1163333,-0.2764361,9.414337,0.2968916,-0.7326519,-10.5,24.625,-5.75,21.93719,-88.18404,-167.9493,0.6873097,0.6649836,-0.2076057,-0.2056747
45800,-0.9502868,-0.1230795,-0.8813731,-0.4391468,-0.125533,-0.2781309,9.495743,0.2490059,-0.8044805,7.25,21.5,-7.25,25.39642,-88.41724,-171.5963,0.6861638,0.6668457,-0.206981,-0.2040952
45812,-0.9559782,-0.1247788,-0.884919,-0.4478534,-0.1337195,-0.2790273,9.553205,0.1628115,-0.8475776,19.25,19.125,-8.25,29.77744,-88.59263,-176.0046,0.6850334,0.668101,-0.2073187,-0.2034435
45823,-0.9619542,-0.1266116,-0.8885587,-0.4584259,-0.1405921,-0.279207,9.610668,0.01436572,-0.8667319,25.5,16.875,-8.875,34.64468,-88.72605,179.1824,0.6839671,0.6689912,-0.2080983,-0.2033099
45835,-0.9681154,-0.1285245,-0.8922013,-0.4705796,-0.1461025,-0.2782078,9.701652,-0.1245029,-0.8906748,24.25,14.625,-8.625,39.0862,-88.81651,174.7792,0.6831786,0.6696526,-0.2086869,-0.2031799
45846,-0.974782,-0.1306072,-0.8960096,-0.4843858,-0.1513271,-0.2767052,9.735171,-0.1867544,-0.9194063,19,12.625,-8.25,43.31117,-88.87256,170.523,0.6827087,0.6702426,-0.2088415,-0.2026549
45858,-0.9813105,-0.1326562,-0.8996323,-0.4978978,-0.1562643,-0.276284,9.658554,-0.191543,-0.933772,11.25,10.75,-7.875,46.95424,-88.89235,166.7484,0.6826273,0.670798,-0.2084005,-0.2015425
45870,-0.9880077,-0.134772,-0.9032667,-0.5111167,-0.1614762,-0.2773736,9.543629,-0.1484458,-0.9241948,3.125,9.125,-7.125,50.11538,-88.88689,163.3489,0.6828718,0.6714015,-0.2073444,-0.199786
45881,-0.9949092,-0.1369791,-0.9069591,-0.5227621,-0.1671838,-0.2796852,9.452645,-0.03352002,-0.8380005,-3.375,6.5,-6.75,53.40688,-88.85311,159.7318,0.6833764,0.6720452,-0.2058825,-0.1973942
45893,-1.002058,-0.1393161,-0.9107471,-0.5324706,-0.1740734,-0.28216,9.443069,0.1436572,-0.7565947,-2.375,2.625,-7.625,57.45066,-88.76299,155.3695,0.6840194,0.6725056,-0.2047659,-0.1947427
45905,-1.00925,-0.1417322,-0.9145231,-0.5414701,-0.1818787,-0.2842524,9.467011,0.258583,-0.775749,6,-1.5,-9.375,61.18205,-88.60101,151.4348,0.6847232,0.6724871,-0.2046371,-0.1924549
45917,-1.016573,-0.1442456,-0.9183151,-0.5512968,-0.1892207,-0.285478,9.529263,0.225063,-0.8380005,17.5,-5.375,-11.5,63.60747,-88.37514,148.9592,0.685472,0.6718777,-0.2056144,-0.1908699
45928,-1.023707,-0.1467295,-0.9219427,-0.561157,-0.1953865,-0.2853459,9.629823,0.1771773,-0.8667319,25.125,-8.25,-12.75,64.88693,-88.12445,147.7283,0.6862234,0.6709113,-0.2072033,-0.1898477
45939,-1.031154,-0.1493566,-0.925657,-0.5706292,-0.2013068,-0.2846187,9.67292,0.2059087,-0.8475776,29.75,-11,-13,65.57352,-87.84224,147.1525,0.6870445,0.6696479,-0.2092521,-0.1890905
45951,-1.038805,-0.152097,-0.929409,-0.57914,-0.2074499,-0.2840255,9.658554,0.2873144,-0.8284234,35.25,-13.625,-12.875,65.92265,-87.53082,146.9874,0.6878893,0.6680865,-0.2118303,-0.1886708
45962,-1.038805,-0.152097,-0.929409,0,0,0,9.663342,0.3735088,-0.8236348,45.375,-16.375,-12.75,66.02048,-87.20131,147.1977,0.6886371,0.6661673,-0.215173,-0.1889465
45975,-1.038805,-0.152097,-0.929409,0,0,0,9.749537,0.4788574,-0.900252,62.75,-19.125,-14.125,66.2194,-86.78953,147.5785,0.6892188,0.6633963,-0.2204862,-0.1904431
45986,-1.038805,-0.152097,-0.929409,0,0,0,9.811789,0.4980117,-1.019966,87,-20.625,-16.875,66.65321,-86.36186,148.0094,0.6892937,0.6600321,-0.2275608,-0.1935147
45998,-1.038805,-0.152097,-0.929409,0,0,0,9.749537,0.2394287,-1.096583,105,-20.875,-19.625,66.94561,-85.94334,148.7959,0.6889639,0.6561732,-0.2357633,-0.1979423
46009,-1.038805,-0.152097,-0.929409,0,0,0,9.653766,-0.1149258,-1.139681,106.625,-20,-20.625,66.87557,-85.55684,149.9747,0.6885357,0.6521741,-0.2438365,-0.2028087
46021,-1.038805,-0.152097,-0.929409,0,0,0,9.601091,-0.2681602,-1.225875,91.25,-17.5,-19.625,66.64523,-85.19849,151.1586,0.6883066,0.6484706,-0.2507882,-0.2069425
46033,-1.038805,-0.152097,-0.929409,0,0,0,9.577148,-0.09577148,-1.379109,77.875,-14,-19.375,66.88924,-84.8607,151.6828,0.6881305,0.6453781,-0.2567227,-0.2098976
46044,-1.038805,-0.152097,-0.929409,0,0,0,9.423914,0.04309717,-1.508401,74.25,-9.5,-20.625,67.683,-84.55331,151.5921,0.6876886,0.6427664,-0.2623535,-0.2123827
46056,-1.038805,-0.152097,-0.929409,0,0,0,9.17012,0.2346401,-1.513189,75.5,-4.125,-22.25,69.22265,-84.27809,150.7887,0.6866644,0.6405575,-0.2683327,-0.2148853
46068,-1.038805,-0.152097,-0.929409,0,0,0,9.040829,0.3160459,-1.355167,85.375,0.25,-25.125,71.58085,-84.03954,149.3462,0.6846665,0.6385115,-0.2754955,-0.2182596
46080,-1.03892,-0.1521405,-0.9295431,-0.008460778,-0.003177401,-0.009812118,8.844497,0.3064688,-1.197144,90,2.375,-26.125,74.06472,-83.84444,147.8202,0.6822265,0.6366591,-0.2827459,-0.2220067
46093,-1.039163,-0.1522267,-0.9298081,-0.01700617,-0.006040052,-0.0185667,8.949845,0.3352002,-1.177989,97,3.375,-27.25,76.74354,-83.64483,146.2425,0.6792653,0.6345837,-0.2908823,-0.2264727
46104,-1.039485,-0.1523389,-0.9301413,-0.02534847,-0.008818827,-0.02618053,8.959422,0.3399888,-1.240241,113.5,4.25,-30.625,79.30701,-83.44202,144.8744,0.676025,0.6322254,-0.2994921,-0.2314859
46115,-1.039948,-0.152455,-0.930585,-0.03583055,-0.008998645,-0.03439904,8.940269,0.1101372,-1.206721,133.25,5.75,-35.5,82.05344,-83.23975,143.6001,0.6719244,0.6292626,-0.3096637,-0.238022
46127,-1.040631,-0.1525161,-0.9311468,-0.05130326,-0.004588018,-0.04217342,9.031251,-0.3543545,-1.192355,136.75,7.5,-38.25,84.61391,-83.07661,142.6138,0.6674151,0.6260164,-0.3200719,-0.2453865
46138,-1.041517,-0.1524956,-0.931773,-0.0691615,0.001600179,-0.04886578,9.112657,-0.6081489,-1.216298,115.5,11.25,-36.125,86.78771,-82.99633,141.6853,0.6634872,0.623669,-0.3280556,-0.2513984
46150,-1.042643,-0.1524169,-0.9324801,-0.086993,0.006084349,-0.05466207,9.174909,-0.4884346,-1.283338,85,15.875,-30.375,88.84301,-82.98608,140.4907,0.6602217,0.6225384,-0.3334862,-0.2556173
46161,-1.044007,-0.152307,-0.9332578,-0.1031139,0.008302424,-0.05878592,9.294622,-0.225063,-1.288126,62.875,21.25,-25.125,91.14037,-83.04216,138.7784,0.6572152,0.6225584,-0.3370852,-0.2585783
46173,-1.04551,-0.1521934,-0.9340661,-0.1163007,0.008796589,-0.06255494,9.3042,0.02873145,-1.216298,58.875,25.125,-22.75,93.77349,-83.12611,136.6633,0.6540608,0.6230637,-0.3401912,-0.261278
46184,-1.047148,-0.1520935,-0.934927,-0.1268772,0.007733779,-0.06668173,9.265891,0.2777373,-1.130104,68.25,27.5,-21.625,96.81016,-83.20918,134.2637,0.6503535,0.6234622,-0.3439559,-0.2646311
46196,-1.048932,-0.1520424,-0.935869,-0.1349358,0.003863315,-0.07122888,9.218005,0.5937832,-1.115738,91.125,28.375,-22.5,100.3553,-83.23894,131.6725,0.6456161,0.6231083,-0.3497386,-0.2694416
46207,-1.050748,-0.1520624,-0.9368356,-0.1430895,-0.001572986,-0.076172,9.160542,0.6656118,-1.206721,126.75,28.875,-25.625,103.9249,-83.2054,129.4729,0.6398696,0.6213399,-0.3580118,-0.2762813
46218,-1.052812,-0.152141,-0.9379149,-0.1583413,-0.006028147,-0.08279268,9.074348,0.1819658,-1.403052,164.25,30.875,-31.5,107.4495,-83.15347,127.8537,0.632706,0.6177491,-0.3691335,-0.2860237
46230,-1.055184,-0.1522532,-0.9391054,-0.1819443,-0.008609297,-0.09132751,8.978577,-0.4549146,-1.575441,179.25,34.625,-37.25,110.886,-83.12582,126.5287,0.624846,0.613308,-0.381036,-0.2970394
46242,-1.058094,-0.1523811,-0.9404799,-0.2145831,-0.009433784,-0.1013667,8.949845,-1.063064,-1.68079,162.75,40.5,-40,114.5367,-83.17482,124.8606,0.6169215,0.6093476,-0.3916264,-0.3077858
46253,-1.061152,-0.1524948,-0.9418378,-0.2478508,-0.009211148,-0.1100296,9.026463,-1.364744,-1.666424,120.75,46.75,-38.125,118.1401,-83.30534,122.5468,0.6107881,0.6076135,-0.3978649,-0.3153526
46264,-1.064847,-0.1526281,-0.9433811,-0.2821784,-0.01018282,-0.1178824,9.131811,-1.249818,-1.618538,65.875,52.75,-33.25,122.5205,-83.5005,118.8156,0.6059349,0.6085264,-0.4001534,-0.3200249
46276,-1.068943,-0.1528063,-0.9450057,-0.3127857,-0.01360131,-0.1240521,9.241948,-0.8906748,-1.556287,21.875,57.125,-26.75,127.5017,-83.70889,113.904,0.6024808,0.6116678,-0.3990217,-0.3219643
46288,-1.073787,-0.1530946,-0.9468365,-0.3415013,-0.02032701,-0.1290749,9.33772,-0.4884346,-1.489247,-11.625,61.125,-19.25,133.6023,-83.92931,107.3991,0.5999171,0.6168919,-0.3948559,-0.3219205
46300,-1.078821,-0.1534915,-0.9486433,-0.3675626,-0.02897905,-0.1319103,9.481377,-0.2777373,-1.460515,-24.5,63.875,-14.125,140.0446,-84.10774,100.3885,0.5978966,0.6225517,-0.3895836,-0.3212066
46312,-1.083984,-0.1540065,-0.9503797,-0.3918065,-0.03908041,-0.1317717,9.701652,-0.1245029,-1.436572,-26.375,65.875,-10.875,146.683,-84.21845,93.17744,0.5959703,0.6280753,-0.384202,-0.3205146
46323,-1.089291,-0.154648,-0.95204,-0.4127737,-0.04989782,-0.1291493,9.888406,0.1197144,-1.278549,-15.125,66.625,-9,153.4844,-84.23044,85.95975,0.5935247,0.6330801,-0.3797196,-0.3205482
46335,-1.094863,-0.155425,-0.9536775,-0.4324574,-0.06030475,-0.1270878,9.850098,0.191543,-1.082218,10,64.5,-10.5,160.0006,-84.13184,79.34619,0.5901489,0.6369957,-0.3771916,-0.3220049
46346,-1.100853,-0.1563376,-0.9553801,-0.4527239,-0.06897645,-0.1286831,9.586726,0.08619434,-0.8523662,41.375,59.875,-14.375,165.8603,-83.93648,73.79604,0.5856544,0.6394883,-0.3771873,-0.3252589
46358,-1.106921,-0.1573056,-0.9570985,-0.4710671,-0.07514316,-0.1333932,9.342508,0.07182861,-0.5602632,65.25,54,-17.25,170.6576,-83.68031,69.60066,0.5805563,0.6407321,-0.3791706,-0.3296156
46369,-1.113256,-0.1583751,-0.958899,-0.4872084,-0.08225539,-0.1384832,9.299411,0.2729487,-0.4549146,88.125,47.125,-18.25,174.2946,-83.3834,66.86334,0.5748605,0.6406476,-0.3832726,-0.3349749
46380,-1.119704,-0.1595575,-0.9607318,-0.5009725,-0.09186669,-0.1423945,9.366451,0.5411089,-0.4932232,117.75,40,-17.375,176.7296,-83.09491,65.69723,0.5685499,0.6387512,-0.3898863,-0.3416674
46392,-1.126453,-0.1608938,-0.9626172,-0.5140823,-0.1017863,-0.1436167,9.567572,0.6464576,-0.4261831,155.875,33.75,-18.625,178.4373,-82.80603,65.77975,0.56085,0.6346894,-0.3997002,-0.350509
46403,-1.133305,-0.1623461,-0.9644425,-0.5286782,-0.1120578,-0.1408301,9.888406,0.6033604,-0.4884346,212.375,27,-24.75,179.1967,-82.50517,67.51427,0.5511238,0.6276081,-0.4139079,-0.3620096
46415,-1.140483,-0.163945,-0.9662318,-0.5503487,-0.1225957,-0.1371938,10.02249,0.1340801,-0.6943433,257.75,22.75,-31.125,179.4336,-82.2334,70.37449,0.5395738,0.6175762,-0.4314691,-0.3758912
46426,-1.14804,-0.1656386,-0.9679942,-0.5843956,-0.130957,-0.1362863,9.950658,-0.8763091,-0.8188462,269.875,21.5,-34.875,179.8164,-82.07764,73.21715,0.5277672,0.6060972,-0.4489569,-0.3905708
46438,-1.156252,-0.1674446,-0.9698181,-0.6284326,-0.1382013,-0.1395704,9.735171,-1.690367,-0.8571548,232.5,22.25,-33.25,-179.377,-82.06249,75.18294,0.5176651,0.5955468,-0.4629964,-0.4037094
46449,-1.165017,-0.1693183,-0.9717382,-0.6748555,-0.1442778,-0.1478451,9.376028,-2.01599,-0.7565947,144.875,23.75,-23,-177.9416,-82.22567,75.36909,0.5120159,0.5889293,-0.4698459,-0.4126097
46461,-1.174497,-0.1712958,-0.9738736,-0.7170741,-0.1495699,-0.1615177,8.921114,-1.776561,-0.584206,45.875,24.125,-8.375,-175.8728,-82.54375,73.64442,0.5114725,0.5870196,-0.4691742,-0.4167486
46472,-1.183973,-0.1732634,-0.9761323,-0.7476064,-0.1552342,-0.1782036,8.533239,-1.101372,-0.4644917,-37.875,23.125,6,-173.521,-82.91313,70.56303,0.5151235,0.5892133,-0.4627315,-0.4163595
46484,-1.194055,-0.1754225,-0.9787179,-0.7669873,-0.1642521,-0.1966974,8.332119,-0.2011201,-0.4788574,-79.75,20.75,14.125,-171.2959,-83.23873,67.03304,0.5208225,0.5936448,-0.4536234,-0.4129837
46495,-1.204237,-0.1776928,-0.9814852,-0.7821653,-0.174401,-0.2125743,8.485353,0.1005601,-0.4692803,-79.125,18.125,14.375,-169.3586,-83.50484,63.80971,0.5263137,0.5979604,-0.4450065,-0.4091534
46507,-1.215444,-0.180262,-0.9846084,-0.8023804,-0.1839491,-0.2236128,8.940269,-0.2059087,-0.4261831,-84.875,14.5,15.625,-167.1236,-83.85094,60.10971,0.5328967,0.6023945,-0.4351223,-0.4047354
46519,-1.226094,-0.1827476,-0.9876062,-0.8223639,-0.1919336,-0.2314873,9.127023,-0.3687202,-0.3878745,-121.25,11.875,23.875,-164.3407,-84.27258,55.49698,0.5411744,0.6076013,-0.4229256,-0.3988546
46530,-1.237024,-0.1853428,-0.990744,-0.8355235,-0.1983858,-0.2398595,9.040829,0.004788574,-0.1005601,-168.125,6.375,36.125,-160.6092,-84.75402,49.30477,0.5519323,0.6144584,-0.4068942,-0.3901907
46542,-1.247869,-0.1879954,-0.9939925,-0.8354074,-0.2043446,-0.2502507,8.801399,0.8236348,0.3160459,-186.5,-4.25,45.5,-156.862,-85.21513,42.87815,0.5633781,0.6215394,-0.3899252,-0.3798057
46554,-1.259052,-0.1908894,-0.9975685,-0.8230644,-0.2129795,-0.2631737,8.605068,1.608961,0.5411089,-165.625,-21,50.875,-154.3163,-85.74734,37.81118,0.5748032,0.6269814,-0.374578,-0.3690352
46565,-1.269804,-0.1938682,-1.001259,-0.8079453,-0.2238539,-0.2773411,8.49972,1.81487,0.450126,-109.375,-39.875,48.75,-154.2775,-86.41494,36.0473,0.5845132,0.6285713,-0.3647811,-0.3608007
46577,-1.280222,-0.1969239,-1.005067,-0.7960507,-0.2334677,-0.2909122,8.552394,1.517978,0.3304116,-47.375,-55.875,42.625,-157.241,-87.22103,38.11719,0.5924791,0.626465,-0.3604111,-0.3558287
46588,-1.290501,-0.2000162,-1.008974,-0.7912958,-0.2380541,-0.300826,8.854074,0.8044805,0.2729487,-1.25,-70.25,36.75,-165.2546,-88.16624,45.8339,0.5995976,0.6214002,-0.3596315,-0.353567
46600,-1.300708,-0.2030878,-1.012925,-0.7921863,-0.2384049,-0.3066258,9.184485,0.1963315,0.1867544,4,-79.875,36,167.3043,-89.11929,73.0443,0.6072934,0.615259,-0.359101,-0.3517067
46611,-1.311239,-0.2062178,-1.016994,-0.7963351,-0.2366721,-0.3077035,9.557994,-0.191543,0.01436572,-26.375,-85.875,41.625,75.05199,-89.09777,164.6576,0.617172,0.6093238,-0.3559399,-0.3480375
46623,-1.321516,-0.2092382,-1.02093,-0.7971476,-0.2342883,-0.305271,9.830943,-0.1197144,-0.009577149,-71.25,-88.75,50.625,46.80424,-87.96933,-168.2967,0.6287743,0.6048818,-0.3492723,-0.3417159
46634,-1.331744,-0.2122601,-1.02485,-0.7885358,-0.2329845,-0.3022212,9.902772,0.4166059,0.1149258,-106,-93,59.5,38.51863,-86.69228,-161.674,0.641707,0.6015234,-0.339997,-0.3328419
46646,-1.341732,-0.2153061,-1.028732,-0.7685961,-0.2344047,-0.2987788,9.984178,1.139681,0.2442173,-106.125,-99.5,63.375,35.39628,-85.38082,-160.2247,0.654444,0.5979812,-0.331051,-0.3233061
46657,-1.351493,-0.2184205,-1.032613,-0.7433929,-0.2371763,-0.2955311,10.00812,1.407841,0.191543,-74.875,-108.25,62.25,34.22332,-83.98953,-160.3361,0.6662581,0.5927128,-0.3246565,-0.3152616
46669,-1.360786,-0.2214903,-1.036412,-0.7206331,-0.2380585,-0.2946374,9.84052,1.106161,0.02394287,-38.75,-114,60.5,33.43333,-82.56046,-160.3434,0.6767777,0.5856898,-0.3208424,-0.3098383
46680,-1.369909,-0.2245504,-1.040295,-0.6997381,-0.2347055,-0.2977909,9.548417,0.6895547,0.009577149,-24.375,-117.125,60.5,32.51086,-81.09232,-160.0402,0.686932,0.5777673,-0.3176411,-0.3056364
46692,-1.378838,-0.2275488,-1.044322,-0.6781136,-0.2277101,-0.3058296,9.222795,0.4644917,0.09577148,-26.25,-118.75,61.5,31.53186,-79.62449,-159.7128,0.6970556,0.5697979,-0.3139694,-0.3014416
46703,-1.387199,-0.2303389,-1.04835,-0.6557661,-0.2188312,-0.3158955,9.088714,0.3543545,0.1292915,-33.5,-119,61.875,30.6352,-78.23434,-159.5412,0.7068036,0.5624256,-0.3097623,-0.2969068
46714,-1.39544,-0.2330617,-1.05259,-0.6317213,-0.2087238,-0.3250681,9.20364,0.2633716,0.03352002,-40.875,-118,60.375,29.85136,-76.84669,-159.5961,0.7166881,0.5552648,-0.3049564,-0.2916176
46726,-1.40405,-0.2358835,-1.057326,-0.6028845,-0.1975722,-0.3316071,9.481377,0.2633716,-0.1149258,-49.125,-114.625,58.75,29.11034,-75.39586,-159.8954,0.7272707,0.5480785,-0.299107,-0.2849953
46738,-1.411307,-0.2382544,-1.061562,-0.5738093,-0.1874671,-0.3348887,9.73996,0.3495659,-0.1484458,-54.75,-110.75,57.75,28.50169,-74.19787,-160.2854,0.7362187,0.5423875,-0.2935294,-0.2786369
46750,-1.418364,-0.2405384,-1.065937,-0.540813,-0.1750379,-0.3353035,10.03685,0.292103,-0.1197144,-61.875,-106.125,58.375,27.74161,-73.04858,-160.6557,0.745109,0.537227,-0.28699,-0.271729
46761,-1.425044,-0.2426293,-1.070341,-0.5061648,-0.158434,-0.3336876,10.25234,0.01436572,-0.04309717,-83.875,-100.75,62.375,26.60683,-71.96394,-160.964,0.7542907,0.5331031,-0.2781859,-0.2635512
46773,-1.431776,-0.2446039,-1.075109,-0.4674939,-0.1371283,-0.3311625,10.34811,-0.258583,-0.02873145,-126,-94,66.75,24.99188,-70.87379,-161.5441,0.7650414,0.530475,-0.2647843,-0.2513908
46785,-1.437132,-0.2460749,-1.07917,-0.4323472,-0.1187541,-0.3278523,10.4774,-0.3016802,-0.07661719,-158.5,-86.5,67.375,23.5053,-70.04586,-162.3597,0.7743494,0.5296518,-0.2509851,-0.23845
46796,-1.442296,-0.2474155,-1.083434,-0.3904959,-0.1013594,-0.3223884,10.69289,-0.1101372,-0.1053486,-180.5,-77.875,64.5,21.99583,-69.31712,-163.6106,0.7837405,0.5301732,-0.2348893,-0.2224735
46808,-1.446724,-0.2485514,-1.087497,-0.3450585,-0.08852871,-0.3166044,10.8126,0.2537944,-0.09577148,-183.875,-70.375,60,20.70513,-68.76218,-165.0519,0.7917668,0.5314904,-0.2193084,-0.2062212
46819,-1.450514,-0.2495792,-1.091509,-0.2947725,-0.07993995,-0.3121011,10.80781,0.6512461,0.004788574,-170.625,-64.25,55,19.60822,-68.34788,-166.5305,0.7984111,0.5331632,-0.2048179,-0.1905948
46831,-1.453731,-0.2505646,-1.095663,-0.2392121,-0.07327383,-0.3088461,10.7695,0.8380005,0.1149258,-141.875,-59.875,49.5,18.62779,-68.02848,-167.8574,0.8038075,0.534739,-0.1917846,-0.1765407
46842,-1.456098,-0.2514028,-1.099528,-0.1867851,-0.06612142,-0.3049366,10.84612,0.6991318,0.1197144,-118.875,-56.625,45.875,17.71633,-67.78903,-168.8239,0.8079054,0.535949,-0.1808687,-0.1653301
46853,-1.457821,-0.2521867,-1.103433,-0.1323408,-0.06022076,-0.2999814,10.92274,0.7326519,0.08140577,-110.5,-52.5,46.75,16.70971,-67.60098,-169.6458,0.8115128,0.5372582,-0.1699167,-0.1546903
46865,-1.458813,-0.2529439,-1.107236,-0.07706471,-0.05885785,-0.2956362,10.89401,1.019966,0.05746289,-98.875,-49,48.25,15.71769,-67.46783,-170.3275,0.8144801,0.5385755,-0.1596857,-0.1451171
46876,-1.459086,-0.2537553,-1.111106,-0.02076396,-0.0616378,-0.2939303,10.66894,1.249818,0.009577149,-62.625,-46.375,45,14.86652,-67.37756,-170.7141,0.8165542,0.5395016,-0.1518136,-0.1383104
46888,-1.458673,-0.2545838,-1.114932,0.03194945,-0.06406984,-0.2958783,10.34332,1.120526,-0.03352002,-17.875,-44.375,38.125,14.21115,-67.32507,-170.6782,0.8176219,0.5398582,-0.1473109,-0.1354521
46899,-1.45764,-0.2553889,-1.118846,0.07925577,-0.0617985,-0.3004723,10.02727,0.5889946,-0.191543,21.125,-41.25,30,13.64302,-67.29956,-170.1929,0.8178962,0.5397272,-0.1455421,-0.1362269
46911,-1.456087,-0.2560804,-1.1228,0.1198057,-0.0533592,-0.3050232,9.883617,-0.08619434,-0.4261831,30.375,-35.75,25,13.0036,-67.30618,-169.4862,0.8178266,0.5396469,-0.1443074,-0.1382622
46922,-1.454064,-0.256597,-1.126807,0.1553932,-0.03967077,-0.3077617,9.897983,-0.6656118,-0.6368804,9,-26.25,23.125,12.18988,-67.39062,-168.8658,0.8176801,0.5404684,-0.1414375,-0.1388837
46934,-1.451619,-0.2569109,-1.13082,0.1883825,-0.02418107,-0.3091432,9.931503,-0.9241948,-0.7518061,-36.75,-16.125,23.5,11.22746,-67.5753,-168.6883,0.8177307,0.5427426,-0.1354482,-0.1356504
46945,-1.448671,-0.257049,-1.134924,0.2221735,-0.01040775,-0.309332,10.00812,-0.8236348,-0.7901148,-87.25,-5.375,24.75,10.16417,-67.89573,-169.1085,0.8178608,0.5467585,-0.1259412,-0.127662
46956,-1.445442,-0.2570682,-1.138854,0.2552466,-0.001524513,-0.310652,9.931503,-0.5075889,-0.7470176,-129.625,3.25,27,9.111592,-68.31353,-170.0225,0.8178869,0.5518492,-0.11415,-0.1161604
46968,-1.441626,-0.2570659,-1.142997,0.2909649,0.0001815496,-0.315926,9.668132,0.07182861,-0.6225147,-152.5,9.25,27.125,8.170368,-68.85108,-171.4372,0.8174633,0.5579377,-0.1006963,-0.101585
46979,-1.437347,-0.2571469,-1.147229,0.327799,-0.006206396,-0.3241405,9.467011,0.708709,-0.4980117,-139.875,11.375,22.125,7.636918,-69.44622,-173.088,0.8163116,0.5640134,-0.08889738,-0.08730137
46991,-1.432251,-0.2573772,-1.151869,0.3656775,-0.01652666,-0.3330039,9.419126,0.9481377,-0.517166,-102.625,10.875,14.125,7.489981,-70.07639,-174.7378,0.8144383,0.5698377,-0.07972115,-0.07496522
47003,-1.427105,-0.2576935,-1.156258,0.397908,-0.02446104,-0.3394105,9.486166,0.7996919,-0.6368804,-66.25,10.75,5.625,7.614957,-70.63614,-176.0344,0.8123387,0.5746189,-0.07410856,-0.06653536
47015,-1.421437,-0.258058,-1.160815,0.4271007,-0.02746204,-0.3433608,9.601091,0.3878745,-0.7996919,-38.125,12.25,-1.375,7.841064,-71.19489,-177.0614,0.8099366,0.5791081,-0.07046796,-0.06058658
47026,-1.415635,-0.2583891,-1.165263,0.4517849,-0.02577856,-0.3463184,9.601091,0.01436572,-0.9241948,-29.75,15.375,-6.875,8.117377,-71.7434,-177.9836,0.8074441,0.5834029,-0.06762969,-0.05569028
47038,-1.409174,-0.2586717,-1.170034,0.4752144,-0.02078535,-0.3508639,9.462223,-0.2202744,-0.9385605,-39,20,-9.25,8.407172,-72.36628,-179.0712,0.8045857,0.588281,-0.06393392,-0.04979765
47050,-1.40251,-0.2588664,-1.174831,0.4965259,-0.01450752,-0.3574983,9.285046,-0.3112573,-0.900252,-64.375,24.875,-8.125,8.613461,-73.03144,179.5954,0.8015771,0.5935725,-0.05825863,-0.04185534
47061,-1.395818,-0.2590137,-1.179577,0.5153621,-0.01135023,-0.3654847,9.131811,-0.07661719,-0.9194063,-94.75,29.625,-4.625,8.812144,-73.7133,177.9006,0.7984843,0.599068,-0.05050417,-0.03145793
47073,-1.38894,-0.259189,-1.184411,0.5326936,-0.01357218,-0.3743548,9.026463,0.3639317,-0.9289834,-102.5,32.75,-3.875,9.273387,-74.40592,175.842,0.7951424,0.6046008,-0.04248131,-0.02004487
47084,-1.381845,-0.2594253,-1.18938,0.5485424,-0.01827152,-0.38414,8.930691,0.5889946,-0.9146177,-90.375,34.25,-6,10.04499,-75.09141,173.6286,0.7915676,0.6099733,-0.03557052,-0.009375925
47096,-1.374405,-0.2597298,-1.194592,0.5625027,-0.02301924,-0.3940981,8.901959,0.6225147,-0.9577149,-71.25,34.875,-9,11.09487,-75.76105,171.3647,0.7878355,0.615151,-0.03007377,-4.387766E-05
47107,-1.367008,-0.260082,-1.19977,0.5740283,-0.02733203,-0.4017788,9.026463,0.6464576,-1.039121,-51,34.5,-12.25,12.37601,-76.36359,169.1687,0.7842738,0.6198107,-0.02634956,0.007420759
47119,-1.359419,-0.2604716,-1.205049,0.5831147,-0.02993283,-0.4056411,9.289834,0.5698403,-1.192355,-26.75,33.625,-16.125,13.88524,-76.90782,167.0609,0.7808864,0.6240593,-0.02449863,0.01289799
47130,-1.35178,-0.2608428,-1.210325,0.5894127,-0.02864148,-0.4071477,9.447857,0.3208345,-1.340801,-12.25,33.5,-18.625,15.4226,-77.40473,165.1253,0.7777014,0.6279619,-0.02362975,0.01690959
47141,-1.344071,-0.2611589,-1.215632,0.5927634,-0.02430455,-0.4080037,9.476588,0.1292915,-1.484458,-8.75,34,-20.125,16.98565,-77.86745,163.2148,0.7746509,0.6316414,-0.02293451,0.02047542
47153,-1.336331,-0.2614001,-1.220968,0.5938017,-0.01850461,-0.409432,9.419126,0.05746289,-1.565864,-8.375,34.25,-22,18.67974,-78.2934,161.1819,0.7717053,0.6351339,-0.02232903,0.02402783
47164,-1.328605,-0.261526,-1.226348,0.593066,-0.009667246,-0.4129408,9.265891,-0.1436572,-1.594595,-9.5,33.375,-24.5,20.42397,-78.67631,159.0909,0.7689227,0.6383789,-0.02164187,0.02759937
47176,-1.320993,-0.2615045,-1.231746,0.5914456,0.001674337,-0.4194245,9.050406,-0.3208345,-1.556287,-19.75,31.875,-25.625,22.11295,-79.01971,156.931,0.7662998,0.6413773,-0.02011599,0.03186115
47187,-1.31321,-0.2613382,-1.237386,0.5899245,0.01260199,-0.4274862,8.954634,-0.2298516,-1.465304,-37.125,28.625,-24.5,23.83749,-79.32182,154.4896,0.7637529,0.644175,-0.01718938,0.03774437
47199,-1.305634,-0.261052,-1.242982,0.5874737,0.02219838,-0.4339181,9.055194,-0.08619434,-1.503612,-45.5,24.75,-23.5,25.48421,-79.5437,152.0296,0.761548,0.6464506,-0.01370195,0.0442547
47210,-1.297751,-0.2605922,-1.248922,0.5830128,0.03400151,-0.4392837,9.150966,-0.1484458,-1.623327,-47.625,21.125,-23.75,27.0172,-79.70277,149.6152,0.759609,0.6482904,-0.009779906,0.05116788
47222,-1.290561,-0.2600031,-1.254449,0.5775362,0.04731944,-0.4440477,9.17012,-0.292103,-1.719098,-50.75,19,-23.5,28.18153,-79.81403,147.6017,0.7580407,0.6496357,-0.005748316,0.05757298
47233,-1.283123,-0.2591864,-1.260306,0.5710992,0.06270554,-0.4496311,9.131811,-0.3591431,-1.752618,-59.25,17.625,-21.625,29.13958,-79.91921,145.6431,0.7564716,0.6508133,-0.0006305373,0.06474832
47245,-1.275741,-0.2581516,-1.266263,0.5639431,0.07905326,-0.4550901,9.146177,-0.3782974,-1.795715,-68,16.625,-19.125,29.84927,-80.02157,143.8112,0.7549136,0.6517861,0.005441167,0.07246172
47257,-1.267868,-0.2567534,-1.272784,0.5557278,0.09870467,-0.4603385,9.20364,-0.4644917,-1.838813,-72.75,15.875,-17.75,30.38214,-80.13294,141.9961,0.7532296,0.6526291,0.01264777,0.08099779
47269,-1.260336,-0.2551406,-1.279173,0.5486878,0.1174794,-0.4653982,9.218005,-0.4166059,-1.757407,-78.25,15.75,-15.25,30.79535,-80.26142,140.2613,0.7514159,0.6534043,0.02027619,0.0895877
47281,-1.253189,-0.2533877,-1.285346,0.5433321,0.1332686,-0.4692879,9.294622,-0.2298516,-1.618538,-82.125,15.125,-11.625,31.1484,-80.40331,138.5842,0.7494829,0.6541211,0.02804853,0.09805293
47292,-1.246245,-0.2515077,-1.291409,0.5388807,0.1458987,-0.470576,9.481377,0.0191543,-1.517978,-80.125,14.375,-6.875,31.41652,-80.56043,137.0367,0.7474847,0.6547841,0.0357208,0.1060587
47304,-1.239186,-0.24947,-1.297596,0.53391,0.1541103,-0.4678878,9.749537,0.4261831,-1.479669,-59.25,12.875,-3.5,31.72173,-80.69949,135.6866,0.7456923,0.6553647,0.04197952,0.1125958
47315,-1.232409,-0.2474102,-1.303523,0.5278898,0.1604449,-0.4617076,10.00333,0.6081489,-1.551498,-20,10.875,-3.125,31.95632,-80.79457,134.9385,0.7446238,0.6558207,0.04510106,0.1157607
47326,-1.225663,-0.2452343,-1.309404,0.5219243,0.1683503,-0.4549693,10.05601,0.483646,-1.565864,25.375,8.75,-2.875,31.95684,-80.88299,135.0071,0.744311,0.6563167,0.04504856,0.1149794
47338,-1.218952,-0.2429045,-1.315266,0.5167516,0.1793981,-0.4514262,9.84052,0.1771773,-1.527555,54.375,6.625,-1.5,31.55546,-80.99346,135.8541,0.7445119,0.6568347,0.04322882,0.1113625
47349,-1.212357,-0.2403975,-1.321084,0.5113944,0.1944006,-0.4510787,9.620246,-0.2011201,-1.585018,67.875,4.625,0.75,30.58729,-81.12874,137.4394,0.7450627,0.6572253,0.04094262,0.1061145
47361,-1.205615,-0.2375402,-1.32712,0.5046417,0.21387,-0.4518588,9.543629,-0.5458975,-1.723887,62.75,4.75,4,29.01183,-81.30814,139.5867,0.7456333,0.6575398,0.03952311,0.1005504
47372,-1.199272,-0.234578,-1.332897,0.49742,0.2322706,-0.4529317,9.50532,-0.5889946,-1.776561,47.5,5.75,7.75,27.22478,-81.50396,141.7229,0.7459387,0.6578349,0.0395716,0.09624385
47384,-1.1929,-0.2313614,-1.338813,0.4897158,0.2472406,-0.4547639,9.423914,-0.3639317,-1.738253,35.125,6.125,10.375,25.39818,-81.69603,143.7396,0.7460472,0.6581226,0.04051414,0.09298868
47395,-1.186551,-0.2279616,-1.344849,0.4820174,0.2580915,-0.4581982,9.285046,-0.1101372,-1.656847,31.625,4.625,12.25,23.5534,-81.85886,145.7247,0.746175,0.6583006,0.04162961,0.09016763
47407,-1.180454,-0.2245497,-1.350796,0.474479,0.2655358,-0.4628451,9.17012,0.07182861,-1.608961,35.625,2,13.125,21.7226,-81.97075,147.7388,0.7465038,0.6582779,0.04231034,0.08724792
47418,-1.174415,-0.2210187,-1.356844,0.4670695,0.2730893,-0.4677059,9.155754,0.009577149,-1.608961,37.5,-1.125,14.5,19.55948,-82.04996,150.1079,0.7470636,0.6580166,0.04301676,0.08402241
47430,-1.168202,-0.2172167,-1.363245,0.4592946,0.2810672,-0.4732624,9.117445,-0.05746289,-1.628115,30.375,-3.875,17,16.88746,-82.10196,152.8956,0.7477789,0.6574729,0.04457304,0.08105155
47442,-1.162143,-0.2133772,-1.369663,0.4518619,0.28636,-0.4786501,9.117445,0.07661719,-1.599384,24.25,-6.625,18.5,14.19936,-82.10519,155.6114,0.7485865,0.6566983,0.0465589,0.0787269
47453,-1.156327,-0.2095934,-1.375974,0.4449112,0.2894126,-0.482682,9.20364,0.1867544,-1.589807,27.375,-9.5,18.125,11.71037,-82.05233,158.1653,0.7495741,0.6557367,0.04810163,0.07638372
47465,-1.150493,-0.2056956,-1.382439,0.4378043,0.292542,-0.4852354,9.313777,0.1388687,-1.642481,31.875,-11.75,18,9.152394,-81.95348,160.8486,0.7507867,0.6545746,0.0493408,0.07360028
47477,-1.14466,-0.2016801,-1.389036,0.4305636,0.2963908,-0.4869033,9.376028,0.03830859,-1.699944,30.25,-12.75,18.25,6.515258,-81.82512,163.591,0.7520775,0.6532845,0.05080428,0.07083596
47488,-1.139133,-0.1977707,-1.395409,0.4237334,0.2997062,-0.4886286,9.361663,0.01436572,-1.719098,23.375,-12.5,18.875,4.04642,-81.69218,166.0705,0.7532191,0.6520368,0.05274764,0.06875154
47500,-1.133542,-0.193733,-1.401994,0.4167502,0.3009845,-0.4908298,9.323354,0.1245029,-1.719098,21,-11.875,17.75,1.883231,-81.54455,168.2119,0.7543079,0.6507924,0.05467277,0.06708156
47511,-1.128334,-0.1899098,-1.408257,0.4101842,0.3010835,-0.4932185,9.294622,0.1723887,-1.728675,25,-11.375,15.625,0.1882082,-81.39645,169.938,0.7553267,0.6496709,0.05594311,0.06541932
47523,-1.12298,-0.1859076,-1.414827,0.4038801,0.3019403,-0.4956619,9.299411,0.07182861,-1.728675,26.375,-10.5,14.125,-1.438607,-81.24916,171.6175,0.7563056,0.6486108,0.05708502,0.06361895
47534,-1.117809,-0.1819668,-1.421286,0.3981405,0.3033997,-0.4973043,9.356874,-0.01436572,-1.738253,21.875,-9,13.25,-2.935965,-81.12196,173.1096,0.7570917,0.6476988,0.05849092,0.06226745
47546,-1.112783,-0.1780753,-1.427658,0.3927816,0.304116,-0.4979951,9.428702,0.009577149,-1.738253,17.125,-7.375,12.25,-4.214627,-81.01554,174.3226,0.7576886,0.6469307,0.06007018,0.06148405
47557,-1.107773,-0.1741519,-1.434101,0.3871647,0.3031999,-0.4978934,9.486166,0.1149258,-1.757407,17.125,-5.25,10.875,-5.221114,-80.93009,175.2626,0.7581415,0.6463243,0.06141704,0.060945
47568,-1.102849,-0.170268,-1.440526,0.3815352,0.3009174,-0.4977857,9.486166,0.2011201,-1.752618,21.25,-3.125,9.375,-5.96775,-80.87041,175.9965,0.7584648,0.6459292,0.06222158,0.06029242
47580,-1.097862,-0.1663257,-1.447143,0.3761819,0.2974194,-0.4992297,9.376028,0.2633716,-1.695155,24.5,-1.75,8.75,-6.581315,-80.83213,176.6395,0.7586833,0.6457046,0.06266279,0.05948645
47591,-1.0931,-0.1625526,-1.453595,0.370921,0.293898,-0.5025418,9.227583,0.258583,-1.68079,27.875,-0.75,7.75,-7.071506,-80.80527,177.2024,0.7588568,0.6455819,0.06274123,0.05851444
47603,-1.088356,-0.1587509,-1.460189,0.3651529,0.292595,-0.50747,9.098291,0.07661719,-1.728675,29.875,0.375,5.625,-7.553841,-80.78133,177.7887,0.7590246,0.6454999,0.06263803,0.05734136
47614,-1.083687,-0.1549358,-1.466871,0.3591908,0.2934664,-0.5140207,8.969,-0.1005601,-1.752618,23.75,2.25,4.125,-8.070848,-80.77423,178.3339,0.7590528,0.6454942,0.06299385,0.05664027
47626,-1.07909,-0.1511175,-1.473644,0.353462,0.2936293,-0.5208866,8.949845,-0.05746289,-1.719098,13.5,4.125,3.625,-8.485645,-80.7954,178.6433,0.7588564,0.6456007,0.06399135,0.05693646
47637,-1.074568,-0.1473236,-1.480496,0.3477966,0.2917716,-0.5269462,9.016886,0.09577148,-1.690367,6.875,5.75,2.875,-8.674829,-80.84277,178.6396,0.7584801,0.6458182,0.06524835,0.05804732
47649,-1.070033,-0.143496,-1.487556,0.3419744,0.2886744,-0.5324005,9.074348,0.191543,-1.676001,6.625,6.75,1.75,-8.674157,-80.90652,178.4389,0.7580178,0.6461255,0.06635326,0.05939884
47660,-1.065769,-0.1398787,-1.494372,0.3363033,0.2852789,-0.5375751,9.079137,0.2346401,-1.666424,10.25,7.625,0.25,-8.511201,-80.97773,178.1317,0.7575489,0.646504,0.06698482,0.06054026
47672,-1.061446,-0.1361927,-1.501482,0.3305005,0.2818285,-0.5435813,9.031251,0.2394287,-1.642481,15.25,8.125,-1.375,-8.202479,-81.05743,177.7415,0.7570712,0.6469675,0.06712374,0.06140747
47683,-1.057214,-0.1325612,-1.508646,0.3251659,0.2790011,-0.5504609,8.969,0.1963315,-1.594595,18.375,7.75,-2.5,-7.847457,-81.1349,177.3478,0.7566276,0.6474416,0.06698243,0.06202884
47695,-1.052902,-0.1288269,-1.516179,0.3197959,0.2769424,-0.5586663,8.892383,0.1388687,-1.570652,20.125,7.375,-3.25,-7.480184,-81.20938,176.9658,0.7562116,0.6479113,0.06670111,0.06249709
47706,-1.048985,-0.1253957,-1.523223,0.3146907,0.2757064,-0.5659838,8.911537,0.09577148,-1.585018,20,7.125,-3.375,-7.181217,-81.27141,176.6525,0.7558616,0.6483034,0.06648958,0.06288983
47717,-1.044916,-0.1217729,-1.530755,0.3091613,0.2752287,-0.5721809,9.026463,0.04309717,-1.61375,19.25,7,-3.5,-6.916945,-81.33258,176.3641,0.7555081,0.6486866,0.06636985,0.06331043
47729,-1.040973,-0.118192,-1.53824,0.3037712,0.2759008,-0.5767324,9.146177,-0.03830859,-1.632904,17.25,7.25,-3.5,-6.744875,-81.39561,176.1434,0.755127,0.6490709,0.06647765,0.06380393
47741,-1.03677,-0.1142646,-1.546439,0.2971269,0.2776289,-0.5796032,9.285046,-0.09098291,-1.709521,10.375,8,-2.75,-6.689704,-81.46568,175.938,0.7546455,0.6494446,0.06727048,0.06485768
47753,-1.032763,-0.1104334,-1.554459,0.2907539,0.2780077,-0.5819387,9.323354,0.009577149,-1.676001,4.375,8.875,-2.125,-6.575597,-81.54992,175.5931,0.7540353,0.6498626,0.06846759,0.06649584
47765,-1.029057,-0.1068387,-1.562066,0.2848318,0.2762848,-0.5846638,9.289834,0.1771773,-1.618538,7.5,8.75,-2.875,-6.223112,-81.63062,175.0622,0.7534752,0.6502835,0.06915684,0.06799935
47776,-1.02544,-0.1032749,-1.56969,0.2787068,0.2745778,-0.5873742,9.289834,0.191543,-1.623327,18.75,8,-4.625,-5.712227,-81.69576,174.521,0.7530879,0.6506926,0.06887078,0.06866236
47788,-1.021931,-0.09972916,-1.577287,0.2724431,0.275272,-0.5898367,9.3042,0.0191543,-1.666424,24.125,7.5,-5.25,-5.3497,-81.74751,174.2004,0.7528174,0.6510592,0.06831239,0.06871192
47799,-1.018448,-0.09608593,-1.58505,0.2657771,0.2780453,-0.5924186,9.294622,-0.1292915,-1.709521,20.375,7.625,-4.375,-5.231277,-81.79673,174.0765,0.7525321,0.6513814,0.06824231,0.06885336
47811,-1.015089,-0.09244255,-1.592767,0.2586801,0.2805623,-0.5942385,9.347297,-0.1005601,-1.743041,16.25,7.875,-3.75,-5.140709,-81.84417,173.9261,0.7522242,0.651659,0.06850693,0.06932593
47822,-1.011813,-0.08877309,-1.60052,0.2512023,0.2813567,-0.5944803,9.467011,0.04309717,-1.752618,18.5,7.75,-3.875,-4.883817,-81.88829,173.6369,0.7519502,0.6519326,0.06847019,0.06976136
47834,-1.008672,-0.0851591,-1.608172,0.2440141,0.2807419,-0.5944028,9.495743,0.1532344,-1.71431,26.375,6.625,-4,-4.512554,-81.92056,173.3341,0.7518023,0.6521908,0.06776198,0.06963404
47845,-1.005561,-0.08146699,-1.615995,0.2366816,0.2808756,-0.5951472,9.433492,0.09577148,-1.71431,33.75,4.875,-3.5,-4.268721,-81.92963,173.2572,0.7518466,0.6523529,0.06660155,0.06875
47856,-1.002596,-0.07780225,-1.623722,0.2289356,0.2830353,-0.5967795,9.356874,-0.05746289,-1.776561,35.5,3.375,-2.75,-4.291041,-81.91141,173.4675,0.7520633,0.6523407,0.06554752,0.06749835
47868,-0.9997217,-0.07408503,-1.63151,0.2209099,0.2856547,-0.598493,9.347297,-0.09577148,-1.805292,31.625,2.625,-1.625,-4.463897,-81.88139,173.7782,0.752318,0.6522189,0.06490927,0.06644496
47879,-0.9969602,-0.07036428,-1.639273,0.2130816,0.2870943,-0.5989671,9.443069,-0.01436572,-1.795715,25.25,1.875,0,-4.69014,-81.8476,174.0565,0.7525436,0.6520233,0.06480704,0.06590652
47891,-0.9942786,-0.06661894,-1.647099,0.2049676,0.2862753,-0.5982208,9.534052,0.158023,-1.800504,25.375,1,0.375,-4.76611,-81.80264,174.1842,0.7528313,0.6517552,0.0645749,0.0655008
47902,-0.9917286,-0.06293512,-1.654838,0.1966622,0.2841139,-0.5968665,9.577148,0.2633716,-1.819658,33.625,-0.5,-0.5,-4.663519,-81.73542,174.2394,0.7533037,0.6514013,0.06358049,0.06455614
47914,-0.9892461,-0.05920181,-1.662691,0.1880811,0.2828479,-0.5949107,9.615458,0.191543,-1.862755,38.875,-1.5,-1,-4.601799,-81.65077,174.4087,0.7539154,0.6509698,0.062204,0.06309292
47925,-0.9892461,-0.05920181,-1.662691,0,0,0,9.586726,0.1388687,-1.896275,37.25,-1.875,-0.375,-4.650368,-81.56222,174.6596,0.7545309,0.6504936,0.06109143,0.06171789
47938,-0.9892461,-0.05920181,-1.662691,0,0,0,9.419126,0.1771773,-1.872333,34.75,-2.375,-0.5,-4.641854,-81.45686,174.8402,0.7552321,0.6498973,0.0600031,0.06047919
47949,-0.9892461,-0.05920181,-1.662691,0,0,0,9.251526,0.1867544,-1.829235,33.75,-3.5,-1.375,-4.547194,-81.34894,174.9063,0.7559305,0.6492669,0.05899715,0.05950588
47961,-0.9892461,-0.05920181,-1.662691,0,0,0,9.1366,0.2202744,-1.795715,29.75,-5.125,-2.5,-4.311597,-81.21128,174.7897,0.7567729,0.6484181,0.05809133,0.05894111
47974,-0.9892461,-0.05920181,-1.662691,0,0,0,9.127023,0.2968916,-1.776561,28.625,-6.25,-4,-3.883925,-81.06552,174.4628,0.7576477,0.6475073,0.05709808,0.05868722
47985,-0.9893351,-0.05923586,-1.66274,-0.006765872,-0.002589324,-0.003779793,9.17012,0.2873144,-1.795715,31.5,-7,-6,-3.346614,-80.9155,174.062,0.758558,0.6465889,0.0557837,0.05831622
47997,-0.9895231,-0.05928291,-1.662842,-0.0135309,-0.003387006,-0.007343808,9.198852,0.158023,-1.819658,30.375,-6.75,-7.5,-2.811822,-80.76107,173.6594,0.7594847,0.6456411,0.05447998,0.05798686
48009,-0.9897778,-0.05932469,-1.662975,-0.019787,-0.003244859,-0.01033859,9.218005,0.1053486,-1.853178,23.875,-5.875,-8.625,-2.297056,-80.62725,173.1856,0.7602433,0.6447892,0.05369973,0.05825339
48020,-0.9901232,-0.05937944,-1.66314,-0.02612758,-0.004141777,-0.01248463,9.285046,0.2059087,-1.862755,16.875,-4.5,-9.5,-1.616575,-80.50771,172.4548,0.7608598,0.6440025,0.0532546,0.05930581
48032,-0.9905339,-0.05947341,-1.663324,-0.03182549,-0.00728084,-0.01424844,9.313777,0.4022402,-1.81487,14.875,-3.875,-10.25,-0.7373326,-80.40312,171.4993,0.7613543,0.6433256,0.0527393,0.06074778
48043,-0.9910092,-0.05963169,-1.663543,-0.03660869,-0.01219224,-0.01682579,9.261103,0.5554746,-1.723887,20,-4.375,-11.75,0.3651926,-80.2972,170.3863,0.7618551,0.642705,0.0516021,0.06200423
48055,-0.9915389,-0.05983682,-1.663806,-0.04081617,-0.01580488,-0.02026719,9.198852,0.4788574,-1.699944,24.375,-5.5,-13,1.430246,-80.17727,169.3701,0.762445,0.6420377,0.05013906,0.06285824
48066,-0.9921321,-0.06006148,-1.664126,-0.04516182,-0.01710673,-0.02439246,9.146177,0.3304116,-1.743041,22.75,-6,-13.875,2.372948,-80.04372,168.459,0.7630941,0.6412781,0.04886771,0.06373203
48078,-0.9927747,-0.06029647,-1.664494,-0.04985561,-0.01823025,-0.02856402,9.127023,0.3543545,-1.790927,18.625,-5.5,-14.375,3.307121,-79.9099,167.5034,0.7636957,0.6405116,0.04787623,0.06497349
48089,-0.993499,-0.06057401,-1.664921,-0.05485461,-0.02102125,-0.0323379,9.155754,0.517166,-1.805292,18.625,-4.75,-15,4.411963,-79.77393,166.3759,0.7642572,0.6397799,0.04668026,0.06643571
48101,-0.9942714,-0.06090594,-1.665384,-0.05938832,-0.02552127,-0.03559354,9.189274,0.6847661,-1.771773,23.5,-4,-15.25,5.623642,-79.6483,165.2038,0.7647485,0.6391891,0.04500242,0.06761649
48112,-0.9950852,-0.06129124,-1.665888,-0.06380574,-0.03020749,-0.03947114,9.131811,0.7374405,-1.766984,28.875,-3.25,-14.75,6.781462,-79.53198,164.1529,0.7652072,0.638705,0.04299426,0.06830465
48123,-0.9959814,-0.06172478,-1.66647,-0.06870322,-0.03323655,-0.04462591,9.036039,0.6320918,-1.810081,30.75,-2,-13.625,7.766962,-79.42734,163.3025,0.7656309,0.6382933,0.04101438,0.06862076
48135,-0.9970421,-0.0622154,-1.66719,-0.0745874,-0.03449942,-0.05063737,9.00252,0.5219546,-1.872333,27,-0.375,-13.125,8.682558,-79.33168,162.4833,0.7659786,0.6379284,0.03932411,0.06912147
48147,-0.9980553,-0.06266032,-1.667898,-0.07980278,-0.03504462,-0.05575735,9.021674,0.5028003,-1.88191,21.75,1.625,-13.25,9.500178,-79.27048,161.6868,0.7661024,0.6377542,0.03820162,0.06998055
48159,-0.9991633,-0.06312272,-1.668673,-0.08489309,-0.03542746,-0.05941237,9.146177,0.5219546,-1.88191,17.125,3.75,-13.375,10.38464,-79.23579,160.7647,0.7660123,0.637769,0.03736608,0.07127327
48170,-1.000343,-0.06358828,-1.669482,-0.08943844,-0.03528284,-0.06125292,9.294622,0.5123774,-1.857967,11.375,6.125,-12.375,11.24185,-79.24183,159.794,0.7656471,0.6380328,0.03705113,0.07297944
48182,-1.001679,-0.06411807,-1.670377,-0.09315562,-0.03695314,-0.06246122,9.361663,0.6608232,-1.743041,0.875,8,-9.5,12.15739,-79.29637,158.5995,0.7648799,0.6385906,0.03768716,0.0757656
48194,-1.002872,-0.0646441,-1.671174,-0.09562421,-0.04217308,-0.0638836,9.332932,0.9768692,-1.604172,-3.375,8.375,-6.625,13.03851,-79.35797,157.4154,0.7640492,0.639187,0.03852598,0.07864264
48205,-1.004165,-0.06532069,-1.672045,-0.09791168,-0.05123694,-0.06600238,9.280257,1.264184,-1.503612,5.25,6.625,-4.75,14.03851,-79.40168,156.2017,0.7633104,0.6397546,0.038721,0.08106792
48217,-1.005448,-0.0660966,-1.672918,-0.09999969,-0.06044875,-0.06799228,9.285046,1.316858,-1.474881,19.5,4.25,-3.625,14.89634,-79.41888,155.3166,0.7628774,0.6401784,0.03798748,0.0821373
48228,-1.006758,-0.06698177,-1.6738,-0.1018729,-0.0688366,-0.06854343,9.399971,1.273761,-1.484458,32.25,1.25,-2.75,15.54999,-79.40844,154.7983,0.7627732,0.6404119,0.03650972,0.08195669
48240,-1.008144,-0.06801319,-1.674692,-0.1033072,-0.07688565,-0.06653854,9.596303,1.240241,-1.494035,45.125,-2,-2.375,16.05309,-79.36675,154.6079,0.7630094,0.6404462,0.03413254,0.08050053
48251,-1.00948,-0.06906781,-1.675484,-0.1050551,-0.08294275,-0.06226316,9.778269,1.139681,-1.589807,55.75,-4.125,-2.5,16.35882,-79.30196,154.7347,0.7635193,0.640285,0.03124363,0.07808563
48262,-1.010882,-0.07020004,-1.676198,-0.1079947,-0.08720928,-0.05496795,9.988966,1.019966,-1.757407,62.25,-4.625,-2.75,16.53025,-79.22198,155.0918,0.7642154,0.6399861,0.02792826,0.07491825
48274,-1.012319,-0.07137818,-1.676792,-0.1114702,-0.09138536,-0.04614593,10.0991,1.024755,-1.838813,63.375,-3.25,-2.75,16.72635,-79.1534,155.436,0.7648348,0.6397564,0.02454621,0.07167266
48285,-1.013833,-0.07266884,-1.67728,-0.1150039,-0.09802255,-0.03703618,10.09431,1.201932,-1.829235,66.5,-1.375,-3.375,17.15529,-79.09502,155.5993,0.7653207,0.639681,0.02064164,0.06831244
48297,-1.015363,-0.07404646,-1.677656,-0.1183081,-0.1065441,-0.02909611,10.00812,1.350378,-1.800504,75.5,-0.75,-4.875,17.80118,-79.03111,155.6512,0.7657827,0.6396595,0.01589438,0.06449802
48308,-1.016945,-0.07552709,-1.677946,-0.1214293,-0.1136675,-0.02225944,9.926715,1.230664,-1.800504,82.375,-0.5,-6.375,18.47129,-78.96806,155.777,0.7662525,0.6396397,0.01057093,0.0600553
48320,-1.018561,-0.07705737,-1.678151,-0.1247173,-0.118114,-0.01581478,9.90756,1.024755,-1.843601,75.625,0.25,-6.375,19.00596,-78.92191,155.9496,0.7666146,0.6396319,0.005926408,0.05601841
48331,-1.020232,-0.0786428,-1.678271,-0.1284778,-0.1218904,-0.009221856,9.912349,0.9768692,-1.891487,60.125,1.5,-6,19.50939,-78.89048,155.9557,0.7667966,0.6396739,0.00245206,0.05323793
48343,-1.021953,-0.08029673,-1.678293,-0.1323368,-0.1271856,-0.001672929,9.9746,1.110949,-1.901064,43.25,3.375,-6,20.1504,-78.87463,155.6039,0.7667229,0.6398648,8.981992E-05,0.05204891
48354,-1.023749,-0.08208686,-1.678197,-0.136009,-0.1355342,0.007265397,10.05601,1.364744,-1.872333,31.625,5.375,-6.25,21.04317,-78.87148,154.8495,0.76639,0.6402559,-0.001676289,0.05211618
48365,-1.025521,-0.08396324,-1.677988,-0.1394849,-0.1476766,0.01643824,10.07516,1.723887,-1.838813,31.75,6.625,-7.5,22.23104,-78.85687,153.7943,0.7659532,0.6407326,-0.003756733,0.05256782
48377,-1.027403,-0.08608988,-1.677667,-0.1434565,-0.1621659,0.02447732,9.945868,1.905853,-1.829235,41.375,7.125,-10.25,23.73494,-78.81238,152.5552,0.7655354,0.6412059,-0.006991456,0.05255023
48388,-1.029332,-0.08838608,-1.677289,-0.1478091,-0.1758865,0.02896727,9.67292,1.872333,-1.81487,52.5,7.125,-13.875,25.40144,-78.73494,151.3026,0.7652115,0.6415918,-0.01132305,0.05179876
48400,-1.03146,-0.09100389,-1.676871,-0.1529317,-0.188169,0.03002595,9.409549,1.728675,-1.81487,54.75,6.75,-17.375,27.23678,-78.61868,149.946,0.7649426,0.6418762,-0.01631579,0.05090867
48412,-1.033515,-0.09356862,-1.676495,-0.158525,-0.1977735,0.02900869,9.251526,1.623327,-1.857967,48.25,7,-20.625,28.99379,-78.48305,148.5575,0.764685,0.6420708,-0.02067465,0.05074051
48424,-1.035704,-0.09632172,-1.676145,-0.1650394,-0.2075622,0.02636161,9.112657,1.671212,-1.891487,37.5,8,-24,30.95801,-78.3117,146.8327,0.7643184,0.6422834,-0.0246595,0.05178215
48435,-1.037908,-0.09912504,-1.675849,-0.1716316,-0.2183264,0.02309005,9.031251,1.838813,-1.891487,32.125,9,-28.75,33.1469,-78.09689,144.8115,0.763847,0.6425207,-0.0286474,0.05370586
48447,-1.040316,-0.1022343,-1.675586,-0.1779724,-0.2298243,0.01944642,9.007308,1.934584,-1.834024,31.625,9.5,-33,35.64212,-77.82774,142.4914,0.7632343,0.6428218,-0.03322132,0.05612446
48458,-1.042602,-0.1052117,-1.675374,-0.1834268,-0.2389352,0.016951,9.079137,1.910641,-1.810081,30.375,9.125,-36.625,37.93709,-77.54457,140.3478,0.7626403,0.64307,-0.03753865,0.05858001
48469,-1.04508,-0.1084385,-1.675159,-0.1894265,-0.2466038,0.01646772,9.23716,1.886698,-1.853178,26,8.375,-40.125,40.27721,-77.20256,138.1152,0.7620342,0.6432311,-0.04192651,0.06164278
48481,-1.047594,-0.1117175,-1.674934,-0.1949709,-0.254285,0.01741493,9.328143,2.01599,-1.834024,23.875,6.875,-43.125,42.54445,-76.80801,135.9284,0.7614685,0.6432594,-0.04635188,0.0650741
48493,-1.050226,-0.1151859,-1.674699,-0.1993827,-0.2627956,0.01783197,9.270679,2.169224,-1.728675,28.625,3.75,-46.5,44.80128,-76.3275,133.8157,0.7610306,0.6430263,-0.05155258,0.06849911
48504,-1.052823,-0.1186263,-1.674485,-0.2034497,-0.2694942,0.01677985,9.155754,2.140493,-1.709521,38.25,-0.125,-50.5,46.78405,-75.78752,132.0973,0.7609156,0.6423677,-0.0574823,0.07118221
48515,-1.055539,-0.1221604,-1.674299,-0.2090122,-0.2719862,0.01429243,9.064771,1.901064,-1.834024,46.875,-3.125,-55.25,48.51848,-75.17786,130.7523,0.7611636,0.6412077,-0.06425121,0.07317483
48527,-1.058356,-0.1256779,-1.674162,-0.2159514,-0.2696205,0.01047409,8.997731,1.618538,-1.953738,43,-3.375,-57.875,50.02058,-74.56259,129.6013,0.7614759,0.6399164,-0.07066262,0.07528768
48538,-1.061219,-0.129096,-1.674087,-0.2223841,-0.2655253,0.005839115,8.945057,1.575441,-1.929795,30.5,-2.5,-58.25,51.41225,-73.97217,128.3991,0.7615592,0.6388416,-0.07600383,0.07830986
48550,-1.064209,-0.1325328,-1.674088,-0.2274625,-0.2614699,-8.23657E-05,8.854074,1.676001,-1.810081,17.5,-2.125,-57.125,52.77411,-73.38644,127.0578,0.7613697,0.6380055,-0.08040772,0.08246176
48561,-1.067213,-0.1358712,-1.674182,-0.2316952,-0.2574773,-0.007194318,8.748725,1.762195,-1.738253,10.375,-2.625,-56.125,54.00739,-72.81328,125.7497,0.761078,0.637256,-0.08413543,0.08709928
48572,-1.070273,-0.1391616,-1.674397,-0.2354562,-0.2531431,-0.01654503,8.576337,1.800504,-1.676001,7.125,-3.375,-55.125,55.11509,-72.24402,124.5226,0.7607621,0.6365011,-0.08750635,0.09192415
48584,-1.073364,-0.1423718,-1.674759,-0.2383683,-0.2476099,-0.02796049,8.437468,1.766984,-1.589807,6.5,-4.125,-53.75,56.08707,-71.69987,123.421,0.760438,0.6357671,-0.09058756,0.09658232
48595,-1.076509,-0.1455049,-1.67528,-0.240631,-0.2397102,-0.03985957,8.447045,1.676001,-1.541921,5.375,-4.625,-51.125,56.9024,-71.20277,122.4578,0.7601181,0.6350895,-0.09319166,0.1009806
48607,-1.079655,-0.148474,-1.675936,-0.2425151,-0.2288502,-0.05057807,8.581125,1.551498,-1.537132,-0.5,-4.5,-47,57.53586,-70.78783,121.5998,0.7597571,0.6345872,-0.09477375,0.1052915
48618,-1.082871,-0.1513106,-1.676706,-0.2442829,-0.2154705,-0.05849909,8.83492,1.508401,-1.565864,-10.25,-3,-40.75,58.03444,-70.46881,120.7423,0.7592274,0.6344146,-0.09498408,0.1098626
48630,-1.08601,-0.1538849,-1.677509,-0.2457187,-0.2015371,-0.06285869,9.098291,1.565864,-1.58023,-12.625,-0.875,-35.25,58.45712,-70.24043,119.9386,0.7585686,0.6345356,-0.09452613,0.1140316
48641,-1.089231,-0.156319,-1.678358,-0.2465646,-0.1863531,-0.06500281,9.289834,1.589807,-1.551498,-6.875,1,-29.75,58.83615,-70.09148,119.2418,0.7578543,0.6348737,-0.09395716,0.1173209
48653,-1.092455,-0.1585367,-1.679202,-0.2471019,-0.1699409,-0.06463983,9.500531,1.58023,-1.551498,3,1.875,-24.625,59.12852,-70.01775,118.757,0.7572599,0.6352695,-0.09359296,0.1192916
48665,-1.096059,-0.1607416,-1.68011,-0.2478078,-0.1516281,-0.0624573,9.615458,1.623327,-1.565864,13.375,2.5,-18.375,59.34174,-70.01812,118.4739,0.7567896,0.6357247,-0.09342951,0.1199776
48676,-1.099126,-0.1624196,-1.680865,-0.2487511,-0.1361033,-0.06120355,9.567572,1.599384,-1.58023,28.25,2.625,-13,59.41656,-70.07773,118.5186,0.7566601,0.6360085,-0.09385572,0.1189528
48688,-1.099126,-0.1624196,-1.680865,0,0,0,9.514897,1.383898,-1.64727,39.375,3.375,-8.75,59.37244,-70.2149,118.8375,0.7567573,0.6362591,-0.0946069,0.1163707
48700,-1.099126,-0.1624196,-1.680865,0,0,0,9.50532,1.144469,-1.71431,38.375,5.25,-2.375,59.18848,-70.47475,119.3003,0.7568586,0.6367542,-0.09458947,0.1129695
48712,-1.099126,-0.1624196,-1.680865,0,0,0,9.57236,1.168412,-1.771773,31.375,7.25,3.75,58.95317,-70.79208,119.7045,0.7568029,0.637494,-0.09361058,0.1099444
48723,-1.099126,-0.1624196,-1.680865,0,0,0,9.687285,1.316858,-1.824447,28.5,9.125,9.5,58.69396,-71.1475,120.0856,0.7566373,0.6384014,-0.09215324,0.1070118
48735,-1.099126,-0.1624196,-1.680865,0,0,0,9.70644,1.484458,-1.838813,32,10.5,15,58.39142,-71.55354,120.5532,0.7564448,0.6394258,-0.09063713,0.1034939
48746,-1.099126,-0.1624196,-1.680865,0,0,0,9.577148,1.503612,-1.805292,39.5,10.875,18.5,58.04464,-71.97168,121.15,0.7563302,0.6403829,-0.08950157,0.0993171
48757,-1.099126,-0.1624196,-1.680865,0,0,0,9.428702,1.374321,-1.78135,42.5,11,22,57.58158,-72.43632,121.9021,0.7562739,0.6413464,-0.08824259,0.09454036
48769,-1.099126,-0.1624196,-1.680865,0,0,0,9.366451,1.245029,-1.752618,35.25,10.625,25.875,56.9564,-72.95808,122.7228,0.756183,0.6424146,-0.08602832,0.08994388
48780,-1.099126,-0.1624196,-1.680865,0,0,0,9.356874,1.273761,-1.628115,21.875,9.125,30.5,56.2235,-73.49132,123.4612,0.7559857,0.6435721,-0.08261191,0.08646356
48792,-1.099126,-0.1624196,-1.680865,0,0,0,9.299411,1.522767,-1.551498,23.5,5.5,31.5,55.397,-73.9701,124.3017,0.7559733,0.644421,-0.07945821,0.08314092
48803,-1.099126,-0.1624196,-1.680865,0,0,0,9.251526,1.508401,-1.608961,43,0.625,28.375,54.37834,-74.36739,125.5886,0.7565239,0.6445503,-0.07798436,0.07838929
48815,-1.099126,-0.1624196,-1.680865,0,0,0,9.222795,1.091795,-1.666424,48.5,-2.5,26.75,53.11493,-74.74171,127.1863,0.7573879,0.6443024,-0.07677981,0.07309531
48826,-1.099171,-0.1622715,-1.680921,-0.003484441,0.011458,-0.004352164,9.184485,0.7518061,-1.642481,32.375,-4.5,28.125,51.58378,-75.13796,128.8422,0.7582546,0.6440717,-0.07404871,0.06883635
48839,-1.099277,-0.1619347,-1.681016,-0.007327051,0.02329659,-0.006609725,9.352086,0.7565947,-1.68079,8.875,-5.875,29.375,49.70769,-75.55879,130.5133,0.7591037,0.6438919,-0.06903265,0.0663273
48851,-1.099418,-0.1615228,-1.681087,-0.01053036,0.03067614,-0.005287923,9.557994,0.9912349,-1.704732,0.75,-7.125,28,48.01916,-75.87785,131.8979,0.759838,0.6436493,-0.06415001,0.06516543
48862,-1.099581,-0.1610798,-1.68115,-0.01248349,0.0339043,-0.004759249,9.467011,1.216298,-1.618538,7.25,-9.5,24.75,46.5068,-76.09947,133.1952,0.7606387,0.6431777,-0.06040153,0.06405251
48874,-1.099761,-0.1606036,-1.681265,-0.01348117,0.03572085,-0.008645254,9.141388,1.211509,-1.513189,23.125,-12.5,20.625,45.03543,-76.24471,134.6576,0.7616931,0.642339,-0.05819128,0.06195245
48886,-1.099968,-0.1600232,-1.681512,-0.01443369,0.04038889,-0.01722282,8.878016,0.9146177,-1.494035,34.25,-16,16.25,43.34801,-76.33596,136.4997,0.7631779,0.6409924,-0.0568881,0.05875454
48898,-1.10017,-0.1593752,-1.68189,-0.01519179,0.04876281,-0.02843871,8.686474,0.517166,-1.484458,30.875,-18.75,13.875,41.60043,-76.39832,138.3503,0.7647235,0.6395392,-0.05531874,0.05592323
48910,-1.100368,-0.1585924,-1.682449,-0.01494857,0.05922838,-0.04227605,8.523663,0.2729487,-1.412629,18.125,-20.5,13,39.76015,-76.453,140.1261,0.7662295,0.6381124,-0.05270665,0.05410114
48921,-1.10054,-0.1577096,-1.683163,-0.01342492,0.06873214,-0.05555687,8.542816,0.2825259,-1.350378,5.375,-22.25,12,38.02137,-76.47509,141.6365,0.7676248,0.6367437,-0.04938624,0.05357904
48933,-1.10069,-0.1567131,-1.684008,-0.01167273,0.07741176,-0.06568754,8.772668,0.3447773,-1.412629,2,-22.375,10,36.41688,-76.46095,142.9702,0.7689754,0.6353586,-0.04608409,0.05359547
48944,-1.100824,-0.1555408,-1.685005,-0.009937223,0.08734746,-0.07424455,8.921114,0.2633716,-1.484458,4.75,-21,7.125,34.8937,-76.43195,144.2547,0.770291,0.6339821,-0.04307261,0.05350911
48956,-1.100924,-0.1542828,-1.686067,-0.007890285,0.09927427,-0.08381867,8.83492,0.01436572,-1.465304,4.625,-19,4,33.55885,-76.41935,145.3717,0.7713522,0.6328803,-0.04031232,0.05341743
48967,-1.100996,-0.1527851,-1.687331,-0.005563088,0.1149954,-0.0970469,8.614645,-0.3160459,-1.431784,-2.625,-16.375,0.375,32.27095,-76.433,146.3538,0.7721865,0.6320258,-0.03701207,0.05386532
48978,-1.101037,-0.1510318,-1.688779,-0.003170675,0.1361787,-0.1124959,8.485353,-0.8044805,-1.426995,-22.125,-12.25,-3.125,31.00767,-76.5034,147.0801,0.7726028,0.6316175,-0.03226926,0.05570433
48990,-1.101038,-0.1488974,-1.690448,-2.640602E-05,0.1620279,-0.1266605,8.648165,-1.130104,-1.436572,-57.25,-6.375,-3.625,29.74887,-76.66224,147.3374,0.7723315,0.6318594,-0.02468998,0.0604021
49001,-1.100989,-0.1464771,-1.692185,0.003736264,0.1872122,-0.134386,9.117445,-1.072641,-1.494035,-107.375,1.75,-0.125,28.65819,-76.92069,146.7973,0.7710341,0.6328728,-0.01354104,0.06924646
49013,-1.100886,-0.1437649,-1.693978,0.007903202,0.2081999,-0.1376007,9.428702,-0.6991318,-1.498824,-144.75,9,4.125,27.80997,-77.26012,145.5095,0.7686876,0.6344073,0.0003636463,0.08152734
49024,-1.100723,-0.1409211,-1.695828,0.01256042,0.2193558,-0.1427533,9.218005,0.02873145,-1.297704,-148.625,13.5,5,27.5431,-77.60677,143.5911,0.7656171,0.6361279,0.01391488,0.09475338
49036,-1.100494,-0.1380582,-1.697802,0.01762759,0.2202918,-0.1518723,8.854074,0.7805376,-1.024755,-104.625,12.625,-0.375,28.0634,-77.85015,141.4442,0.762729,0.637652,0.02319623,0.1053864
49047,-1.100198,-0.1351999,-1.699892,0.02277827,0.2198219,-0.1607132,8.86844,0.9098291,-0.9577149,-36.625,8.625,-8.25,28.90363,-77.97433,139.8642,0.7608702,0.6388121,0.02684364,0.1107937
49059,-1.099824,-0.1322211,-1.702102,0.02828979,0.2255423,-0.1673727,9.093503,0.4788574,-1.039121,25.625,4.375,-13.375,29.50866,-78.04813,139.3385,0.760177,0.639695,0.0260235,0.1106527
49070,-1.099402,-0.1292051,-1.70428,0.03327177,0.237333,-0.1713546,9.328143,0.01436572,-1.177989,58.75,3,-14.25,29.7483,-78.13065,139.603,0.7601182,0.6404466,0.02325278,0.1072741
49081,-1.098909,-0.1258675,-1.706543,0.03757665,0.254449,-0.1725782,9.57236,-0.3447773,-1.326435,76.375,4.375,-13.125,29.74264,-78.25855,140.3656,0.7602497,0.6413084,0.01948193,0.1018056
49093,-1.098372,-0.122287,-1.7088,0.04112512,0.2742639,-0.172821,9.658554,-0.5794175,-1.403052,78.75,7,-10.125,29.54184,-78.44788,141.3526,0.7602284,0.6423653,0.0159515,0.09573456
49105,-1.097769,-0.1182022,-1.711203,0.04379927,0.2968377,-0.1746164,9.548417,-0.7613833,-1.446149,69,9.875,-5.375,29.05037,-78.72382,142.5383,0.7598835,0.6436986,0.01351049,0.08970216
49117,-1.097169,-0.1140334,-1.713547,0.04581623,0.3181785,-0.1789732,9.342508,-0.8284234,-1.417418,57.375,11.625,-1.625,28.38683,-79.03278,143.7078,0.7592877,0.6451051,0.01237328,0.0846668
49128,-1.096549,-0.1095656,-1.715974,0.04716679,0.3401512,-0.1847461,9.232371,-0.9385605,-1.422207,49.125,12.625,-0.25,27.57076,-79.36111,144.9223,0.7585508,0.6465517,0.01200968,0.08017108
49140,-1.095935,-0.1048162,-1.718441,0.04728672,0.3658728,-0.1900489,9.270679,-1.292915,-1.527555,31.125,14.5,0.75,26.46277,-79.7184,146.1942,0.7576135,0.6480206,0.01328998,0.07690636
49152,-1.095305,-0.09948403,-1.72106,0.04667436,0.3946515,-0.1938356,9.395183,-1.484458,-1.589807,-4.375,18.25,3.75,25.0738,-80.15024,147.2743,0.7560712,0.6497812,0.01767069,0.07634529
49163,-1.09473,-0.09427718,-1.723493,0.04604347,0.4170817,-0.194886,9.562783,-1.182778,-1.54671,-31.75,21.625,5.875,23.9909,-80.5698,147.7244,0.7541304,0.6516152,0.02349761,0.07831214
49174,-1.094133,-0.08861348,-1.726025,0.0456559,0.4330705,-0.1936108,9.711228,-0.6368804,-1.422207,-35.25,23.25,5.625,23.4044,-80.9889,147.595,0.7518371,0.6536594,0.02931534,0.08130816
49185,-1.093544,-0.08288664,-1.728485,0.04567439,0.4439071,-0.1906764,9.826155,-0.2825259,-1.297704,-19.25,22.75,5.125,23.17827,-81.37225,147.3158,0.7496719,0.6556858,0.03351031,0.08333897
49197,-1.093544,-0.08288664,-1.728485,0,0,0,9.787846,-0.2442173,-1.206721,-5,21.5,7,22.80946,-81.76202,147.3519,0.7476397,0.6577251,0.03684797,0.08411182
49209,-1.093544,-0.08288664,-1.728485,0,0,0,9.658554,-0.2873144,-1.130104,6.25,19.5,10.25,21.99625,-82.17516,147.9663,0.7457372,0.6597713,0.03979957,0.08362968
49221,-1.093544,-0.08288664,-1.728485,0,0,0,9.610668,-0.3926631,-1.154046,15.375,17.875,11.75,20.85343,-82.5421,149.041,0.7442346,0.6615009,0.04205332,0.08223769
49232,-1.093544,-0.08288664,-1.728485,0,0,0,9.514897,-0.6081489,-1.192355,20.125,16.5,12.75,19.18665,-82.90018,150.7007,0.7429253,0.6630819,0.04422384,0.08017892
49243,-1.093544,-0.08288664,-1.728485,0,0,0,9.323354,-0.742229,-1.163624,13.5,15.5,14.5,17.00946,-83.25215,152.7834,0.7416367,0.6645288,0.04712734,0.07845802
49255,-1.093544,-0.08288664,-1.728485,0,0,0,9.280257,-0.6033604,-1.096583,5.625,14,16.375,14.5885,-83.5796,155.0024,0.7403449,0.6658281,0.05063343,0.0774509
49266,-1.093544,-0.08288664,-1.728485,0,0,0,9.347297,-0.292103,-1.039121,8.5,10.875,17.375,12.19356,-83.84512,157.2275,0.7392885,0.6668721,0.05368774,0.07649692
49278,-1.093569,-0.08287232,-1.728528,-0.001941474,0.001086072,-0.003255528,9.328143,-0.02394287,-1.000812,22.25,7.25,17.625,9.841649,-84.0426,159.5846,0.7386184,0.6676764,0.05547647,0.07465594
49290,-1.093632,-0.08286937,-1.728642,-0.00456602,0.0002161858,-0.00833369,9.198852,0.07182861,-1.000812,45.75,2.875,17,7.342043,-84.16404,162.4094,0.738515,0.6682201,0.05530377,0.07084442
49302,-1.093728,-0.08283948,-1.728843,-0.007363975,0.002275136,-0.01534528,9.036039,-0.2011201,-1.048698,68.25,-1.125,14.625,4.628685,-84.20721,165.7328,0.7389525,0.6684612,0.05346496,0.06519531
49313,-1.093858,-0.0827091,-1.729141,-0.009948531,0.01000261,-0.02286709,8.992943,-0.6991318,-1.106161,69.875,-3,13.5,1.270778,-84.21233,169.7213,0.7395416,0.6685069,0.05186504,0.05904885
49325,-1.094043,-0.08239102,-1.729541,-0.0133267,0.02294557,-0.02880964,9.127023,-1.101372,-1.225875,44.125,-2.75,14.875,-3.032694,-84.18935,174.3404,0.7399974,0.6683369,0.05269573,0.05433878
49337,-1.094278,-0.08194419,-1.72996,-0.018002,0.03426892,-0.03212235,9.280257,-1.082218,-1.359955,14.125,-1.25,16.75,-7.090691,-84.14175,178.302,0.7402006,0.6680134,0.05580811,0.05240848
49348,-1.094586,-0.08142436,-1.7304,-0.02354249,0.03968191,-0.03361014,9.414337,-0.6704004,-1.379109,-8.125,1.25,17.875,-10.49764,-84.10302,-178.6842,0.7400845,0.6677256,0.06026585,0.05277975
49360,-1.094956,-0.08093795,-1.730852,-0.02849087,0.03747602,-0.03483517,9.447857,-0.1340801,-1.249818,-8.75,2,17.5,-12.91749,-84.08463,-176.6668,0.7398157,0.667577,0.06415052,0.05383679
49372,-1.095386,-0.08053041,-1.731354,-0.03218212,0.03045469,-0.03751643,9.361663,0.1723887,-1.077429,6.875,0.125,16.125,-14.68989,-84.06409,-175.1021,0.7396604,0.6675031,0.06649631,0.05404048
49383,-1.095824,-0.08023698,-1.731859,-0.03499098,0.02346102,-0.0403372,9.342508,0.1723887,-1.024755,22.375,-2.875,15.125,-16.14363,-84.0125,-173.648,0.7397861,0.6673447,0.06746828,0.05306163
49394,-1.096323,-0.08002155,-1.732402,-0.03820816,0.01650162,-0.04159405,9.467011,0.1197144,-1.077429,34,-5.625,14.5,-17.54604,-83.91431,-172.0927,0.7402266,0.6670002,0.06759248,0.05105437
49406,-1.096866,-0.07989148,-1.732935,-0.04170437,0.009988554,-0.04095857,9.60588,0.05746289,-1.139681,44.625,-8.125,13.625,-18.78409,-83.77612,-170.5627,0.7409455,0.6664878,0.06688583,0.04816863
49417,-1.09746,-0.07983671,-1.733455,-0.04494197,0.004143679,-0.03932357,9.677709,-0.03830859,-1.158835,51.5,-10.5,12.625,-19.89893,-83.60319,-169.0593,0.7418811,0.6658172,0.0656258,0.04464598
49428,-1.098072,-0.07984775,-1.733928,-0.04796806,-0.0008642855,-0.03706717,9.725595,-0.1245029,-1.192355,49.25,-12.375,13.125,-20.9869,-83.40644,-167.6244,0.7428973,0.6649911,0.06467213,0.04132693
49440,-1.098072,-0.07984775,-1.733928,0,0,0,9.787846,-0.09098291,-1.225875,40.875,-13.375,15,-22.11306,-83.18716,-166.2553,0.7439511,0.6640011,0.06443499,0.03856732
49452,-1.098072,-0.07984775,-1.733928,0,0,0,9.850098,0.1101372,-1.278549,38,-14.5,16,-23.01181,-82.93664,-165.1383,0.7451805,0.6627788,0.06428926,0.03601778
49464,-1.098072,-0.07984775,-1.733928,0,0,0,9.826155,0.258583,-1.321646,45.25,-15.625,14.875,-23.43664,-82.69531,-164.414,0.746473,0.6615574,0.06335203,0.03326299
49475,-1.098072,-0.07984775,-1.733928,0,0,0,9.67292,0.2154858,-1.345589,52.625,-16.5,13.5,-23.67411,-82.45125,-163.7882,0.7478336,0.6603215,0.06179152,0.03003833
49487,-1.098072,-0.07984775,-1.733928,0,0,0,9.462223,0.1197144,-1.345589,54.75,-17.25,12.75,-23.87239,-82.19558,-163.1684,0.7492538,0.6590188,0.06005428,0.02658223
49498,-1.098072,-0.07984775,-1.733928,0,0,0,9.37124,0.03352002,-1.369532,53.5,-17.875,11.5,-23.9828,-81.92958,-162.6444,0.7507306,0.6576186,0.0583334,0.02320646
49510,-1.098072,-0.07984775,-1.733928,0,0,0,9.347297,-0.1723887,-1.436572,46.125,-17.875,10.5,-24.16395,-81.65866,-162.1498,0.7521725,0.6561556,0.05727282,0.02040184
49521,-1.098072,-0.07984775,-1.733928,0,0,0,9.347297,-0.3591431,-1.484458,28.625,-16.5,10.75,-24.53659,-81.39887,-161.6915,0.7534362,0.6547132,0.05767128,0.01893729
49532,-1.098114,-0.07991081,-1.733943,-0.00320166,-0.004837992,-0.00112351,9.414337,-0.3208345,-1.513189,4.375,-13.875,12.25,-25.03269,-81.16569,-161.427,0.7544509,0.6533225,0.05994802,0.0194937
49546,-1.098227,-0.08013747,-1.733946,-0.007217721,-0.01454343,-0.0001982519,9.567572,-0.08619434,-1.551498,-11.75,-11.125,13.125,-25.49925,-80.94175,-161.4943,0.7553569,0.6518158,0.06391259,0.02207407
49557,-1.098349,-0.08043498,-1.733948,-0.009948436,-0.02411339,-0.0002197095,9.519686,0.06225147,-1.508401,-15.625,-9.625,12.75,-25.75661,-80.80085,-161.7094,0.7559007,0.6507676,0.06715255,0.02462561
49568,-1.098501,-0.08090548,-1.733992,-0.01157303,-0.03582321,-0.003307756,9.308989,0.1771773,-1.379109,-15,-9.625,12.25,-25.91802,-80.67688,-162.0434,0.7563732,0.6497618,0.0703945,0.02745635
49580,-1.098665,-0.08154756,-1.734097,-0.01241559,-0.04871237,-0.007979471,9.20364,0.2633716,-1.307281,-11,-11,11.625,-25.9434,-80.55408,-162.4626,0.7568912,0.64873,0.07321334,0.03008239
49592,-1.098835,-0.08236618,-1.734259,-0.01285529,-0.06203592,-0.01226017,9.23716,0.292103,-1.297704,-1.125,-12.875,10.5,-25.83281,-80.41872,-162.8866,0.7575526,0.6476427,0.07518243,0.03194733
49603,-1.098995,-0.08329644,-1.734452,-0.0127732,-0.07414197,-0.01541399,9.308989,0.2394287,-1.297704,9.375,-13.625,9.25,-25.68832,-80.28805,-163.1954,0.7582418,0.6466632,0.07625832,0.03287575
49614,-1.099159,-0.08442032,-1.734692,-0.01239095,-0.08502017,-0.01815179,9.342508,0.09098291,-1.326435,17.25,-13.5,8.25,-25.6045,-80.14857,-163.3456,0.7589808,0.6457145,0.07685421,0.03308145
49626,-1.099313,-0.08561713,-1.734958,-0.01203546,-0.09335415,-0.02072442,9.332932,-0.08619434,-1.374321,19.125,-12.25,7.75,-25.65896,-80.01898,-163.3293,0.7596228,0.644898,0.07740553,0.0329877
49637,-1.099466,-0.08691768,-1.735277,-0.01155016,-0.09837746,-0.02411364,9.256314,-0.3639317,-1.412629,9.875,-9.375,8.625,-26.06973,-79.90143,-163.0787,0.7600251,0.6442134,0.07897758,0.03336861
49649,-1.099612,-0.08823004,-1.735646,-0.01119059,-0.1004952,-0.02832497,9.17012,-0.5889946,-1.455727,-11.625,-5.625,10.75,-26.87538,-79.80742,-162.713,0.7600526,0.643642,0.08247598,0.03525097
49660,-1.099747,-0.08954991,-1.736075,-0.01066601,-0.1039345,-0.03371805,9.079137,-0.4884346,-1.412629,-35.125,-1.875,13,-27.80421,-79.76322,-162.5152,0.7596541,0.6432126,0.08762627,0.0390502
49671,-1.099872,-0.0910319,-1.736611,-0.009615345,-0.1139558,-0.04121433,8.978577,0.004788574,-1.254606,-44.75,-0.375,14.25,-28.48401,-79.77859,-162.7176,0.7589655,0.6429012,0.09323063,0.04424323
49683,-1.099981,-0.09269071,-1.737241,-0.008413566,-0.12879,-0.04891741,8.992943,0.3830859,-1.154046,-33.375,-1.25,14.375,-28.85398,-79.81631,-163.0793,0.7583175,0.6426839,0.09762122,0.04880582
49694,-1.10009,-0.09460785,-1.737967,-0.008321021,-0.1456018,-0.05516429,9.112657,0.5219546,-1.225875,-9.125,-3.125,13.875,-29.03444,-79.82985,-163.3284,0.7579833,0.6424743,0.1001801,0.05149866
49706,-1.100208,-0.09669757,-1.738744,-0.009148334,-0.1616054,-0.06010755,9.189274,0.4932232,-1.316858,14.5,-3.75,13.25,-29.16928,-79.82382,-163.3088,0.7579049,0.6423928,0.1009761,0.05210998
49717,-1.100341,-0.09898972,-1.739592,-0.01016052,-0.1759672,-0.06509713,9.174909,0.3543545,-1.359955,36.625,-3.625,12.625,-29.36943,-79.80848,-162.9341,0.7579755,0.6425371,0.1002355,0.05071647
49729,-1.100484,-0.1014272,-1.74051,-0.01108527,-0.1883866,-0.07097238,9.093503,0.2011201,-1.374321,52.5,-3.75,11.5,-29.59758,-79.78508,-162.3241,0.7581594,0.6428229,0.09837944,0.0479021
49740,-1.100637,-0.1040107,-1.741518,-0.01175825,-0.1982207,-0.07732029,9.045617,-0.02394287,-1.393475,61.375,-4.125,10.25,-29.89891,-79.74693,-161.5182,0.7584214,0.6431497,0.09594396,0.04416207
49752,-1.100798,-0.1066654,-1.742596,-0.01234089,-0.204339,-0.08293515,9.074348,-0.3352002,-1.450938,55.25,-3.5,10.875,-30.47962,-79.68984,-160.511,0.7585993,0.6434207,0.09427695,0.0406067
49763,-1.100976,-0.1094187,-1.743755,-0.01350812,-0.2087215,-0.08790547,9.107868,-0.4980117,-1.527555,33,-1.5,13.75,-31.39718,-79.62375,-159.4565,0.7585377,0.6435692,0.09460045,0.03860022
49774,-1.101169,-0.1121645,-1.744931,-0.01518008,-0.2156618,-0.09231608,9.150966,-0.3064688,-1.532344,13.625,0.875,15.875,-32.2921,-79.58888,-158.6823,0.7582253,0.6437016,0.09626821,0.03840583
49786,-1.101397,-0.115156,-1.746189,-0.01739059,-0.2282563,-0.09599804,9.251526,0.09098291,-1.494035,10,2.75,16.125,-32.94907,-79.60503,-158.2037,0.757751,0.6439827,0.09788033,0.03897725
49797,-1.101664,-0.1183402,-1.747472,-0.02040703,-0.2438864,-0.09828469,9.37124,0.3208345,-1.517978,24.875,3.375,13.75,-33.26717,-79.65159,-157.8699,0.7573642,0.6444399,0.0979767,0.03869352
49809,-1.101989,-0.1219134,-1.748871,-0.02346971,-0.2579919,-0.1010479,9.332932,0.1340801,-1.527555,41.625,3.375,11,-33.55453,-79.69971,-157.328,0.7570638,0.6450935,0.09669127,0.03687143
49821,-1.102326,-0.1253875,-1.750237,-0.02586724,-0.2662608,-0.1046358,9.227583,-0.2633716,-1.537132,42.375,4,9.875,-34.06916,-79.72827,-156.558,0.756734,0.645749,0.09567099,0.03476843
49833,-1.1027,-0.1289892,-1.751679,-0.02823755,-0.2717805,-0.1088498,9.165331,-0.4932232,-1.551498,24.75,5.25,10.25,-34.82045,-79.74976,-155.7791,0.7562351,0.6463029,0.0961763,0.03392722
49844,-1.103096,-0.1325724,-1.753135,-0.03083843,-0.279216,-0.1134354,9.141388,-0.3352002,-1.527555,8,6,10.5,-35.45206,-79.78903,-155.3385,0.7556446,0.6467177,0.09773926,0.03470621
49856,-1.103557,-0.1364609,-1.754722,-0.03436551,-0.2901876,-0.1184697,9.141388,-0.08619434,-1.527555,2.5,6,9.5,-35.82634,-79.85105,-155.2397,0.7550575,0.64705,0.09946062,0.03636304
49867,-1.104041,-0.1402524,-1.756273,-0.03844805,-0.3009177,-0.1230395,9.150966,-0.03830859,-1.570652,3.25,6.375,8.5,-36.07145,-79.91463,-155.2441,0.754539,0.6473382,0.1009061,0.0379774
49878,-1.104599,-0.144328,-1.757941,-0.0426664,-0.3118503,-0.1276631,9.160542,-0.04788574,-1.561075,2,6.5,8,-36.3091,-79.98418,-155.2809,0.7539848,0.6476305,0.102465,0.03978232
49890,-1.105192,-0.1485014,-1.759642,-0.04596306,-0.3234948,-0.1318401,9.208428,0.009577149,-1.474881,4.125,5.625,6.625,-36.4126,-80.06534,-155.419,0.7534558,0.647943,0.1036777,0.04153394
49902,-1.105833,-0.1529341,-1.761434,-0.04855526,-0.3357053,-0.1356988,9.251526,0.02873145,-1.407841,12.875,3.375,3.875,-36.26874,-80.14641,-155.6904,0.7530994,0.6482229,0.1040189,0.04276054
49913,-1.106485,-0.157354,-1.763209,-0.05108955,-0.3463597,-0.1391302,9.265891,-0.04788574,-1.426995,18,1.125,1.875,-35.9847,-80.19958,-156.0281,0.752975,0.6483343,0.1039019,0.04354031
49924,-1.107189,-0.1619921,-1.765051,-0.05421311,-0.3570841,-0.1417777,9.323354,-0.03830859,-1.479669,19.75,-0.625,0.75,-35.54416,-80.23147,-156.4988,0.7530401,0.6482636,0.1035747,0.04424029
49936,-1.107941,-0.1668009,-1.766921,-0.0576369,-0.3684334,-0.1433074,9.409549,0.0191543,-1.508401,23.375,-1.75,0,-34.96964,-80.25375,-157.0557,0.7532336,0.6481161,0.1028832,0.04471879
49947,-1.108728,-0.1716817,-1.768791,-0.06109109,-0.3791443,-0.1452451,9.37124,0,-1.522767,27.25,-3.125,-0.25,-34.36634,-80.25517,-157.5907,0.753557,0.647882,0.1019373,0.04482808
49959,-1.109581,-0.1767934,-1.770739,-0.06490646,-0.3888425,-0.1481917,9.285046,-0.07182861,-1.561075,27.125,-4.25,0.25,-33.81181,-80.22756,-158.0763,0.7539938,0.6475043,0.1011127,0.04480606
49970,-1.110471,-0.181944,-1.772703,-0.06867723,-0.3975457,-0.1516175,9.23716,-0.1245029,-1.58023,26.125,-5,0.375,-33.30488,-80.18366,-158.5273,0.7544796,0.6470436,0.1004468,0.044784
49981,-1.111407,-0.1872095,-1.774719,-0.07198393,-0.404822,-0.1549623,9.23716,-0.2346401,-1.58023,22,-5.375,0.25,-32.8868,-80.1298,-158.9411,0.7549493,0.6465226,0.1001775,0.04499602
49993,-1.11238,-0.1925433,-1.776761,-0.07503508,-0.4113675,-0.1574859,9.294622,-0.2873144,-1.594595,13.5,-5,0.625,-32.56345,-80.07643,-159.3704,0.7553274,0.6459533,0.1006121,0.04584989
50004,-1.113393,-0.1980247,-1.778833,-0.07752529,-0.4194232,-0.1585843,9.419126,-0.1819658,-1.556287,5.25,-4.5,1.25,-32.23664,-80.04133,-159.9135,0.7555692,0.6453952,0.101612,0.04749152
50016,-1.114421,-0.2035967,-1.780875,-0.07924637,-0.4294349,-0.1573772,9.615458,-0.03830859,-1.503612,3.375,-4.25,1.875,-31.88316,-80.02673,-160.5082,0.7557055,0.6449262,0.1026677,0.04938303
50027,-1.115476,-0.2093993,-1.782897,-0.08026487,-0.441364,-0.1537352,9.816577,0.08619434,-1.455727,5,-4.25,3.125,-31.55107,-80.02378,-161.0658,0.7557746,0.6445521,0.1036223,0.05118387
50039,-1.116511,-0.2152046,-1.784808,-0.08101565,-0.454502,-0.1496214,9.874041,0.2106973,-1.422207,9.875,-4.625,4.25,-31.22543,-80.02285,-161.5505,0.755855,0.6442544,0.1042026,0.05254726
50050,-1.117585,-0.2213241,-1.786705,-0.0822277,-0.4687777,-0.1453517,9.878829,0.292103,-1.446149,20.375,-4.875,4.75,-30.86353,-80.0169,-161.9394,0.7560349,0.6440312,0.1040161,0.05306257
50062,-1.118678,-0.2276361,-1.788566,-0.08360001,-0.4826428,-0.142269,9.783057,0.2729487,-1.455727,35,-5,4.5,-30.49787,-80.00609,-162.1403,0.7563273,0.6439517,0.102759,0.05230546
50074,-1.119907,-0.2348419,-1.790615,-0.08460509,-0.4959974,-0.1410589,9.625034,0.1340801,-1.431784,43.5,-4.875,4.875,-30.25514,-79.98753,-162.0751,0.7566665,0.6440042,0.1008358,0.05046316
50085,-1.120966,-0.2410889,-1.792358,-0.08571628,-0.505912,-0.1411754,9.519686,0.02394287,-1.465304,43.125,-4.5,5.875,-30.19667,-79.96119,-161.8765,0.7569373,0.6440411,0.09939834,0.04875538
50097,-1.122116,-0.247849,-1.79421,-0.08763672,-0.5151349,-0.1411221,9.514897,-0.07182861,-1.54671,40,-3.5,6.375,-30.24608,-79.92766,-161.595,0.7571821,0.6440574,0.09822528,0.04708686
50109,-1.123307,-0.2547408,-1.796063,-0.09033413,-0.5227358,-0.1405354,9.534052,-0.1963315,-1.637692,32.75,-1.875,6.875,-30.44136,-79.89407,-161.2622,0.7573197,0.6440569,0.09772846,0.04589755
50120,-1.124535,-0.2617318,-1.79791,-0.09322335,-0.5304683,-0.1401222,9.519686,-0.191543,-1.64727,22.125,0,7.875,-30.73595,-79.87882,-160.9721,0.7572607,0.6440938,0.09808357,0.04559665
50131,-1.12574,-0.2685125,-1.799675,-0.09595609,-0.539861,-0.140536,9.4718,-0.03352002,-1.599384,15.125,1.375,8.25,-30.95264,-79.89242,-160.8506,0.7570549,0.6441946,0.09879733,0.04604721
50143,-1.127047,-0.2758042,-1.801543,-0.09884249,-0.5516489,-0.1413502,9.457435,0.1101372,-1.561075,15.125,1.625,8.125,-31.06507,-79.92258,-160.8399,0.7568104,0.6443425,0.0994032,0.04668929
50154,-1.128358,-0.283027,-1.803354,-0.1022462,-0.5633605,-0.1412118,9.524474,0.1388687,-1.608961,17.875,1.875,7.75,-31.12142,-79.95179,-160.8472,0.7566115,0.6444916,0.09974157,0.04713212
50166,-1.129765,-0.2906359,-1.805207,-0.1065022,-0.5759115,-0.1402397,9.581937,0.1867544,-1.661635,25.25,2.375,6.125,-31.02458,-79.99052,-160.9113,0.7564743,0.6447122,0.09936398,0.04711386
50177,-1.131213,-0.2983189,-1.807033,-0.1107806,-0.5879683,-0.1397533,9.543629,0.1676001,-1.661635,36.125,2.5,3.75,-30.77698,-80.03773,-160.9816,0.7564216,0.6450402,0.09800551,0.0463095
50188,-1.132669,-0.3059179,-1.808812,-0.1146541,-0.5982955,-0.1400717,9.476588,0.06225147,-1.64727,42.25,2.25,2,-30.49454,-80.0818,-161.0106,0.7564266,0.6453978,0.09619293,0.04502686
50200,-1.134212,-0.31382,-1.810649,-0.1186715,-0.6078116,-0.1413148,9.399971,-0.009577149,-1.652058,43,2,1,-30.18225,-80.12077,-161.0517,0.7564733,0.6457227,0.09426491,0.04364048
50211,-1.135798,-0.3217523,-1.812491,-0.12312,-0.6155275,-0.1429585,9.352086,-0.1292915,-1.704732,38.75,2.125,0.625,-29.93293,-80.14663,-161.0852,0.7565331,0.6459474,0.09274355,0.04252413
50223,-1.137481,-0.3299302,-1.814396,-0.1278494,-0.6214182,-0.1447612,9.328143,-0.2729487,-1.743041,27.75,2.5,1.125,-29.83674,-80.16123,-161.1048,0.7565294,0.6460567,0.09218249,0.04214896
50234,-1.139189,-0.3380496,-1.816305,-0.1320504,-0.6278026,-0.1476009,9.256314,-0.225063,-1.685578,13,2.625,2.5,-29.81728,-80.1797,-161.2416,0.7564003,0.6460668,0.09277941,0.04299008
50246,-1.140961,-0.3463473,-1.818272,-0.1360224,-0.6369653,-0.1509944,9.23716,-0.009577149,-1.618538,6.75,1.75,2.875,-29.63701,-80.20566,-161.624,0.756269,0.6459839,0.09368143,0.04456433
50257,-1.142777,-0.3547373,-1.820261,-0.140395,-0.6485233,-0.1536883,9.299411,0.1963315,-1.623327,10.625,0.25,2.5,-29.22695,-80.22442,-162.1862,0.7562872,0.6458005,0.09409834,0.0460106
50269,-1.144663,-0.3633595,-1.822293,-0.144739,-0.6615203,-0.1559386,9.342508,0.3112573,-1.608961,22.875,-1.75,1.625,-28.62282,-80.22919,-162.7834,0.7565156,0.6455855,0.09346451,0.04656084
50280,-1.146593,-0.3721243,-1.824354,-0.1485406,-0.6746329,-0.1586272,9.313777,0.3304116,-1.570652,38.75,-3.875,0.125,-27.86956,-80.21811,-163.3213,0.7569643,0.645386,0.09154533,0.04584253
50292,-1.148609,-0.381233,-1.826496,-0.1519764,-0.686617,-0.1614857,9.299411,0.2298516,-1.570652,54.5,-6,-1.75,-27.01836,-80.18109,-163.7393,0.7576606,0.64516,0.0883574,0.04372548
50304,-1.150734,-0.3907287,-1.828734,-0.1555598,-0.6951481,-0.1638187,9.318565,-0.04309717,-1.64727,58.75,-6.75,-2.75,-26.29697,-80.11321,-163.9518,0.7584802,0.6448416,0.08492983,0.04091483
50315,-1.15282,-0.3998995,-1.830906,-0.1592458,-0.7001106,-0.1658005,9.313777,-0.2825259,-1.723887,49.375,-5.5,-3.125,-25.80516,-80.04482,-164.0754,0.7591531,0.6444932,0.08251636,0.03881257
50327,-1.154958,-0.4091361,-1.83311,-0.1630199,-0.7041731,-0.1680624,9.285046,-0.3447773,-1.74783,34.75,-3.625,-3.25,-25.3973,-79.9948,-164.3061,0.7596279,0.6441507,0.08121699,0.03793705
50339,-1.157411,-0.4195611,-1.835623,-0.1670117,-0.7099573,-0.1711411,9.256314,-0.2490059,-1.719098,20.5,-1.625,-3.625,-24.87912,-79.9779,-164.8367,0.7599055,0.643842,0.08079819,0.0385058
50351,-1.159664,-0.4290221,-1.837925,-0.1704376,-0.7157655,-0.1741104,9.246737,-0.1867544,-1.699944,10.625,-0.375,-4.25,-24.35531,-79.98559,-165.5024,0.7600071,0.6436,0.08104835,0.03999449
50363,-1.161945,-0.4384979,-1.840252,-0.1738106,-0.7219077,-0.1772871,9.232371,-0.1340801,-1.690367,5,0.875,-5.375,-23.74666,-80.01448,-166.3253,0.7599919,0.6434173,0.08157609,0.04209346
50374,-1.16422,-0.4478686,-1.842577,-0.1767806,-0.7281058,-0.1806663,9.218005,-0.09577148,-1.656847,5.5,1.625,-7.75,-22.97964,-80.06283,-167.2935,0.7599172,0.6433243,0.08183477,0.04430421
50386,-1.166528,-0.4573155,-1.844943,-0.179247,-0.7336249,-0.183722,9.246737,-0.1245029,-1.628115,6.125,2.125,-9.875,-22.1116,-80.12396,-168.3518,0.7597914,0.6433036,0.0819106,0.04656349
50397,-1.16893,-0.4670901,-1.847402,-0.1814937,-0.7385989,-0.1857933,9.328143,-0.1484458,-1.623327,2.25,3.125,-10.875,-21.19717,-80.20012,-169.5113,0.7595526,0.6433447,0.08222967,0.04925204
50409,-1.171297,-0.4766685,-1.849814,-0.1836328,-0.743144,-0.1872001,9.376028,-0.1388687,-1.623327,-2.625,4.125,-10.625,-20.34451,-80.283,-170.6655,0.7592078,0.6434253,0.08292903,0.05225256
50420,-1.173715,-0.4863884,-1.852279,-0.1860439,-0.7478037,-0.1896211,9.299411,-0.09098291,-1.618538,-5.5,4.875,-10.75,-19.45222,-80.37114,-171.8994,0.758797,0.6435181,0.08381819,0.05555328
50431,-1.176142,-0.4960736,-1.854778,-0.1884761,-0.7521315,-0.1940263,9.146177,-0.07182861,-1.589807,-4.375,5.375,-11.875,-18.48306,-80.46197,-173.191,0.7583674,0.6436431,0.08453381,0.05879316
50443,-1.178644,-0.5059896,-1.857393,-0.1905633,-0.7552744,-0.199183,9.098291,-0.1340801,-1.561075,-1.625,5.375,-13.75,-17.42122,-80.55331,-174.5421,0.7579383,0.6437986,0.08498567,0.06188902
50454,-1.181137,-0.5157958,-1.86002,-0.1923695,-0.7568282,-0.2027608,9.213217,-0.2202744,-1.575441,-1.375,5.375,-14.875,-16.37841,-80.63811,-175.8642,0.7575129,0.6439472,0.08542537,0.06487483
50466,-1.183678,-0.5256813,-1.862676,-0.1948015,-0.7579123,-0.2036211,9.414337,-0.2106973,-1.652058,-4.125,6.125,-14.75,-15.33947,-80.72063,-177.2201,0.7570444,0.6440769,0.08609891,0.06808599
50477,-1.186239,-0.5355242,-1.865303,-0.1978684,-0.7604877,-0.2030265,9.524474,-0.04788574,-1.68079,-4.125,7.125,-13.875,-14.23958,-80.80853,-178.637,0.7565206,0.6442556,0.08672551,0.07134453
50489,-1.188859,-0.5455111,-1.867969,-0.2007874,-0.7652127,-0.2042747,9.395183,0.1484458,-1.594595,4.25,7,-13.75,-12.96328,-80.89897,179.8744,0.7560338,0.6445354,0.08660949,0.07406583
50500,-1.191493,-0.5554996,-1.87067,-0.2028537,-0.7693506,-0.2080416,9.213217,0.1245029,-1.498824,15.5,5.625,-13.625,-11.73923,-80.97415,178.5859,0.7556885,0.6448631,0.08574201,0.07572912
50512,-1.194178,-0.5656342,-1.87348,-0.2041514,-0.7704005,-0.2135615,9.088714,-0.1005601,-1.465304,18.25,3.875,-12,-10.8869,-81.0257,177.7061,0.7554467,0.6451157,0.08505092,0.07676188
50523,-1.196793,-0.57543,-1.876283,-0.2052851,-0.7690792,-0.2200424,8.997731,-0.2681602,-1.479669,9.875,2.375,-9.5,-10.45834,-81.05173,177.1441,0.7552385,0.6451595,0.08538019,0.07806642
50535,-1.199515,-0.585534,-1.879276,-0.2069195,-0.768254,-0.2275757,8.930691,-0.2059087,-1.494035,-1.375,1.125,-7.25,-10.16164,-81.05776,176.5587,0.7550228,0.6449646,0.08671854,0.08025671
50546,-1.202232,-0.5955558,-1.882332,-0.2087119,-0.7697183,-0.2347533,8.954634,-0.01436572,-1.470092,-4.5,-0.125,-6.125,-9.78161,-81.05022,175.8486,0.7548503,0.6446433,0.08821239,0.08279324
50558,-1.205235,-0.6065903,-1.885778,-0.2104263,-0.7732661,-0.2414546,9.040829,0.1340801,-1.436572,-0.625,-2.125,-5.125,-9.320503,-81.0204,175.078,0.7548118,0.6441862,0.08951508,0.08526676
50570,-1.207907,-0.6164065,-1.888893,-0.2114563,-0.7767864,-0.2465429,9.112657,0.1676001,-1.407841,1.875,-3.875,-3.25,-9.062698,-80.97988,174.5754,0.7548658,0.6437168,0.09064725,0.08711723
50581,-1.21069,-0.6266427,-1.892178,-0.2126007,-0.7818077,-0.250862,9.184485,0.2825259,-1.407841,9,-5.875,-1.75,-8.836977,-80.9146,174.1864,0.7551173,0.6431474,0.0913523,0.08839746
50593,-1.213467,-0.6368754,-1.895484,-0.2138897,-0.7881591,-0.2546797,9.218005,0.3974517,-1.412629,25.75,-8,-2.25,-8.492368,-80.82136,173.8962,0.755695,0.6425641,0.09071612,0.08835766
50604,-1.216331,-0.6474904,-1.89896,-0.2141658,-0.7938205,-0.2598826,9.131811,0.3160459,-1.359955,45.75,-11,-3.625,-8.13791,-80.69365,173.8674,0.7566727,0.6419637,0.08854552,0.08653795
50615,-1.219013,-0.6574904,-1.902297,-0.2136406,-0.7967506,-0.2658917,9.045617,0.1101372,-1.355167,55.5,-13.25,-3.5,-8.02944,-80.55125,174.1892,0.7577989,0.6413425,0.08603409,0.08377906
50627,-1.221787,-0.6678693,-1.905836,-0.2129077,-0.7965431,-0.2716511,9.074348,-0.1484458,-1.431784,53.875,-14.25,-2.625,-8.235518,-80.38786,174.8233,0.7590227,0.6405767,0.08386417,0.08070169
50638,-1.224547,-0.6781981,-1.909433,-0.211908,-0.7931155,-0.2761732,9.160542,-0.4118174,-1.508401,38.375,-13.25,-0.625,-8.808045,-80.23695,175.6234,0.7600104,0.6397569,0.08321078,0.07855808
50650,-1.227335,-0.6886308,-1.913124,-0.2111574,-0.7901194,-0.2795147,9.246737,-0.3878745,-1.556287,17.125,-10.75,2.125,-9.523514,-80.1166,176.2857,0.7606162,0.6389496,0.08428837,0.07811522
50661,-1.230045,-0.6988128,-1.916741,-0.2107373,-0.7917548,-0.2812564,9.366451,-0.04309717,-1.532344,5,-7.875,3.75,-9.987443,-80.04321,176.5355,0.7608546,0.6383275,0.08599559,0.07901338
50673,-1.232763,-0.7091191,-1.920395,-0.21028,-0.797145,-0.2826721,9.399971,0.2394287,-1.474881,11.875,-6.375,2.375,-10.08183,-79.99641,176.5012,0.7610218,0.6379243,0.08682668,0.07974716
50684,-1.235485,-0.7195485,-1.924091,-0.2095359,-0.8029425,-0.2845246,9.37124,0.2633716,-1.446149,24.875,-5.25,0.75,-10.02781,-79.96745,176.4884,0.7612159,0.637759,0.08654783,0.07951993
50696,-1.23817,-0.7299538,-1.927781,-0.2082501,-0.8071729,-0.2862207,9.385606,0.1340801,-1.436572,29.625,-4,1,-10.10044,-79.95878,176.6646,0.7613316,0.6377835,0.0860519,0.07874957
50707,-1.240935,-0.7407843,-1.931628,-0.2070073,-0.8107327,-0.2880053,9.380817,0.06704004,-1.455727,28.5,-2.5,2.125,-10.31251,-79.96824,176.9688,0.7613276,0.6379296,0.08576503,0.07791363
50719,-1.243564,-0.7511563,-1.93533,-0.2061725,-0.8135507,-0.2903807,9.323354,0.0191543,-1.479669,26.5,-0.875,2.625,-10.58146,-79.99321,177.3002,0.761211,0.6381619,0.08569784,0.07722115
50730,-1.246242,-0.7617793,-1.939148,-0.2057031,-0.8159588,-0.2932451,9.285046,-0.0191543,-1.503612,24.125,0.875,2.625,-10.87906,-80.03609,177.6312,0.7609705,0.6384956,0.08581443,0.07670198
50742,-1.248949,-0.7725554,-1.943047,-0.2055783,-0.8182936,-0.2960353,9.289834,-0.02873145,-1.522767,20.5,2.5,2.5,-11.16932,-80.0965,177.9077,0.7605991,0.6389117,0.08617533,0.07651597
50753,-1.251589,-0.7831054,-1.946882,-0.2055292,-0.8211429,-0.2985414,9.308989,0.009577149,-1.508401,16.75,4,2.875,-11.43814,-80.17569,178.114,0.7600909,0.6394144,0.08677378,0.07669105
50764,-1.254252,-0.7937738,-1.950779,-0.2058193,-0.8247,-0.3012526,9.294622,0.06225147,-1.503612,15,5.375,3.25,-11.6844,-80.27122,178.2735,0.7594752,0.6400056,0.08747204,0.07706401
50776,-1.257042,-0.8049653,-1.954895,-0.2063988,-0.8279551,-0.3045217,9.261103,0.02873145,-1.508401,14.75,6.25,2.75,-11.93196,-80.37846,178.4281,0.7587881,0.6406696,0.08819646,0.07748835
50788,-1.259833,-0.8161122,-1.959035,-0.2078367,-0.8300605,-0.3082787,9.213217,-0.04309717,-1.565864,12.625,7.375,2.375,-12.21727,-80.48677,178.5939,0.7580724,0.6413224,0.08910239,0.07805479
50800,-1.262579,-0.8269737,-1.963102,-0.210231,-0.8316043,-0.311349,9.246737,-0.06704004,-1.637692,6.875,8.875,3.125,-12.57642,-80.59856,178.7612,0.7572776,0.6419483,0.09048055,0.0790325
50811,-1.265424,-0.8380697,-1.967265,-0.2138616,-0.8339687,-0.3128758,9.356874,0.009577149,-1.709521,1.625,10.25,4.375,-12.96985,-80.71949,178.887,0.7563719,0.642575,0.09230626,0.08048941
50824,-1.268602,-0.8502744,-1.971817,-0.2183617,-0.8386439,-0.3128371,9.476588,0.158023,-1.704732,4,10.875,4.375,-13.24358,-80.86132,178.9004,0.7553613,0.6433289,0.09395393,0.08203648
50836,-1.271516,-0.8613649,-1.97593,-0.2217411,-0.8438297,-0.3129307,9.481377,0.2154858,-1.61375,11.75,10.125,3.875,-13.39563,-80.98965,178.9191,0.7545268,0.6440819,0.09477448,0.08285945
50847,-1.274482,-0.872586,-1.980069,-0.2243492,-0.8487929,-0.3130523,9.490954,0.1771773,-1.541921,16.375,8.375,4.5,-13.64406,-81.1038,179.0944,0.7538041,0.6447999,0.09535411,0.08318661
50859,-1.277396,-0.8835256,-1.984072,-0.2273079,-0.8533892,-0.3123185,9.553205,0.1628115,-1.575441,21.75,6.375,4.375,-13.89292,-81.18229,179.3415,0.7533333,0.6453422,0.09554979,0.08302192
50870,-1.280365,-0.8945536,-1.988075,-0.2306482,-0.8566802,-0.3109338,9.596303,0.06225147,-1.628115,28.25,4.75,2.875,-14.11531,-81.23112,179.6484,0.753094,0.6457587,0.09525026,0.08229575
50882,-1.283506,-0.9060652,-1.992236,-0.2342503,-0.8584933,-0.3102695,9.534052,-0.06225147,-1.652058,27.75,4,2.25,-14.4151,-81.26506,-179.9685,0.7529275,0.6460857,0.0950369,0.08149546
50893,-1.286525,-0.9170003,-1.996189,-0.2376525,-0.8606924,-0.311209,9.414337,-0.03352002,-1.618538,21.375,3.625,3,-14.72682,-81.2933,-179.66,0.7527289,0.6463057,0.09532447,0.08125043
50904,-1.289659,-0.9282336,-2.000259,-0.2412829,-0.8649614,-0.3133636,9.328143,0.1149258,-1.575441,18.125,2.125,4.25,-14.99337,-81.30607,-179.442,0.7525889,0.6463824,0.09583619,0.08133361
50916,-1.292814,-0.9394552,-2.00433,-0.2447532,-0.8705645,-0.3158237,9.308989,0.2106973,-1.537132,20.625,0,4.625,-15.18476,-81.29647,-179.2682,0.7526061,0.6463292,0.09612031,0.08126296
50927,-1.296078,-0.9510018,-2.00853,-0.2478479,-0.8766031,-0.3188518,9.275469,0.2202744,-1.498824,27.25,-2.5,4,-15.30719,-81.25915,-179.076,0.7528489,0.6461594,0.09587046,0.08065662
50939,-1.299322,-0.9624068,-2.012706,-0.2504619,-0.8807686,-0.3224885,9.222795,0.07182861,-1.503612,32.25,-4.625,2.875,-15.47328,-81.19369,-178.7737,0.7532898,0.6458659,0.09531172,0.07954492
50950,-1.302604,-0.9738736,-2.016957,-0.2525457,-0.8821984,-0.32702,9.150966,-0.1532344,-1.517978,29.875,-5.875,1.5,-15.74058,-81.10868,-178.3965,0.7538049,0.6454376,0.09501661,0.07848819
50962,-1.305898,-0.9852878,-2.021251,-0.2544122,-0.8816132,-0.3316973,9.131811,-0.3160459,-1.551498,18.75,-5.625,0.75,-16.09445,-81.02296,-178.0745,0.7542111,0.6449012,0.09560835,0.07827589
50973,-1.309234,-0.9967597,-2.02562,-0.2560618,-0.880684,-0.3353824,9.208428,-0.3495659,-1.565864,5.75,-4.75,0.25,-16.42897,-80.94991,-177.9407,0.7544302,0.6443053,0.09712415,0.07920071
50984,-1.312582,-1.008218,-2.030017,-0.2574795,-0.8811803,-0.3381957,9.280257,-0.2442173,-1.541921,-7.125,-3.5,0.125,-16.64502,-80.90144,-178.0936,0.7544085,0.643705,0.09945087,0.08137063
50996,-1.316008,-1.019959,-2.034548,-0.2583269,-0.8851559,-0.3415646,9.261103,0.009577149,-1.431784,-11.25,-3.375,-0.25,-16.5866,-80.87355,-178.5859,0.7542598,0.643132,0.1018559,0.08425432
51008,-1.319536,-1.032158,-2.039282,-0.2583123,-0.89327,-0.3466629,9.165331,0.2968916,-1.278549,3.125,-5.25,-2.625,-16.03549,-80.84451,-179.3884,0.7543169,0.6426349,0.1027557,0.08641619
51020,-1.322914,-1.043953,-2.043898,-0.2579578,-0.9007614,-0.3524537,9.098291,0.2873144,-1.259395,25.625,-8.25,-6,-15.26229,-80.77879,179.8958,0.754834,0.642148,0.1017286,0.08673503
51031,-1.326286,-1.055834,-2.048616,-0.2570383,-0.9055001,-0.3595941,8.992943,0.08619434,-1.273761,45.125,-10.75,-9.25,-14.45459,-80.67584,179.4077,0.7557529,0.6416473,0.09921237,0.08534117
51044,-1.330045,-1.069185,-2.054066,-0.2552807,-0.9067861,-0.3701612,8.815765,-0.1819658,-1.288126,54.125,-11.875,-11.75,-13.66007,-80.53857,179.1115,0.7569813,0.6410708,0.09571444,0.08274209
51056,-1.333377,-1.081088,-2.059084,-0.2531772,-0.9043773,-0.38125,8.686474,-0.450126,-1.312069,51,-12,-13,-13.14754,-80.41064,179.0089,0.7580475,0.640504,0.09297762,0.08046109
51067,-1.336682,-1.092941,-2.064257,-0.251146,-0.9007068,-0.3931434,8.619433,-0.5363203,-1.345589,40.625,-11.125,-13.625,-12.68689,-80.29004,178.8237,0.7589639,0.6398762,0.09103148,0.07902882
51079,-1.339879,-1.104468,-2.069456,-0.2490401,-0.8979539,-0.404967,8.605068,-0.4644917,-1.331224,34.125,-10,-14.875,-12.08439,-80.19086,178.4073,0.7597074,0.6393036,0.08941583,0.07836109
51090,-1.343057,-1.116024,-2.074838,-0.2464403,-0.896096,-0.417386,8.571548,-0.3878745,-1.283338,33.875,-9.875,-16.875,-11.27541,-80.10042,177.7834,0.7604129,0.638772,0.08757112,0.077935
51102,-1.346278,-1.127852,-2.080528,-0.2433255,-0.8934904,-0.4298559,8.59549,-0.4261831,-1.278549,37,-10.25,-19.5,-10.31197,-80.00361,177.0551,0.7611886,0.6382301,0.08526891,0.07735302
51113,-1.349373,-1.139293,-2.086199,-0.2402282,-0.8880909,-0.4401546,8.729571,-0.6225147,-1.359955,37.125,-9.875,-22.125,-9.393579,-79.90441,176.3733,0.7619601,0.6376848,0.08298954,0.07672999
51125,-1.352461,-1.150706,-2.092027,-0.2375271,-0.8779178,-0.4483147,8.882805,-0.9481377,-1.513189,26,-7.625,-24.125,-8.633675,-79.81477,175.7151,0.7625666,0.6371226,0.08161481,0.07685189
51136,-1.355481,-1.161841,-2.097888,-0.2345832,-0.8650759,-0.4553158,8.964211,-1.139681,-1.565864,0.75,-4,-23.5,-8.095201,-79.77003,174.955,0.7626852,0.6366459,0.08226199,0.07890629
51147,-1.3585,-1.17301,-2.103938,-0.2304659,-0.8525442,-0.4618622,9.026463,-1.087006,-1.489247,-31.125,0.5,-22.375,-7.561932,-79.79731,173.7772,0.7620863,0.636346,0.08525463,0.08378515
51159,-1.361439,-1.183955,-2.110016,-0.2262359,-0.84252,-0.4678603,9.074348,-0.8667319,-1.441361,-49.375,3.875,-22.875,-6.786428,-79.86874,172.1235,0.7610193,0.636154,0.08928692,0.09047474
51170,-1.364331,-1.194833,-2.116185,-0.2218232,-0.8343706,-0.4731941,9.1366,-0.675189,-1.393475,-57.5,6.375,-24.375,-5.710607,-79.96779,170.0601,0.7596235,0.636055,0.09362422,0.09818691
51182,-1.367128,-1.205535,-2.122362,-0.2163945,-0.8278118,-0.4777622,9.213217,-0.5267432,-1.278549,-59.75,7.75,-25.5,-4.406859,-80.08636,167.7473,0.7579852,0.6360762,0.09787559,0.1062355
51193,-1.369876,-1.216298,-2.128651,-0.2105128,-0.8244249,-0.4817255,9.275469,-0.2346401,-1.163624,-52,7.5,-27.25,-2.693893,-80.19316,165.1146,0.7563444,0.6361459,0.1012371,0.1140736
51205,-1.372545,-1.226999,-2.134954,-0.2051373,-0.8224306,-0.4843866,9.37124,-0.05267432,-1.158835,-32.125,6.375,-30,-0.669504,-80.2542,162.4326,0.7550611,0.6362338,0.1028294,0.1204801
51216,-1.375175,-1.237792,-2.14137,-0.1991938,-0.8174426,-0.4860013,9.462223,-0.2106973,-1.187566,-7.75,5,-33.75,1.435799,-80.27166,159.9877,0.7542339,0.6364112,0.10256,0.124874
51227,-1.377621,-1.248067,-2.147565,-0.1924358,-0.8087358,-0.4875669,9.481377,-0.4740689,-1.192355,5.375,4.125,-36.25,3.337417,-80.26688,157.9318,0.753686,0.6366467,0.1014619,0.1278439
51239,-1.380042,-1.258502,-2.153981,-0.1846885,-0.7958354,-0.4893044,9.490954,-0.7278633,-1.216298,3.125,4.375,-36.25,5.031636,-80.26588,156.0523,0.7530653,0.6368936,0.1007657,0.1307874
51250,-1.382344,-1.268691,-2.160386,-0.1765764,-0.7816971,-0.4913854,9.476588,-0.7901148,-1.201932,-12.25,5,-34.25,6.500655,-80.28001,154.1976,0.7521358,0.6370509,0.1014511,0.1347807
51263,-1.384739,-1.279644,-2.167419,-0.1680378,-0.7684883,-0.4934283,9.490954,-0.5794175,-1.158835,-23.375,4.75,-32.75,8.141311,-80.28327,151.9719,0.7509115,0.637054,0.1030708,0.1402515
51274,-1.386777,-1.28924,-2.17368,-0.1610742,-0.758472,-0.4948979,9.510109,-0.3830859,-1.149258,-19.375,3.625,-33.5,9.703379,-80.24759,149.9389,0.7499824,0.6369348,0.1040673,0.1449503
51286,-1.388792,-1.299018,-2.180176,-0.1539173,-0.7467946,-0.4961132,9.53884,-0.4213945,-1.182778,-10.375,1.875,-35.125,11.2457,-80.17087,148.0283,0.7493358,0.6366943,0.1044208,0.1490386
51297,-1.390696,-1.308512,-2.186622,-0.1466836,-0.7314095,-0.4966342,9.60588,-0.6464576,-1.283338,-9.25,0.625,-36.375,12.52077,-80.07277,146.4064,0.7488708,0.6362834,0.1048554,0.1527787
51309,-1.392589,-1.318211,-2.193377,-0.1389354,-0.7117884,-0.4957359,9.725595,-0.8284234,-1.383898,-19.25,0.75,-36.5,13.63033,-79.97069,144.7995,0.7482387,0.6356766,0.1062629,0.1573599
51321,-1.394336,-1.327409,-2.199931,-0.1315404,-0.6925767,-0.4934642,9.830943,-0.7661719,-1.417418,-31.125,1,-36.75,14.70886,-79.86104,143.0785,0.7473968,0.634902,0.1084681,0.162887
51332,-1.395963,-1.336221,-2.20635,-0.1246151,-0.6750246,-0.491785,9.783057,-0.6081489,-1.403052,-36.875,0.125,-37.625,15.80987,-79.72153,141.2696,0.7465234,0.6339226,0.1109078,0.1689511
51344,-1.3975,-1.344791,-2.212757,-0.118159,-0.6587876,-0.4924683,9.596303,-0.4644917,-1.379109,-36.25,-1.25,-39.125,16.92382,-79.54111,139.4574,0.7457724,0.632746,0.1131288,0.1750941
51355,-1.398936,-1.353076,-2.219129,-0.1114099,-0.6428748,-0.4944721,9.500531,-0.4118174,-1.345589,-31.5,-3.25,-41.125,17.98484,-79.3224,137.7659,0.7452495,0.6314191,0.1148706,0.1808809
51367,-1.400298,-1.361258,-2.225633,-0.10409,-0.6253002,-0.4970055,9.476588,-0.4644917,-1.369532,-25.125,-5.375,-43.5,18.93706,-79.06174,136.2585,0.7450233,0.6299002,0.1161247,0.1862288
51378,-1.401553,-1.369149,-2.232149,-0.09632359,-0.6056548,-0.5001421,9.447857,-0.5698403,-1.422207,-23.125,-7.125,-45.875,19.73303,-78.77175,134.9386,0.7450031,0.6281865,0.1172173,0.1913435
51390,-1.402691,-1.376709,-2.238674,-0.08803878,-0.5845151,-0.5044284,9.376028,-0.6512461,-1.450938,-30,-7.875,-46.25,20.35449,-78.4828,133.7097,0.7448801,0.6263103,0.1189019,0.1968542
51401,-1.403723,-1.384055,-2.245322,-0.0791297,-0.5636057,-0.5101028,9.280257,-0.5937832,-1.412629,-41.875,-8.375,-45,20.8654,-78.20082,132.4301,0.7444487,0.6242489,0.1215616,0.2033035
51413,-1.404638,-1.39116,-2.252053,-0.0701985,-0.5447188,-0.5160673,9.246737,-0.3926631,-1.364744,-51.5,-9.625,-43.375,21.29839,-77.91027,131.0972,0.7437927,0.6219493,0.1249397,0.2105746
51424,-1.405438,-1.398008,-2.258826,-0.06156974,-0.527408,-0.5216165,9.261103,-0.2106973,-1.359955,-52,-11.125,-42.625,21.64676,-77.60085,129.8426,0.7431805,0.6194705,0.1283235,0.2178815
51435,-1.40613,-1.404665,-2.265695,-0.05306564,-0.5105737,-0.5268101,9.280257,-0.09577148,-1.383898,-44.625,-12.875,-43,21.90247,-77.26247,128.7707,0.7428531,0.6168553,0.131164,0.224622
51447,-1.406708,-1.411166,-2.272687,-0.04395436,-0.4937558,-0.5311236,9.352086,-0.02394287,-1.383898,-34.375,-14.125,-43.375,22.09512,-76.90688,127.8871,0.742827,0.6142349,0.1332909,0.2305585
51458,-1.407152,-1.41725,-2.279476,-0.03483582,-0.4779599,-0.5333147,9.500531,0.08619434,-1.398264,-20.25,-15.5,-43.75,22.23594,-76.54486,127.2561,0.7432251,0.6117698,0.1343413,0.2351737
51470,-1.407482,-1.423294,-2.286454,-0.02522619,-0.4626573,-0.5340992,9.601091,0.2202744,-1.398264,-1.125,-17.5,-44.875,22.35582,-76.1403,126.8806,0.7442666,0.6093282,0.1339728,0.2384067
51482,-1.407671,-1.429676,-2.294132,-0.01324939,-0.4454668,-0.5359218,9.553205,0.1963315,-1.364744,24.5,-20.375,-46.875,22.40885,-75.66619,126.9134,0.7463462,0.6068345,0.1315817,0.2395944
51493,-1.407691,-1.43506,-2.300911,-0.001593554,-0.4282924,-0.5392767,9.447857,0.02873145,-1.398264,44.75,-23,-48.5,22.32612,-75.24064,127.3281,0.7488607,0.6047483,0.1282509,0.2388282
51505,-1.407557,-1.44042,-2.308032,0.01027669,-0.4097047,-0.5443551,9.323354,0.009577149,-1.474881,57.625,-24.625,-49.375,22.18129,-74.77952,127.9893,0.7519593,0.6025726,0.1239109,0.2368748
51517,-1.40728,-1.445599,-2.315295,0.02099063,-0.3927385,-0.5507404,9.184485,0.191543,-1.527555,75.75,-26,-50.75,22.10209,-74.27078,128.8287,0.7556786,0.6003989,0.1180518,0.233527
51529,-1.406823,-1.450955,-2.323231,0.03219774,-0.3770994,-0.5587627,9.06956,0.3878745,-1.508401,102.375,-27.875,-52.25,22.13052,-73.67728,129.9963,0.7604824,0.5981994,0.1094824,0.2276786
51540,-1.406286,-1.455529,-2.330374,0.04268568,-0.3633895,-0.5674906,8.945057,0.3782974,-1.503612,123.875,-30.125,-51.375,22.11532,-73.15527,131.3412,0.765235,0.5963635,0.1006028,0.2205561
51552,-1.405561,-1.460131,-2.338015,0.05483059,-0.3480347,-0.5779231,8.873228,0.2729487,-1.508401,137.375,-31.625,-48.625,22.00566,-72.64489,133.0259,0.7704163,0.5945535,0.0906952,0.2115166
51563,-1.404698,-1.464389,-2.345549,0.06713764,-0.3315854,-0.5866296,8.992943,0.1723887,-1.608961,139.625,-32.25,-43.25,21.75016,-72.20857,134.8386,0.7752998,0.5928453,0.08145355,0.2020151
51574,-1.403671,-1.468407,-2.353153,0.07992204,-0.3125911,-0.5915707,9.294622,0.02394287,-1.776561,127.5,-30.75,-35.375,21.30827,-71.86889,136.6821,0.7795949,0.5912724,0.07373822,0.1928509
51586,-1.40243,-1.47233,-2.36112,0.09253884,-0.2924038,-0.5939043,9.4718,0.02394287,-1.934584,102.75,-27.125,-24.125,20.64797,-71.64268,138.4655,0.7830794,0.5898995,0.06828392,0.1847773
51597,-1.401125,-1.475855,-2.368693,0.1026216,-0.2772184,-0.5955469,9.428702,0.3256231,-2.006413,82.375,-22.875,-13.75,19.96836,-71.51841,139.9374,0.7855491,0.588905,0.06495789,0.1785613
51609,-1.399698,-1.479336,-2.376463,0.1099901,-0.2683009,-0.598888,9.179697,0.7949033,-2.039933,81.625,-19.125,-6.125,19.33286,-71.43362,141.3566,0.787737,0.5881846,0.06176246,0.172322
51620,-1.398203,-1.482758,-2.384254,0.1158157,-0.2652057,-0.6036518,8.988154,1.173201,-2.011201,105.625,-16.75,-2,18.81809,-71.36449,142.9489,0.7901104,0.5878151,0.05692439,0.1641907
51632,-1.396601,-1.48623,-2.392256,0.1217965,-0.2639977,-0.6084088,8.978577,1.245029,-2.01599,134,-15.5,0.5,18.31625,-71.31616,144.9169,0.792816,0.5877299,0.05015396,0.1533002
51643,-1.394943,-1.489599,-2.400191,0.1281392,-0.260322,-0.6131625,9.00252,0.9625034,-2.087818,153.125,-13.875,4.125,17.66333,-71.3241,147.2613,0.7955201,0.5878943,0.04267517,0.140381
51655,-1.393198,-1.492864,-2.408225,0.1341587,-0.2509565,-0.6175411,9.064771,0.4405488,-2.269784,145.875,-11.375,10.25,16.64994,-71.41296,149.8846,0.7978272,0.5881988,0.03649203,0.127131
51666,-1.391398,-1.495883,-2.416275,0.1387149,-0.2327057,-0.620665,9.179697,-0.3208345,-2.571464,101.375,-5.5,20,15.08039,-71.63158,152.4887,0.7990929,0.5887843,0.03458635,0.1165648
51678,-1.38961,-1.498635,-2.424371,0.1374844,-0.2116165,-0.6223648,9.160542,-0.5458975,-3.064687,23.625,4,31.75,13.07396,-71.95194,154.516,0.7989527,0.5895739,0.038864,0.1121011
51689,-1.387891,-1.501315,-2.43251,0.1321757,-0.2060682,-0.6258583,8.863651,0.5937832,-3.026379,-34.625,12.25,42,11.29749,-72.32123,155.5162,0.7974911,0.590684,0.04684503,0.1136047
51701,-1.386155,-1.504366,-2.440937,0.131097,-0.2303407,-0.6362106,8.36564,2.61935,-1.972893,-40.25,10.25,51.125,10.26632,-72.70095,155.603,0.7952698,0.592243,0.0543063,0.1176652
51713,-1.384313,-1.508202,-2.44986,0.1346559,-0.2804696,-0.652326,8.006496,4.237888,-1.067852,32.375,-5.875,52.125,9.847126,-72.89487,155.9791,0.7945005,0.5933026,0.05563933,0.1168985
51724,-1.382533,-1.512505,-2.458519,0.1360911,-0.3290506,-0.6623133,8.36085,4.319294,-1.441361,144.25,-24.25,45.875,9.266335,-72.78114,157.9849,0.7967497,0.5928835,0.04908338,0.1061601
51736,-1.380814,-1.517263,-2.4672,0.1308433,-0.3621278,-0.6606598,9.112657,3.208345,-2.648082,228.125,-30.875,38.25,8.175792,-72.47334,161.6533,0.8009584,0.591244,0.03723466,0.08665922
51748,-1.379071,-1.522781,-2.476775,0.1185846,-0.3753253,-0.6512135,9.529263,1.455727,-3.668048,250,-22.375,34.125,6.418067,-72.16168,166.6772,0.8052965,0.5892811,0.02327334,0.06085923
51760,-1.377674,-1.527747,-2.485262,0.1059528,-0.3766458,-0.6437428,9.43828,0.4357603,-3.917054,178.625,-5.875,40.625,4.440993,-72.07534,170.6532,0.807194,0.5884734,0.01667123,0.0431157
51772,-1.376444,-1.532726,-2.49367,0.09357128,-0.3790322,-0.6400539,9.174909,0.3447773,-3.811705,69.875,9.625,52,2.158004,-72.18092,173.476,0.8072669,0.5888688,0.01832036,0.034899
51783,-1.375422,-1.537969,-2.501891,0.07951637,-0.4075803,-0.6390527,8.945057,2.35119,-3.672837,-30.5,23.125,60.25,0.6065621,-72.42376,174.1996,0.8059515,0.590224,0.02562555,0.03769984
51795,-1.374563,-1.543586,-2.510104,0.06662387,-0.4358735,-0.6373538,9.064771,2.322459,-3.500448,-72.875,31.25,61,-0.9683672,-72.79277,174.4005,0.8036969,0.5923063,0.0357762,0.04432404
51806,-1.373841,-1.549884,-2.518472,0.05464411,-0.4768814,-0.6335543,9.289834,3.241865,-3.208345,-72.875,35.125,57.375,-2.012929,-73.25021,174.0285,0.8007973,0.5949403,0.04514741,0.0522616
51818,-1.373268,-1.556656,-2.526618,0.04438129,-0.5244788,-0.6308988,9.285046,3.821282,-2.858779,-47.75,34.125,52,-2.53602,-73.70733,173.4942,0.797932,0.5976555,0.05170359,0.05864462
51829,-1.372818,-1.564095,-2.534825,0.03466961,-0.5728263,-0.6320493,9.040829,3.854802,-2.624139,-14.375,29.375,45.375,-2.712531,-74.1059,173.0543,0.7955264,0.6001335,0.05534479,0.06256614
51840,-1.372516,-1.572054,-2.54303,0.02346067,-0.6173295,-0.6363886,8.782246,3.605796,-2.65287,8.125,24,40.125,-2.748617,-74.40264,172.7842,0.7937961,0.6020434,0.05710227,0.06458127
51852,-1.372372,-1.580691,-2.551452,0.01097724,-0.6579495,-0.6414952,8.719994,3.270596,-2.724699,8.5,21,37.75,-2.850892,-74.64611,172.5925,0.7923487,0.603577,0.05889516,0.0664055
51863,-1.372397,-1.589771,-2.559837,-0.001926976,-0.7002863,-0.6467922,8.700839,3.462139,-2.681602,7.125,18.75,34.75,-2.715861,-74.84881,172.1524,0.7910864,0.6048315,0.06034977,0.06869633
51875,-1.372578,-1.599507,-2.568308,-0.01395028,-0.7475196,-0.6503684,8.854074,3.830859,-2.547522,26.25,16.125,29.125,-2.147458,-75.02325,171.532,0.7900836,0.6060563,0.05977284,0.06993365
51886,-1.372889,-1.609808,-2.576736,-0.02401836,-0.7951674,-0.6505297,9.1366,3.883534,-2.470904,67,12.875,19.375,-1.134378,-75.15298,171.0133,0.7895925,0.607301,0.05559425,0.06810524
51898,-1.373313,-1.620743,-2.585202,-0.03250347,-0.8387907,-0.6494709,9.246737,3.548334,-2.461327,95.375,11,12.5,0.03896014,-75.25291,170.7262,0.7894325,0.6085342,0.04908608,0.06382008
51909,-1.373823,-1.632181,-2.593665,-0.03918706,-0.8790108,-0.6503984,9.122234,3.275385,-2.370344,110.75,10.375,7.625,1.349219,-75.34326,170.5129,0.7893553,0.6097707,0.04124758,0.05828076
51921,-1.374414,-1.64429,-2.602266,-0.04473493,-0.9169143,-0.6512,9.146177,3.050322,-2.35119,116.125,11,4.25,2.745241,-75.44115,170.3118,0.7891902,0.6110508,0.0327691,0.05217384
51933,-1.375094,-1.657325,-2.611141,-0.04971158,-0.9523906,-0.6484599,9.409549,2.782162,-2.41823,108,13,3.875,4.044848,-75.5733,170.1475,0.7887449,0.6124743,0.02479662,0.04627963
51944,-1.375812,-1.670218,-2.619594,-0.05472243,-0.9831865,-0.6445882,9.500531,2.547522,-2.48527,87,15.875,6.375,5.051429,-75.73834,169.9556,0.7879879,0.6139553,0.01903222,0.04209218
51956,-1.376615,-1.683442,-2.628008,-0.06138752,-1.010857,-0.6432145,9.294622,2.322459,-2.561887,57.25,19.625,10.25,5.786123,-75.94051,169.6436,0.7869151,0.6155513,0.01583191,0.04013294
51968,-1.377674,-1.698704,-2.637505,-0.07196779,-1.036876,-0.645173,9.036039,1.996835,-2.676813,4.5,25.5,17.75,6.037377,-76.2429,169.0877,0.7851442,0.6176199,0.01737507,0.04233647
51981,-1.378771,-1.712673,-2.64607,-0.08315331,-1.058529,-0.64903,8.873228,1.905853,-2.691179,-50.125,31.125,24.625,5.908197,-76.58835,168.2176,0.7829348,0.6197587,0.02328764,0.04868081
51992,-1.379996,-1.726827,-2.654636,-0.09360208,-1.081726,-0.6547488,8.763091,2.073453,-2.480481,-93.625,34.875,30,5.684516,-77.0061,166.8736,0.7800187,0.6221506,0.03251917,0.05866947
52003,-1.381293,-1.741133,-2.663162,-0.1004885,-1.108833,-0.6608117,8.806189,2.413441,-2.020778,-128.25,35.125,35,5.501777,-77.48518,165.0539,0.7763556,0.6246606,0.04418513,0.0715448
52015,-1.382676,-1.755836,-2.671725,-0.1072906,-1.140417,-0.6641215,9.031251,2.815682,-1.824447,-142.875,32.625,39,5.340837,-77.95866,163.0186,0.7723453,0.6268174,0.05695503,0.08566777
52026,-1.384219,-1.771197,-2.680393,-0.1179042,-1.173672,-0.6622574,9.385606,3.031168,-1.977681,-140.125,30.25,42,5.017434,-78.39537,161.149,0.7683051,0.6284232,0.06993657,0.09950159
52038,-1.385916,-1.786857,-2.688935,-0.1306248,-1.205103,-0.6574087,9.60588,3.002436,-2.044721,-128.5,29.5,43.5,4.525814,-78.819,159.6196,0.7642826,0.6297541,0.08220356,0.1119124
52049,-1.387776,-1.802972,-2.697461,-0.1426548,-1.23614,-0.6539719,9.534052,2.964128,-1.829235,-110.625,28.25,43,4.083538,-79.24536,158.2714,0.7602574,0.6310734,0.09317396,0.1227754
52061,-1.389751,-1.819309,-2.705861,-0.1533465,-1.268328,-0.6521419,9.447857,3.05511,-1.556287,-79.625,24.75,37.875,4.054396,-79.61869,156.9367,0.7567295,0.632351,0.1012839,0.1312797
52072,-1.391914,-1.836368,-2.714375,-0.1647282,-1.29951,-0.648617,9.577148,2.973705,-1.565864,-31.875,20.25,28.125,4.482175,-79.89253,155.7595,0.754256,0.6335713,0.1053972,0.136297
52084,-1.394161,-1.853518,-2.722698,-0.1732756,-1.322663,-0.6419081,9.874041,2.365556,-1.570652,18.25,16.5,19.75,4.886142,-80.11037,155.2823,0.7528791,0.635024,0.1057394,0.1368823
52095,-1.396469,-1.870925,-2.730908,-0.1776045,-1.339519,-0.6317499,10.20445,1.800504,-1.446149,44.75,14.125,15,5.144496,-80.32768,155.3058,0.7519646,0.6367564,0.1042752,0.1349715
52106,-1.398808,-1.888474,-2.738874,-0.1802555,-1.352239,-0.613798,10.83175,1.470092,-1.498824,55.125,12.5,15.25,5.029582,-80.54993,155.8405,0.7512749,0.6385385,0.1024205,0.1317746
52118,-1.40121,-1.906273,-2.746575,-0.1837721,-1.361482,-0.5890868,11.33456,1.216298,-1.699944,58,12.75,18.25,4.419171,-80.78735,156.9123,0.750649,0.6403314,0.1008173,0.1278189
52129,-1.403645,-1.924024,-2.753906,-0.1877395,-1.368962,-0.5654095,11.27709,1.039121,-1.738253,60.25,14.75,21,3.505311,-81.05504,158.3126,0.7499117,0.6422849,0.09936026,0.1234105
52141,-1.406166,-1.942247,-2.761168,-0.1907156,-1.378621,-0.5493779,10.69289,1.067852,-1.494035,68.875,16.25,21,2.705782,-81.35148,159.7205,0.749066,0.6445709,0.09708675,0.1183325
52153,-1.408802,-1.96132,-2.768621,-0.1919707,-1.388921,-0.5427625,9.998543,0.9577149,-1.230664,88.625,15.5,17.375,2.148855,-81.64797,161.1832,0.7484146,0.6471499,0.09284965,0.1115866
52165,-1.41132,-1.979463,-2.775695,-0.1931877,-1.391713,-0.5425847,9.543629,0.3687202,-1.297704,102.625,13.625,12.5,1.362234,-81.88454,163.022,0.7481917,0.6493988,0.08784711,0.1037952
52176,-1.413904,-1.997641,-2.782858,-0.1970898,-1.386544,-0.5463407,9.222795,-0.2394287,-1.589807,91.875,14.125,10.125,0.009938178,-82.08453,165.3005,0.7480356,0.6512293,0.08393335,0.09642851
52189,-1.416916,-2.017886,-2.79099,-0.2044344,-1.374402,-0.5521001,9.093503,-0.6799775,-1.843601,51.875,19.125,11.375,-2.212402,-82.3409,167.9792,0.7471465,0.6530387,0.08337002,0.09144489
52201,-1.419691,-2.035817,-2.798327,-0.2110848,-1.363916,-0.5580991,9.031251,-0.7039204,-1.800504,6.5,24.75,14.625,-4.508747,-82.63835,170.0829,0.7454085,0.6547193,0.08645761,0.09074106
52212,-1.422504,-2.053507,-2.805694,-0.2159218,-1.357621,-0.5653325,8.959422,-0.4692803,-1.537132,-23.875,27.875,15.875,-6.643718,-82.99243,171.6263,0.7429426,0.6565232,0.09157768,0.09288249
52224,-1.425364,-2.071181,-2.813135,-0.2197139,-1.35797,-0.5717493,9.045617,-0.01436572,-1.283338,-32.75,27.5,14.125,-8.053329,-83.35604,172.325,0.7402543,0.6583049,0.09672286,0.09645233
52235,-1.428256,-2.088772,-2.82055,-0.2246439,-1.366294,-0.575949,9.218005,0.6081489,-1.168412,-14.375,24.375,10.75,-8.295633,-83.66829,172.0967,0.7380356,0.6599346,0.09960712,0.09933968
52247,-1.431302,-2.106982,-2.828193,-0.2311195,-1.381598,-0.5799195,9.241948,1.144469,-1.096583,37,18.5,4.75,-7.116896,-83.89154,171.1129,0.7368984,0.6615561,0.09771279,0.09887677
52258,-1.434372,-2.125034,-2.835764,-0.2374474,-1.396353,-0.5856043,9.10308,1.134892,-1.082218,100,12.125,-3.375,-5.052375,-84.00357,170.0596,0.7370557,0.6631513,0.09054858,0.09370301
52269,-1.437526,-2.143238,-2.843456,-0.2430189,-1.402579,-0.5926163,9.00252,0.4740689,-1.192355,154.75,6,-11.875,-3.088122,-84.01156,169.832,0.7382871,0.6645567,0.07922485,0.08378599
52281,-1.440738,-2.161268,-2.851196,-0.2487411,-1.396255,-0.5994427,9.007308,-0.4980117,-1.417418,163.125,3.5,-15.5,-2.291479,-83.97201,170.882,0.7397449,0.6655181,0.06797705,0.07240417
52292,-1.444159,-2.179671,-2.859264,-0.256446,-1.379533,-0.6048116,9.112657,-1.268972,-1.690367,119.625,5.125,-12.375,-3.009936,-83.93906,172.9327,0.7407486,0.6660299,0.06069331,0.06334003
52304,-1.447549,-2.197061,-2.86703,-0.2655439,-1.362061,-0.6082261,9.227583,-1.398264,-1.84839,49.75,9.375,-4.5,-4.703574,-83.95178,175.0049,0.7408984,0.6662905,0.05959797,0.05978779
52315,-1.451115,-2.214613,-2.874976,-0.2742442,-1.349929,-0.6111599,9.275469,-1.000812,-1.733464,-19.875,14.375,5.875,-7.039035,-84.04701,176.8097,0.7400382,0.666644,0.06418601,0.06172004
52327,-1.454816,-2.232396,-2.883072,-0.2808536,-1.34945,-0.6142997,9.294622,-0.1532344,-1.388687,-59.875,15.5,11.75,-8.845093,-84.20171,177.5389,0.7384759,0.6670585,0.07155579,0.06757294
52338,-1.458481,-2.24982,-2.890989,-0.2855184,-1.357562,-0.6168495,9.361663,0.4788574,-1.096583,-53.625,12,12.25,-9.720385,-84.34525,177.4399,0.7370064,0.6673823,0.07771947,0.0733633
52349,-1.462219,-2.267577,-2.899003,-0.2884897,-1.370211,-0.6184365,9.457435,0.7949033,-0.8810977,-18.25,4.5,8.75,-9.69144,-84.42016,176.8856,0.7362242,0.667502,0.08073724,0.07678857
52361,-1.466166,-2.286275,-2.907347,-0.2919696,-1.383226,-0.6172405,9.663342,0.7949033,-0.9385605,24,-3.5,5.75,-9.350014,-84.38023,176.5693,0.7364863,0.6672505,0.08039756,0.07681798
52372,-1.469831,-2.303531,-2.914966,-0.295628,-1.39202,-0.614647,9.77348,0.5506861,-1.067852,54.875,-9.375,4.75,-9.341082,-84.25625,176.9683,0.7374808,0.6667315,0.07805409,0.07415473
52384,-1.473735,-2.321788,-2.922975,-0.2989525,-1.398059,-0.6132523,9.668132,0.2825259,-1.106161,73,-13.5,4.625,-9.71023,-84.06902,178.0058,0.7389781,0.6659809,0.07446376,0.06954107
52395,-1.477752,-2.340437,-2.931144,-0.3019103,-1.401418,-0.613945,9.50532,0.04309717,-1.139681,78.375,-16.125,5.125,-10.43356,-83.84046,179.483,0.7407122,0.6650157,0.0706557,0.06408866
52408,-1.481981,-2.359895,-2.939682,-0.3050082,-1.403608,-0.6158309,9.414337,-0.08140577,-1.192355,74.375,-17.625,6,-11.35812,-83.57507,-178.8622,0.7425796,0.6637994,0.06719604,0.05857104
52419,-1.485918,-2.3779,-2.947591,-0.3075075,-1.406181,-0.6177409,9.399971,-0.07182861,-1.197144,68.375,-19,6.375,-12.10681,-83.31576,-177.5162,0.7443057,0.6625275,0.06444474,0.05397556
52430,-1.49005,-2.396686,-2.955845,-0.3101127,-1.410041,-0.6195488,9.409549,-0.009577149,-1.230664,61.875,-20.25,6.5,-12.69351,-83.02975,-176.3955,0.7461305,0.6610298,0.06201568,0.04982976
52442,-1.494051,-2.414787,-2.963799,-0.312637,-1.414286,-0.6214681,9.390394,0.009577149,-1.268972,55.875,-20.5,6.875,-13.17863,-82.75172,-175.4747,0.7478462,0.6595169,0.06011744,0.04636129
52454,-1.498264,-2.433736,-2.97213,-0.3155701,-1.419306,-0.6239444,9.347297,0.03830859,-1.326435,51.75,-20.125,5.75,-13.45595,-82.46484,-174.7976,0.7495986,0.6578999,0.05830787,0.0432437
52465,-1.502276,-2.451636,-2.980004,-0.3190864,-1.423741,-0.6263296,9.328143,0.009577149,-1.431784,48.25,-19.5,4.125,-13.5468,-82.19465,-174.373,0.7512381,0.6563277,0.05673328,0.04070268
52476,-1.50653,-2.470395,-2.988272,-0.3235084,-1.426481,-0.628695,9.318565,-0.1388687,-1.551498,39.125,-17.75,2.75,-13.65658,-81.92232,-174.0316,0.7528386,0.6546891,0.05577557,0.03880018
52488,-1.510741,-2.488741,-2.996376,-0.3276293,-1.427571,-0.6305844,9.342508,-0.2729487,-1.594595,25.25,-15.375,1.75,-13.81551,-81.68689,-173.8227,0.7541555,0.6532059,0.05587077,0.03807715
52499,-1.515049,-2.507363,-3.004617,-0.3307644,-1.429569,-0.6327347,9.332932,-0.2154858,-1.537132,8.375,-13.5,1,-13.86315,-81.48911,-173.9443,0.7552004,0.6518423,0.05708177,0.0389324
52511,-1.519398,-2.526159,-3.012931,-0.3321115,-1.43547,-0.6349282,9.356874,0.07182861,-1.388687,0.875,-13.25,-0.125,-13.54068,-81.32858,-174.5372,0.7560562,0.6506079,0.05848665,0.04083734
52522,-1.523701,-2.544833,-3.021159,-0.3331051,-1.44554,-0.6369203,9.380817,0.4166059,-1.345589,9.75,-14.25,-2.875,-12.6732,-81.17561,-175.558,0.756986,0.6494004,0.05869278,0.04250343
52534,-1.528044,-2.56376,-3.029462,-0.3343729,-1.457102,-0.6391655,9.356874,0.5554746,-1.379109,31.625,-15.875,-6,-11.44838,-81.00097,-176.6514,0.7581787,0.6481559,0.05692852,0.04264197
52546,-1.532936,-2.585157,-3.038849,-0.3352778,-1.466583,-0.6433997,9.232371,0.3352002,-1.398264,49.875,-17,-8.5,-10.15351,-80.78313,-177.5263,0.7597067,0.6467704,0.05344879,0.04095334
52557,-1.53709,-2.603348,-3.046874,-0.3356649,-1.469825,-0.648416,9.107868,-0.04309717,-1.431784,51.25,-17.125,-9.5,-9.384369,-80.59071,-177.9165,0.7610008,0.6455883,0.0506636,0.03907489
52569,-1.541458,-2.622447,-3.055364,-0.336491,-1.471306,-0.6540584,9.064771,-0.1771773,-1.508401,38.75,-16.125,-8.75,-8.800157,-80.39166,-178.2644,0.7622545,0.6443134,0.04884979,0.03797546
52580,-1.545971,-2.642134,-3.064176,-0.3377355,-1.473396,-0.6594906,9.083925,-0.1197144,-1.565864,22.25,-14,-7,-8.313304,-80.21043,-178.7312,0.763321,0.6430734,0.04832257,0.03824396
52592,-1.55024,-2.660771,-3.072572,-0.3382501,-1.476548,-0.665148,9.050406,-0.0191543,-1.517978,12.75,-12,-5.875,-7.87611,-80.07508,-179.2717,0.7640811,0.6420915,0.04850123,0.03932402
52603,-1.554648,-2.680087,-3.081333,-0.3378292,-1.480465,-0.6715196,9.021674,0.03830859,-1.450938,8,-10.75,-5.375,-7.436743,-79.96422,-179.881,0.764675,0.641247,0.04902672,0.0408765
52615,-1.559039,-2.699469,-3.09016,-0.3364902,-1.48521,-0.6763926,9.146177,0.1101372,-1.407841,5.75,-9.875,-5.125,-6.97729,-79.87691,179.4591,0.7651206,0.6405475,0.04968064,0.04267627
52626,-1.563457,-2.71918,-3.099138,-0.3342912,-1.491463,-0.6793575,9.3042,0.2298516,-1.369532,7.625,-10,-4.625,-6.469483,-79.79805,178.7708,0.7655216,0.6399133,0.05015608,0.04440794
52637,-1.567688,-2.738307,-3.107831,-0.3314598,-1.498361,-0.6809697,9.409549,0.3064688,-1.336012,14.125,-10.875,-4.125,-5.978015,-79.71912,178.1866,0.7659489,0.6393223,0.05015004,0.04554602
52649,-1.571947,-2.757845,-3.116693,-0.3280843,-1.505267,-0.6827903,9.399971,0.3064688,-1.312069,24.5,-12.125,-4,-5.512349,-79.62746,177.7611,0.7664937,0.6387092,0.04942379,0.04577247
52660,-1.576212,-2.777649,-3.125679,-0.3254759,-1.511199,-0.6856334,9.308989,0.2442173,-1.388687,34.875,-13.625,-4.25,-5.101965,-79.50333,177.5285,0.7672687,0.6379412,0.04798831,0.04501908
52673,-1.580684,-2.798515,-3.135177,-0.3246621,-1.514941,-0.6896389,9.20364,0.08619434,-1.561075,39.75,-13.875,-4.875,-4.786841,-79.34213,177.4707,0.768275,0.6369573,0.04621373,0.04362638
52684,-1.584964,-2.818445,-3.144308,-0.3254519,-1.515362,-0.6942795,9.112657,-0.1388687,-1.719098,35.5,-11.875,-4.75,-4.692739,-79.19257,177.5699,0.7691823,0.6360273,0.04504387,0.04241433
52696,-1.589241,-2.838231,-3.153458,-0.3269538,-1.512728,-0.6995522,9.045617,-0.3687202,-1.810081,19.875,-8.5,-3.375,-4.879861,-79.07757,177.7471,0.7698131,0.6352548,0.04532845,0.04224322
52707,-1.593449,-2.857629,-3.162521,-0.3275331,-1.509775,-0.7053689,9.007308,-0.4070288,-1.74783,1,-5.375,-1.875,-5.181295,-79.01717,177.7952,0.7700448,0.6347551,0.04709399,0.04357908
52719,-1.598071,-2.879051,-3.172631,-0.3257313,-1.509688,-0.7124524,8.997731,-0.2011201,-1.54671,-15.625,-3.875,-0.25,-5.435022,-79.0079,177.5275,0.769883,0.6344789,0.05028231,0.0467809
52731,-1.602209,-2.898475,-3.181866,-0.3221735,-1.512297,-0.7190361,9.016886,-0.004788574,-1.369532,-16.5,-5.125,-0.375,-5.497594,-79.01112,177.104,0.7696581,0.6342832,0.05304721,0.04997328
52742,-1.606334,-2.918183,-3.191293,-0.3174431,-1.516578,-0.7254316,9.055194,0.1197144,-1.273761,-3.375,-8.375,-2.25,-5.347473,-78.98611,176.6328,0.7696571,0.6339605,0.05464843,0.05230325
52754,-1.610427,-2.938014,-3.200823,-0.3138491,-1.520422,-0.7306406,9.127023,0.1101372,-1.393475,15.5,-10.625,-4.375,-5.089955,-78.91315,176.302,0.7700331,0.6334294,0.05475071,0.05309128
52765,-1.614439,-2.957586,-3.210269,-0.3118372,-1.521365,-0.7342662,9.213217,-0.08619434,-1.58023,31.625,-10.75,-6,-4.906848,-78.81483,176.2594,0.770645,0.6328313,0.05375737,0.05235472
52777,-1.618508,-2.977477,-3.219928,-0.3102995,-1.51676,-0.7365154,9.3042,-0.5075889,-1.71431,37.375,-8.5,-6.75,-5.002495,-78.73178,176.5816,0.7712058,0.6323775,0.05262476,0.05070553
52788,-1.622516,-2.997039,-3.229507,-0.3087323,-1.507078,-0.7379894,9.352086,-0.9146177,-1.786138,24.75,-5.25,-5.625,-5.463178,-78.68808,177.1077,0.7714657,0.6321235,0.05282615,0.04969953
52799,-1.626502,-3.016447,-3.23911,-0.3070468,-1.494753,-0.7395853,9.33772,-1.134892,-1.810081,-6.125,-0.875,-1.625,-6.330071,-78.70132,177.6375,0.7712144,0.6320832,0.05573703,0.05091791
52811,-1.630467,-3.035737,-3.248752,-0.3050042,-1.483881,-0.7417052,9.3042,-1.039121,-1.762195,-37,2.875,2.5,-7.381588,-78.76971,177.9434,0.7704414,0.6322151,0.06110885,0.05468095
52822,-1.634411,-3.055038,-3.258461,-0.3019402,-1.477733,-0.7434027,9.361663,-0.6943433,-1.628115,-56.875,5.375,5.625,-8.366519,-78.89062,177.9102,0.7692008,0.6325161,0.06787752,0.06038314
52834,-1.638276,-3.074202,-3.268127,-0.2976764,-1.475817,-0.7444013,9.443069,-0.3926631,-1.474881,-54.625,5.125,5.875,-9.127028,-79.02898,177.6827,0.7678372,0.6328852,0.0741935,0.06616437
52845,-1.642146,-3.093709,-3.277962,-0.2927306,-1.475699,-0.7440109,9.562783,-0.2633716,-1.407841,-33.5,3,3,-9.607977,-79.1495,177.4386,0.7667021,0.6332449,0.07872475,0.07050768
52858,-1.646108,-3.113956,-3.288141,-0.2882181,-1.472866,-0.7404022,9.778269,-0.4453374,-1.527555,-5.375,0.5,-2,-9.909152,-79.22176,177.3816,0.7660553,0.6335016,0.08103109,0.07258617
52869,-1.649811,-3.133019,-3.297698,-0.2847233,-1.465667,-0.7348595,9.917137,-0.775749,-1.685578,11.5,-0.5,-6.125,-10.16809,-79.25488,177.5306,0.7657818,0.6336654,0.08192674,0.07303733
52881,-1.653494,-3.152094,-3.307261,-0.2807558,-1.454135,-0.7290092,9.931503,-1.110949,-1.723887,7.875,0.25,-7.125,-10.61446,-79.29325,177.8243,0.7654349,0.6338484,0.08327042,0.07356257
52893,-1.657537,-3.173261,-3.317904,-0.2750188,-1.439945,-0.7239938,9.84052,-1.225875,-1.637692,-12.125,1.25,-5.5,-11.34477,-79.36244,178.0891,0.7646815,0.6340322,0.08665285,0.07587265
52905,-1.661084,-3.192096,-3.327396,-0.2691212,-1.428933,-0.7200772,9.811789,-1.115738,-1.54671,-28.25,0.875,-4.875,-11.95803,-79.43018,178.0698,0.7638174,0.6340547,0.09081862,0.07943405
52917,-1.664522,-3.210632,-3.336729,-0.2633891,-1.420028,-0.7150512,9.902772,-0.9577149,-1.537132,-28.75,-0.625,-7.25,-12.26999,-79.4778,177.7493,0.7630724,0.6338921,0.09464819,0.08332448
52928,-1.667867,-3.228967,-3.34593,-0.257562,-1.411827,-0.7084638,10.02727,-0.8954634,-1.541921,-19.125,-2.5,-11.625,-12.2244,-79.49929,177.2035,0.7625864,0.6336122,0.09735343,0.08671817
52939,-1.671095,-3.247023,-3.35495,-0.2506809,-1.402204,-0.7004532,10.15178,-1.010389,-1.517978,-9.5,-4.75,-16,-11.96997,-79.49476,176.5836,0.7623529,0.6332463,0.09908923,0.08943427
52951,-1.674295,-3.265338,-3.36407,-0.2427747,-1.389588,-0.6919869,10.17572,-1.211509,-1.527555,-12,-6.375,-18,-11.74411,-79.46761,175.9557,0.7622035,0.6326954,0.1010645,0.09234925
52962,-1.677323,-3.28312,-3.372922,-0.2342147,-1.375524,-0.684768,10.0991,-1.336012,-1.508401,-27.75,-7.25,-18,-11.6465,-79.43237,175.2622,0.7619159,0.6319185,0.1042536,0.09640664
52974,-1.680244,-3.300797,-3.381744,-0.2250215,-1.361888,-0.6795973,9.950658,-1.292915,-1.450938,-47,-7.875,-17,-11.62343,-79.39565,174.3895,0.7613863,0.6308807,0.1089186,0.1020644
52985,-1.683099,-3.31868,-3.390727,-0.2156229,-1.350705,-0.678485,9.648977,-1.072641,-1.359955,-63.625,-9.125,-16.5,-11.5221,-79.34772,173.1982,0.7606529,0.6294904,0.1148062,0.1094002
52997,-1.685776,-3.336151,-3.399581,-0.2056053,-1.341522,-0.6798816,9.476588,-0.9289834,-1.254606,-70.375,-11,-17.75,-11.28111,-79.28535,171.7969,0.7598624,0.627869,0.1209025,0.1173562
53008,-1.688266,-3.353169,-3.408273,-0.1951407,-1.333728,-0.6812283,9.490954,-0.8140576,-1.206721,-66.625,-14,-22.375,-10.71367,-79.18247,170.1439,0.7592977,0.6259971,0.1261855,0.1251879
53020,-1.690684,-3.370445,-3.417159,-0.1858376,-1.327865,-0.682983,9.447857,-0.5698403,-1.273761,-53.375,-16.75,-28.25,-9.66058,-79.00995,168.1597,0.759204,0.6238039,0.1300034,0.1325792
53031,-1.693017,-3.387858,-3.426191,-0.1772106,-1.322417,-0.685894,9.352086,-0.450126,-1.331224,-35.125,-18.125,-33.625,-8.280741,-78.78489,166.083,0.7595718,0.62155,0.1320713,0.1388654
53043,-1.695174,-3.404739,-3.435051,-0.1680056,-1.315411,-0.6903996,9.232371,-0.5363203,-1.331224,-20.25,-18.75,-38.125,-6.852587,-78.54124,164.1739,0.7602148,0.6194664,0.1328143,0.1438587
53054,-1.697216,-3.421679,-3.444089,-0.1575765,-1.306945,-0.6973664,9.064771,-0.6129375,-1.288126,-10,-19.25,-42,-5.359104,-78.27872,162.334,0.7610452,0.6174728,0.1326489,0.1481278
53066,-1.699272,-3.439972,-3.454068,-0.145753,-1.296769,-0.7073849,8.901959,-0.6273032,-1.283338,-5.375,-19.5,-44.5,-3.734821,-77.97377,160.4027,0.7620549,0.6153244,0.1319746,0.1524167
53078,-1.701008,-3.456488,-3.463273,-0.1354179,-1.28817,-0.717921,8.787034,-0.5075889,-1.297704,0.125,-19.375,-46.75,-2.181086,-77.67555,158.6425,0.7630848,0.6133978,0.1307535,0.1560396
53089,-1.702654,-3.473222,-3.472813,-0.1259534,-1.280405,-0.7300265,8.667319,-0.3399888,-1.345589,15.375,-18.875,-50.125,-0.4275032,-77.33844,156.8809,0.7644575,0.6115621,0.1280587,0.1587373
53101,-1.704202,-3.490027,-3.482633,-0.1170429,-1.271137,-0.7426941,8.624223,-0.3495659,-1.450938,32.25,-17.625,-52.75,1.343186,-76.97985,155.3317,0.7661569,0.6099297,0.1239759,0.1600603
53113,-1.705745,-3.50835,-3.493654,-0.1058684,-1.25642,-0.7557356,8.710417,-0.5937832,-1.522767,37.75,-14.625,-52.625,3.040924,-76.63346,153.9671,0.7678718,0.6085532,0.1193126,0.1606248
53125,-1.706985,-3.524729,-3.503767,-0.09389402,-1.240506,-0.7659793,8.863651,-0.7613833,-1.508401,23,-10.875,-48.625,4.291024,-76.40669,152.8246,0.7687309,0.6076347,0.1165979,0.1619807
53137,-1.70807,-3.540937,-3.514014,-0.08211721,-1.226743,-0.7755243,8.911537,-0.5458975,-1.474881,4.875,-7.875,-43,5.420606,-76.23933,151.5543,0.768927,0.6068544,0.1154381,0.164782
53148,-1.708994,-3.556557,-3.524075,-0.07200125,-1.21769,-0.7843223,8.916326,-0.1436572,-1.441361,-3.75,-5.625,-36.625,6.461177,-76.11465,150.2526,0.76872,0.6062381,0.1150979,0.1682186
53160,-1.709806,-3.572154,-3.534263,-0.06318276,-1.212586,-0.7920706,8.964211,0.2346401,-1.422207,1.5,-4.5,-30.875,7.440531,-76.01102,149.0657,0.7684692,0.6058214,0.1145878,0.1711878
53171,-1.710543,-3.58837,-3.544995,-0.05489764,-1.209429,-0.8004382,8.921114,0.4405488,-1.407841,19.5,-4.25,-25.625,8.298153,-75.92426,148.2223,0.7684933,0.6057048,0.1131028,0.172475
53183,-1.711147,-3.603703,-3.5553,-0.04754424,-1.206289,-0.8107516,8.729571,0.4405488,-1.407841,38.875,-4.875,-22.375,8.916138,-75.85229,147.8597,0.7689118,0.6058125,0.1107101,0.171782
53194,-1.711682,-3.61929,-3.565985,-0.04124415,-1.201502,-0.8236584,8.533239,0.3447773,-1.503612,50.5,-4.625,-18.5,9.272447,-75.79923,147.913,0.7695957,0.6060504,0.107914,0.1696465
53205,-1.712167,-3.634731,-3.576804,-0.03758369,-1.195912,-0.8379209,8.380005,0.3399888,-1.690367,54.875,-2.375,-14.125,9.420675,-75.77155,148.2274,0.7703332,0.6063808,0.1051911,0.1668058
53217,-1.712639,-3.650383,-3.588032,-0.0358573,-1.189636,-0.8534155,8.274656,0.3304116,-1.829235,57.5,1.375,-11.125,9.488313,-75.7836,148.6665,0.7709671,0.6069544,0.1024388,0.1634701
53228,-1.713085,-3.665663,-3.599263,-0.03443305,-1.1805,-0.8676672,8.356062,0.1101372,-1.939373,47.375,7.375,-6.25,9.345774,-75.90041,149.1798,0.7709821,0.6079668,0.1009414,0.1605417
53240,-1.71351,-3.680857,-3.610691,-0.03272942,-1.16875,-0.8790206,8.59549,-0.08619434,-2.01599,17.125,14.375,2,8.895806,-76.1611,149.6064,0.7698697,0.6094101,0.1022797,0.159558
53251,-1.713891,-3.695903,-3.622213,-0.02930216,-1.158552,-0.8871975,8.86844,-0.02873145,-1.857967,-23.875,21,12.25,8.244613,-76.5818,149.6891,0.7672625,0.6113064,0.1071236,0.1616707
53263,-1.714238,-3.710929,-3.633856,-0.02669719,-1.156141,-0.8958643,8.810977,0.517166,-1.618538,-42.75,24.125,18.375,7.77864,-77.05504,149.3233,0.763882,0.6133564,0.1132132,0.1657134
53274,-1.714573,-3.726029,-3.64563,-0.02573721,-1.160561,-0.9049171,8.753514,1.019966,-1.450938,-37.375,24.125,21.875,7.504612,-77.52022,148.8208,0.7604882,0.6154505,0.1187366,0.1696472
53286,-1.714902,-3.741452,-3.6577,-0.02486547,-1.166106,-0.9125696,8.878016,1.077429,-1.383898,-14.25,22.25,21.5,7.238975,-77.96599,148.6014,0.757588,0.6176921,0.1226427,0.171685
53298,-1.715253,-3.757487,-3.670321,-0.02567583,-1.17066,-0.9214766,8.796611,1.005601,-1.470092,15.625,20.125,17.5,7.017359,-78.35319,148.7358,0.7555475,0.6199901,0.1242143,0.1712633
53309,-1.71562,-3.772811,-3.682495,-0.02806514,-1.172368,-0.9313844,8.681685,0.8236348,-1.608961,36.75,20.25,13.75,6.82176,-78.68048,149.1326,0.7542223,0.6222271,0.1240485,0.169098
53321,-1.716013,-3.788185,-3.694857,-0.02987906,-1.170155,-0.940859,8.743937,0.4932232,-1.656847,35.875,22.5,13.25,6.458429,-79.04582,149.6934,0.7527383,0.6246424,0.124148,0.1667164
53333,-1.716471,-3.805314,-3.708795,-0.03124207,-1.167758,-0.9501809,8.849285,0.4405488,-1.570652,16.75,25.75,16,5.977283,-79.526,150.1126,0.7502886,0.6274758,0.1259899,0.165734
53345,-1.716901,-3.820764,-3.721422,-0.03260495,-1.170075,-0.9563188,9.021674,0.7326519,-1.407841,4.375,26.875,18.875,5.693995,-79.98137,150.1685,0.7476365,0.6300372,0.1284444,0.1661171
53357,-1.717357,-3.836263,-3.73405,-0.0346234,-1.177899,-0.9597669,9.218005,1.120526,-1.249818,11.375,25.25,20,5.651294,-80.40857,150.0689,0.7451629,0.6325843,0.1301208,0.1662468
53368,-1.717837,-3.851574,-3.746411,-0.03735234,-1.191248,-0.9617252,9.318565,1.532344,-1.091795,45.25,20.75,18,5.970074,-80.74429,150.0407,0.7436842,0.6351431,0.128875,0.1640682
53380,-1.718357,-3.867115,-3.75884,-0.04034716,-1.205366,-0.9639637,9.299411,1.565864,-1.067852,91.875,15.75,12.875,6.494283,-80.98385,150.4111,0.743497,0.637806,0.1238955,0.1583214
53391,-1.718919,-3.883141,-3.771628,-0.04257169,-1.21359,-0.9683531,9.165331,1.058275,-1.173201,131.875,11.5,7,6.800326,-81.15802,151.5589,0.7444177,0.6405189,0.1158506,0.1488506
53403,-1.719495,-3.898809,-3.784218,-0.04458612,-1.213355,-0.9750008,9.00252,0.3926631,-1.364744,137.625,11.125,4.25,6.593316,-81.32217,153.2719,0.7454752,0.6429726,0.1079151,0.1385908
53414,-1.720115,-3.914499,-3.79699,-0.04769738,-1.208183,-0.9835476,8.858863,-0.004788574,-1.532344,111.375,14.625,5.625,5.940654,-81.53081,155.1029,0.7458837,0.6452153,0.1022412,0.1300056
53426,-1.720781,-3.930037,-3.809772,-0.05173921,-1.205544,-0.9916785,8.878016,0.158023,-1.513189,71.875,18.875,8.5,5.38406,-81.78766,156.3161,0.7453297,0.6473049,0.09944804,0.124861
53437,-1.721521,-3.945912,-3.822868,-0.05639266,-1.209779,-0.9980439,9.016886,0.6512461,-1.369532,54.125,21,10,5.353525,-82.06786,156.7746,0.7442464,0.6494567,0.09750035,0.1216433
53448,-1.722309,-3.961739,-3.835884,-0.06076022,-1.220322,-1.003547,9.079137,1.101372,-1.177989,63.125,19.875,8.5,5.991829,-82.31786,156.6712,0.7432858,0.6516325,0.09434526,0.1183222
53460,-1.72316,-3.977809,-3.849037,-0.06528129,-1.233208,-1.009318,9.059982,1.264184,-1.115738,89.375,16.875,4.375,7.122591,-82.50333,156.4205,0.7429078,0.6537527,0.08874722,0.1132227
53471,-1.724081,-3.993936,-3.862172,-0.07106872,-1.245104,-1.01416,9.117445,1.221087,-1.240241,123.25,14,-1.5,8.573484,-82.60397,156.2879,0.7432945,0.6556771,0.08026962,0.10563
53483,-1.725104,-4.010273,-3.875432,-0.07847725,-1.253239,-1.017218,9.246737,0.9577149,-1.455727,142.25,13.625,-5.125,9.956011,-82.6685,156.4861,0.7440216,0.657432,0.07027742,0.09631311
53494,-1.726236,-4.026665,-3.888682,-0.08699858,-1.259834,-1.018366,9.385606,0.8475776,-1.585018,143.875,15.75,-5.5,11.28275,-82.7478,156.7607,0.7445602,0.6591462,0.06022918,0.08676901
53506,-1.7275,-4.043389,-3.902132,-0.0958485,-1.267671,-1.019446,9.390394,0.9146177,-1.58023,136.125,17.625,-4.375,12.6984,-82.85207,156.8653,0.7447485,0.6608651,0.05062487,0.07774524
53518,-1.728928,-4.060886,-3.91615,-0.1042192,-1.276864,-1.022997,9.222795,0.9529263,-1.479669,123.75,18.5,-2.625,14.16146,-82.98532,156.8097,0.7445731,0.6626123,0.04170056,0.06940437
53530,-1.730394,-4.077754,-3.929633,-0.1117955,-1.286499,-1.028363,9.079137,0.9912349,-1.407841,106,19.25,-0.625,15.51483,-83.13224,156.5683,0.7440843,0.6642224,0.03460693,0.0628456
53541,-1.731966,-4.094736,-3.943125,-0.1201572,-1.297878,-1.031088,9.270679,1.134892,-1.455727,89.125,20.125,0.875,16.92278,-83.28201,156.0476,0.7433873,0.665741,0.02880896,0.05774339
53553,-1.7338,-4.113079,-3.957556,-0.1309237,-1.310042,-1.030696,9.495743,1.154046,-1.585018,70,22.25,2.625,18.31229,-83.46004,155.3399,0.7424039,0.6673413,0.02431342,0.05386054
53565,-1.735609,-4.130074,-3.970835,-0.140573,-1.320472,-1.031766,9.395183,1.087006,-1.527555,52,25.25,3.125,19.68069,-83.6637,154.3677,0.741138,0.66901,0.02159914,0.05170658
53576,-1.737549,-4.147407,-3.984269,-0.1491946,-1.332632,-1.032789,9.409549,1.211509,-1.383898,33.5,27.125,2.5,21.54609,-83.89038,152.6621,0.7395059,0.6708948,0.02008098,0.05126497
53588,-1.739597,-4.164953,-3.997652,-0.157484,-1.349611,-1.029426,9.735171,1.618538,-1.307281,31.5,25.75,0.5,24.17746,-84.06641,150.1633,0.7379054,0.6726906,0.01824129,0.05148
53599,-1.741788,-4.182906,-4.011055,-0.1671127,-1.369354,-1.022371,9.993754,1.872333,-1.379109,49.375,22.375,-2.75,27.25327,-84.1468,147.4562,0.7367299,0.6741342,0.01459592,0.0505879
53611,-1.744094,-4.200712,-4.024101,-0.1793813,-1.384864,-1.014555,10.05601,1.618538,-1.618538,65.625,20.25,-4.875,29.8457,-84.16646,145.4387,0.7360389,0.6751468,0.009877268,0.04822828
53622,-1.746634,-4.218946,-4.037266,-0.1941937,-1.394089,-1.006628,10.06558,1.139681,-1.824447,62.625,20.625,-4.125,31.6689,-84.20345,144.1654,0.735463,0.6760085,0.00580213,0.04553099
53633,-1.749355,-4.23709,-4.050192,-0.2099206,-1.399916,-0.9972951,10.19009,0.8954634,-1.910641,37.5,22.375,0.5,32.77312,-84.30367,143.2811,0.7346851,0.6769443,0.004288443,0.04433876
53645,-1.752261,-4.255269,-4.062941,-0.2250281,-1.407829,-0.9872574,10.24755,1.058275,-1.829235,12.875,23,6.125,33.60942,-84.4465,142.3421,0.7336773,0.6779944,0.00499008,0.04490462
53656,-1.755391,-4.273943,-4.075764,-0.2385092,-1.422676,-0.9769581,10.24276,1.570652,-1.618538,9.875,20,9.625,34.64582,-84.56252,141.1557,0.7327129,0.6789608,0.00580732,0.04593871
53668,-1.758644,-4.292666,-4.088319,-0.2504202,-1.441582,-0.9666587,10.24276,1.891487,-1.474881,34.125,13.875,9.625,35.64808,-84.59866,140.3158,0.7322572,0.6795095,0.004514061,0.04523239
53679,-1.762041,-4.31158,-4.100716,-0.2621551,-1.459366,-0.9565526,10.23318,1.800504,-1.489247,68.25,6.625,8.5,35.99777,-84.55763,140.569,0.7325495,0.6794354,0.0006223626,0.04169485
53691,-1.765617,-4.330748,-4.113036,-0.2748633,-1.473688,-0.9471841,10.18051,1.508401,-1.61375,88.375,1.125,8.625,35.4254,-84.47309,142.0079,0.7334379,0.6787767,-0.004559489,0.03619667
53702,-1.769381,-4.350096,-4.12528,-0.2887964,-1.484431,-0.9393582,10.06558,1.192355,-1.757407,92.625,-2.125,10,34.01683,-84.37276,144.3401,0.7346703,0.6776932,-0.009701903,0.0299548
53714,-1.773328,-4.369501,-4.137424,-0.3037773,-1.493455,-0.9346299,9.826155,1.010389,-1.872333,83,-2.5,11.5,32.22836,-84.27087,146.9242,0.7359577,0.6764501,-0.01384269,0.0242903
53725,-1.777489,-4.389108,-4.149601,-0.3188114,-1.501996,-0.9328738,9.596303,0.9194063,-1.891487,64.5,-1.625,13.25,30.30217,-84.18247,149.407,0.7371276,0.6752594,-0.01639126,0.01997572
53737,-1.781857,-4.408988,-4.161872,-0.332198,-1.512158,-0.9333624,9.428702,1.000812,-1.771773,42.625,-0.625,14.625,28.58954,-84.11304,151.3904,0.7380539,0.6742938,-0.01725744,0.01750511
53748,-1.786221,-4.42841,-4.173753,-0.34272,-1.525221,-0.9329578,9.500531,1.240241,-1.608961,32.375,-1.25,14.875,27.37088,-84.04428,152.7374,0.7387896,0.6735138,-0.01752466,0.01619086
53759,-1.79081,-4.448546,-4.185904,-0.35134,-1.541699,-0.9303015,9.67292,1.474881,-1.484458,36,-3.25,13.625,26.58392,-83.94854,153.7007,0.7395382,0.6726996,-0.01837385,0.01486567
53772,-1.795926,-4.47078,-4.199098,-0.3592618,-1.561133,-0.9264485,9.73996,1.575441,-1.426995,53,-6.125,10.5,26.1612,-83.79294,154.5576,0.7405222,0.6715894,-0.02109193,0.01223422
53783,-1.800558,-4.490723,-4.210792,-0.3660149,-1.57606,-0.9241365,9.658554,1.379109,-1.436572,69.625,-8.125,7.125,25.85931,-83.62517,155.4579,0.7415412,0.6703913,-0.02485593,0.0086257
53795,-1.805428,-4.511415,-4.222838,-0.3734924,-1.586845,-0.923747,9.514897,1.005601,-1.494035,71.625,-7.875,4.75,25.38767,-83.45698,156.5764,0.7425981,0.6691034,-0.02877273,0.004574615
53806,-1.810481,-4.532541,-4.23509,-0.3815236,-1.595134,-0.9251084,9.385606,0.7853262,-1.537132,54.75,-5.375,4.125,24.85804,-83.32034,157.5421,0.7434835,0.6680184,-0.03131486,0.001745989
53818,-1.815979,-4.555191,-4.248188,-0.3894642,-1.604672,-0.9279817,9.285046,0.8284234,-1.503612,34.375,-1.75,4.375,24.56071,-83.22588,158.0166,0.7440705,0.6673157,-0.03238098,0.0006304676
53830,-1.820996,-4.57564,-4.25999,-0.3957655,-1.613074,-0.9309506,9.261103,0.8188462,-1.441361,19.5,1,4.125,24.46597,-83.18312,158.0827,0.7443243,0.6670386,-0.03225327,0.0008580885
53841,-1.826304,-4.597069,-4.2723,-0.4019217,-1.622419,-0.932014,9.414337,0.8810977,-1.426995,6.75,3.625,3.125,24.65995,-83.16959,157.6912,0.7443371,0.6670678,-0.03126743,0.00230517
53853,-1.831522,-4.618067,-4.284265,-0.4063694,-1.635434,-0.9318854,9.500531,1.216298,-1.321646,8.5,4.625,1.25,25.50543,-83.15627,156.6747,0.7441491,0.6672876,-0.03087372,0.004017066
53864,-1.836784,-4.639312,-4.29626,-0.4089007,-1.651022,-0.9322173,9.467011,1.446149,-1.173201,28.75,3.125,-2.625,26.98118,-83.10906,155.2884,0.7439353,0.6674451,-0.03250515,0.004548078
53876,-1.842293,-4.661645,-4.308783,-0.4107905,-1.665152,-0.9336542,9.395183,1.316858,-1.115738,59.375,-0.25,-8.25,28.74866,-82.99867,154.0291,0.7439267,0.6672333,-0.03694964,0.002736151
53887,-1.847552,-4.682907,-4.320673,-0.4138854,-1.673326,-0.9358006,9.342508,0.9194063,-1.211509,74.125,-2.625,-11.875,30.08831,-82.8582,153.364,0.7441685,0.6666589,-0.04217962,-0.000336394
53899,-1.852996,-4.704695,-4.332866,-0.4191212,-1.677421,-0.9386783,9.289834,0.5937832,-1.364744,67.75,-3,-13,31.04251,-82.70615,153.0209,0.7445658,0.6658967,-0.04683091,-0.003204539
53910,-1.85847,-4.726361,-4.345016,-0.4245935,-1.680477,-0.9423393,9.227583,0.5267432,-1.388687,53.375,-2,-13,31.91355,-82.56969,152.5725,0.7448912,0.6652691,-0.05029695,-0.004935642
53921,-1.864123,-4.748501,-4.357458,-0.4297386,-1.683089,-0.9458694,9.246737,0.5123774,-1.364744,38.5,-0.875,-13,32.8168,-82.45083,151.9053,0.7451006,0.6648473,-0.05266237,-0.005473004
53933,-1.86975,-4.770304,-4.369743,-0.4347835,-1.684686,-0.9492632,9.256314,0.4597031,-1.364744,24.75,-0.125,-12.625,33.61339,-82.35075,151.1641,0.7452525,0.6645853,-0.05385646,-0.004955156
53944,-1.875469,-4.792242,-4.382134,-0.4396721,-1.686315,-0.9525449,9.265891,0.4884346,-1.355167,10.75,0.625,-12.125,34.40345,-82.26218,150.2473,0.7453411,0.6644877,-0.05396298,-0.003286805
53956,-1.881223,-4.814156,-4.394522,-0.4436448,-1.689856,-0.9552408,9.3042,0.675189,-1.302492,4.75,0.875,-12.125,35.37724,-82.17047,149.0677,0.7453425,0.6645101,-0.05375997,-0.0009558655
53967,-1.887024,-4.83616,-4.406953,-0.4467624,-1.694478,-0.9572852,9.352086,0.7996919,-1.249818,9.375,-0.375,-12.75,36.43716,-82.05836,147.8608,0.7453698,0.6644567,-0.05403648,0.001134209
53979,-1.892881,-4.858285,-4.419457,-0.4495428,-1.698282,-0.9597795,9.323354,0.7661719,-1.221087,19.25,-2.25,-13.5,37.38875,-81.9261,146.8904,0.7455136,0.6642078,-0.0550634,0.002396154
53990,-1.898846,-4.880726,-4.432169,-0.4520015,-1.700302,-0.9631647,9.270679,0.6512461,-1.187566,26.125,-4.25,-14,38.1469,-81.78143,146.2046,0.7457892,0.6637719,-0.05653893,0.002987012
54002,-1.905082,-4.904083,-4.445451,-0.4542301,-1.701313,-0.9674351,9.222795,0.5937832,-1.168412,29.75,-6.875,-14,38.70916,-81.61072,145.7665,0.7462667,0.663083,-0.05828137,0.003206914
54014,-1.91104,-4.926329,-4.458146,-0.4559412,-1.702538,-0.9715953,9.213217,0.6368804,-1.158835,34.375,-9.25,-13.625,39.11392,-81.42671,145.5387,0.7468763,0.6622189,-0.06027297,0.003030258
54025,-1.917051,-4.948727,-4.470973,-0.4572878,-1.703808,-0.9756957,9.218005,0.6608232,-1.158835,41.875,-11.875,-13,39.35099,-81.22031,145.5761,0.7476696,0.661092,-0.06279225,0.002182459
54038,-1.92377,-4.97368,-4.485318,-0.4587597,-1.703743,-0.9794788,9.275469,0.5794175,-1.192355,49.25,-14.25,-12.625,39.3616,-80.97575,145.9789,0.7487566,0.6595431,-0.06607828,0.0003984308
54050,-1.929869,-4.996192,-4.498311,-0.4608573,-1.701239,-0.9818294,9.361663,0.4022402,-1.278549,49.5,-14.75,-11.5,39.09911,-80.77006,146.6195,0.7498243,0.6580492,-0.06879164,-0.001524384
54062,-1.935964,-5.018502,-4.511232,0,0,0,9.43828,0.3016802,-1.369532,42.125,-13.25,-9.625,38.68739,-80.59893,147.3107,0.750827,0.6566998,-0.07067523,-0.003067024
54073,-1.936003,-5.018457,-4.511243,0,0,0,9.462223,0.3208345,-1.422207,33,-10.625,-7.375,38.27121,-80.47147,147.8828,0.7516416,0.6556539,-0.07167407,-0.003976802
54084,-1.93604,-5.018429,-4.511261,0,0,0,9.409549,0.4166059,-1.426995,24.375,-7,-4.5,37.90875,-80.39614,148.2891,0.7521949,0.6549941,-0.07188233,-0.004301201
54096,-1.936074,-5.018427,-4.511296,0,0,0,9.3042,0.5650518,-1.407841,23.25,-3.75,-2.75,37.69501,-80.357,148.5312,0.7524976,0.6546322,-0.07199826,-0.004530994
54107,-1.936112,-5.018416,-4.511347,0,0,0,9.20364,0.4932232,-1.426995,25.75,-0.625,-1.625,37.47562,-80.36234,148.8122,0.7525994,0.6544945,-0.07214442,-0.005142191
54119,-1.936158,-5.018372,-4.511415,0,0,0,9.117445,0.2681602,-1.431784,22.375,2.125,-0.125,37.08206,-80.42355,149.2267,0.7525463,0.6545965,-0.07171775,-0.005829451
54130,-1.936203,-5.018299,-4.511495,0,0,0,9.064771,0.06225147,-1.388687,10.75,4.75,2.625,36.46247,-80.55061,149.7181,0.7523189,0.6550397,-0.07002835,-0.005952311
54142,-1.936239,-5.018209,-4.511584,0,0,0,9.045617,-0.03830859,-1.302492,-10.875,6.375,7.25,35.52234,-80.74464,150.2408,0.7519504,0.6558706,-0.0662023,-0.004660252
54153,-1.936261,-5.018147,-4.51168,0,0,0,8.992943,0.09098291,-1.221087,-31.25,6.25,12.25,34.36625,-80.96069,150.7132,0.7515586,0.6568725,-0.06062016,-0.001851545
54164,-1.936265,-5.01813,-4.511753,0,0,0,9.127023,0.3495659,-1.130104,-34.625,4.5,14.125,33.25758,-81.15807,151.0847,0.7511756,0.6578178,-0.05485238,0.001434479
54176,-1.936255,-5.018158,-4.511796,0,0,0,9.285046,0.6177261,-1.077429,-18,1.625,12.875,32.38352,-81.29782,151.4377,0.7509134,0.6584404,-0.05071329,0.003698533
54187,-1.936238,-5.018207,-4.51182,0,0,0,9.399971,0.7230747,-1.058275,8.875,-2.125,11,31.58838,-81.3763,152.0574,0.7508981,0.6585991,-0.04882266,0.00396376
54199,-1.936216,-5.01827,-4.511848,0,0,0,9.37124,0.7949033,-1.034332,36.125,-5.875,9.375,30.85294,-81.39549,152.9709,0.7511429,0.6583007,-0.04919436,0.002143965
54210,-1.936174,-5.018382,-4.51194,0,0,0,9.007308,1.024755,-0.9194063,64.125,-10.5,9.125,30.2613,-81.34844,154.1058,0.7516385,0.6575224,-0.05196805,-0.00176176
54223,-1.936034,-5.01862,-4.512139,0,0,0,8.49972,1.642481,-0.4357603,91.25,-17.875,12.875,30.03098,-81.2475,155.2577,0.7522037,0.6563852,-0.05734752,-0.007708274
54234,-1.935834,-5.018961,-4.512357,0,0,0,8.289022,2.403864,-0.1436572,137.625,-29,15,30.2209,-81.01823,156.5376,0.7531114,0.6543089,-0.06655196,-0.01655296
54246,-1.935685,-5.019361,-4.512583,0,0,0,8.154942,2.715122,-0.641669,216.875,-38.375,12.5,30.4833,-80.56768,158.7746,0.7547326,0.6500956,-0.08222551,-0.03151955
54258,-1.935688,-5.019708,-4.512836,0,0,0,8.217194,1.78135,-1.608961,269.25,-33.375,12.5,29.76732,-80.03285,163.0785,0.7564104,0.6436139,-0.103143,-0.05446152
54270,-1.935885,-5.019754,-4.512916,0,0,0,8.863651,0.07182861,-2.561887,238.5,-13.125,21.25,27.36157,-79.7897,168.3459,0.7570046,0.6383862,-0.117251,-0.07522783
54282,-1.9362,-5.019641,-4.512879,0,0,0,9.4718,-1.173201,-3.093419,129.125,12.25,34.125,23.55563,-79.85561,173.5486,0.756891,0.6361216,-0.1209254,-0.08855743
54293,-1.93647,-5.019521,-4.512837,0,0,0,9.543629,-1.307281,-2.834836,5.75,36.75,46.5,18.95399,-80.23322,177.9212,0.756098,0.6377306,-0.114365,-0.09239186
54304,-1.93661,-5.019484,-4.512842,0,0,0,9.376028,-0.6704004,-2.102184,-98.75,55.125,53.5,14.08385,-80.88406,-178.8026,0.7544496,0.6427751,-0.1000249,-0.08741326
54316,-1.936647,-5.019566,-4.512871,0,0,0,9.33772,0.1197144,-1.527555,-141.5,62.125,52.375,9.461698,-81.67303,-176.371,0.7519153,0.6493725,-0.08300216,-0.07777826
54327,-1.936617,-5.019767,-4.512838,0,0,0,9.759114,0.8667319,-1.182778,-136.25,61.75,46.625,5.597216,-82.48072,-174.6123,0.7487109,0.6559802,-0.06761977,-0.06745023
54339,-1.936557,-5.020048,-4.512726,0,0,0,10.25713,1.316858,-0.9864463,-103.875,56.125,41.75,2.162169,-83.23022,-172.8631,0.7452611,0.6618395,-0.05540655,-0.05903038
54350,-1.936491,-5.020357,-4.512641,0,0,0,10.13262,1.503612,-0.8140576,-51.75,45.25,35.625,-0.640551,-83.83722,-171.0474,0.7421049,0.6663505,-0.04799339,-0.05435009
54362,-1.936422,-5.020665,-4.512661,0,0,0,9.519686,1.426995,-0.6464576,1.125,32.875,27.625,-2.61494,-84.30639,-169.375,0.7393941,0.6696248,-0.04527736,-0.05337456
54373,-1.936386,-5.020893,-4.51275,0,0,0,9.093503,0.9720806,-0.6799775,40.625,20.125,18.375,-3.830046,-84.59206,-167.9338,0.737534,0.6714578,-0.04610969,-0.0553351
54385,-1.936415,-5.021013,-4.512854,0,0,0,8.969,0.258583,-0.9481377,52,11.75,12.375,-5.148163,-84.70905,-166.2309,0.736549,0.6721615,-0.04772689,-0.05845389
54396,-1.936497,-5.021075,-4.512925,0,0,0,9.131811,-0.158023,-1.211509,36.375,7.25,9.375,-6.506872,-84.71732,-164.6858,0.7362673,0.6722732,-0.04806822,-0.06040375
54408,-1.936602,-5.021137,-4.512943,0,0,0,9.433492,-0.2011201,-1.364744,10.125,5.375,8.75,-7.687256,-84.68293,-163.6603,0.7364135,0.6722528,-0.04645647,-0.06011
54419,-1.9367,-5.021229,-4.51293,0,0,0,9.615458,-0.03352002,-1.383898,-10.125,4.75,10,-8.696581,-84.6442,-163.0699,0.7367271,0.6722971,-0.04338031,-0.0580342
54431,-1.936784,-5.021333,-4.512922,0,0,0,9.601091,0.03830859,-1.288126,-23.875,3.25,11.375,-9.74638,-84.59785,-162.6268,0.7371513,0.6723633,-0.03916305,-0.05478881
54443,-1.93686,-5.021441,-4.51289,0,0,0,9.725595,0.009577149,-1.225875,-24.25,-0.125,8.75,-10.39581,-84.52721,-162.6158,0.7377583,0.6722167,-0.03494317,-0.05115095
54454,0,0,0,0,0,0,9.850098,-0.0191543,-1.192355,-13.5,-5.375,3.25,-10.14881,-84.42424,-163.3206,0.7385776,0.6716689,-0.03225029,-0.04820763
54467,0,0,0,0,0,0,9.821366,-0.3112573,-1.225875,-4.75,-10.625,-0.75,-9.608008,-84.24037,-164.2295,0.7398514,0.6705343,-0.03015666,-0.04576428
54479,0,0,0,0,0,0,9.807,-0.3782974,-1.168412,-4,-15.75,-2.625,-8.832578,-84.00318,-165.3599,0.7414463,0.6690179,-0.02824824,-0.04329533
54490,0,0,0,0,0,0,9.778269,-0.2202744,-1.144469,0.625,-21,-2.75,-7.862698,-83.73897,-166.5898,0.7431766,0.6672722,-0.02703963,-0.0412947
54502,0,0,0,0,0,0,9.586726,-0.292103,-1.149258,11.5,-25,-2.875,-6.971084,-83.41763,-167.604,0.745166,0.6651332,-0.02657943,-0.04023604
54513,0,0,0,0,0,0,9.390394,-0.6608232,-1.264184,15,-26.5,-2.25,-6.656938,-83.04745,-167.9927,0.7473447,0.6627284,-0.0259898,-0.03989493
54525,0,0,0,0,0,0,9.366451,-0.9720806,-1.455727,1.375,-24,1,-7.085799,-82.67519,-167.8128,0.7494947,0.6604325,-0.02384327,-0.03896536
54536,0,0,0,0,0,0,9.318565,-0.9050406,-1.594595,-22.125,-17.875,8.25,-8.218608,-82.34084,-167.2529,0.751416,0.6585381,-0.01928157,-0.03646671
54548,-5.588295E-05,3.532408E-06,-5.227288E-05,-0.004321293,0.0002731525,-0.004042134,9.189274,-0.5746289,-1.479669,-38.125,-11.5,16.625,-9.830183,-82.10099,-166.4211,0.7527413,0.6573587,-0.01319319,-0.03295391
54560,-0.000113695,-5.302476E-05,-0.0001993872,-0.004128255,-0.004038644,-0.01050517,9.093503,-0.258583,-1.154046,-39,-7.25,25.25,-12.14337,-81.9362,-164.9766,0.7534615,0.6568064,-0.006049137,-0.02940281
54571,-0.0001217299,-0.000171451,-0.0004354076,-0.0006200699,-0.009139239,-0.01821426,8.997731,-0.2059087,-0.8906748,-19.875,-6.25,29.875,-14.6356,-81.81691,-163.045,0.7537071,0.6566132,-0.0005418305,-0.02800807
54583,-9.639905E-05,-0.0003174786,-0.0007760879,0.001941954,-0.011195,-0.02611778,8.964211,-0.5075889,-0.9577149,0.625,-5.5,31.375,-17.47379,-81.66315,-160.5024,0.7538728,0.6563798,0.003842213,-0.02875146
54594,-8.252227E-05,-0.0004193852,-0.001206289,0.001067445,-0.007838974,-0.03309237,8.969,-1.015178,-1.216298,2,-0.875,34.625,-20.95994,-81.46616,-157.2931,0.753902,0.6562278,0.008816926,-0.03031605
54606,-0.0001107606,-0.0004007089,-0.001723041,-0.002137649,0.0014138,-0.0391183,8.983365,-1.565864,-1.388687,-26.875,7.625,42.25,-25.62341,-81.23749,-153.2983,0.7534931,0.6565254,0.01718299,-0.03045237
54617,-0.0001565503,-0.000274427,-0.002305951,-0.003527436,0.00972821,-0.0449048,8.997731,-1.61375,-1.254606,-80,18.125,54.75,-31.33903,-81.02646,-148.9455,0.7522547,0.6576206,0.03040301,-0.02690217
54629,-0.0001621098,-0.0001362654,-0.00296387,-0.0004361821,0.0108396,-0.0516177,8.997731,-1.173201,-0.8715205,-111.875,24.5,64,-37.37336,-80.85284,-144.6711,0.7501548,0.6593312,0.0459955,-0.02084596
54640,-7.828943E-05,-0.0001006719,-0.003722861,0.006424496,0.002728102,-0.05817363,9.122234,-0.5985718,-0.517166,-101.875,25.125,66.25,-43.17173,-80.70374,-140.5509,0.7474508,0.661368,0.06071837,-0.01493504
54652,0.0001346841,-0.0002563733,-0.004598363,0.01526364,-0.01115899,-0.06274653,9.347297,-0.3735088,-0.3447773,-50.625,20.625,62.5,-48.51089,-80.51581,-136.2863,0.744594,0.6635438,0.07162166,-0.01263826
54664,0.0004263186,-0.0005228739,-0.005464292,0.02238864,-0.02045913,-0.06647693,9.33772,-0.7613833,-0.4070288,-9,16.375,57.875,-52.90663,-80.24228,-132.3413,0.742235,0.6653771,0.07851371,-0.01400507
54675,0.0007817479,-0.0008367283,-0.006390763,0.02730921,-0.02411481,-0.07118494,9.174909,-1.278549,-0.5602632,11.75,14.375,54.25,-56.85442,-79.86609,-128.5662,0.7401365,0.6669748,0.08392207,-0.01731091
54687,0.001184839,-0.001159618,-0.007392543,0.03056036,-0.0244799,-0.07594992,9.107868,-1.632904,-0.675189,9.5,14.875,52.375,-60.51916,-79.41829,-125.104,0.7380808,0.6684123,0.08965571,-0.02058129
54699,0.001671324,-0.001555371,-0.008539869,0.03388247,-0.0275632,-0.07990848,9.20364,-1.58023,-0.641669,0,16.25,51,-64.11829,-78.94493,-121.8637,0.7357486,0.6699713,0.09636942,-0.0229201
54710,0.002142225,-0.00198901,-0.009564345,0.03800967,-0.03500194,-0.08269241,9.318565,-1.312069,-0.4692803,6.625,15.25,48,-66.78611,-78.59661,-119.4215,0.7337217,0.671431,0.101066,-0.0248718
54722,0.002725149,-0.00259464,-0.01071745,0.04399423,-0.04570791,-0.0870268,9.256314,-1.187566,-0.2777373,28,11.125,43.25,-69.11652,-78.2711,-117.04,0.7317334,0.6730489,0.1037952,-0.02824935
54733,0.003356996,-0.003296934,-0.0119155,0.04920924,-0.05469584,-0.09330631,9.064771,-1.331224,-0.2825259,50.625,5.75,38.625,-70.81636,-77.94551,-114.9899,0.7302132,0.6743779,0.1044137,-0.03318341
54745,0.003765583,-0.004365044,-0.01298793,0.03179917,-0.08312783,-0.08346355,10.46782,0.07182861,-2.011201,20.875,5.875,33.5,-70.85992,-77.78265,-115.0075,0.7304479,0.6738926,0.1057159,-0.0337461
54757,0.00367273,-0.007550962,-0.01422003,-0.006911807,-0.2371534,-0.09171519,10.64021,9.816577,-2.375133,-76.375,-22.125,0.625,-66.21233,-78.64669,-121.0108,0.7344287,0.6700547,0.1064208,-0.01777317
54768,0.003476588,-0.0111975,-0.01537875,-0.01544668,-0.2871743,-0.09125194,10.04643,2.28415,-1.168412,11.25,-17.375,-54.125,-61.60082,-79.55221,-125.7284,0.7369072,0.6685528,0.09956791,-0.009551541
54779,0.003380178,-0.01465792,-0.01648429,-0.007422476,-0.2664115,-0.08511382,9.725595,-3.318482,-0.5794175,87.125,-19.875,-52.75,-59.40243,-79.77844,-126.9991,0.7382365,0.6681573,0.09166919,-0.01302054
54791,0.003349409,-0.01809316,-0.01752902,-0.002274757,-0.253973,-0.07723843,9.921926,-2.609773,-0.775749,44.875,-19.25,-27.625,-57.8076,-79.80571,-128.2258,0.7395557,0.6671134,0.0883953,-0.01426358
54802,0.003359269,-0.0213182,-0.01847324,0.0007916763,-0.2589559,-0.0758172,9.648977,-1.192355,-0.7565947,19.75,-17,-16.75,-56.29276,-79.88426,-129.7338,0.7406533,0.6661058,0.08699533,-0.01294308
54813,0.00345226,-0.02464737,-0.01946078,0.007148202,-0.2559131,-0.07591194,9.462223,-1.81487,-0.5746289,40.875,-15.25,-13.375,-55.4645,-79.88116,-130.2765,0.7413487,0.6655872,0.08480765,-0.01426265
54825,0.003600481,-0.02786901,-0.02035649,0.01137538,-0.2472483,-0.06874222,9.926715,-2.312881,-0.8619434,17.625,-13,-3.625,-55.29458,-79.73051,-130.4714,0.7419806,0.664775,0.08557004,-0.01472548
54836,0.003677438,-0.03166657,-0.02117389,0.005944044,-0.2933153,-0.06313381,10.33374,2.054298,-1.192355,-65.125,-16.875,-0.75,-52.57587,-79.94864,-134.3237,0.7436482,0.6625756,0.08922474,-0.004454095
54848,0.003824323,-0.03591121,-0.02195456,0.01128928,-0.326235,-0.0600014,10.07995,1.058275,-0.4692803,-41,-17.75,-13.625,-49.99596,-80.22446,-137.7046,0.7446871,0.6612034,0.09075441,0.003863466
54859,0.004169811,-0.0402144,-0.02270104,0.02656373,-0.3308616,-0.05739437,9.845308,-1.144469,0.004788574,20.875,-19.125,-17.5,-48.79819,-80.33261,-138.8704,0.7451735,0.6608562,0.08922188,0.005010861
54871,0.004637816,-0.04486854,-0.02350427,0.03525196,-0.3505681,-0.06050301,9.500531,0.158023,-0.3256231,35.375,-18,-18.625,-46.4426,-80.54449,-141.0167,0.7460307,0.6603861,0.08537303,0.006306502
54883,0.005191008,-0.04994246,-0.02439434,0.04046464,-0.3711455,-0.06510647,9.366451,0.3160459,-0.6081489,75.625,-19.5,-28.25,-42.93964,-80.78247,-143.7493,0.7474014,0.6598386,0.07733105,0.004905193
54895,0.005771101,-0.05500134,-0.02531859,0.04435979,-0.3868531,-0.07067703,9.232371,0.1149258,-0.742229,114.875,-19.875,-33.625,-39.22143,-80.97908,-146.212,0.7488224,0.6594268,0.06649194,0.0003313101
54906,0.006334749,-0.06025405,-0.02632216,0.04300033,-0.4007256,-0.0765619,9.141388,0.08140577,-1.187566,133.125,-19,-35,-35.16525,-81.09991,-148.7731,0.7504697,0.6586478,0.05426231,-0.005815283
54919,0.006878962,-0.06623774,-0.02753887,0.03723153,-0.4093648,-0.08323955,9.050406,-0.3160459,-1.541921,139.125,-17.5,-34.25,-30.97268,-81.1207,-151.2096,0.7523168,0.6573976,0.04069492,-0.01384538
54931,0.007259349,-0.07171667,-0.02871617,0.0286565,-0.412756,-0.08869174,9.031251,-0.6225147,-1.838813,126,-15.25,-30.375,-27.76193,-81.05359,-153.0018,0.7539083,0.6559662,0.03006148,-0.02066364
54942,0.007503179,-0.07713426,-0.02994971,0.01854502,-0.4120467,-0.09381972,9.007308,-0.9241948,-1.992047,101.375,-12.5,-24.25,-25.44477,-80.92886,-154.2412,0.7553166,0.6544631,0.02223014,-0.02609466
54954,0.007620598,-0.08238446,-0.03122363,0.009138376,-0.408608,-0.0991452,8.969,-1.134892,-1.972893,70.375,-10,-17.75,-24.01523,-80.7846,-155.0192,0.756487,0.6531059,0.01761538,-0.02949378
54965,0.007649023,-0.08757919,-0.03258019,0.00220473,-0.4029109,-0.1052172,8.925902,-1.302492,-1.790927,35.625,-8,-11.875,-23.35008,-80.64587,-155.4813,0.7574147,0.6520164,0.01620406,-0.03057772
54977,0.007636953,-0.09282511,-0.03407468,-0.0009121101,-0.3964267,-0.1129362,8.854074,-1.336012,-1.494035,8,-6.375,-8.5,-23.15699,-80.54649,-155.833,0.758044,0.6513051,0.01717446,-0.02959621
54988,0.007616762,-0.09790282,-0.03561207,-0.001567013,-0.3940794,-0.1193163,8.988154,-1.019966,-1.345589,-5,-4.875,-7.75,-22.85896,-80.51193,-156.4572,0.7584235,0.6509201,0.01883353,-0.02724443
54999,0.007601006,-0.1030516,-0.03720694,-0.001211743,-0.3959683,-0.1226539,9.256314,-0.6847661,-1.321646,-12.25,-4.875,-7.625,-22.29241,-80.50815,-157.451,0.7587624,0.6505988,0.02073566,-0.02389193
55011,0.007616966,-0.1081071,-0.03878524,0.001240348,-0.3929035,-0.122663,9.510109,-1.067852,-1.206721,-19.125,-4.375,-8.125,-22.09663,-80.51193,-158.1524,0.7589158,0.6504495,0.02341212,-0.02034979
55022,0.00766286,-0.1132592,-0.0403419,0.003492431,-0.3920654,-0.1184577,9.835732,-0.8858863,-1.283338,-9.625,-4.375,-11.625,-21.4588,-80.53893,-159.1806,0.7590777,0.6502966,0.02496263,-0.01709781
55034,0.007741692,-0.1184432,-0.04181449,0.006084192,-0.4000944,-0.1136528,9.931503,-0.158023,-1.264184,13.5,-6.25,-16.25,-19.84847,-80.60142,-160.879,0.7593285,0.6501026,0.02379694,-0.01484922
55045,0.007868752,-0.1238018,-0.04331597,0.009743084,-0.4108997,-0.1151346,9.476588,0.1292915,-1.110949,31.375,-6.25,-18.875,-17.82245,-80.69276,-162.7605,0.7594706,0.6500626,0.02086596,-0.0136953
55057,0.008013979,-0.1293061,-0.04487831,0.01121703,-0.4251418,-0.1206721,9.150966,0.4740689,-1.230664,48.75,-4.375,-19.75,-15.42461,-80.78793,-164.7943,0.759589,0.6500548,0.01634453,-0.01365178
55068,0.008130209,-0.1350687,-0.04653806,0.008907227,-0.4416124,-0.1271937,9.036039,0.6943433,-1.517978,59.5,-2.125,-18.875,-12.84394,-80.85458,-166.8727,0.7597859,0.6499219,0.01092432,-0.01441078
55079,0.00818931,-0.1409118,-0.04827395,0.004551518,-0.4499913,-0.1336846,8.988154,0.1053486,-1.676001,62.625,0,-16.125,-11.1053,-80.88039,-168.0665,0.7599327,0.6497679,0.006131872,-0.01632022
55091,0.008170705,-0.1469319,-0.05011795,-0.001405394,-0.4547553,-0.1392955,9.036039,-0.1723887,-1.800504,44.75,1.5,-8.75,-10.24472,-80.87418,-168.6125,0.7600846,0.6495765,0.003527106,-0.01758563
55103,0.008096826,-0.1531689,-0.05211013,-0.005396558,-0.455586,-0.1455211,9.021674,-0.4692803,-1.632904,18,2,-1.25,-10.35711,-80.87077,-168.5444,0.7600892,0.649574,0.003890589,-0.01740396
55115,0.008065519,-0.1591256,-0.05414101,-0.002373021,-0.4515064,-0.1539361,8.911537,-0.8380005,-1.072641,-1,1.875,1.875,-11.21691,-80.93226,-167.9749,0.7596265,0.6501267,0.00628773,-0.01623125
55126,0.008187388,-0.1649345,-0.05624227,0.00939334,-0.4477362,-0.1619594,9.036039,-0.8236348,-0.3830859,0.125,-0.25,-0.375,-11.97374,-81.08158,-167.4847,0.7586847,0.6512322,0.008327967,-0.01499152
55139,0.00862563,-0.1715564,-0.0586889,0.03000012,-0.4533068,-0.1674852,9.37124,-0.1388687,0.1053486,19.5,-4.625,-5.625,-11.57392,-81.31368,-167.9033,0.75748,0.6526579,0.007765946,-0.0142
55151,0.009258669,-0.177768,-0.06098947,0.0474933,-0.4660203,-0.1725992,9.366451,0.4788574,0.0191543,53,-8.625,-12,-9.893617,-81.48901,-169.155,0.7567464,0.6535197,0.003589516,-0.01529901
55162,0.01003029,-0.1840344,-0.06332257,0.05893401,-0.4786043,-0.1781944,9.256314,0.5363203,-0.4118174,96,-9.75,-20,-7.354987,-81.58829,-170.7038,0.7564142,0.6537886,-0.004436825,-0.01945513
55174,0.01087398,-0.190264,-0.06566482,0.06548835,-0.483556,-0.181809,9.33772,-0.01436572,-0.775749,127.25,-9.125,-26,-4.875632,-81.62601,-171.7956,0.7562134,0.6536307,-0.01460281,-0.02636321
55185,0.01172589,-0.1964991,-0.06800906,0.06612192,-0.4839362,-0.1819495,9.534052,-0.3782974,-1.249818,136.625,-8,-27.75,-2.590163,-81.59741,-172.5678,0.7561824,0.652972,-0.02526421,-0.03431421
55197,0.01254805,-0.2028365,-0.07039423,0.06279819,-0.4840725,-0.1821858,9.481377,-0.4118174,-1.556287,127.125,-8.125,-25.25,-0.5211173,-81.5105,-173.2257,0.7563495,0.6518855,-0.03513147,-0.04179111
55208,0.01334837,-0.2091414,-0.07278091,0.06158675,-0.4851739,-0.1836617,9.409549,-0.3064688,-1.403052,114.75,-8.625,-21.75,1.279252,-81.43516,-173.79,0.7563799,0.6508745,-0.04378053,-0.0483231
55219,0.0141774,-0.2155551,-0.0751609,0.06358568,-0.4919223,-0.182542,9.6394,0.1771773,-1.264184,108.625,-9,-19.5,3.338394,-81.384,-174.6961,0.7562132,0.649996,-0.05221676,-0.05403882
55231,0.01505503,-0.2219294,-0.07748705,0.06816546,-0.4950931,-0.1806718,9.730383,-0.03830859,-1.039121,110.625,-8.125,-19.375,5.085053,-81.37447,-175.2756,0.7556975,0.6493478,-0.06045287,-0.06011811
55242,0.01604534,-0.2284373,-0.07980481,0.07534302,-0.4951242,-0.1763355,9.945868,-0.2202744,-0.8332119,114.875,-7.5,-21.75,6.860533,-81.40511,-175.7992,0.7548084,0.648864,-0.06918807,-0.06672861
55254,0.01715132,-0.2348883,-0.08203109,0.08535838,-0.4978801,-0.1718213,9.993754,0.08140577,-0.6560347,127.25,-9.75,-28.125,9.456614,-81.4362,-176.9977,0.753681,0.648258,-0.07948624,-0.07354202
55265,0.01838194,-0.2413923,-0.08425679,0.09462655,-0.5001125,-0.1711417,9.692075,0.09098291,-0.6704004,144.875,-13.125,-34.25,12.59523,-81.41172,-178.4985,0.7524914,0.647095,-0.09164108,-0.08140554
55277,0.01968157,-0.2478891,-0.08652452,0.1002803,-0.5012989,-0.1749787,9.308989,-0.004788574,-0.8763091,156.375,-13.25,-35.25,15.65543,-81.33835,-179.7755,0.7512423,0.6454144,-0.1045664,-0.09022883
55288,0.02101168,-0.2544512,-0.08888306,0.101667,-0.5015689,-0.1802758,9.155754,-0.1340801,-1.163624,161.5,-10,-33.625,18.39607,-81.25156,179.3513,0.7497965,0.64342,-0.1176802,-0.09983613
55300,0.02231137,-0.2609194,-0.09128373,0.1002379,-0.4988604,-0.1851507,9.165331,-0.4070288,-1.297704,159.5,-6,-30.75,20.53769,-81.1954,179.0354,0.7480851,0.641437,-0.1299632,-0.1097132
55311,0.02361917,-0.2674725,-0.09378243,0.09875431,-0.4948319,-0.188681,9.280257,-0.4884346,-1.273761,153.25,-4.625,-28.875,22.46589,-81.16348,178.8885,0.7461235,0.6394753,-0.1417494,-0.1194914
55323,0.02491438,-0.2741888,-0.09638529,0.09433395,-0.4891709,-0.1895747,9.457435,-0.6608232,-1.450938,142.5,-5.875,-29.125,24.29582,-81.08903,178.7604,0.7443215,0.6371754,-0.1530269,-0.1287474
55335,0.02604239,-0.2804818,-0.09884065,0.08663008,-0.4832993,-0.1885688,9.562783,-0.8044805,-1.699944,122,-5.375,-26.875,25.68983,-80.9923,178.7131,0.7429943,0.6350045,-0.1619368,-0.136034
55346,0.02705806,-0.286744,-0.1012835,0.07758525,-0.4783549,-0.1866038,9.615458,-0.7853262,-1.829235,88.5,-2.125,-19.75,26.51208,-80.92405,178.7991,0.7420825,0.6334463,-0.1678333,-0.1410362
55359,0.02811052,-0.2936873,-0.1040264,0.07196314,-0.4747591,-0.1875519,9.43828,-0.5363203,-1.570652,62,0.5,-13.75,27.13601,-80.92782,178.7924,0.7411454,0.6327035,-0.171829,-0.1444458
55371,0.02903891,-0.2999502,-0.1065436,0.06999861,-0.472208,-0.1897886,9.366451,-0.3782974,-1.359955,56.625,-0.25,-13.625,27.84774,-80.95196,178.567,0.7402221,0.6322951,-0.1751508,-0.1469567
55382,0.02991012,-0.3060672,-0.1090362,0.06681618,-0.4691277,-0.1911691,9.419126,-0.4549146,-1.431784,48.75,-1.125,-12.875,28.40455,-80.95389,178.3858,0.7395881,0.6318678,-0.1777436,-0.1488611
55394,0.03073723,-0.3121287,-0.1115411,0.06359882,-0.4660949,-0.1926093,9.414337,-0.450126,-1.431784,37.875,-0.625,-10.5,28.76478,-80.96284,178.2563,0.7391471,0.6316569,-0.1793406,-0.1500269
55405,0.03151616,-0.3180864,-0.1140271,0.06053247,-0.4629876,-0.1931936,9.481377,-0.450126,-1.426995,27.625,-0.375,-8.625,28.96883,-80.97755,178.1468,0.7388906,0.6316553,-0.1800304,-0.1504707
55417,0.03229418,-0.3241781,-0.116566,0.05892754,-0.4613828,-0.192293,9.601091,-0.2825259,-1.393475,21.625,-1,-7.5,29.2505,-80.99142,177.8795,0.7387227,0.6317948,-0.1803517,-0.1503248
55428,0.03307108,-0.3301257,-0.1190529,0.06017361,-0.4606619,-0.1926219,9.534052,-0.1197144,-1.211509,19,-1.75,-4.625,29.44235,-81.02151,177.6629,0.7385406,0.6320764,-0.1803471,-0.1500407
55440,0.03390238,-0.3361102,-0.121606,0.06397569,-0.4605622,-0.1964791,9.289834,0.01436572,-1.010389,24.375,-2.375,-2.875,29.62232,-81.06981,177.5244,0.7381758,0.6323667,-0.1806664,-0.1502283
55451,0.03477987,-0.3420495,-0.1241879,0.06806501,-0.460696,-0.2002767,9.294622,0.04788574,-0.9912349,35.625,-3.375,-5,30.00652,-81.10507,177.3281,0.737634,0.6323972,-0.1820003,-0.1511487
55463,0.03572885,-0.3481936,-0.1269029,0.07103091,-0.4598865,-0.2032162,9.361663,-0.05267432,-1.048698,41.125,-3.25,-6.625,30.43515,-81.13373,177.1706,0.7370022,0.6322634,-0.1838425,-0.1525542
55474,0.03666007,-0.3540523,-0.1295477,0.07303716,-0.4595073,-0.2074336,9.241948,-0.05267432,-1.096583,40.875,-2.125,-5.875,30.7809,-81.16558,177.0798,0.7363936,0.6321496,-0.1855116,-0.1539381
55485,0.03763239,-0.36007,-0.1323709,0.07427967,-0.4597152,-0.2156764,8.935479,-0.04309717,-1.120526,40.875,-1.25,-4.625,31.03734,-81.19965,177.0838,0.7357863,0.632013,-0.187124,-0.1554434
55497,0.03861441,-0.3661009,-0.1354037,0.07503254,-0.4607939,-0.2317212,8.336907,-0.009577149,-1.087006,40.625,-0.25,-2.375,31.13918,-81.23976,177.2365,0.7351933,0.6318786,-0.1885523,-0.1570617
55508,0.03957611,-0.3720354,-0.1386327,0.0749039,-0.4622274,-0.2515022,8.016073,-0.02873145,-1.101372,42,3.125,1.375,30.91167,-81.31373,177.7281,0.734489,0.63185,-0.1896813,-0.1590993
55520,0.04052278,-0.3780181,-0.1420583,0.07306275,-0.4617301,-0.2643849,8.552394,-0.2442173,-1.211509,38,5.875,5.625,30.08381,-81.41803,178.7692,0.7338342,0.6319473,-0.189952,-0.1613947
55532,0.0414881,-0.3845463,-0.1458897,0.06820124,-0.4612322,-0.2706928,9.06956,-0.3687202,-1.455727,26.75,6.25,8,28.82782,-81.5024,-179.9025,0.7335672,0.6320674,-0.1891112,-0.1631163
55543,0.04226198,-0.3904198,-0.1493627,0.06050631,-0.4592213,-0.2715388,9.419126,-0.6320918,-1.671212,7.625,6,9.5,27.32508,-81.54471,-178.5782,0.7339111,0.6323077,-0.1867385,-0.1633718
55555,0.04297748,-0.396373,-0.1528959,0.0547987,-0.4559424,-0.2706006,9.581937,-0.6704004,-1.498824,-10.25,4.75,12.875,25.47584,-81.59377,-177.1479,0.7345855,0.6329472,-0.1827276,-0.1623964
55567,0.04368011,-0.4023653,-0.1564826,0.05316931,-0.4534422,-0.2714097,9.486166,-0.4980117,-1.235452,-22.25,-0.5,14.75,23.64499,-81.60532,-175.9035,0.735649,0.6336422,-0.1778479,-0.1602755
55579,0.04446629,-0.4089142,-0.1604672,0.05427925,-0.4521493,-0.2751011,9.313777,-0.3352002,-1.087006,-25.875,-6.125,11,22.2603,-81.5599,-175.2119,0.737066,0.6342051,-0.1728162,-0.15701
55591,0.04523614,-0.4149398,-0.1641618,0.05792701,-0.4533941,-0.2779972,9.366451,-0.08619434,-1.005601,-21.25,-7.125,6.125,21.72546,-81.52789,-175.2496,0.7380959,0.6347779,-0.1691906,-0.1537725
55603,0.0460668,-0.420967,-0.1678396,0.0627713,-0.4554647,-0.2779323,9.596303,0.004788574,-0.9816577,-14,-4.375,6.25,21.25448,-81.54182,-175.2543,0.7387126,0.6355022,-0.166119,-0.1511461
55614,0.04694261,-0.4268263,-0.171356,0.06834768,-0.4572558,-0.2744171,9.874041,0.009577149,-0.9433491,-9.375,-2.5,7.375,20.68398,-81.58749,-175.0862,0.7390549,0.6363061,-0.1633381,-0.1491078
55625,0.0479048,-0.4327309,-0.174854,0.0747566,-0.458753,-0.2717731,9.816577,0.01436572,-0.8571548,-3.625,-2.875,4.375,20.37607,-81.64246,-175.1057,0.7392046,0.6370918,-0.1612035,-0.1473231
55637,0.04899478,-0.4389192,-0.1785351,0.08114219,-0.460683,-0.274037,9.443069,0.04309717,-0.8236348,6.5,-2.375,-1.125,20.59055,-81.71189,-175.5208,0.739042,0.6378531,-0.1602258,-0.1459044
55648,0.05008928,-0.4447951,-0.1820712,0.0862762,-0.4631791,-0.2787346,9.232371,0.07661719,-0.8667319,16.5,0.125,-4,21.06765,-81.80067,-176.0583,0.7385558,0.6385776,-0.1602371,-0.1451828
55660,0.05126848,-0.4508489,-0.1857484,0.09075617,-0.4659258,-0.2830133,9.265891,0.07661719,-0.9146177,24.75,2.75,-4.5,21.58686,-81.91597,-176.5321,0.7377763,0.6393343,-0.1608428,-0.1451464
55671,0.05248276,-0.4568734,-0.1894355,0.09421781,-0.4674467,-0.2860926,9.352086,-0.03352002,-0.9385605,30.625,3.125,-4.25,21.95453,-82.02819,-176.7778,0.7369362,0.6399426,-0.1617369,-0.1457386
55683,0.05373638,-0.4630349,-0.1932342,0.09518099,-0.4678128,-0.2884127,9.395183,-0.1963315,-1.072641,32.875,1.625,-4.25,22.16044,-82.09798,-176.8276,0.7363131,0.6402038,-0.1627183,-0.1466453
55694,0.05495636,-0.4690974,-0.1969969,0.0942137,-0.4681797,-0.2905802,9.385606,-0.258583,-1.201932,30.375,0,-4,22.28584,-82.12283,-176.8315,0.735999,0.6402097,-0.163479,-0.1473485
55706,0.05616612,-0.4752234,-0.2008298,0.09251776,-0.4684919,-0.2931226,9.352086,-0.2873144,-1.245029,25.25,-1.125,-2.875,22.28048,-82.12411,-176.7712,0.735922,0.6401384,-0.1637806,-0.1477076
55717,0.05733979,-0.4812722,-0.2046526,0.09103177,-0.4691543,-0.2965048,9.285046,-0.258583,-1.235452,20.25,-1.625,-1.125,22.14534,-82.1179,-176.6481,0.7359914,0.6400967,-0.1636059,-0.1477363
55728,0.05852682,-0.4873852,-0.2085562,0.09130285,-0.4701942,-0.3002508,9.275469,-0.1771773,-1.120526,17.5,-1.625,0.375,21.95539,-82.12934,-176.5082,0.7360175,0.6402161,-0.1631568,-0.1475858
55740,0.05975115,-0.493519,-0.2125028,0.09414995,-0.4716895,-0.303495,9.33772,-0.06225147,-0.9577149,19.125,-1.875,0.75,21.85518,-82.16479,-176.4385,0.7358696,0.6404758,-0.1628714,-0.1475118
55752,0.06106332,-0.4998085,-0.2165694,0.09883765,-0.473746,-0.3063105,9.390394,0.03352002,-0.8523662,25.75,-2.5,-0.5,21.98462,-82.2114,-176.5109,0.7355143,0.6407147,-0.1632559,-0.1478206
55764,0.06247088,-0.5063103,-0.2207766,0.102982,-0.4756984,-0.3078169,9.486166,0.004788574,-0.900252,32.875,-3,-2.375,22.27729,-82.24609,-176.6454,0.735073,0.6407537,-0.1643502,-0.148632
55775,0.06386007,-0.5125549,-0.2248252,0.1062808,-0.477743,-0.3097374,9.443069,0,-0.9433491,38.125,-3.25,-3.25,22.63898,-82.2683,-176.7865,0.7346096,0.6406298,-0.1658606,-0.1497749
55787,0.06527627,-0.5188458,-0.2289336,0.107958,-0.4795643,-0.3131863,9.313777,-0.06704004,-1.029544,42.5,-2.875,-3.625,22.96119,-82.27884,-176.8288,0.7341372,0.6403356,-0.1676789,-0.1513164
55799,0.06685194,-0.5258598,-0.2335629,0.1080122,-0.4808038,-0.3173346,9.280257,-0.1723887,-1.110949,44,-1.75,-3.25,23.13821,-82.29004,-176.6719,0.7336044,0.6399422,-0.1696782,-0.153323
55811,0.0682767,-0.5322669,-0.2378248,0.1070599,-0.4814463,-0.3202498,9.33772,-0.2442173,-1.168412,42.25,-1.5,-2.75,23.17194,-82.29421,-176.4241,0.7331971,0.639555,-0.1712737,-0.1551023
55823,0.06966138,-0.5385935,-0.2420608,0.1053955,-0.4815533,-0.3224277,9.385606,-0.3112573,-1.206721,38.75,-2.125,-2.625,23.12874,-82.28416,-176.1483,0.7329437,0.6391352,-0.1725452,-0.1566138
55834,0.07098942,-0.5447908,-0.2462376,0.1032694,-0.4819025,-0.3247885,9.361663,-0.3160459,-1.249818,34,-2.625,-2.75,23.10649,-82.26114,-175.9594,0.732849,0.6387312,-0.1734775,-0.157672
55846,0.07230033,-0.5510172,-0.2504692,0.1017234,-0.4831543,-0.3283589,9.270679,-0.2346401,-1.230664,29.25,-2,-2,23.10366,-82.24789,-175.8524,0.7327806,0.6384872,-0.1740682,-0.1583261
55857,0.07364377,-0.5574301,-0.2548705,0.101514,-0.4845778,-0.3325783,9.241948,-0.1819658,-1.134892,27.125,-0.75,0,22.95243,-82.26462,-175.6246,0.7326003,0.6384586,-0.1743552,-0.1589582
55869,0.07496673,-0.563696,-0.2591943,0.1026664,-0.4862496,-0.3355417,9.342508,-0.1197144,-1.058275,27.25,-0.375,1,22.77757,-82.29887,-175.3752,0.7323258,0.6385435,-0.1745971,-0.1596153
55880,0.07631821,-0.5700381,-0.2635901,0.1039365,-0.4877422,-0.3380595,9.380817,-0.1340801,-1.043909,28.25,-1,0.625,22.62916,-82.32745,-175.138,0.7320588,0.6385742,-0.1749457,-0.1603339
55891,0.07767245,-0.5763357,-0.2679784,0.105249,-0.4894383,-0.3410487,9.342508,-0.1197144,-1.039121,29.375,-1.625,0.125,22.55641,-82.3477,-174.9626,0.7318088,0.6385397,-0.1754409,-0.1610695
55903,0.07909104,-0.5827938,-0.2724967,0.1079846,-0.4916032,-0.3439407,9.366451,-0.04309717,-0.9577149,32.25,-2,0.125,22.57179,-82.3773,-174.8363,0.7314385,0.6385163,-0.1762185,-0.1619927
55914,0.08054703,-0.5891996,-0.276991,0.1123273,-0.4941953,-0.3467307,9.385606,0.04788574,-0.8571548,38.25,-2.375,-0.375,22.73835,-82.4189,-174.7856,0.7308734,0.6384709,-0.1775289,-0.163287
55926,0.08207633,-0.5957131,-0.281576,0.1166959,-0.4970216,-0.3498616,9.361663,0.06225147,-0.8571548,45.5,-2.5,-0.875,22.97699,-82.45868,-174.7093,0.7301661,0.6382676,-0.1794416,-0.1651441
55937,0.08361953,-0.6021373,-0.286113,0.1198887,-0.4990864,-0.3524733,9.390394,-0.02873145,-0.9050406,51.75,-2.25,-1.5,23.17012,-82.49229,-174.5113,0.7293824,0.6378937,-0.1817457,-0.1675159
55949,0.08521038,-0.6086745,-0.290744,0.1218202,-0.5005917,-0.354621,9.419126,-0.1197144,-0.9720806,56.625,-2.625,-2.625,23.3856,-82.51093,-174.2644,0.7285685,0.6373017,-0.1844744,-0.1703048
55960,0.0868139,-0.6151914,-0.2953722,0.1234902,-0.501875,-0.3564272,9.443069,-0.1436572,-0.9816577,59.75,-3.125,-4.625,23.78244,-82.52365,-174.159,0.7276937,0.6366184,-0.187571,-0.1731937
55972,0.08849844,-0.6218626,-0.3000991,0.1272505,-0.5039488,-0.3570712,9.548417,-0.009577149,-0.8858863,65.25,-4.125,-6.75,24.56642,-82.54471,-174.3576,0.72658,0.6358876,-0.1914247,-0.1763097
55984,0.09033308,-0.6287985,-0.3049698,0.1340914,-0.5069371,-0.3559916,9.696863,0.1676001,-0.7470176,77.25,-5.25,-8.5,25.77085,-82.57936,-174.7928,0.7250212,0.634974,-0.196607,-0.1802721
55995,0.09222943,-0.6355281,-0.309637,0.1436841,-0.5098959,-0.3536306,9.821366,0.3112573,-0.5698403,98.375,-6.375,-10.125,27.25362,-82.62813,-175.2546,0.7228945,0.6337259,-0.2033677,-0.1856244
56007,0.09421789,-0.642173,-0.3142112,0.1532298,-0.5120469,-0.3524845,9.735171,0.292103,-0.5219546,123,-7.125,-12.375,28.92158,-82.67239,-175.597,0.7201873,0.6318765,-0.2119288,-0.1927397
56019,0.09650971,-0.6496514,-0.3194025,0.1572648,-0.5131702,-0.3562254,9.347297,-0.0191543,-0.8092691,137.875,-5.5,-14.25,30.6109,-82.68735,-175.5763,0.7168644,0.6290216,-0.2226169,-0.2021857
56031,0.09856229,-0.6565215,-0.3242682,0.1537629,-0.5146526,-0.3645018,8.925902,-0.3064688,-1.216298,129.75,-1.5,-13.375,31.70088,-82.6748,-175.2066,0.714109,0.6262473,-0.2314638,-0.2104451
56043,0.1004667,-0.6633016,-0.3291838,0.1453393,-0.51745,-0.3751477,8.686474,-0.4692803,-1.551498,116.5,2,-11.625,32.38757,-82.64349,-174.6344,0.7118064,0.6235907,-0.2388982,-0.2177016
56054,0.1021309,-0.6700094,-0.3340592,0.1291423,-0.5205012,-0.3783205,9.174909,-0.8715205,-2.126127,93.25,0.5,-7.75,32.32076,-82.51046,-173.6288,0.7107598,0.620752,-0.2441131,-0.223375
56066,0.1035547,-0.676834,-0.3389477,0.1105177,-0.5297388,-0.379452,9.265891,-0.6512461,-2.624139,45.625,-1.75,3.25,31.59495,-82.26887,-172.5903,0.7116348,0.6184096,-0.2455138,-0.2255407
56077,0.104881,-0.684036,-0.3439771,0.1013144,-0.5501446,-0.3841885,9.012096,0.4692803,-2.571464,9.25,0.75,13.75,31.16583,-82.06274,-172.3414,0.7132229,0.6173968,-0.2444211,-0.224483
56089,0.1061632,-0.6913999,-0.3490234,0.09869005,-0.5668042,-0.3884187,9.127023,0.5554746,-2.020778,-2.25,5.75,19.375,30.18846,-82.00719,-171.6987,0.7143547,0.617584,-0.2418555,-0.2231441
56100,0.1074282,-0.6989168,-0.3541112,0.09700786,-0.5764524,-0.3901646,9.366451,0.1388687,-1.642481,-14,9,25.5,28.07324,-82.03391,-170.0738,0.7154711,0.6184668,-0.2373977,-0.2219061
56111,0.1087101,-0.7065152,-0.3591617,0.09954963,-0.5900763,-0.3922119,9.366451,0.5602632,-1.556287,-20.75,10.625,30.875,25.93377,-82.0845,-168.5153,0.716563,0.6197273,-0.2324122,-0.2201369
56123,0.1100699,-0.7145106,-0.3643678,0.1034731,-0.6083823,-0.3961441,9.227583,0.8619434,-1.632904,-16.75,12.875,34.375,23.7639,-82.14075,-166.8932,0.7174913,0.6209921,-0.2275862,-0.2185858
56134,0.1114271,-0.7225906,-0.3695748,0.1047161,-0.6234592,-0.4017753,9.088714,0.517166,-1.608961,-9.25,16.5,36.625,20.97159,-82.20996,-164.5432,0.7181029,0.6221481,-0.2228208,-0.2181994
56146,0.1127767,-0.7308959,-0.3749152,0.1031918,-0.6350139,-0.4083206,9.016886,0.1101372,-1.570652,-10.625,19.875,39.25,17.36008,-82.27681,-161.3953,0.718657,0.6234202,-0.2172888,-0.2183232
56157,0.1140555,-0.7391627,-0.3802425,0.09936,-0.6423265,-0.4139263,9.074348,-0.3256231,-1.503612,-22.125,22.625,43,12.89419,-82.31548,-157.5335,0.7194109,0.6249748,-0.2103164,-0.2182234
56169,0.1152895,-0.7476447,-0.3857128,0.09421678,-0.6475781,-0.4176463,9.218005,-0.6081489,-1.465304,-42.25,24.75,48,7.571129,-82.29906,-153.092,0.7206249,0.6270047,-0.2011157,-0.2170655
56180,0.1164621,-0.7561127,-0.3911536,0.09043274,-0.6530957,-0.4196215,9.361663,-0.6273032,-1.374321,-65,25.75,53.5,1.888482,-82.22047,-148.5826,0.7222733,0.6295046,-0.1899468,-0.2143958
56192,0.1176416,-0.764852,-0.3967093,0.08905812,-0.6598665,-0.4194872,9.548417,-0.5602632,-1.240241,-78.75,26.25,57.625,-4.044467,-82.08498,-144.0351,0.7240866,0.6323709,-0.1772743,-0.2106646
56204,0.118874,-0.774069,-0.4024768,0.08973778,-0.6711103,-0.4199397,9.534052,-0.3112573,-1.216298,-83.375,27.125,60.75,-9.940996,-81.89501,-139.6454,0.7258766,0.6354066,-0.1637776,-0.2062489
56215,0.1200438,-0.7829966,-0.4079638,0.08988404,-0.6860005,-0.4216286,9.447857,-0.1245029,-1.350378,-79.25,29,62.25,-15.14114,-81.6732,-135.8255,0.7273371,0.6381146,-0.1513745,-0.2021791
56227,0.1211989,-0.792199,-0.4135336,0.08821359,-0.7027395,-0.4253351,9.289834,-0.1388687,-1.465304,-73.625,32.125,62.875,-20.16902,-81.41366,-132.118,0.7284737,0.6407313,-0.1392511,-0.1984911
56240,0.1224313,-0.8027094,-0.4198492,0.08444921,-0.7202407,-0.4327823,9.050406,-0.3352002,-1.455727,-72.375,37,63.75,-25.88046,-81.0813,-127.8646,0.7292652,0.6438216,-0.1255057,-0.1947162
56252,0.1234994,-0.8124582,-0.42571,0.08033278,-0.7332135,-0.4407956,8.940269,-0.6368804,-1.331224,-81.125,42,65.25,-31.3294,-80.7243,-123.8644,0.7296552,0.647029,-0.1118564,-0.1909054
56263,0.1245047,-0.8222513,-0.4315932,0.07657456,-0.7459664,-0.4481439,8.988154,-0.7278633,-1.245029,-93.625,46.125,66.5,-36.70363,-80.33614,-120.0901,0.729812,0.6505776,-0.09724048,-0.1861924
56274,0.12545,-0.8320814,-0.4374647,0.07324657,-0.761673,-0.454938,9.055194,-0.5794175,-1.245029,-102.375,49.25,66.75,-41.70088,-79.95124,-116.7851,0.7297475,0.6542764,-0.08236685,-0.1805732
56286,0.1263568,-0.8421462,-0.4434119,0.07043295,-0.7817319,-0.4619261,9.093503,-0.3208345,-1.249818,-100.75,50.875,66.375,-46.29743,-79.58296,-113.8615,0.7293504,0.6579651,-0.0679657,-0.1746723
56297,0.1272479,-0.852793,-0.449592,0.06750284,-0.8065097,-0.4681485,9.218005,-0.1053486,-1.273761,-85.625,51.75,65,-50.61421,-79.22778,-111.064,0.7284179,0.6615931,-0.0547286,-0.1694303
56309,0.1280602,-0.8635263,-0.4557083,0.06285191,-0.8305004,-0.4732571,9.285046,-0.2490059,-1.312069,-68.25,52.875,63,-54.58776,-78.85952,-108.355,0.7270213,0.6649496,-0.04315287,-0.1655897
56320,0.1287904,-0.874589,-0.4619077,0.05624344,-0.852088,-0.4775,9.313777,-0.5602632,-1.312069,-63.625,55,61.75,-58.47232,-78.44192,-105.6829,0.7253094,0.6682874,-0.03172396,-0.1622094
56332,0.1294228,-0.8858489,-0.468114,0.04905485,-0.8734018,-0.4814081,9.33772,-0.6608232,-1.268972,-73.5,56.875,62.75,-62.21552,-77.98587,-103.2747,0.7235451,0.6716432,-0.0195061,-0.1581059
56343,0.129983,-0.8978485,-0.474607,0.04195285,-0.8987097,-0.4862936,9.332932,-0.483646,-1.206721,-84.625,57.75,64.5,-65.88979,-77.50459,-101.1356,0.7217038,0.6751089,-0.006075466,-0.1527575
56355,0.1304353,-0.9096735,-0.4808952,0.03545089,-0.9268647,-0.4928771,9.261103,-0.2106973,-1.154046,-84.875,57.125,64.875,-69.11718,-77.0681,-99.38016,0.7198581,0.678286,0.006459239,-0.1472776
56366,0.1307968,-0.9222201,-0.4874358,0.0276768,-0.9603929,-0.5006632,9.265891,0.08140577,-1.206721,-73.875,56.375,64.375,-72.10498,-76.66019,-97.75837,0.7178079,0.6813418,0.01803482,-0.1421259
56378,0.1310334,-0.9353003,-0.4941074,0.01802969,-0.9969701,-0.5085069,9.318565,0.2202744,-1.283338,-50.75,56.375,62.75,-74.86272,-76.28253,-96.07178,0.7153909,0.6843105,0.02751994,-0.1384839
56389,0.1311494,-0.9485435,-0.5007292,0.009027268,-1.030522,-0.515274,9.361663,-0.0191543,-1.125315,-31,56,60.875,-77.48878,-75.89338,-94.2376,0.712573,0.6872816,0.03527834,-0.1365255
56400,0.1311518,-0.9622777,-0.5074648,0.0001827739,-1.061943,-0.5208049,9.423914,-0.2777373,-0.9912349,-19.125,53.75,58.375,-79.93428,-75.48505,-92.4291,0.7096056,0.6901639,0.042086,-0.1355087
56412,0.131,-0.9779108,-0.5149385,-0.01067467,-1.099143,-0.5254675,9.57236,-0.1963315,-1.000812,-10.125,50.375,55.875,-82.25661,-75.07567,-90.6735,0.7065234,0.693045,0.04835633,-0.1348147
56425,0.1306836,-0.9935082,-0.522182,-0.0230854,-1.138081,-0.5285305,9.735171,-0.07661719,-1.087006,0.375,47.125,53.75,-84.13959,-74.72456,-89.18861,0.7037855,0.6955065,0.05310836,-0.1346706
56437,0.1302042,-1.008914,-0.5291404,-0.03659954,-1.176215,-0.531256,9.77348,-0.07182861,-1.149258,14.5,44.625,50,-85.68498,-74.43736,-87.83558,0.7012727,0.6976795,0.05612686,-0.1353134
56448,0.1295435,-1.024927,-0.536183,-0.05010907,-1.214364,-0.5341002,9.768692,-0.1197144,-1.072641,33.25,42.5,42.75,-87.11076,-74.23521,-86.3511,0.6986431,0.6999288,0.05702854,-0.1369132
56460,0.1295435,-1.024927,-0.536183,0,0,0,9.783057,-0.2825259,-0.967292,59.125,39,31.75,-88.46812,-74.14561,-84.5602,0.6957289,0.7023791,0.05488109,-0.1400465
56473,0.1295435,-1.024927,-0.536183,0,0,0,9.720806,-0.4261831,-1.120526,78.625,36.625,19.5,-89.6005,-74.20005,-82.72851,0.6930025,0.7046521,0.05016226,-0.1438637
56484,0.1295435,-1.024927,-0.536183,0,0,0,9.380817,-0.6129375,-1.364744,85.5,37.75,8.75,-90.59904,-74.35389,-80.98331,0.6905697,0.7067036,0.04449584,-0.1473217
56496,0.1295435,-1.024927,-0.536183,0,0,0,8.954634,-0.9050406,-0.8715205,81.625,37.75,-1.375,-91.8401,-74.55784,-79.06441,0.6879204,0.7090595,0.03885252,-0.1499685
56507,0.1295435,-1.024927,-0.536183,0,0,0,8.648165,-1.115738,-0.2298516,74.125,31.75,-13.25,-93.27554,-74.85714,-77.0147,0.6852502,0.7116037,0.03291086,-0.1515562
56519,0.1294484,-1.02513,-0.5363646,-0.00719517,-0.01539105,-0.01373891,8.557182,-1.206721,-0.1388687,62.625,20.75,-26.25,-94.40388,-75.32252,-75.39818,0.6836271,0.713451,0.02675267,-0.1514135
56531,0.1292134,-1.025562,-0.5367212,-0.01701808,-0.03126707,-0.02583402,8.729571,-1.187566,-0.2825259,48.75,10.375,-37.125,-95.13809,-75.98489,-74.33553,0.683291,0.7144405,0.0204706,-0.1492286
56542,0.1288341,-1.026163,-0.5371763,-0.02909189,-0.04609823,-0.03490113,8.921114,-1.168412,-0.4980117,31.125,2.625,-44.375,-95.43774,-76.72604,-73.94967,0.6841225,0.7145936,0.01533831,-0.1452488
56554,0.1282522,-1.026946,-0.5377035,-0.04433602,-0.05967077,-0.04016979,9.20364,-1.249818,-0.7326519,13.625,-2.25,-49.375,-95.39954,-77.53579,-74.12801,0.6858272,0.714162,0.01129156,-0.1395931
56565,0.1274864,-1.027853,-0.5382246,-0.05957652,-0.07051303,-0.04053645,9.543629,-1.379109,-0.7565947,-5.75,-6.625,-53.875,-95.13737,-78.36678,-74.76991,0.6880693,0.7134095,0.008654357,-0.1324107
56577,0.1265465,-1.028853,-0.5387038,-0.07268302,-0.07734764,-0.03705761,9.787846,-1.570652,-0.5937832,-35.25,-12.375,-56,-94.56705,-79.1969,-76.0918,0.6909437,0.7123146,0.008378426,-0.1230228
56588,0.125344,-1.030014,-0.539148,-0.08448201,-0.08157763,-0.03120865,9.902772,-1.637692,-0.483646,-72.75,-20.25,-56.125,-93.23822,-80.09708,-78.76557,0.6950659,0.7104412,0.01142723,-0.1096641
56601,0.1240662,-1.031185,-0.53951,-0.09326119,-0.08545629,-0.02641924,9.854886,-1.474881,-0.4357603,-118.125,-28.5,-52,-90.95114,-80.9094,-82.95236,0.6999773,0.7077939,0.0184163,-0.09338395
56613,0.1227673,-1.032393,-0.5398414,-0.09934991,-0.09241374,-0.02534665,9.6394,-1.039121,-0.4309717,-158.875,-35.375,-47.125,-87.67841,-81.63598,-88.55745,0.7052392,0.7044481,0.02840341,-0.07472468
56624,0.1214051,-1.033791,-0.5402019,-0.1031595,-0.105881,-0.02729912,9.486166,-0.3687202,-0.4070288,-162,-41.75,-47.125,-83.06723,-82.39447,-95.55533,0.7105996,0.7003984,0.03813813,-0.05509822
56636,0.1199435,-1.035562,-0.540619,-0.1041959,-0.1262403,-0.02973103,9.514897,0.2490059,-0.3160459,-114.625,-49.125,-56.5,-75.96878,-83.29834,-104.5148,0.7160813,0.6957019,0.04303337,-0.03707588
56648,0.1186208,-1.037367,-0.5410066,-0.1036638,-0.1414588,-0.03038115,9.60588,0.158023,-0.3256231,-54.375,-56.625,-67.875,-66.58447,-84.04859,-114.8157,0.7210987,0.6911026,0.04213208,-0.02487614
56659,0.1172783,-1.039323,-0.5414069,-0.1015762,-0.1479836,-0.03029094,9.60588,-0.3639317,-0.3687202,-13,-63.25,-75,-53.8978,-84.54166,-127.8981,0.7264809,0.6859551,0.0379577,-0.01582148
56671,0.1160411,-1.041219,-0.541818,-0.09644818,-0.1478255,-0.03204754,9.447857,-0.7039204,-0.2729487,-5.75,-67.625,-76,-40.42917,-84.65833,-141.6527,0.731688,0.6807563,0.03374062,-0.008077673
56682,0.1148913,-1.043151,-0.5422979,-0.08731481,-0.1467331,-0.03643838,9.280257,-0.6129375,-0.1101372,-3.375,-72.375,-76.75,-26.76646,-84.44712,-155.5745,0.7370194,0.6752393,0.02922462,-0.0003701262
56694,0.1138938,-1.045069,-0.542827,-0.07611767,-0.146384,-0.04037793,9.33772,-0.3926631,-0.09577148,15.875,-77.25,-81.125,-14.09755,-83.92869,-168.2466,0.7424642,0.6694694,0.02281971,0.006067471
56705,0.1130704,-1.046902,-0.5433432,-0.06476968,-0.1441632,-0.04060339,9.625034,-0.3687202,-0.2442173,44.875,-81.5,-86.625,-3.657887,-83.14302,-178.3172,0.7479771,0.6634957,0.01413559,0.0101954
56717,0.1123788,-1.04868,-0.5438313,-0.0532907,-0.1369829,-0.03760402,9.874041,-0.5698403,-0.4549146,65.375,-83.625,-87.625,4.311509,-82.13678,174.359,0.753696,0.6570943,0.003978861,0.01239008
56728,0.1118443,-1.050295,-0.5442765,-0.04141545,-0.1251281,-0.03449909,9.897983,-0.775749,-0.584206,68,-83,-84.875,9.891543,-81.06133,169.4565,0.7591735,0.650717,-0.005763714,0.01378489
56740,0.1114608,-1.051729,-0.5447156,-0.02910715,-0.1088262,-0.03333183,9.763903,-0.9577149,-0.6991318,58.25,-79.875,-79.875,13.81781,-79.97801,166.0945,0.7643688,0.6444391,-0.01425782,0.0153367
56751,0.1114608,-1.051729,-0.5447156,0,0,0,9.625034,-1.173201,-0.6943433,39.125,-74.875,-74.875,16.50336,-78.99971,163.7176,0.76887,0.6388299,-0.02048454,0.01777083
56763,0.1114608,-1.051729,-0.5447156,0,0,0,9.567572,-1.340801,-0.641669,6.875,-68,-69.5,18.63951,-78.04217,161.4609,0.7730714,0.6334487,-0.02409557,0.0228637
56775,0.1114608,-1.051729,-0.5447156,0,0,0,9.524474,-1.235452,-0.6704004,-19.5,-62.125,-66.125,20.13915,-77.30927,159.5302,0.7760664,0.6294776,-0.0250912,0.02914662
56786,0.1114608,-1.051729,-0.5447156,0,0,0,9.514897,-1.106161,-0.7278633,-40,-55.5,-63.625,21.53654,-76.62486,157.4128,0.7785829,0.6259492,-0.02449043,0.03736949
56798,0.1114608,-1.051729,-0.5447156,0,0,0,9.577148,-0.9912349,-0.7661719,-57.5,-47.625,-60.875,22.81108,-76.04301,155.1885,0.7803601,0.6231629,-0.02243252,0.04693677
56810,0.1114608,-1.051729,-0.5447156,0,0,0,9.682497,-0.8571548,-0.8092691,-73.125,-39.625,-57.125,24.05608,-75.52805,152.6952,0.7814606,0.6209261,-0.01871183,0.05848067
56821,0.1114608,-1.051729,-0.5447156,0,0,0,9.754326,-0.7326519,-0.8427891,-83.75,-31.5,-52.75,25.0792,-75.16743,150.396,0.7817201,0.6195698,-0.01424045,0.06960064
56833,0.1114608,-1.051729,-0.5447156,0,0,0,9.77348,-0.6177261,-0.8427891,-87.25,-24.125,-49.25,26.08335,-74.8967,148.041,0.7813126,0.6187927,-0.00915583,0.081009
56844,0.1114608,-1.051729,-0.5447156,0,0,0,9.754326,-0.517166,-0.8236348,-86.375,-17.25,-45.625,27.05396,-74.71986,145.7361,0.7803115,0.6185744,-0.003871703,0.09200414
56856,0.1114608,-1.051729,-0.5447156,0,0,0,9.73996,-0.3878745,-0.7518061,-79.875,-12.125,-42.875,28.13509,-74.60097,143.2888,0.7787386,0.6188019,0.001599584,0.1031891
56868,0.1114608,-1.051729,-0.5447156,0,0,0,9.763903,-0.3160459,-0.6799775,-68.375,-9.125,-41.125,29.10211,-74.53374,141.2355,0.7771297,0.6192437,0.005897096,0.1121253
56880,0.1114608,-1.051729,-0.5447156,0,0,0,9.759114,-0.258583,-0.7278633,-55.5,-7,-38.375,29.99996,-74.49146,139.3871,0.7754965,0.6197798,0.00965716,0.1199369
56891,0.1114608,-1.051729,-0.5447156,0,0,0,9.821366,-0.1436572,-0.7374405,-41.875,-6.125,-35.875,30.81001,-74.46263,137.8145,0.7740044,0.6203307,0.01258447,0.1262878
56902,0.1114608,-1.051729,-0.5447156,0,0,0,9.763903,-0.03830859,-0.775749,-19.75,-5.75,-35,31.58211,-74.42582,136.5626,0.7728397,0.6208407,0.01401442,0.1306884
56914,0.1114608,-1.051729,-0.5447156,0,0,0,9.60588,-0.1292915,-0.8236348,2.375,-5.25,-35.625,32.31601,-74.38693,135.6317,0.7720127,0.6213521,0.01396324,0.1331279
56925,0.1114608,-1.051729,-0.5447156,0,0,0,9.462223,-0.4022402,-0.9098291,16.375,-4.25,-35.875,32.89936,-74.3724,135.0437,0.7714537,0.6218808,0.01316793,0.1339781
56937,0.1114608,-1.051729,-0.5447156,0,0,0,9.33772,-0.6608232,-1.000812,15.375,-2.25,-34.75,33.35824,-74.402,134.5733,0.7708389,0.6225302,0.01275063,0.1345401
56948,0.1114608,-1.051729,-0.5447156,0,0,0,9.261103,-0.7518061,-1.110949,4.875,0.75,-32.75,33.75369,-74.47208,134.0354,0.7699776,0.6233237,0.01329561,0.1357397
56960,0.1115998,-1.051402,-0.5448222,0.01058779,0.02489928,-0.00811868,9.208428,-0.6991318,-1.149258,-10,4.625,-29.75,34.18467,-74.59393,133.2646,0.7686412,0.624413,0.01509027,0.138099
56972,0.111919,-1.050694,-0.5450598,0.02277546,0.05048628,-0.01695916,9.20364,-0.641669,-1.039121,-21.625,7.625,-27.125,34.731,-74.78048,132.1895,0.7666979,0.6259396,0.01805886,0.1415906
56983,0.1123799,-1.049708,-0.5453876,0.03467129,0.07419199,-0.02465661,9.256314,-0.5937832,-0.9816577,-28.5,9,-25.375,35.28074,-74.98067,131.0436,0.7646043,0.6275065,0.02148666,0.1454449
56995,0.112955,-1.048483,-0.545787,0.04562476,0.09716509,-0.03168771,9.280257,-0.6225147,-0.9912349,-32.25,9,-24.25,35.74388,-75.17626,129.9661,0.7625861,0.6289206,0.02513527,0.1492967
57006,0.1136961,-1.0469,-0.5463133,0.05670479,0.1211331,-0.0402707,9.184485,-0.6512461,-0.9720806,-39,8.75,-22.625,36.14416,-75.39135,128.8376,0.7603999,0.6303073,0.02959962,0.1537161
57018,0.114574,-1.045043,-0.5469674,0.06738721,0.1425623,-0.05020939,9.050406,-0.4884346,-0.9050406,-43.125,8,-21.125,36.5414,-75.59441,127.6542,0.7581618,0.6315684,0.0343691,0.1585275
57030,0.1156749,-1.042778,-0.5478303,0.07838,0.1612752,-0.06143228,8.964211,-0.1867544,-0.8188462,-33.5,5.625,-21.75,37.03957,-75.74645,126.4342,0.7560637,0.6326554,0.03848009,0.1631991
57041,0.1167996,-1.040527,-0.5487605,0.08766139,0.1754631,-0.07250081,8.858863,0.03830859,-0.7805376,-9.625,1.375,-24,37.4657,-75.79826,125.6477,0.7548982,0.6332582,0.04024768,0.1658099
57053,0.1180751,-1.038054,-0.5498846,0.09706736,0.1881411,-0.08555038,8.710417,0.158023,-0.7182862,17.875,-3.75,-26.375,37.80886,-75.77297,125.2894,0.754587,0.6335042,0.03985349,0.1663813
57064,0.1194592,-1.035441,-0.5511854,0.1058967,0.1999392,-0.09951531,8.619433,0.225063,-0.7326519,50.75,-9.625,-29.375,37.99265,-75.66041,125.5148,0.7553651,0.6332826,0.03688633,0.164366
57076,0.1210588,-1.03243,-0.5527676,0.1138909,0.2143522,-0.1126542,8.743937,0.1723887,-0.9098291,81.5,-14.25,-31.75,37.94814,-75.46813,126.431,0.7573162,0.6325268,0.03125242,0.1593908
57088,0.1226074,-1.029473,-0.5543499,0.1203699,0.2298377,-0.1229936,8.882805,0.04788574,-1.067852,105.625,-17.125,-33.375,37.75749,-75.25983,127.7333,0.7597764,0.6315257,0.02440273,0.1527078
57100,0.124262,-1.026218,-0.5560701,0.126346,0.2485705,-0.131352,9.064771,-0.1340801,-1.225875,118.125,-18.25,-33.25,37.43612,-75.05307,129.3544,0.7625601,0.6303338,0.0167043,0.1445761
57111,0.1259613,-1.022718,-0.5578303,0.1317793,0.271425,-0.1365008,9.33772,-0.4309717,-1.403052,115.25,-17.625,-31,36.96803,-74.89934,131.0713,0.7651696,0.6291527,0.009728056,0.1363369
57122,0.1277132,-1.018877,-0.5596038,0.1361414,0.2985465,-0.1378247,9.653766,-0.7182862,-1.623327,90.875,-14.625,-25.5,36.32471,-74.83667,132.6526,0.767195,0.6281748,0.005090503,0.1295464
57134,0.1295656,-1.01457,-0.5614165,0.1403423,0.3263079,-0.1373356,9.778269,-0.7278633,-1.68079,52.875,-10.625,-16.75,35.54198,-74.88651,133.8924,0.768355,0.6276214,0.003746945,0.1253312
57145,0.131455,-1.010066,-0.5631799,0.1465244,0.3492883,-0.1367526,9.768692,-0.483646,-1.470092,14.625,-7.5,-7.5,34.76397,-75.04158,134.6107,0.7685079,0.6276504,0.005656747,0.1241716
57157,0.131455,-1.010066,-0.5631799,0,0,0,9.759114,0.04309717,-1.144469,3.25,-8.75,-3.375,34.12803,-75.19952,135.0195,0.7682958,0.6278536,0.008312716,0.124308
57169,0.131455,-1.010066,-0.5631799,0,0,0,9.802212,0.4932232,-0.9816577,21.375,-14.5,-3.5,33.50015,-75.27361,135.6406,0.7686255,0.627633,0.009413417,0.1233012
57181,0.131455,-1.010066,-0.5631799,0,0,0,9.845308,0.5219546,-1.139681,50.625,-18.75,-4.375,32.75802,-75.27168,136.7546,0.7697581,0.6269205,0.008289246,0.1198931
57192,0.131455,-1.010066,-0.5631799,0,0,0,9.830943,0.3447773,-1.221087,71.125,-20.5,-4.25,31.87111,-75.25821,138.2833,0.7713218,0.6260318,0.005844215,0.1145108
57204,0.131455,-1.010066,-0.5631799,0,0,0,9.783057,0.1532344,-1.158835,84.75,-21.125,-3.875,30.92455,-75.26071,140.054,0.7729937,0.6251932,0.002565107,0.1077386
57215,0.131455,-1.010066,-0.5631799,0,0,0,9.720806,-0.04309717,-1.134892,84.375,-21.625,-1.375,29.85059,-75.29095,141.9268,0.7745596,0.62441,-0.0002870266,0.100845
57226,0.131455,-1.010066,-0.5631799,0,0,0,9.548417,-0.225063,-1.163624,70.5,-20.75,3.5,28.51234,-75.37035,143.9006,0.775909,0.6237216,-0.001712896,0.09451788
57238,0.131455,-1.010066,-0.5631799,0,0,0,9.399971,-0.3543545,-1.139681,57.5,-19.5,6,27.08739,-75.48044,145.7868,0.7769548,0.62321,-0.001962614,0.08914416
57250,0.131455,-1.010066,-0.5631799,0,0,0,9.227583,-0.5506861,-1.120526,43.125,-18.25,6.25,25.58179,-75.61077,147.5758,0.7777414,0.6228369,-0.001073158,0.08480226
57261,0.131455,-1.010066,-0.5631799,0,0,0,8.959422,-0.6704004,-1.149258,21.75,-16,7,24.07634,-75.75578,149.0867,0.7781706,0.6226342,0.001364015,0.08231334
57272,0.1315515,-1.009885,-0.5633081,0.007435458,0.01388178,-0.009873581,8.887594,-0.5985718,-1.201932,-12,-12.25,10.5,22.51434,-75.94164,150.2136,0.7780541,0.6227048,0.006369263,0.08264357
57285,0.1317799,-1.009534,-0.5635459,0.01617492,0.02487499,-0.01685091,9.127023,-0.3447773,-1.173201,-48.125,-8.125,16.625,20.79943,-76.21228,150.9345,0.7771336,0.6232043,0.01481586,0.08637351
57297,0.1321512,-1.009116,-0.5638514,0.02590827,0.02919138,-0.02131427,9.280257,0.08140577,-1.063064,-72.75,-5.375,22.875,19.09688,-76.53773,151.2586,0.7755095,0.6239846,0.02542949,0.09263662
57308,0.1326066,-1.008807,-0.5641457,0.03649531,0.02478362,-0.02358055,9.399971,0.6656118,-0.7805376,-69.5,-6.125,25.125,17.87603,-76.8144,151.3049,0.7738742,0.6247306,0.03412741,0.0983142
57320,0.1332511,-1.008628,-0.5644743,0.04923813,0.01367157,-0.02510607,9.462223,1.096583,-0.5458975,-38.25,-10,21.75,16.96632,-77.03187,151.3852,0.7725739,0.6253397,0.0403648,0.1022279
57331,0.1340549,-1.008629,-0.5648218,0.06178857,-8.406397E-05,-0.02671613,9.443069,1.278549,-0.5028003,16.375,-15.125,13.25,16.46623,-77.12223,151.7764,0.7722943,0.625608,0.04181954,0.1021144
57343,0.1349947,-1.008769,-0.5651973,0.07309519,-0.01091486,-0.02920149,9.37124,1.063064,-0.6320918,65.75,-18.25,4.375,16.17985,-77.11626,152.6036,0.7729453,0.6256125,0.03921999,0.09811348
57354,0.1360846,-1.008979,-0.5656138,0.08319226,-0.01605046,-0.03178934,9.37124,0.6225147,-0.8475776,95.875,-18.25,-2.125,15.91126,-77.07234,153.8354,0.7740982,0.6255039,0.03420733,0.0913602
57366,0.1372776,-1.009185,-0.5660467,0.09166908,-0.01578285,-0.03325922,9.452645,0.2154858,-1.067852,101.25,-14.875,-3.875,15.54086,-77.05615,155.2453,0.7751558,0.6255053,0.02897934,0.08388514
57377,0.1385646,-1.009348,-0.5664952,0.09918351,-0.0125731,-0.03456962,9.462223,-0.03352002,-1.177989,84.5,-10.25,-1.875,15.02811,-77.10425,156.5822,0.775732,0.6257713,0.02525206,0.07754127
57389,0.1399622,-1.009455,-0.5669707,0.1054594,-0.008069515,-0.03587935,9.447857,-0.1532344,-1.283338,52.125,-4.25,3,14.29668,-77.23966,157.7257,0.7756345,0.6264156,0.02422915,0.0735367
57400,0.141392,-1.009507,-0.5674427,0.1099954,-0.003994715,-0.03631081,9.486166,-0.1484458,-1.393475,18.5,1.75,8.5,13.39558,-77.45006,158.5901,0.7749013,0.6274029,0.02600204,0.07223299
57411,0.1428275,-1.009528,-0.5679067,0.112361,-0.001681018,-0.03632211,9.481377,-0.02873145,-1.508401,-13.375,8.75,12.25,12.49555,-77.72737,159.044,0.7735282,0.6287517,0.03010757,0.07361362
57423,0.1442939,-1.009552,-0.5683755,0.112579,-0.001791661,-0.03598576,9.4718,0.158023,-1.604172,-32,15,13.875,11.70655,-78.06141,159.134,0.7716126,0.6304418,0.03553133,0.07677582
57434,0.1457457,-1.009579,-0.5688311,0.1103464,-0.00208689,-0.03462719,9.519686,0.1867544,-1.743041,-46.75,21.125,14.625,10.96995,-78.44863,158.973,0.7692125,0.6324064,0.04205225,0.08127685
57446,0.1471181,-1.009615,-0.56927,0.1069562,-0.002836171,-0.03420236,9.443069,0.2202744,-1.752618,-60,26.25,15.25,10.33238,-78.8761,158.5667,0.7663959,0.63456,0.04931504,0.08682678
57457,0.1484615,-1.009679,-0.5697048,0.1036777,-0.004877693,-0.03355399,9.4718,0.3064688,-1.652058,-70.75,29.625,16.25,9.788035,-79.3534,157.9168,0.7630894,0.6369271,0.05738597,0.09340909
57469,0.1498906,-1.009822,-0.5701252,0.1006569,-0.01007316,-0.02961142,9.711228,0.5075889,-1.517978,-73.625,29.5,16.875,9.354168,-79.88055,156.9975,0.7592545,0.6394684,0.06631672,0.1010686
57481,0.1511334,-1.010033,-0.5704556,0.09741063,-0.01659001,-0.02589007,9.725595,0.6512461,-1.450938,-64.125,26.375,15.875,9.072584,-80.30122,156.183,0.7560826,0.6414199,0.07348486,0.1073293
57492,0.1523404,-1.010333,-0.570765,0.09274802,-0.02303076,-0.02378003,9.591515,0.6464576,-1.470092,-50.375,23.5,13.625,8.843202,-80.66827,155.4753,0.7532728,0.6430766,0.07963049,0.1126573
57504,0.1535028,-1.010702,-0.5710686,0.08766123,-0.02786046,-0.0228999,9.50532,0.5123774,-1.460515,-44.75,21.25,12.25,8.516472,-81.00608,154.9244,0.750659,0.6445062,0.08549165,0.1175331
57516,0.1546695,-1.011171,-0.5714077,0.08124705,-0.03263328,-0.02361354,9.390394,0.483646,-1.460515,-47.875,19.375,12.25,8.04869,-81.33741,154.3968,0.7479473,0.6457129,0.09213334,0.1230502
57528,0.1555951,-1.011658,-0.5717207,0.07466964,-0.03926656,-0.02524904,9.299411,0.6943433,-1.422207,-48.625,18.125,12.5,7.776771,-81.59241,153.7976,0.7456797,0.6465354,0.09775905,0.1280508
57539,0.1564952,-1.012319,-0.5720937,0.06754989,-0.04960364,-0.02799262,9.227583,0.9194063,-1.292915,-38.5,15.875,11.75,7.740567,-81.82942,153.0291,0.7434838,0.6473199,0.1027803,0.1328346
57551,0.1572688,-1.013082,-0.5724829,0.06085345,-0.0600056,-0.03061396,9.232371,0.9577149,-1.235452,-22.25,13.125,9.625,7.827857,-82.01141,152.3814,0.7418128,0.6479778,0.1062265,0.136215
57562,0.1579668,-1.013987,-0.5729059,0.053741,-0.06972392,-0.03256823,9.289834,0.900252,-1.259395,-6.25,10.25,8,7.850775,-82.15192,151.9948,0.7406062,0.6485261,0.10854,0.1383307
57573,0.1585918,-1.015024,-0.5733737,0.04715046,-0.07819293,-0.03529592,9.246737,0.7709605,-1.225875,7.125,7.625,6.5,7.762425,-82.26506,151.891,0.7397808,0.6490285,0.1099218,0.1392965
57585,0.159118,-1.016107,-0.5738701,0.04110784,-0.08463356,-0.03877505,9.189274,0.6225147,-1.230664,15.375,6,4.875,7.582531,-82.35199,151.9929,0.7392575,0.6494527,0.1106763,0.1395006
57596,0.1595652,-1.017256,-0.5744115,0.03468779,-0.08914003,-0.04198168,9.213217,0.4788574,-1.302492,17.5,5.875,3.75,7.300703,-82.43014,152.2259,0.7388409,0.6498257,0.1113243,0.1394545
57608,0.1599425,-1.018488,-0.5750091,0.02832155,-0.09247602,-0.04486369,9.251526,0.3687202,-1.312069,12.375,6.5,4.125,6.879885,-82.52617,152.5291,0.7382731,0.6502118,0.1125002,0.1397183
57619,0.1602312,-1.019702,-0.5756168,0.02260955,-0.09508023,-0.0475908,9.261103,0.3016802,-1.288126,0.625,7.125,5.625,6.313145,-82.63963,152.8325,0.7374589,0.6505317,0.1146394,0.1407855
57631,0.1604511,-1.020978,-0.5762733,0.01696557,-0.09843278,-0.05065086,9.241948,0.3352002,-1.240241,-10.875,7.375,7.125,5.670534,-82.76711,153.057,0.7363817,0.6507665,0.1177291,0.1427756
57642,0.1605902,-1.022313,-0.5769707,0.0107397,-0.1030199,-0.05384003,9.227583,0.4309717,-1.230664,-16.375,7.25,7.625,5.081264,-82.88683,153.156,0.7352295,0.6508818,0.1211648,0.1452916
57654,0.1606411,-1.023722,-0.5777049,0.003901839,-0.1080625,-0.05631382,9.280257,0.4740689,-1.249818,-17,7.25,7.25,4.555243,-82.99709,153.1801,0.7340835,0.6509299,0.1245929,0.1479469
57665,0.1606051,-1.025191,-0.578454,-0.002771161,-0.1131757,-0.05769775,9.366451,0.4740689,-1.230664,-18,7.25,7.625,3.999887,-83.11089,153.2225,0.7328929,0.6509699,0.1281032,0.1506512
57676,0.16048,-1.026748,-0.5792197,-0.009591918,-0.1194158,-0.05871998,9.395183,0.5506861,-1.192355,-18,7,8.125,3.485513,-83.22285,153.2204,0.7316827,0.6509902,0.1315921,0.1534138
57688,0.16025,-1.028422,-0.5800305,-0.01729942,-0.1258976,-0.06098511,9.299411,0.5698403,-1.216298,-14.125,6.625,8.125,2.941179,-83.32248,153.2894,0.7305855,0.6509641,0.1348387,0.155914
57699,0.159933,-1.030065,-0.5808486,-0.02509461,-0.130081,-0.06476478,9.17012,0.4261831,-1.288126,-12.5,7.625,8,2.260494,-83.42228,153.5411,0.7295604,0.6509602,0.1379084,0.1580307
57711,0.1595,-1.031797,-0.5817525,-0.0331643,-0.1326039,-0.06921554,9.131811,0.2873144,-1.326435,-19.125,9.875,8.625,1.394543,-83.55566,153.8785,0.7282211,0.6510113,0.1417093,0.1606138
57722,0.1589649,-1.033559,-0.5827033,-0.0410293,-0.1351348,-0.07290887,9.194062,0.2729487,-1.297704,-31,12.125,10.375,0.4448444,-83.72787,154.145,0.7264299,0.6510904,0.1464829,0.1640842
57734,0.1582777,-1.035507,-0.5837631,-0.04900933,-0.1388893,-0.07557283,9.294622,0.3160459,-1.216298,-41,13.25,12.125,-0.6272241,-83.94431,154.3405,0.7240852,0.6511592,0.1524694,0.1686583
57746,0.1575495,-1.037356,-0.5847539,-0.05662088,-0.143814,-0.07704975,9.37124,0.4213945,-1.163624,-45,13.375,13.25,-1.584888,-84.14649,154.4411,0.7217826,0.6511478,0.1582183,0.1732154
57757,0.1566994,-1.039335,-0.5857666,-0.06480141,-0.1508279,-0.07718609,9.476588,0.5650518,-1.101372,-41.375,12.375,13.5,-2.434367,-84.33819,154.4623,0.719523,0.651091,0.1636954,0.1776823
57769,0.1557415,-1.041409,-0.5867675,-0.07318576,-0.1584752,-0.07646995,9.543629,0.6081489,-1.072641,-33.75,10.375,13.5,-3.346044,-84.50303,154.6465,0.717541,0.6509742,0.1685762,0.18152
57781,0.1545703,-1.043736,-0.5878486,-0.08293094,-0.1647333,-0.07654896,9.481377,0.4884346,-1.158835,-26.75,9.125,14,-4.772053,-84.65661,155.3871,0.7157093,0.6507741,0.1734708,0.1848277
57793,0.1533976,-1.045885,-0.5888432,-0.09166752,-0.1680672,-0.07774998,9.395183,0.3016802,-1.221087,-28.5,9.25,15.25,-6.585449,-84.79896,156.5579,0.7140022,0.6505286,0.1782856,0.1876906
57804,0.1521007,-1.048081,-0.5898823,-0.09981031,-0.1689509,-0.07997285,9.323354,0.07661719,-1.249818,-43,10.375,18,-9.189597,-84.97063,158.3211,0.7117904,0.6501089,0.1846281,0.1913775
57816,0.1507046,-1.050293,-0.5909644,-0.1075172,-0.1703386,-0.08333034,9.241948,0.06225147,-1.177989,-66.5,11.625,21.25,-12.28148,-85.17014,160.2655,0.7088154,0.6493525,0.19289,0.1967628
57827,0.1492157,-1.052542,-0.592082,-0.115759,-0.174896,-0.08689152,9.227583,0.2729487,-1.063064,-77.25,11.125,22.625,-15.26768,-85.36017,161.9742,0.7055314,0.6483007,0.20171,0.2030878
57838,0.1475758,-1.054915,-0.5932654,-0.1250893,-0.1810367,-0.09027255,9.246737,0.3878745,-1.039121,-75.625,9.5,21.875,-18.17295,-85.51682,163.5977,0.7023014,0.646992,0.2103962,0.2095415
57850,0.1458237,-1.057343,-0.5944744,-0.1348597,-0.1868856,-0.09305388,9.289834,0.3782974,-1.067852,-73.875,8.375,21.5,-21.1828,-85.64256,165.3602,0.6991878,0.6455114,0.2188436,0.2157754
57861,0.1439338,-1.05987,-0.5957081,-0.1449665,-0.1938003,-0.09463596,9.385606,0.4405488,-1.029544,-72.375,6.875,21.625,-24.225,-85.745,167.1694,0.6961151,0.6438749,0.2271447,0.2219331
57873,0.141928,-1.062486,-0.5969408,-0.1557297,-0.2031385,-0.09569902,9.428702,0.6177261,-0.9481377,-63.75,4,21,-26.87927,-85.8067,168.7153,0.6934359,0.6421742,0.234523,0.2275036
57884,0.1397239,-1.065311,-0.5982204,-0.1679252,-0.2152099,-0.09749883,9.376028,0.8188462,-0.8906748,-40.375,-0.375,18,-28.74147,-85.80166,169.7544,0.6916916,0.6405636,0.2399657,0.2316409
57896,0.1373866,-1.068258,-0.5995073,-0.18028,-0.2272821,-0.09925774,9.376028,0.8380005,-0.9098291,-10.875,-4.5,13.625,-29.87143,-85.72896,170.4553,0.6911597,0.639289,0.2429398,0.2336411
57907,0.1348946,-1.071339,-0.6008089,-0.1914146,-0.236686,-0.09997968,9.452645,0.6081489,-0.9960235,14.375,-8.375,9.75,-30.90122,-85.59255,171.3857,0.6916647,0.63831,0.2441117,0.2336019
57919,0.132302,-1.074466,-0.6021076,-0.2003815,-0.2417119,-0.1003761,9.4718,0.2298516,-1.115738,22.5,-10.25,9.25,-32.56379,-85.42388,173.0566,0.6924947,0.6374385,0.2450533,0.2325345
57930,0.1295708,-1.07767,-0.6034196,-0.2088144,-0.2448803,-0.100309,9.500531,0.06225147,-1.206721,11.125,-10.375,11.75,-34.8124,-85.24436,175.1645,0.6929699,0.6362909,0.2471825,0.2320077
57942,0.1267303,-1.080909,-0.6047045,-0.218801,-0.249572,-0.0989771,9.591515,0.2106973,-1.264184,-3.75,-9.375,15.375,-37.1202,-85.07224,177.1364,0.6929331,0.6348325,0.2504803,0.2325748
57953,0.1235446,-1.084474,-0.6060559,-0.2309331,-0.2584116,-0.09796086,9.567572,0.4740689,-1.192355,-5.5,-8.75,17.375,-39.18692,-84.90704,178.8183,0.6927313,0.6333213,0.2539696,0.2335101
57965,0.1203404,-1.088038,-0.6073583,-0.2430172,-0.2702841,-0.09877914,9.443069,0.6799775,-1.063064,9.875,-9.125,16.125,-40.46146,-84.76179,179.9266,0.6929595,0.6323084,0.2558421,0.233534
57977,0.1170296,-1.091702,-0.6086578,-0.2547937,-0.2820141,-0.100008,9.409549,0.6608232,-1.077429,29.5,-10,13.375,-41.26975,-84.60678,-179.1729,0.6938378,0.6317408,0.2560869,0.2321899
57988,0.1135466,-1.095522,-0.6099837,-0.26547,-0.2911075,-0.1010651,9.414337,0.4213945,-1.173201,42.375,-9.875,11.5,-42.14506,-84.43909,-178.0328,0.6950961,0.6315142,0.2554703,0.229709
58001,0.1095602,-1.099842,-0.6114695,-0.2757446,-0.2988281,-0.1027708,9.37124,0.2059087,-1.221087,40.25,-8.25,11.75,-43.4281,-84.26947,-176.4876,0.6962324,0.6313874,0.2551318,0.2269764
58012,0.1060379,-1.103626,-0.6127733,-0.2841443,-0.3052509,-0.1051803,9.294622,0.1484458,-1.216298,28.75,-6,13.375,-44.72985,-84.15058,-175.1048,0.6966948,0.6311963,0.2557122,0.2254304
58023,0.1021876,-1.107741,-0.6141991,-0.2933365,-0.3134917,-0.1086238,9.232371,0.225063,-1.168412,16.5,-3.5,14.75,-46.11108,-84.06297,-173.8004,0.6966274,0.6308883,0.2571494,0.2248654
58035,0.09826896,-1.111919,-0.6156527,-0.3028077,-0.3228768,-0.11233,9.213217,0.3016802,-1.134892,11.875,-2.125,14.75,-47.31435,-84.00011,-172.7338,0.6963382,0.6305635,0.2587596,0.2248248
58046,0.09423555,-1.116198,-0.6171431,-0.3129578,-0.3319917,-0.1156403,9.23716,0.3064688,-1.197144,10.375,-0.75,14.5,-48.4386,-83.94592,-171.7654,0.6959714,0.6302387,0.2604118,0.2249642
58058,0.08997963,-1.120671,-0.6187023,-0.3236931,-0.3402025,-0.1185886,9.261103,0.2442173,-1.278549,6.125,1.25,14.625,-49.67223,-83.90179,-170.7467,0.6953836,0.6298866,0.2624265,0.2254263
58069,0.08556974,-1.125252,-0.620298,-0.3343111,-0.347318,-0.120967,9.299411,0.1532344,-1.326435,-3,4.375,15.375,-51.15287,-83.88589,-169.6025,0.6943111,0.6295112,0.2651643,0.2265738
58081,0.08119106,-1.129747,-0.6218554,-0.3445884,-0.3537014,-0.1225612,9.352086,0.1101372,-1.350378,-13,7.5,16.125,-52.7641,-83.90147,-168.4432,0.6927837,0.6290983,0.2685015,0.2284581
58092,0.07658103,-1.134425,-0.6234515,-0.3559864,-0.3612958,-0.1232535,9.428702,0.2059087,-1.340801,-20.375,9.875,16.625,-54.37829,-83.94858,-167.3869,0.6908636,0.6286125,0.2722978,0.2311013
58104,0.07168663,-1.139357,-0.6250901,-0.3685271,-0.3713187,-0.1233806,9.486166,0.3639317,-1.259395,-19.5,11.125,16.25,-55.81938,-84.02946,-166.5075,0.6888136,0.6282281,0.2758806,0.2339982
58115,0.06679282,-1.144268,-0.6266758,-0.3810189,-0.3823693,-0.1234542,9.500531,0.4549146,-1.187566,-10.5,10.875,14.75,-56.9268,-84.11921,-165.8272,0.6871049,0.6280806,0.2784919,0.2363129
58126,0.06171674,-1.149354,-0.628267,-0.393159,-0.3939023,-0.1232481,9.529263,0.450126,-1.125315,2.75,9.125,13.125,-57.82573,-84.19876,-165.1849,0.6858689,0.6282069,0.280078,0.2376895
58138,0.05634899,-1.154708,-0.6299053,-0.4048988,-0.4038982,-0.1235796,9.481377,0.3016802,-1.163624,9.25,7.25,12.5,-58.81009,-84.24241,-164.3759,0.6849341,0.6283725,0.2813744,0.2384152
58149,0.05102144,-1.159981,-0.6315167,-0.4154686,-0.4111911,-0.125662,9.332932,0.1149258,-1.225875,7.5,5.875,12.5,-59.93981,-84.24554,-163.4371,0.6840944,0.6283466,0.2829632,0.2390131
58161,0.04549558,-1.165403,-0.6332011,-0.4248698,-0.4168633,-0.1295118,9.194062,-0.06225147,-1.225875,-0.375,5.625,12.25,-61.27906,-84.2334,-162.3925,0.6830124,0.6280754,0.2852707,0.2400753
58172,0.03965845,-1.171078,-0.6350057,-0.4342137,-0.4221438,-0.1342394,9.1366,-0.1245029,-1.225875,-15,6.125,12.75,-62.80861,-84.21849,-161.3641,0.6814108,0.6273577,0.2888012,0.2422716
58184,0.03411762,-1.176416,-0.6367304,-0.4441188,-0.4279189,-0.1382383,9.17012,-0.01436572,-1.245029,-27,6.875,13.75,-64.17838,-84.21107,-160.6111,0.6795684,0.6263185,0.2928455,0.2452619
58195,0.0281841,-1.182083,-0.6385676,-0.4564247,-0.4359132,-0.1413264,9.261103,0.1963315,-1.245029,-29.125,7.125,13.625,-65.27512,-84.21887,-160.1864,0.6776285,0.6250849,0.2969901,0.248768
58207,0.02204686,-1.187906,-0.6404333,-0.4695312,-0.4455132,-0.1427361,9.399971,0.3160459,-1.201932,-20,6.25,12.5,-66.05384,-84.23534,-159.9639,0.6760146,0.6240435,0.3003098,0.2517696
58219,0.01528981,-1.19432,-0.6424348,-0.4820953,-0.4575695,-0.1427999,9.519686,0.3208345,-1.039121,-5.875,3.875,11.375,-66.72221,-84.2543,-159.6922,0.6747756,0.6233745,0.3026924,0.2538889
58230,0.008951709,-1.200365,-0.6442697,-0.4922034,-0.4694556,-0.1424969,9.557994,0.2777373,-0.9194063,9.125,-0.625,10.25,-67.12084,-84.23728,-159.4626,0.6743017,0.6230165,0.3038606,0.2546299
58242,0.002376608,-1.206652,-0.6461271,-0.5027604,-0.4807031,-0.1420268,9.562783,0.2442173,-0.9912349,19,-4.25,9.625,-67.28555,-84.16648,-159.3391,0.6744328,0.6226438,0.3044525,0.2544872
58253,-0.004368665,-1.2131,-0.6479737,-0.5136124,-0.4910251,-0.1406078,9.625034,0.1963315,-1.082218,26.25,-6.625,9.375,-67.33188,-84.05423,-159.2382,0.674998,0.6222792,0.3046438,0.2536504
58266,-0.01179315,-1.220173,-0.6499327,-0.5256275,-0.5007173,-0.1386894,9.6394,0.1340801,-1.197144,34.5,-7.375,8.25,-67.22873,-83.91121,-159.1653,0.6760242,0.6220245,0.3042338,0.2520291
58277,-0.01864892,-1.22668,-0.6516718,-0.5364867,-0.5092204,-0.1360932,9.701652,0.1101372,-1.240241,48.25,-7.375,4.875,-66.77449,-83.79446,-159.2823,0.6774533,0.6221551,0.3026705,0.2497412
58289,-0.02583265,-1.233463,-0.6533891,-0.5479168,-0.5173462,-0.1309782,9.878829,0.08619434,-1.331224,67.5,-7.25,-0.625,-65.71159,-83.69335,-159.7434,0.6796686,0.62276,0.2992958,0.2462571
58300,-0.03305161,-1.240205,-0.6549955,-0.5600867,-0.523055,-0.1246356,9.955446,0.009577149,-1.541921,82.125,-5.75,-4.875,-64.30453,-83.6012,-160.368,0.6823754,0.6236904,0.2947015,0.2419201
58311,-0.04043579,-1.246989,-0.6564812,-0.5736178,-0.5270524,-0.1154141,10.15657,-0.0191543,-1.752618,95,-1.625,-8.125,-62.70494,-83.54831,-161.0191,0.6853155,0.6251127,0.2889123,0.2368679
58323,-0.04820886,-1.254001,-0.6578309,-0.5887347,-0.5310403,-0.1022267,10.42951,0.02873145,-1.867544,111.5,2.875,-11.625,-60.78686,-83.55756,-161.7457,0.6885651,0.6272651,0.2813488,0.2307799
58334,-0.05599429,-1.260942,-0.6590186,-0.6029145,-0.5375589,-0.09198239,10.24755,0.158023,-1.676001,131.75,7,-14.625,-58.63241,-83.65314,-162.4726,0.6918972,0.6302723,0.2720031,0.2237178
58346,-0.06387232,-1.268003,-0.6600549,-0.6065623,-0.5436671,-0.079785,10.43909,-0.4118174,-1.072641,123.25,6.75,-11.25,-57.76073,-83.78994,-162.0153,0.6941929,0.633724,0.2637058,0.2166782
58357,-0.07164483,-1.275031,-0.6608961,-0.6027066,-0.5449845,-0.06522957,10.62585,-1.106161,-0.8571548,62.25,2.875,2.5,-59.22316,-83.81911,-160.0229,0.6944451,0.6356979,0.2614217,0.2128216
58369,-0.0795355,-1.282115,-0.6616539,-0.6026636,-0.5410476,-0.05788171,9.998543,-1.268972,-1.297704,-38.125,2.375,23.25,-62.98445,-83.65634,-157.0515,0.6919997,0.6347398,0.2683479,0.2150148
58380,-0.08744613,-1.289144,-0.6624581,-0.609119,-0.541216,-0.06192103,9.131811,-0.708709,-1.407841,-103.875,6.25,33.875,-67.06255,-83.46674,-154.624,0.6876372,0.6318794,0.2802797,0.2220969
58392,-0.09552532,-1.296337,-0.6634523,-0.6199023,-0.5518637,-0.07627858,8.418314,0.1340801,-1.024755,-110.125,8.25,30.625,-69.83125,-83.41245,-153.5986,0.6829666,0.6287188,0.2914366,0.2309417
58403,-0.1036936,-1.303682,-0.6646968,-0.6305639,-0.566999,-0.0960694,8.035228,0.4070288,-0.7134976,-79.125,6.125,20.375,-71.19019,-83.45737,-153.5651,0.6793645,0.6262206,0.2991296,0.238397
58414,-0.112025,-1.31125,-0.6662183,-0.6390551,-0.580512,-0.1167123,7.972976,0.2011201,-0.6656118,-49.875,2.375,11.25,-71.76094,-83.50119,-153.9372,0.6769146,0.6242313,0.3043407,0.2439235
58426,-0.120437,-1.318934,-0.6679723,-0.6464788,-0.5905866,-0.134791,8.140576,-0.04309717,-0.8140576,-44.875,0.125,8.25,-72.18098,-83.49332,-154.3888,0.6748481,0.6220849,0.3093092,0.2488338
58438,-0.1294487,-1.3272,-0.6700357,-0.6543015,-0.6001296,-0.1498194,8.427891,-0.1101372,-0.9050406,-56.875,-0.875,9.625,-72.78861,-83.44956,-154.8694,0.6722986,0.6192478,0.3156809,0.2547397
58450,-0.1381354,-1.335217,-0.6721404,-0.6612945,-0.6102739,-0.1602259,8.73436,-0.1005601,-0.8571548,-78.875,-1.875,15.125,-73.93201,-83.38026,-155.0559,0.6689447,0.6158496,0.3236912,0.2616609
58461,-0.146906,-1.343378,-0.6743505,-0.6691545,-0.6226426,-0.1686191,8.901959,0.04788574,-0.7901148,-93.625,-3.875,19.5,-75.27309,-83.28878,-155.2388,0.6650136,0.6118236,0.3328927,0.2694649
58473,-0.1557896,-1.351724,-0.6766399,-0.6794295,-0.6383252,-0.1750938,9.06956,0.3447773,-0.7278633,-86.75,-7.875,19.125,-76.05068,-83.18692,-155.8925,0.6615371,0.6076105,0.3413367,0.276889
58485,-0.1657642,-1.361194,-0.6792004,-0.6918647,-0.6569046,-0.1776052,9.395183,0.450126,-0.7518061,-60.25,-12.875,14.75,-76.0812,-83.04501,-157.0542,0.6591239,0.603429,0.3482955,0.2830539
58496,-0.174535,-1.369573,-0.6813981,-0.70403,-0.6725784,-0.1764056,9.653766,0.5219546,-0.900252,-26.625,-17.75,10.125,-75.41097,-82.8777,-158.3325,0.6586164,0.6004556,0.351906,0.2860764
58508,-0.183928,-1.378583,-0.6836665,-0.7161515,-0.6869594,-0.1729468,9.797423,0.3878745,-1.058275,1.625,-20.375,6.625,-74.44558,-82.6604,-159.5638,0.6593302,0.5981074,0.35375,0.2870753
58519,-0.1932454,-1.387524,-0.6858294,-0.7245779,-0.6953191,-0.1682025,9.850098,-0.09577148,-1.316858,14.625,-19.75,4.625,-73.84175,-82.40775,-160.2567,0.6604312,0.5963275,0.3549776,0.2867319
58531,-0.2029898,-1.396847,-0.6879643,-0.7300292,-0.6983871,-0.1599395,10.04643,-0.5602632,-1.585018,4.875,-15,4.375,-73.79904,-82.15525,-160.5196,0.6608775,0.5944582,0.3571816,0.2868476
58542,-0.212291,-1.405707,-0.6898265,-0.7359118,-0.7010272,-0.1473438,10.41036,-0.5458975,-1.71431,-14.875,-8.25,6,-74.06303,-81.98871,-160.7177,0.6601944,0.5924082,0.3604423,0.2885782
58554,-0.2220266,-1.414971,-0.6915386,-0.7442539,-0.7081827,-0.1308774,10.70725,-0.2202744,-1.585018,-33.125,-2.125,9.5,-74.57992,-81.91969,-160.9252,0.6582975,0.5901243,0.3647823,0.2921157
58565,-0.2318266,-1.424329,-0.6930386,-0.7544823,-0.7204843,-0.1154898,10.68331,0.1340801,-1.326435,-37.75,0.375,12.875,-75.22194,-81.9184,-161.0688,0.655878,0.5880104,0.3692073,0.2962329
58576,-0.2417154,-1.433829,-0.6943678,-0.7665794,-0.7364392,-0.1030373,10.50134,0.4309717,-1.130104,-22,-0.5,13.5,-75.66788,-81.94027,-161.2024,0.6540048,0.5865191,0.3723463,0.2993848
58588,-0.251933,-1.443693,-0.6955836,-0.7803832,-0.7534031,-0.09285864,10.31938,0.5746289,-1.115738,10.875,-2.5,10,-75.60739,-81.95811,-161.4184,0.6535684,0.5860565,0.3730294,0.3003919
58599,-0.2622686,-1.453703,-0.6966777,-0.7941927,-0.7691141,-0.08407258,10.20445,0.5458975,-1.187566,57.75,-4.375,2.875,-74.86269,-81.96893,-161.7008,0.6552037,0.5871357,0.3701762,0.2982441
58611,-0.2727077,-1.463839,-0.6976859,-0.8061662,-0.7827688,-0.07785739,9.993754,0.3639317,-1.225875,96.75,-5,-3.5,-73.69669,-81.98076,-161.8948,0.6583949,0.5895787,0.3644388,0.2934236
58622,-0.2833291,-1.474178,-0.6986782,-0.8159033,-0.79425,-0.07622586,9.625034,0.1388687,-1.230664,124.75,-4.625,-8,-72.34132,-81.99756,-161.9026,0.6625732,0.593063,0.3565965,0.286552
58634,-0.2940716,-1.484687,-0.6997136,-0.8241259,-0.806208,-0.07943538,9.265891,0.08619434,-1.091795,142.125,-4.625,-11.25,-70.77327,-82.03886,-161.8913,0.6672525,0.5971601,0.3472679,0.2785301
58645,-0.3048897,-1.495354,-0.7008286,-0.8322908,-0.8206344,-0.08577341,9.050406,0.2298516,-0.9194063,165.625,-6.75,-16.375,-68.56674,-82.10263,-162.2137,0.6727996,0.6017802,0.3357925,0.2691556
58657,-0.316034,-1.50643,-0.7020845,-0.8413961,-0.8362386,-0.09482069,8.858863,0.3543545,-0.9050406,203.375,-9.875,-22.625,-65.48576,-82.15437,-162.8702,0.6799047,0.6072285,0.320865,0.2569999
58668,-0.3270131,-1.517457,-0.7034248,-0.8480721,-0.8517971,-0.1035331,8.878016,0.2729487,-0.8044805,236.625,-13.625,-27.25,-62.07851,-82.18232,-163.4712,0.6877588,0.6131599,0.303625,0.2425585
58679,-0.3378074,-1.52844,-0.7048291,-0.8476709,-0.862528,-0.1102774,9.012096,-0.3591431,-0.6991318,234.375,-17.125,-24.625,-59.63829,-82.14449,-163.1739,0.6948289,0.6187354,0.2874452,0.2274962
58691,-0.3488259,-1.539756,-0.7063795,-0.8432325,-0.8659753,-0.1186501,8.854074,-1.005601,-0.8380005,192.25,-18.875,-16.25,-58.55204,-81.99975,-162.0011,0.7003958,0.6229482,0.2750077,0.2138972
58703,-0.3605615,-1.551831,-0.7082075,-0.8389736,-0.8632507,-0.1306896,8.571548,-1.369532,-1.130104,116.625,-16.125,-2.625,-59.06018,-81.74954,-160.1419,0.7036785,0.6251319,0.2689247,0.2042699
58715,-0.371359,-1.562932,-0.710089,-0.8362429,-0.859752,-0.145711,8.245925,-1.398264,-1.225875,31.75,-10.75,8,-60.501,-81.51259,-158.5602,0.704103,0.625087,0.2700527,0.2014367
58726,-0.3822831,-1.574177,-0.712288,-0.8363852,-0.8609146,-0.1683633,7.704816,-0.9768692,-1.115738,-31.625,-5.125,15.125,-62.24441,-81.33575,-157.5148,0.7025359,0.6236045,0.275753,0.2037676
58738,-0.3933861,-1.585661,-0.7148941,-0.8401201,-0.8689586,-0.1971907,7.312153,-0.3878745,-0.9385605,-67.125,-0.375,16.625,-63.62446,-81.27312,-157.3205,0.6997747,0.6212777,0.2833935,0.2098036
58750,-0.4053058,-1.598093,-0.7181118,-0.8466898,-0.8830515,-0.2285682,7.307364,0.03830859,-0.8044805,-70.875,2.125,13,-64.37438,-81.32287,-157.8896,0.6966326,0.6186985,0.290841,0.2175473
58761,-0.416164,-1.609535,-0.7213395,-0.8543665,-0.9003038,-0.2539687,7.575524,0.3974517,-0.6799775,-57.5,2.125,9.125,-64.41471,-81.43829,-158.8705,0.6941696,0.6166782,0.2959083,0.2242207
58773,-0.4275718,-1.62171,-0.7249886,-0.8639725,-0.9220988,-0.2763609,7.905936,0.7039204,-0.5889946,-35.625,0,6.25,-63.86958,-81.58231,-160.1872,0.6923813,0.6150566,0.2991146,0.2298782
58784,-0.4388036,-1.633852,-0.7287515,-0.8740008,-0.9448382,-0.2928154,8.327331,0.8332119,-0.5889946,-2.5,-3.75,3.375,-62.9041,-81.69407,-161.4748,0.6918335,0.6142052,0.299755,0.2329495
58796,-0.4501615,-1.646271,-0.7326594,-0.8826442,-0.9651384,-0.3036883,8.739148,0.6225147,-0.7039204,25.25,-7,1.5,-61.94061,-81.7421,-162.3986,0.692264,0.6139994,0.2987035,0.233563
58807,-0.4619878,-1.659287,-0.7367921,-0.8893295,-0.9787911,-0.3107799,8.988154,0.1053486,-1.015178,39.625,-7.375,0.5,-61.3565,-81.71484,-162.744,0.6931977,0.6141485,0.2971261,0.2324107
58819,-0.473426,-1.671887,-0.7408509,-0.8929153,-0.9835541,-0.3168445,8.978577,-0.5267432,-1.321646,34.75,-4.125,-1.25,-61.31174,-81.65828,-162.6147,0.6938208,0.6142812,0.2963733,0.2311583
58830,-0.4850269,-1.684674,-0.7450364,-0.8941615,-0.9855953,-0.3226037,8.992943,-0.8140576,-1.340801,11,1.375,-2,-61.64352,-81.65703,-162.4125,0.6933752,0.6141285,0.2973023,0.2317076
58841,-0.4965827,-1.697478,-0.7492154,-0.8945522,-0.9911742,-0.3235029,9.40476,-0.675189,-1.144469,-24,6.5,-0.125,-62.17489,-81.75745,-162.4664,0.6914455,0.613422,0.3004237,0.2352918
58853,-0.5083823,-1.710627,-0.7534322,-0.8973721,-1.000025,-0.3206915,9.70644,-0.3735088,-1.125315,-48.75,8.875,2.5,-62.70745,-81.89984,-162.8614,0.6886032,0.6120013,0.3052042,0.2411028
58864,-0.5200723,-1.723716,-0.7575362,-0.9031984,-1.011227,-0.3170823,9.783057,-0.05267432,-1.134892,-59,10,3.875,-63.06323,-82.05961,-163.5557,0.6854745,0.6101958,0.3104371,0.2478201
58876,-0.5319232,-1.737051,-0.7616121,-0.910763,-1.024838,-0.3132404,9.816577,0.191543,-1.063064,-52.625,10.25,3,-63.1225,-82.24407,-164.4704,0.6825045,0.6085171,0.3149627,0.2543485
58887,-0.5319232,-1.737051,-0.7616121,0,0,0,9.893194,0.3256231,-1.067852,-33.375,9.625,0.5,-62.7924,-82.42925,-165.5195,0.680246,0.6073165,0.3178799,0.2595851
58900,-0.5319232,-1.737051,-0.7616121,0,0,0,9.950658,0.3304116,-1.173201,-9.25,9.25,-2.5,-62.06521,-82.61523,-166.6876,0.6787701,0.6066978,0.3190782,0.2633969
58911,-0.5319232,-1.737051,-0.7616121,0,0,0,9.94108,0.2729487,-1.259395,12.25,10,-5.125,-61.19186,-82.78078,-167.6824,0.678152,0.6068161,0.3185851,0.2653069
58923,-0.5319232,-1.737051,-0.7616121,0,0,0,9.845308,0.1723887,-1.249818,33,11.625,-8.125,-60.05467,-82.98089,-168.6576,0.6781185,0.6078138,0.3163268,0.2658104
58935,-0.5319232,-1.737051,-0.7616121,0,0,0,9.720806,0.06225147,-1.130104,47.5,12.25,-10.625,-58.88155,-83.18468,-169.4905,0.6784536,0.6093397,0.3131139,0.2652652
58946,-0.5319232,-1.737051,-0.7616121,0,0,0,9.601091,-0.07182861,-1.019966,52.625,11.5,-11.625,-57.72309,-83.38802,-170.2338,0.6789148,0.6110994,0.3095368,0.2642331
58958,-0.5319232,-1.737051,-0.7616121,0,0,0,9.490954,-0.1819658,-0.967292,48.75,10.375,-11,-56.74767,-83.5705,-170.8471,0.6792443,0.6126941,0.306439,0.2633028
58970,-0.5319232,-1.737051,-0.7616121,0,0,0,9.399971,-0.292103,-0.9720806,35.25,9.25,-8.75,-56.08548,-83.73732,-171.3059,0.6791419,0.6139093,0.3044385,0.2630569
58982,-0.5319232,-1.737051,-0.7616121,0,0,0,9.299411,-0.3064688,-0.9912349,21.75,8.5,-6.875,-55.70259,-83.86489,-171.6797,0.6786737,0.6145015,0.3037708,0.2636537
58993,-0.5319611,-1.737112,-0.7616653,-0.0028926,-0.00463932,-0.004055097,9.213217,-0.2442173,-0.9912349,11.875,7.875,-6.375,-55.26005,-83.98307,-172.2431,0.6779633,0.614683,0.3038057,0.2650147
59005,-0.5320501,-1.737247,-0.7617844,-0.006400129,-0.009695053,-0.008563368,9.198852,-0.1963315,-0.9864463,5.75,7.625,-7,-54.61954,-84.10345,-173.0966,0.6770814,0.614576,0.3042284,0.2670247
59017,-0.5321842,-1.737432,-0.7619345,-0.01041715,-0.01437339,-0.01166473,9.280257,-0.1340801,-1.019966,2.5,7.75,-7.75,-53.82472,-84.21074,-174.1304,0.6762341,0.6142907,0.3047584,0.2692153
59028,-0.5324042,-1.737688,-0.7621065,-0.01661067,-0.01939623,-0.01298855,9.414337,0.01436572,-1.110949,2.125,8.25,-7.625,-52.7708,-84.31342,-175.4366,0.6754352,0.6138813,0.3052457,0.2715918
59040,-0.5327139,-1.738014,-0.7622871,-0.02409303,-0.02535046,-0.01404058,9.433492,0.1819658,-1.110949,9.5,8.5,-8.375,-51.38064,-84.41359,-176.9771,0.6749544,0.6136592,0.3050293,0.2735255
59051,-0.5331268,-1.738429,-0.7624834,-0.03186117,-0.03202933,-0.01515187,9.433492,0.258583,-1.067852,24.375,8.375,-10.375,-49.57576,-84.51466,-178.7399,0.6750012,0.61388,0.3035757,0.2745298
59063,-0.5336286,-1.738918,-0.7626861,-0.03855242,-0.03751438,-0.01557436,9.486166,0.158023,-1.072641,40.125,7.875,-12.375,-47.63898,-84.6021,179.5731,0.675603,0.6145818,0.3009916,0.2743244
59074,-0.5341935,-1.739446,-0.7628888,-0.0434464,-0.04063689,-0.01559034,9.514897,-0.04788574,-1.106161,43.75,7.25,-11.75,-46.1295,-84.67049,178.3616,0.6762847,0.6154281,0.2984332,0.2735417
59085,-0.5348116,-1.739994,-0.7630955,-0.04749812,-0.04209425,-0.01588119,9.490954,-0.1723887,-1.144469,35.375,7.125,-9,-45.22004,-84.72879,177.6408,0.6766095,0.6160738,0.2968107,0.2730499
59097,-0.5354994,-1.740575,-0.7633209,-0.05159878,-0.0435913,-0.01690798,9.43828,-0.1676001,-1.125315,25.5,7.5,-6.75,-44.60762,-84.79426,177.0888,0.6765177,0.6164994,0.2960257,0.273169
59108,-0.5362047,-1.741152,-0.7635552,-0.0559241,-0.04572584,-0.01857995,9.385606,-0.09577148,-1.091795,20.75,7.25,-5.625,-44.06606,-84.85532,176.5433,0.6762775,0.6167511,0.2956388,0.2736138
59120,-0.5370038,-1.741782,-0.7638246,-0.06114914,-0.04824881,-0.02061232,9.361663,-0.02873145,-1.101372,21.75,6.75,-5.625,-43.39394,-84.90733,175.8798,0.6761364,0.6169611,0.2951408,0.2740265
59131,-0.5378681,-1.742443,-0.7641187,-0.06637681,-0.05073231,-0.02258441,9.366451,-0.0191543,-1.096583,25.625,6.25,-6.5,-42.58769,-84.95038,175.1331,0.6761841,0.6172304,0.2943219,0.274183
59143,-0.5388706,-1.743183,-0.76447,-0.07181731,-0.0530644,-0.02517037,9.332932,-0.03352002,-1.096583,30,5.5,-7.25,-41.65168,-84.98256,174.3226,0.6764649,0.6175875,0.2931053,0.2739895
59155,-0.5398609,-1.743891,-0.7648257,-0.0764136,-0.0545775,-0.02744606,9.342508,-0.08619434,-1.106161,29.625,4.875,-6.75,-40.97463,-85.00279,173.7573,0.6767292,0.6178861,0.2921189,0.273717
59167,-0.5409061,-1.744611,-0.7652114,-0.07981955,-0.05502651,-0.02945551,9.366451,-0.2106973,-1.101372,20.625,4.25,-4.25,-40.90956,-85.02122,173.6869,0.6766231,0.6179748,0.2920826,0.2738178
59178,-0.5419962,-1.74534,-0.7656368,-0.08337219,-0.05571205,-0.03253663,9.285046,-0.191543,-1.087006,10.625,3.875,-2.125,-41.13852,-85.03762,173.7784,0.6761646,0.6177616,0.2929122,0.2745443
59190,-0.5432425,-1.746162,-0.7661579,-0.08828733,-0.0582179,-0.03691381,9.213217,-0.04788574,-1.039121,9.125,3,-2.125,-41.10699,-85.04678,173.5761,0.6757081,0.6173754,0.2938006,0.2755855
59202,-0.5444372,-1.746943,-0.7666736,-0.09339704,-0.06109679,-0.04031599,9.256314,0.02873145,-1.043909,15.875,1.625,-3.5,-40.7661,-85.03394,173.167,0.6756701,0.617068,0.294016,0.276137
59213,-0.545724,-1.747772,-0.7672316,-0.09819943,-0.06329233,-0.04258249,9.347297,-0.02873145,-1.077429,20.5,0.125,-4,-40.49265,-84.99805,172.8849,0.6758946,0.616783,0.2939821,0.2762604
59225,-0.5470505,-1.748616,-0.7678027,-0.1029296,-0.06546976,-0.04430646,9.385606,-0.02394287,-1.087006,19.75,-0.625,-3.125,-40.36858,-84.95461,172.7422,0.676115,0.6164483,0.2940901,0.2763533
59236,-0.5484559,-1.749509,-0.7683952,-0.1092622,-0.06941637,-0.04606839,9.380817,0.1676001,-1.077429,25,-1.375,-2.875,-39.96577,-84.90065,172.3869,0.6765969,0.6161754,0.2937116,0.2761846
59248,-0.5499978,-1.750496,-0.7690234,-0.1168396,-0.07480207,-0.04760152,9.399971,0.3064688,-1.072641,44.125,-3,-5.125,-39.03174,-84.81926,171.7541,0.6779248,0.6163004,0.2917213,0.2747554
59259,-0.5515928,-1.751532,-0.7696515,-0.1236383,-0.08027045,-0.04869308,9.433492,0.292103,-1.048698,64.875,-4.75,-7.375,-37.9001,-84.71869,171.1861,0.6800057,0.6169378,0.2882217,0.2718607
59270,-0.5532833,-1.752652,-0.7702944,-0.1295743,-0.085857,-0.04927439,9.476588,0.2490059,-1.019966,80.875,-6.5,-8,-36.81792,-84.60137,170.8832,0.6826631,0.6179975,0.2835833,0.2676394
59282,-0.5550057,-1.753815,-0.7709381,-0.1338003,-0.09033013,-0.05000719,9.467011,0.1005601,-1.010389,89.5,-8.5,-7.5,-36.12724,-84.46898,171.0732,0.6855537,0.6192327,0.278613,0.2625681
59293,-0.5567933,-1.755018,-0.7716219,-0.1360028,-0.09158773,-0.05202368,9.366451,-0.2059087,-1.087006,86.75,-9.625,-5.875,-36.17292,-84.3199,171.9833,0.6883578,0.6203904,0.2741669,0.2571223
59305,-0.5585675,-1.756187,-0.772324,-0.1370144,-0.09027529,-0.05422077,9.342508,-0.4309717,-1.177989,71.875,-9.125,-3.5,-36.82967,-84.17728,173.2995,0.6905321,0.6211699,0.2711925,0.2525232
59316,-0.5603756,-1.757349,-0.7730552,-0.138161,-0.08878297,-0.05587236,9.380817,-0.4549146,-1.216298,48.875,-7.375,-0.625,-37.79366,-84.05709,174.6275,0.691842,0.6214464,0.2699922,0.2495263
59328,-0.5621808,-1.75852,-0.7737886,-0.1403019,-0.09101481,-0.05700278,9.428702,-0.2059087,-1.096583,31.125,-6.5,2,-38.59871,-83.97058,175.5582,0.6924519,0.6213534,0.2699505,0.248107
59339,-0.5640746,-1.759815,-0.7745578,-0.1445496,-0.09882647,-0.05870989,9.399971,0.2059087,-0.933772,27.5,-7.75,2.75,-38.84862,-83.88824,175.8844,0.6930274,0.6210725,0.2698331,0.24733
59351,-0.5660421,-1.761283,-0.7753484,-0.1518002,-0.1132651,-0.06099646,9.366451,0.7565947,-0.7709605,50,-11.625,0.125,-37.98569,-83.77475,175.3854,0.6946114,0.6210541,0.2675039,0.2454559
59362,-0.5682687,-1.763145,-0.7762052,-0.1620416,-0.1354643,-0.06235776,9.452645,1.288126,-0.6320918,105,-18.375,-7,-35.52575,-83.57028,174.0672,0.6986298,0.6219506,0.2600161,0.2397616
59374,-0.5705674,-1.765309,-0.7770092,-0.1735886,-0.1634779,-0.06071426,9.677709,1.81487,-0.5363203,191.75,-27.125,-18.25,-31.49911,-83.24654,172.2924,0.7057199,0.6242098,0.2454125,0.2282419
59386,-0.5729679,-1.767806,-0.7777565,-0.1846433,-0.1920593,-0.05747222,9.783057,1.94895,-0.6608232,292,-34.375,-32.25,-26.4117,-82.78371,170.7273,0.7157667,0.6277605,0.2228563,0.2095945
59397,-0.5755059,-1.77067,-0.7785068,-0.1935947,-0.2184575,-0.05723753,9.529263,1.78135,-0.8332119,407.25,-39.75,-49.5,-20.32312,-82.18179,169.7146,0.7284661,0.6324229,0.19042,0.1819854
59410,-0.5783134,-1.774203,-0.7793823,-0.1944255,-0.2446398,-0.06062911,9.318565,1.407841,-0.6129375,505.625,-43,-63.625,-13.21283,-81.4902,169.6293,0.742724,0.6378296,0.1454038,0.1428017
59421,-0.5806171,-1.777416,-0.7800943,-0.1855712,-0.2587909,-0.05735807,9.888406,0.6177261,-0.3926631,563.125,-46.625,-70.375,-7.756561,-80.92169,170.9429,0.7532719,0.6413577,0.1024204,0.1036906
59433,-0.5829225,-1.780807,-0.7807581,-0.1755556,-0.2582486,-0.05054793,10.12305,-0.4788574,-0.7518061,565.125,-48.375,-66.5,-3.536765,-80.32376,173.9241,0.7617331,0.6424863,0.05771471,0.06035746
59444,-0.5851195,-1.783977,-0.781357,-0.1699842,-0.245251,-0.04633297,9.869251,-1.426995,-1.130104,507,-43.875,-54.25,-1.062008,-79.81281,177.7945,0.7668039,0.6412524,0.0194539,0.02070679
59455,-0.5872651,-1.786947,-0.7819493,-0.1663512,-0.230281,-0.04592687,9.553205,-1.632904,-1.149258,428.125,-36.875,-44.375,0.6675916,-79.42841,-178.6198,0.7691275,0.6388474,-0.01217696,-0.01298719
59467,-0.58943,-1.789875,-0.7826015,-0.1645427,-0.2225292,-0.04956925,9.222795,-1.106161,-1.216298,382.25,-31.375,-42.625,2.830047,-79.12315,-175.9678,0.769675,0.6356491,-0.041426,-0.04283212
59478,-0.5915722,-1.79284,-0.7833374,-0.1627361,-0.2252239,-0.05590299,9.012096,-0.3256231,-1.288126,378.375,-26.5,-48.625,6.09544,-78.90585,-174.4695,0.7685269,0.6318259,-0.07161849,-0.07094455
59490,-0.5935487,-1.795866,-0.7841572,-0.1554311,-0.2379581,-0.06446764,8.878016,0.5937832,-1.072641,425.875,-25,-61.875,10.84855,-78.79365,-174.0148,0.7651272,0.62717,-0.1059369,-0.1000783
59501,-0.5953215,-1.799211,-0.78513,-0.1368849,-0.2582962,-0.07511556,8.839708,1.537132,-0.5937832,524.375,-28.5,-81.25,17.71004,-78.75521,-174.2892,0.7579554,0.6201608,-0.1500686,-0.1355867
59513,-0.5967054,-1.802904,-0.7862287,-0.1040037,-0.2775136,-0.0825735,9.23716,2.135704,0.009577149,669.375,-38.25,-104,26.68887,-78.71561,-174.5563,0.7445251,0.6078685,-0.2075583,-0.1819279
59524,-0.5976152,-1.80653,-0.7872817,-0.07097766,-0.2829661,-0.08215668,9.883617,1.676001,0.2106973,778.125,-48.5,-113.875,35.53451,-78.59447,-173.6009,0.7250246,0.5890149,-0.2694428,-0.2340969
59535,-0.5983931,-1.810038,-0.7882466,-0.06015049,-0.2712041,-0.0745984,10.30501,-0.3064688,-0.292103,791.875,-51.875,-101.875,42.26245,-78.36983,-170.2457,0.7010069,0.5634488,-0.3285252,-0.28842
59547,-0.599475,-1.813382,-0.7890956,-0.08170866,-0.2525645,-0.06412355,10.22839,-2.633716,-1.101372,685.75,-43,-75.25,45.9233,-78.10078,-164.9813,0.6768075,0.5355178,-0.3761721,-0.3371156
59558,-0.6010469,-1.816454,-0.789793,-0.1225265,-0.2394334,-0.05435269,9.917137,-3.988882,-1.790927,490.5,-24.875,-44,46.79922,-77.86527,-159.731,0.6588578,0.5133666,-0.4055907,-0.3712916
59570,-0.6031164,-1.819489,-0.7904211,-0.1593253,-0.23364,-0.04836352,9.57236,-3.577065,-1.910641,305.875,-8.875,-19.875,46.34218,-77.71356,-155.5096,0.6472555,0.4986577,-0.421767,-0.393082
59581,-0.6054764,-1.822603,-0.791099,-0.175188,-0.2311661,-0.05032225,9.179697,-1.958527,-1.436572,163.375,1.875,-1.875,45.47443,-77.72993,-152.7083,0.6406301,0.4913887,-0.4289809,-0.4050995
59593,-0.6075838,-1.825464,-0.7918267,-0.1691082,-0.2296358,-0.05839564,8.930691,-0.3256231,-0.8954634,121.875,2.75,3.125,45.27808,-77.9026,-151.2684,0.635276,0.4878057,-0.4339475,-0.4125043
59604,-0.6095283,-1.828446,-0.7927271,-0.1495972,-0.2293601,-0.06926771,8.878016,0.7182862,-0.6943433,163.25,-3.125,-5.5,46.38453,-78.17575,-150.5409,0.6268755,0.482793,-0.4429849,-0.4215476
59616,-0.6111643,-1.83145,-0.7937537,-0.1252935,-0.2300966,-0.07863174,9.021674,1.134892,-0.7661719,260.75,-11.75,-24.5,49.17184,-78.49246,-150.1921,0.6128312,0.473071,-0.4593356,-0.4354912
59628,-0.6125482,-1.834655,-0.79496,-0.09902528,-0.2293189,-0.08630666,9.184485,1.206721,-0.7996919,367.25,-19.25,-43.625,53.73771,-78.87025,-149.8881,0.5907416,0.4565059,-0.4842675,-0.4561926
59639,-0.613571,-1.837591,-0.7961646,-0.07912313,-0.2271501,-0.09319451,9.160542,0.9433491,-0.8427891,453.25,-24,-56.625,58.85745,-79.22209,-149.3753,0.5644383,0.4356304,-0.5117322,-0.4793389
59651,-0.6144574,-1.840521,-0.7974306,-0.06767232,-0.2237357,-0.09666035,9.366451,0.3256231,-0.8619434,494.625,-25.375,-60.75,64.03683,-79.54496,-148.2953,0.5342356,0.4104804,-0.5401705,-0.5042958
59662,-0.6153747,-1.843435,-0.7986745,-0.07050081,-0.2239436,-0.09559182,9.581937,-0.7996919,-1.024755,482,-23.75,-56.25,68.21677,-79.75652,-146.4155,0.5044323,0.3839046,-0.5653504,-0.5277729
59675,-0.6165544,-1.846715,-0.8000037,-0.08292136,-0.2305165,-0.09343746,9.543629,-1.565864,-1.211509,420,-18.75,-47.125,71.55018,-79.89832,-144.0119,0.4755856,0.3570257,-0.5871783,-0.5491564
59686,-0.6177493,-1.849742,-0.8011695,-0.09378261,-0.2375623,-0.09148928,9.53884,-1.599384,-1.211509,348.5,-13.75,-38.125,73.8402,-80.02082,-142.0855,0.4536629,0.3366572,-0.6021188,-0.5641852
59698,-0.6190434,-1.852908,-0.8023835,-0.09930916,-0.242981,-0.09316838,9.308989,-1.139681,-1.158835,272,-9.875,-26,75.61982,-80.13963,-140.5688,0.4360225,0.320493,-0.6132041,-0.5754559
59709,-0.6203417,-1.85613,-0.8036543,-0.09991156,-0.2479707,-0.09779261,9.107868,-0.7805376,-1.240241,212.125,-6.375,-14,76.86581,-80.21829,-139.3238,0.4225761,0.3079665,-0.6211714,-0.5837227
59720,-0.6216151,-1.85937,-0.8049737,-0.09878736,-0.2512982,-0.1023537,9.1366,-0.6225147,-1.177989,172.125,-4,-6.625,77.6643,-80.28374,-138.1759,0.4119829,0.2980255,-0.6270192,-0.5901677
59732,-0.6228932,-1.862714,-0.8063877,-0.09677297,-0.2532075,-0.1070651,9.155754,-0.517166,-1.101372,160.5,-4.125,-7.5,78.59525,-80.37938,-137.2664,0.4016247,0.2887922,-0.6325153,-0.5960044
59743,-0.6240801,-1.865993,-0.8078411,-0.09210432,-0.2545151,-0.112786,9.083925,-0.3016802,-1.163624,162,-4.875,-11.375,79.98579,-80.51353,-136.8414,0.3909435,0.2799887,-0.638182,-0.6012431
59755,-0.6252114,-1.869316,-0.8093935,-0.08690545,-0.2551996,-0.1192518,9.040829,-0.2298516,-1.139681,159.125,-5,-11.75,81.4845,-80.65926,-136.5437,0.3801777,0.271311,-0.6437185,-0.6062027
59766,-0.6262643,-1.8726,-0.811008,-0.08177159,-0.2550959,-0.1253945,9.06956,-0.191543,-1.096583,149.125,-5.25,-8.625,82.8211,-80.78062,-136.2345,0.3703219,0.263203,-0.6486242,-0.610633
59778,-0.6272418,-1.875911,-0.8127289,-0.07451887,-0.2524148,-0.1311984,9.1366,0.05267432,-1.048698,144.125,-6,-5.25,84.18833,-80.89856,-135.9946,0.360616,0.2552374,-0.6533337,-0.6147885
59789,-0.6281038,-1.879118,-0.8144979,-0.06650056,-0.2474013,-0.136475,9.198852,0.225063,-0.9720806,157.625,-8.375,-5.625,85.78619,-81.02257,-135.8283,0.3498857,0.2464236,-0.6584393,-0.6191228
59801,-0.6288919,-1.882316,-0.8163596,-0.05982619,-0.2428019,-0.141323,9.227583,0.1245029,-0.9577149,182.375,-11.375,-9,87.73001,-81.13956,-135.6476,0.3370372,0.2355306,-0.6644359,-0.6240643
59812,-0.6296304,-1.885412,-0.8182256,-0.05757885,-0.2412953,-0.1454771,9.232371,-0.2729487,-0.9241948,195.375,-13.875,-11.75,89.642,-81.21397,-135.3168,0.3236809,0.2235868,-0.6704714,-0.6290532
59823,-0.6303896,-1.888582,-0.8201802,-0.05823031,-0.243192,-0.1499162,9.174909,-0.6129375,-0.9577149,191.125,-15.875,-13.625,91.61168,-81.24492,-135.0567,0.3105035,0.2113869,-0.676355,-0.6335986
59835,-0.631151,-1.891791,-0.8221897,-0.05861533,-0.2470562,-0.1547074,9.122234,-0.708709,-1.082218,173.875,-16,-13,93.57514,-81.24263,-135.0235,0.2986967,0.2002899,-0.6816384,-0.6372074
59847,-0.6319512,-1.895267,-0.824374,-0.05825902,-0.2530882,-0.1590288,9.150966,-0.7949033,-1.235452,140.625,-14,-8.25,95.26651,-81.18592,-135.0657,0.289146,0.1907906,-0.6860257,-0.6398143
59859,-0.6327078,-1.898694,-0.8265215,-0.05736165,-0.259736,-0.162798,9.165331,-0.8380005,-1.326435,95.625,-10.375,-0.5,96.22062,-81.07967,-135.0379,0.2838415,0.1846836,-0.6886894,-0.6411186
59870,-0.6334381,-1.902171,-0.8287085,-0.05566825,-0.2651483,-0.166733,9.160542,-0.7470176,-1.331224,52.75,-6.625,7.75,96.5156,-80.94479,-134.9285,0.2821808,0.181605,-0.6898908,-0.6414394
59882,-0.634137,-1.905695,-0.8309443,-0.05355429,-0.2699939,-0.1713099,9.112657,-0.708709,-1.340801,9.625,-3,15,96.21346,-80.78247,-134.7953,0.2841283,0.1815676,-0.6897113,-0.6407828
59894,-0.6349013,-1.909699,-0.8334926,-0.05295664,-0.2773887,-0.1765468,9.074348,-0.9241948,-1.350378,-39.5,1.25,24.5,94.8775,-80.52338,-134.365,0.2911542,0.1849542,-0.6875983,-0.6389286
59905,-0.6355932,-1.913262,-0.8357354,-0.05556283,-0.2861285,-0.1801198,9.112657,-1.273761,-1.312069,-104.125,5.75,33.75,92.81025,-80.22823,-133.8911,0.3024917,0.1919068,-0.6836172,-0.6358758
59917,-0.6363654,-1.917117,-0.8381397,-0.05872304,-0.2931828,-0.182861,9.208428,-1.221087,-1.225875,-170,9.25,42.875,90.02251,-79.88584,-133.6623,0.3196571,0.2039461,-0.6770824,-0.6307018
59928,-0.6370919,-1.92087,-0.8405298,-0.05663983,-0.2926351,-0.1863331,9.246737,-0.5506861,-1.120526,-216.125,10.875,49.875,87.29389,-79.59821,-134.0352,0.3393131,0.2193649,-0.6690418,-0.6238019
59940,-0.6377343,-1.924583,-0.8430203,-0.04916222,-0.2841503,-0.1905953,9.308989,0.1436572,-0.9241948,-220.375,8.875,50.125,84.93945,-79.39869,-134.9008,0.3587588,0.2359276,-0.6604726,-0.6159596
59951,-0.6382702,-1.928177,-0.8455669,-0.04104862,-0.2752441,-0.1950493,9.3042,0.191543,-0.900252,-194.75,4.375,44.125,83.12527,-79.23289,-135.9624,0.3757423,0.2507015,-0.6526621,-0.6082752
59963,-0.6388069,-1.931756,-0.8481528,-0.04141166,-0.2761296,-0.1995185,9.141388,-0.7901148,-1.125315,-191.625,1.375,41,81.16116,-78.94273,-136.8007,0.3928869,0.2640453,-0.644628,-0.6003122
59974,-0.6395161,-1.93548,-0.8507923,-0.05472912,-0.2874163,-0.2037087,8.954634,-2.097396,-1.336012,-259.125,4.5,47.25,78.12753,-78.46985,-137.4406,0.4157411,0.280472,-0.6330673,-0.5896785
59986,-0.6406178,-1.939779,-0.8537962,-0.07672118,-0.2993311,-0.2091696,8.839708,-2.557099,-1.268972,-404.375,13.625,63.875,73.24271,-77.86002,-138.732,0.4522071,0.3084472,-0.6119996,-0.5708115
59998,-0.6417353,-1.943586,-0.8565377,-0.08819538,-0.3004932,-0.2163771,8.815765,-1.723887,-0.9912349,-517.875,20.875,78,68.4129,-77.43232,-140.8169,0.4900233,0.3402407,-0.5866929,-0.5476358
60009,-0.6427835,-1.94736,-0.8594777,-0.08060102,-0.2902109,-0.2260669,8.945057,-0.1053486,-0.5315318,-574.875,23.125,87,63.67785,-77.2297,-143.949,0.5293363,0.3766084,-0.5560206,-0.5184692
60021,-0.6435384,-1.950985,-0.8625429,-0.05788517,-0.2779462,-0.2350456,9.160542,0.9912349,-0.3974517,-546.75,18.75,83.25,59.76285,-77.19045,-147.567,0.5639135,0.4106207,-0.5249437,-0.4876745
60032,-0.6439688,-1.954477,-0.8656507,-0.03335327,-0.2706212,-0.2408209,9.356874,1.101372,-0.6368804,-474.75,11.625,69.375,56.83324,-77.19576,-151.1504,0.591752,0.4387374,-0.4968777,-0.4587501
60044,-0.6442071,-1.95798,-0.8688097,-0.01825726,-0.2683158,-0.2419584,9.553205,0.3782974,-1.063064,-409.125,6.75,57,54.24305,-77.15139,-154.2704,0.6150633,0.4616997,-0.4710212,-0.4320527
60055,-0.6444058,-1.961437,-0.8719153,-0.01532283,-0.2665737,-0.2395183,9.692075,-0.5267432,-1.326435,-396.875,6.875,50.75,51.43908,-77.08366,-156.9597,0.6364674,0.4822593,-0.4447,-0.4056811
60067,-0.644649,-1.965061,-0.8752211,-0.01752069,-0.2611575,-0.2381901,9.586726,-0.9481377,-1.221087,-427.5,9.5,50.375,48.01718,-77.07022,-159.8343,0.6591385,0.5045867,-0.4129846,-0.3746631
60079,-0.6447583,-1.968451,-0.8783852,-0.008337333,-0.2585364,-0.2413336,9.361663,-0.04309717,-0.9720806,-455,11.125,51.75,45.1255,-77.18993,-163.2657,0.6792414,0.5262944,-0.380521,-0.341832
60090,-0.6445897,-1.971855,-0.8815833,0.01296619,-0.261906,-0.2460446,9.328143,1.029544,-0.7613833,-429.5,7.875,49.125,43.06013,-77.38749,-167.1489,0.6958027,0.5458286,-0.3497166,-0.3092378
60102,-0.6441752,-1.975363,-0.8848389,0.03164886,-0.2677916,-0.248539,9.443069,0.9912349,-0.9433491,-375.375,2.75,41.75,41.39431,-77.53757,-170.7569,0.709157,0.5616591,-0.321862,-0.2793569
60114,-0.6436265,-1.979274,-0.8884181,0.0380182,-0.2709537,-0.2479885,9.543629,0.1388687,-1.393475,-325.25,0.5,31.25,39.58443,-77.61931,-174.0029,0.7210956,0.5751018,-0.2943431,-0.2502826
60125,-0.6431872,-1.982624,-0.8914833,0.03533404,-0.2695019,-0.2465935,9.553205,-0.5075889,-1.642481,-315.75,3.5,25.375,37.85928,-77.70483,-176.4961,0.7300808,0.5853888,-0.2706599,-0.2259319
60137,-0.6428208,-1.986081,-0.8947043,0.02787633,-0.2631028,-0.245078,9.543629,-0.9529263,-1.709521,-333,9.375,22.875,35.79819,-77.87608,-179.1092,0.7386546,0.5961844,-0.2437003,-0.1989062
60148,-0.6425911,-1.989341,-0.8978654,0.01777494,-0.2521823,-0.2445885,9.4718,-1.302492,-1.723887,-378.25,17.875,25.125,33.31553,-78.16647,178.1985,0.7464044,0.6074148,-0.2129878,-0.1690084
60160,-0.6424193,-1.992457,-0.9010343,0.01332241,-0.2416553,-0.2457269,9.419126,-1.010389,-1.383898,-440.125,25.875,34.75,30.39515,-78.63284,175.1461,0.7529661,0.6194835,-0.1767392,-0.1343331
60171,-0.6421608,-1.995578,-0.904302,0.01964704,-0.2371357,-0.2482703,9.414337,-0.2537944,-0.7661719,-501.625,29.5,50.75,26.92208,-79.28551,171.689,0.7576765,0.63183,-0.1338197,-0.0938589
60183,-0.6417963,-1.998705,-0.9076034,0.02767673,-0.237446,-0.2506745,9.423914,0.08619434,-0.6560347,-530.375,28.5,61.875,22.83495,-79.98082,168.4526,0.7599791,0.6420032,-0.08752348,-0.05102379
60194,-0.6413959,-2.001771,-0.9107904,0.03151119,-0.2412623,-0.250787,9.53884,0.2873144,-0.9241948,-523,26.75,62.125,18.82587,-80.60661,165.492,0.7596986,0.6487657,-0.04315399,-0.00994228
60206,-0.6410096,-2.004964,-0.9139949,0.02981564,-0.2464586,-0.2473749,9.749537,0.3974517,-1.288126,-486.875,27.25,55,15.17347,-81.19099,162.5199,0.75699,0.6527613,-0.001075273,0.02945621
60217,-0.6406737,-2.008284,-0.9172098,0.02529356,-0.2499422,-0.2420501,9.874041,0.3208345,-1.417418,-452,30,47.625,11.88659,-81.79608,159.492,0.7518729,0.6547275,0.03890433,0.06712271
60229,-0.6404083,-2.011516,-0.9202777,0.02066674,-0.2517,-0.2388794,9.735171,0.2298516,-1.340801,-435.5,33,44.5,8.909642,-82.42322,156.5833,0.7447882,0.6550422,0.07607851,0.1020895
60240,-0.6402087,-2.014784,-0.9233556,0.01544682,-0.252898,-0.2382263,9.548417,0.2202744,-1.273761,-428.875,35.75,43.5,6.047816,-83.09164,153.616,0.7356455,0.6538275,0.1127065,0.1365016
60252,-0.6400824,-2.018173,-0.9265175,0.009531729,-0.2557312,-0.2386149,9.476588,0.3687202,-1.144469,-421.375,37.875,43,3.4698,-83.80619,150.3184,0.7242962,0.6510693,0.1492055,0.1710016
60263,-0.6400224,-2.021489,-0.9295945,0.004677183,-0.2583371,-0.2396747,9.443069,0.3304116,-0.9720806,-414.25,37.75,43,1.0258,-84.5196,147.1645,0.7115994,0.6469203,0.18371,0.2033988
60274,-0.6400031,-2.024825,-0.9327523,0.001487541,-0.2569957,-0.2432644,9.270679,-0.0191543,-0.933772,-418,36.625,44.125,-2.214724,-85.26385,144.701,0.6969899,0.6409734,0.2188594,0.2354971
60286,-0.6400127,-2.028182,-0.9361188,-0.0007169163,-0.2491688,-0.2498775,9.064771,-0.4597031,-1.125315,-443.375,38.5,47.375,-7.288076,-86.08628,143.5185,0.6791327,0.6324006,0.2573293,0.2694992
60297,-0.6400495,-2.031144,-0.9393209,-0.002953514,-0.237693,-0.2569688,8.983365,-0.675189,-1.374321,-485.375,45.5,52.375,-13.84251,-86.92495,143.7668,0.6590397,0.621817,0.2954679,0.3028351
60309,-0.6401387,-2.034103,-0.9427428,-0.006859869,-0.2276573,-0.2632622,9.06956,-0.4549146,-1.312069,-529.125,53.5,56.625,-22.10501,-87.87892,144.8846,0.6336648,0.6076573,0.3370561,0.3400216
60320,-0.6403189,-2.036994,-0.9462462,-0.01380628,-0.2214586,-0.2683128,9.174909,-0.08140577,-1.096583,-554,59.875,60.375,-34.47871,-88.88936,149.7558,0.6041073,0.5904057,0.3787208,0.3782144
60332,-0.6406549,-2.04004,-0.9500238,-0.02409724,-0.2184609,-0.2709721,9.385606,0.2011201,-0.7949033,-565.125,63.25,63,-128.7997,-89.7266,-124.0858,0.5687535,0.5688915,0.4217212,0.4183697
60344,-0.6411378,-2.042878,-0.9535319,-0.03726433,-0.2189845,-0.2706671,9.615458,0.483646,-0.4405488,-563.25,61.625,64.875,162.8369,-88.86564,-63.29441,0.5333905,0.5462693,0.4593981,0.4539139
60355,-0.6418297,-2.045743,-0.9570595,-0.052821,-0.2186835,-0.2693243,9.711228,0.5698403,-0.3352002,-554.375,56.5,66.25,153.7763,-87.87689,-61.76785,0.4961246,0.5210727,0.4950745,0.4870779
60367,-0.6427417,-2.048553,-0.9605525,-0.07009323,-0.2160153,-0.2684452,9.696863,0.6368804,-0.3352002,-544.375,51.25,66.5,149.1767,-86.96255,-64.52458,0.4580261,0.4938981,0.5280307,0.5171657
60379,-0.6440756,-2.051489,-0.9643631,-0.09393132,-0.2067204,-0.2683501,9.682497,1.000812,-0.5219546,-523.375,46.375,65.25,145.4393,-86.11717,-68.51842,0.4166385,0.4624607,0.560369,0.5463782
60391,-0.6440756,-2.051489,-0.9643631,0,0,0,9.716018,1.355167,-0.6847661,-481.5,43.125,60.125,142.2312,-85.52351,-71.7366,0.3813524,0.4341769,0.5850984,0.5689647
60403,-0.6440756,-2.051489,-0.9643631,0,0,0,9.73996,1.666424,-0.933772,-419.25,40.625,52.5,138.918,-85.07001,-74.6349,0.3467236,0.40496,0.6069571,0.5894008
60414,-0.6440756,-2.051489,-0.9643631,0,0,0,9.744749,1.987258,-1.158835,-349.375,39.75,46.125,135.9447,-84.80849,-76.47241,0.3196188,0.3811206,0.6223031,0.6044252
60426,-0.6440756,-2.051489,-0.9643631,0,0,0,9.658554,1.972893,-1.139681,-276,38.5,39.125,132.9179,-84.65207,-77.30428,0.2976531,0.3613476,0.6333727,0.6161733
60437,-0.6440756,-2.051489,-0.9643631,0,0,0,9.490954,1.474881,-0.9289834,-204.75,35,30.875,129.9476,-84.54203,-77.35365,0.2801943,0.3456261,0.6411545,0.6252638
60449,-0.6440756,-2.051489,-0.9643631,0,0,0,9.452645,0.7278633,-0.708709,-166.25,29.875,25,127.5541,-84.41167,-77.39233,0.2657273,0.3330414,0.6471174,0.6322274
60460,-0.6440756,-2.051489,-0.9643631,0,0,0,9.534052,-0.1867544,-0.6991318,-171.875,24.875,25,126.122,-84.16031,-78.48409,0.2500008,0.3203847,0.6537151,0.638365
60472,-0.6440756,-2.051489,-0.9643631,0,0,0,9.534052,-0.8188462,-0.933772,-230.875,23.25,33,125.5289,-83.73105,-81.19008,0.2288073,0.304043,0.6627859,0.6449184
60483,-0.6440756,-2.051489,-0.9643631,0,0,0,9.457435,-0.6656118,-1.072641,-299.875,26,43.625,124.7299,-83.20116,-84.59245,0.2016509,0.2827786,0.6736161,0.6523914
60494,-0.6440756,-2.051489,-0.9643631,0,0,0,9.409549,-0.1101372,-1.091795,-350.375,31,52,123.1819,-82.66476,-87.9128,0.1701985,0.2573524,0.6846222,0.6603746
60506,-0.6440756,-2.051489,-0.9643631,0,0,0,9.419126,0.2729487,-1.063064,-365.5,35.125,54.75,120.9564,-82.16774,-90.86141,0.1367072,0.2295934,0.6945038,0.6680288
60517,-0.6441264,-2.051245,-0.9644039,-0.004013261,0.01928977,-0.003227752,9.486166,0.6177261,-0.8619434,-355.875,37,53.5,118.3539,-81.78896,-93.07483,0.1055975,0.2030619,0.7019114,0.674489
60530,-0.6443441,-2.050646,-0.9644941,-0.01543233,0.04240264,-0.0063893,9.57236,0.9050406,-0.3160459,-322.5,32.875,48.375,115.2331,-81.5133,-94.84574,0.07426939,0.1753265,0.7076139,0.6804612
60541,-0.6447829,-2.049771,-0.9646173,-0.03371714,0.06726719,-0.00945976,9.634611,1.340801,0.2873144,-262.125,18.875,36.375,113.065,-81.48807,-96.38641,0.05151945,0.1530249,0.71104,0.684362
60553,-0.6455516,-2.048277,-0.9648185,-0.05454123,0.1059967,-0.01428,9.634611,2.221899,0.2154858,-141.125,-0.625,17.25,112.9518,-81.83646,-98.56561,0.03987487,0.1367547,0.7134317,0.6860929
60565,-0.6464298,-2.046394,-0.9650686,-0.06872517,0.1473361,-0.01956627,9.577148,2.715122,-0.2777373,-6.625,-16,-2.5,115.2131,-82.41361,-101.178,0.04176065,0.1306399,0.7148795,0.6856651
60576,-0.6474937,-2.043909,-0.965405,-0.08020265,0.1873607,-0.02536583,9.4718,2.581042,-0.5985718,143.25,-27.25,-22.25,119.9154,-83.18002,-104.2495,0.05722361,0.1351716,0.7150807,0.6834572
60588,-0.6486421,-2.041129,-0.9657986,-0.08938546,0.2164153,-0.03063422,9.376028,1.934584,-0.7182862,259.125,-33.5,-37.375,126.4081,-83.94744,-107.6694,0.0817048,0.1482059,0.7136709,0.6797302
60600,-0.6499104,-2.03802,-0.9662792,-0.09531207,0.2335938,-0.03611159,9.251526,1.034332,-0.8236348,340.25,-36.625,-48.25,135.0285,-84.65907,-112.0251,0.1133775,0.1683055,0.7103513,0.6739583
60611,-0.6511515,-2.034983,-0.9668001,-0.09793325,0.2396132,-0.04110185,9.189274,0.2633716,-0.8284234,366.75,-37.375,-51.5,144.444,-85.17635,-117.0422,0.144788,0.1898769,0.7057986,0.666957
60622,-0.6524289,-2.031863,-0.967375,-0.09761081,0.2384676,-0.0439355,9.318565,-0.3016802,-0.8475776,356.25,-37.75,-49.25,154.7968,-85.50616,-122.9897,0.1753849,0.2118385,0.7004077,0.6586301
60634,-0.6536317,-2.028834,-0.9679419,-0.09324143,0.2347394,-0.04394397,9.500531,-0.6320918,-1.067852,319.875,-36.75,-42.125,164.8206,-85.60872,-129.1411,0.2017053,0.2312292,0.6953277,0.6498981
60645,-0.6547789,-2.025828,-0.9685065,-0.08880176,0.2327238,-0.04369899,9.514897,-0.5267432,-1.211509,273.125,-34.125,-31.625,173.6751,-85.54913,-134.7258,0.2236144,0.2475156,0.6908709,0.6414282
60656,-0.6559457,-2.022761,-0.9691013,-0.08938176,0.2349258,-0.04556735,9.376028,-0.0191543,-1.187566,240,-31.25,-22.25,-178.5414,-85.42688,-139.6424,0.2427505,0.2615379,0.6866223,0.6334193
60668,-0.6571918,-2.019628,-0.9697632,-0.09597184,0.2413233,-0.05097425,9.127023,0.5554746,-1.144469,241.625,-29.25,-19.125,-170.9779,-85.31274,-144.3375,0.2619119,0.2752355,0.6816142,0.6253397
60679,-0.6586257,-2.016349,-0.9705516,-0.1098592,0.2512257,-0.06040471,8.844497,1.177989,-1.053486,284.5,-28.125,-23.125,-162.3327,-85.25566,-149.5421,0.2848047,0.2913246,0.6741911,0.6160216
60691,-0.6602924,-2.012979,-0.9714651,-0.1294964,0.261862,-0.07097785,8.753514,1.618538,-0.9720806,358.25,-27.875,-33,-152.0519,-85.24001,-155.48,0.3131774,0.3114208,0.6630754,0.6043742
60702,-0.6623467,-2.00944,-0.9725275,-0.156315,0.2692519,-0.08084174,8.83492,1.958527,-0.708709,464.125,-29.5,-47.875,-139.1244,-85.23827,-162.5786,0.3500869,0.3381463,0.645787,0.5882648
60714,-0.6647608,-2.005956,-0.973667,-0.1861875,0.2687119,-0.08788026,9.050406,2.01599,-0.3735088,571.25,-33.375,-62.5,-124.5512,-85.15565,-170.008,0.3934236,0.3703317,0.6219339,0.5668074
60725,-0.6675271,-2.00257,-0.9748605,-0.2115263,0.2588964,-0.09125981,9.332932,1.58023,-0.191543,673.25,-38.5,-75,-109.6879,-84.90384,-176.3283,0.4423167,0.4077789,0.5904909,0.5379527
60737,-0.6703974,-1.999422,-0.9760559,-0.2228452,0.2444087,-0.09281471,9.457435,0.6129375,-0.292103,728.875,-40.625,-80.75,-97.18101,-84.5132,-179.6978,0.4908838,0.4462464,0.5539318,0.5030476
60748,-0.6732635,-1.996385,-0.9772948,-0.2191231,0.2321727,-0.09471428,9.40476,-0.4597031,-0.6081489,735.375,-38,-80,-87.42268,-84.07355,179.9169,0.5365213,0.4836401,0.5135863,0.4631052
60760,-0.675868,-1.993415,-0.9785526,-0.2007438,0.2289606,-0.09694533,9.323354,-1.685578,-1.058275,671.125,-29.125,-70,-81.32317,-83.70356,-177.7068,0.5736263,0.5157338,0.4751273,0.4233505
60771,-0.6782863,-1.990186,-0.9799095,-0.1746099,0.2331511,-0.09796993,9.376028,-2.375133,-1.264184,547.5,-17.125,-51.75,-78.14877,-83.46529,-173.5435,0.602051,0.5424367,0.4405409,0.3862911
60783,-0.6803184,-1.987056,-0.9812173,-0.1547377,0.2383432,-0.09959167,9.308989,-2.154858,-1.292915,413.625,-7.375,-33,-77.00081,-83.35955,-169.5013,0.6199266,0.5607609,0.4153815,0.358743
60795,-0.6822103,-1.983948,-0.9825595,-0.1454745,0.2389403,-0.1032061,9.174909,-1.350378,-1.192355,319.125,-2,-19.75,-76.3315,-83.33567,-166.2753,0.6321979,0.5741025,0.3958468,0.3376943
60806,-0.6841595,-1.980917,-0.9839944,-0.1488394,0.2314664,-0.1095661,9.012096,-0.2346401,-1.058275,274.75,-0.75,-13.625,-74.83038,-83.37424,-164.4501,0.642352,0.5847552,0.3781066,0.3201262
60819,-0.6865683,-1.977763,-0.9857372,-0.1632924,0.213777,-0.1181418,8.959422,0.7134976,-0.933772,297,-3.375,-17,-71.14165,-83.46547,-164.0709,0.6548026,0.5963701,0.3548948,0.2993759
60831,-0.688916,-1.975254,-0.9873731,-0.1787641,0.1910531,-0.1245592,9.088714,1.216298,-0.7230747,354.875,-8.25,-25.625,-66.08668,-83.56849,-164.7416,0.6677582,0.6075894,0.3288346,0.2771314
60842,-0.6914318,-1.973142,-0.9890656,-0.193461,0.1624442,-0.1301551,9.174909,1.561075,-0.5028003,447,-16,-39.25,-58.87055,-83.65072,-166.4121,0.6831981,0.6200224,0.2949353,0.248648
60854,-0.6941019,-1.971461,-0.9908297,-0.204807,0.1289237,-0.1353159,9.227583,1.78135,-0.3016802,552.875,-25,-55.25,-49.30482,-83.6689,-169.0309,0.7006547,0.6331173,0.2514196,0.2122113
60865,-0.6968078,-1.97026,-0.9926408,-0.2102351,0.09331524,-0.1407123,9.213217,1.867544,-0.1340801,674,-34.375,-75.75,-37.38456,-83.58189,-172.5256,0.7186738,0.6454958,0.1972936,0.1670878
60877,-0.6995341,-1.969454,-0.994555,-0.2064237,0.06101461,-0.14494,9.318565,1.503612,0,800.375,-42.625,-93.125,-24.04627,-83.34975,-175.5442,0.735377,0.6558741,0.1301922,0.1099995
60888,-0.7020288,-1.968918,-0.9964284,-0.193179,0.04153994,-0.1450689,9.648977,0.6656118,0.1723887,881.125,-47.875,-104.25,-11.57908,-83.03395,-176.8678,0.7464889,0.6612791,0.0574794,0.04647964
60900,-0.7043143,-1.968406,-0.9982709,-0.175837,0.03937013,-0.1417488,9.931503,-0.4261831,0.2873144,911.25,-51.375,-105.5,-0.8448144,-82.68114,-175.9843,0.7504858,0.660304,-0.01761067,-0.02143816
60911,-0.7064698,-1.967727,-1.000108,-0.1630405,0.05131861,-0.1389881,9.864463,-1.307281,0.191543,883.75,-52.375,-97.5,7.863431,-82.32407,-173.2294,0.7471042,0.6524473,-0.09030563,-0.08940285
60923,-0.7064698,-1.967727,-1.000108,0,0,0,9.591515,-1.752618,-0.09577148,811.75,-50.5,-84.125,14.50829,-81.98943,-169.5192,0.7380341,0.6393141,-0.1543418,-0.1508706
60935,-0.7064698,-1.967727,-1.000108,0,0,0,9.481377,-1.790927,-0.5985718,721.875,-44.75,-66,19.75078,-81.65508,-165.0415,0.7245313,0.621725,-0.2125115,-0.2082095
60946,-0.7064698,-1.967727,-1.000108,0,0,0,9.692075,-1.599384,-0.8810977,634,-37.125,-47.875,23.43315,-81.39759,-160.5578,0.709333,0.6033318,-0.2595583,-0.255865
60958,-0.7064698,-1.967727,-1.000108,0,0,0,9.802212,-1.197144,-0.8523662,573.875,-32,-35.625,26.39461,-81.22639,-156.3301,0.692882,0.5847404,-0.2996063,-0.2970344
60969,-0.7064698,-1.967727,-1.000108,0,0,0,9.557994,-0.7613833,-0.7949033,542.5,-29.125,-28.625,29.16054,-81.12044,-152.4046,0.6750004,0.5655351,-0.3358173,-0.3343221
60981,-0.7064698,-1.967727,-1.000108,0,0,0,9.356874,-0.4884346,-0.6656118,539.625,-28.125,-28.75,32.23707,-81.09281,-148.6981,0.6542541,0.5444416,-0.3716181,-0.370722
60993,-0.7064698,-1.967727,-1.000108,0,0,0,9.419126,-0.292103,-0.517166,566.875,-30,-37.875,36.63085,-81.18617,-145.2551,0.6269453,0.5182925,-0.4121793,-0.410391
61005,-0.7064698,-1.967727,-1.000108,0,0,0,9.557994,-0.01436572,-0.4022402,626.5,-33.5,-52.75,42.40112,-81.43063,-142.7223,0.5942066,0.4886529,-0.4540944,-0.449372
61017,-0.7064698,-1.967727,-1.000108,0,0,0,9.634611,0.1819658,-0.2633716,695.25,-37.75,-69.75,49.67159,-81.81947,-141.1019,0.5551262,0.4546988,-0.4971977,-0.4877279
61028,-0.7064698,-1.967727,-1.000108,0,0,0,9.797423,0.2873144,-0.05267432,779,-43,-89.875,59.15465,-82.37069,-140.5283,0.5063091,0.4136078,-0.5430409,-0.5269595
61040,-0.7064698,-1.967727,-1.000108,0,0,0,10.12305,0.1819658,-0.08140577,852.75,-47.625,-107.375,70.93827,-82.98468,-141.3698,0.4485487,0.36544,-0.5886508,-0.5645778
61051,-0.7064698,-1.967727,-1.000108,0,0,0,10.41994,-0.04309717,-0.2490059,906.625,-49.75,-120.5,84.59531,-83.56342,-143.7856,0.3848792,0.3124551,-0.6301525,-0.5976184
61063,-0.7064698,-1.967727,-1.000108,0,0,0,10.71204,-0.08619434,-0.3160459,945.875,-50.25,-130.75,101.4866,-84.11031,-148.4193,0.3109794,0.2514304,-0.6685805,-0.6269567
61074,-0.7065544,-1.967669,-0.9999201,-0.006591677,0.004512618,0.01468362,10.77908,0.2154858,-0.1340801,986.25,-51.875,-140.375,121.0605,-84.52704,-155.5703,0.2319566,0.1870546,-0.699725,-0.6493009
61086,-0.7068084,-1.967576,-0.9995771,-0.01830887,0.006730841,0.02472378,10.35769,0.2873144,-0.06704004,1040.5,-54.625,-152.375,145.4785,-84.67703,-165.8227,0.1382823,0.1112065,-0.7251558,-0.6653271
61098,-0.7072755,-1.96762,-0.9992093,-0.03512094,-0.003278818,0.0276512,9.859674,-0.3256231,0.08140577,1070.875,-55.125,-158.875,168.3042,-84.46367,-174.6534,0.04417358,0.03405319,-0.7389708,-0.6714249
61109,-0.7079847,-1.967909,-0.9988618,-0.0552639,-0.0225361,0.02707613,9.644189,-0.6799775,0.450126,1064.25,-56.5,-160.125,-171.9803,-84.02892,179.0611,-0.04648282,-0.04073025,-0.7415156,-0.6680832
61121,-0.7089694,-1.968469,-0.9985645,-0.07627892,-0.04340155,0.02303587,9.409549,-0.3352002,0.5937832,1044,-60.125,-156.125,-154.4297,-83.40031,174.762,-0.1354121,-0.1137888,-0.7340914,-0.6556109
61132,-0.7102012,-1.969313,-0.9983743,-0.0929344,-0.06365447,0.01435073,9.036039,-0.02394287,0.2106973,1031,-61.25,-148.5,-139.1412,-82.59978,172.9077,-0.2234747,-0.1863894,-0.7169143,-0.6335235
61144,-0.7113901,-1.97047,-0.9983492,-0.09275725,-0.09022959,0.001958208,8.676897,-1.034332,-0.3352002,1010.875,-54.375,-142.875,-127.652,-81.86317,174.1776,-0.3029536,-0.2541801,-0.6918254,-0.6041434
61155,-0.7122105,-1.972135,-0.9984964,-0.0630109,-0.1279359,-0.01130224,8.585914,-3.265808,-0.6704004,932.625,-40.125,-138.625,-119.293,-81.353,177.8048,-0.3724014,-0.3167734,-0.6606323,-0.5696814
61166,-0.7124099,-1.97429,-0.9987807,-0.01486387,-0.1606723,-0.02120689,8.767879,-4.242677,-1.101372,734,-21.625,-118.25,-113.3069,-81.10373,-178.4775,-0.4248525,-0.3657826,-0.6299178,-0.5375008
61178,-0.7121802,-1.976549,-0.9991367,0.01836419,-0.1806447,-0.0284648,8.892383,-3.12215,-1.230664,515.875,-7.75,-85.125,-109.4113,-81.06849,-176.0763,-0.4570227,-0.3965146,-0.6071041,-0.515103
61189,-0.7116962,-1.9791,-0.9996139,0.03723158,-0.1962739,-0.03671554,8.858863,-1.877121,-1.130104,345.125,2.25,-55.625,-106.6603,-81.18389,-174.5429,-0.4778243,-0.4171352,-0.5898883,-0.4997139
61201,-0.7111478,-1.981838,-1.000205,0.04196816,-0.2095194,-0.0452689,8.86844,-0.7613833,-1.034332,275,6.5,-44.25,-103.6666,-81.37914,-174.1725,-0.4940136,-0.4326629,-0.5749006,-0.488101
61213,-0.7106139,-1.984901,-1.000971,0.03844206,-0.2205771,-0.055158,8.806189,-0.09577148,-1.125315,260.5,8.375,-42.125,-99.81484,-81.59798,-174.6625,-0.5102761,-0.4473185,-0.558892,-0.4766177
61224,-0.7101662,-1.987913,-1.001794,0.03442688,-0.2316081,-0.06325964,8.906748,-0.0191543,-1.053486,260.875,9.625,-41.125,-96.13329,-81.82259,-175.194,-0.5250073,-0.4608275,-0.5433567,-0.4655844
61236,-0.7097372,-1.991115,-1.002684,0.03278189,-0.2446715,-0.06798336,9.189274,-0.1771773,-0.9050406,259.25,8.75,-40.125,-92.61018,-82.05309,-175.5688,-0.5391153,-0.4742076,-0.527518,-0.4540997
61247,-0.7093086,-1.994498,-1.003605,0.03264769,-0.2577393,-0.07016977,9.385606,-0.2633716,-0.8906748,254.875,6.125,-39.5,-89.11928,-82.2445,-175.9584,-0.5526853,-0.4869485,-0.511707,-0.4422399
61260,-0.7088248,-1.998322,-1.004636,0.03435276,-0.2715213,-0.07324054,9.33772,-0.3639317,-0.8475776,246.375,3.125,-38.125,-85.54732,-82.40298,-176.3237,-0.5663561,-0.499661,-0.4951838,-0.4293863
61271,-0.7083266,-2.001937,-1.005621,0.03896577,-0.2826813,-0.07699501,9.256314,-0.5985718,-0.8667319,227.5,1,-34.625,-82.86091,-82.50469,-176.341,-0.57732,-0.5100042,-0.481446,-0.4180994
61283,-0.7077162,-2.005723,-1.006659,0.04684016,-0.2905478,-0.07965853,9.318565,-0.8906748,-1.053486,187.125,1,-28.375,-81.05109,-82.56996,-175.959,-0.5859402,-0.5184315,-0.4702883,-0.4083281
61294,-0.7069995,-2.009547,-1.007734,0.05517581,-0.2943689,-0.08277924,9.246737,-1.015178,-1.307281,133.375,3.5,-18.75,-80.34556,-82.61562,-175.1856,-0.5913529,-0.5242949,-0.4629661,-0.4013464
61305,-0.7061708,-2.013361,-1.008907,0.06430031,-0.2959199,-0.09101796,8.830131,-1.149258,-1.383898,58.25,8.875,-4,-81.36489,-82.68748,-173.6781,-0.592205,-0.5271603,-0.4610282,-0.3985579
61317,-0.7051429,-2.017307,-1.010277,0.0778444,-0.2988491,-0.103697,8.523663,-1.474881,-1.154046,-31.25,14,14,-84.86655,-82.81217,-170.8701,-0.587339,-0.5268788,-0.4656191,-0.4007874
61328,-0.7038848,-2.021174,-1.011798,0.09748057,-0.299576,-0.1178872,8.346485,-2.063875,-1.221087,-161,20.25,38.125,-91.67412,-82.88709,-166.4298,-0.5746917,-0.5214357,-0.4794931,-0.4097813
61340,-0.702343,-2.025048,-1.013514,0.118657,-0.2981732,-0.1320888,8.293811,-2.269784,-1.479669,-306.5,28.875,63.875,-101.4614,-82.84853,-160.9371,-0.5528829,-0.5091326,-0.503143,-0.4265581
61351,-0.7006818,-2.028976,-1.01535,0.1288572,-0.3046777,-0.1423691,8.657743,-1.465304,-1.101372,-447.75,37,90.875,-112.9616,-82.78484,-155.548,-0.5216137,-0.4892996,-0.5339326,-0.4510223
61363,-0.6991519,-2.033152,-1.017272,0.1168258,-0.3189107,-0.1467719,9.275469,0.09577148,-0.517166,-494.75,34.375,102.625,-123.7913,-82.71697,-151.5622,-0.4859202,-0.4643647,-0.565348,-0.4781514
61374,-0.6980021,-2.037445,-1.019193,0.08854745,-0.3305882,-0.1479803,9.610668,1.245029,-0.4166059,-436.5,21.625,94.25,-131.753,-82.59191,-149.6313,-0.4541053,-0.439909,-0.5911095,-0.5008572
61386,-0.6972926,-2.041841,-1.021103,0.05417085,-0.3356652,-0.1458025,9.878829,1.719098,-0.6895547,-325.75,7.5,75.5,-136.6458,-82.41253,-149.3598,-0.4297679,-0.4194075,-0.6100013,-0.5170062
61397,-0.696947,-2.046204,-1.022914,0.02679829,-0.33833,-0.1404511,10.07037,1.245029,-0.9625034,-217.625,-4.75,56.875,-139.5022,-82.15848,-149.6409,-0.4132131,-0.4046686,-0.6229908,-0.5266695
61409,-0.6967933,-2.050661,-1.024676,0.01179383,-0.341993,-0.1351742,9.965023,0.2777373,-1.221087,-151.5,-13,44.875,-141.6563,-81.79134,-149.7783,-0.40086,-0.3936918,-0.633244,-0.5322781
61420,-0.6967275,-2.055188,-1.026406,0.005058839,-0.3479297,-0.1329716,9.668132,-0.3974517,-1.307281,-151.75,-15.625,44.625,-144.1014,-81.33929,-149.6189,-0.3880303,-0.3828908,-0.6437276,-0.5370679
61432,-0.6966926,-2.060137,-1.028255,0.002517771,-0.356846,-0.1333601,9.433492,-0.8188462,-1.321646,-200.625,-15.25,53.375,-147.5991,-80.76826,-149.2414,-0.3699159,-0.3682849,-0.6573374,-0.5435404
61444,-0.6966699,-2.06494,-1.030014,0.001742738,-0.3682511,-0.134836,9.332932,-1.091795,-1.254606,-270.75,-13,64.125,-151.7331,-80.18105,-148.966,-0.3470668,-0.3499892,-0.6727609,-0.5517653
61455,-0.6967337,-2.069909,-1.031809,-0.004875104,-0.3796118,-0.1371496,9.323354,-0.7661719,-1.101372,-325.5,-11.25,70.125,-155.9199,-79.63402,-149.3796,-0.319893,-0.3271806,-0.6892684,-0.561721
61467,-0.6970073,-2.074987,-1.033617,-0.02091117,-0.3881808,-0.1381855,9.519686,-0.1292915,-0.900252,-338,-12.375,70.125,-159.5384,-79.17982,-150.5316,-0.2918807,-0.3023501,-0.7046462,-0.5717201
61479,-0.6976067,-2.080739,-1.035572,-0.04156967,-0.3989618,-0.1355546,9.816577,-0.1340801,-0.7661719,-326.875,-16.875,66.875,-163.1397,-78.69861,-152.0239,-0.2616116,-0.275098,-0.7197875,-0.581194
61490,-0.698292,-2.085875,-1.03722,-0.05497521,-0.4119715,-0.1322048,9.84052,-0.6704004,-0.8906748,-332.25,-19.875,65.5,-166.3463,-78.2331,-153.2831,-0.2344618,-0.2509516,-0.7321935,-0.5881698
61502,-0.6991166,-2.09158,-1.038909,-0.06282359,-0.4346069,-0.1286835,9.749537,-1.585018,-0.967292,-374.375,-19.5,68,-170.374,-77.68687,-154.5056,-0.2016416,-0.2225774,-0.745376,-0.5951594
61513,-0.6991166,-2.09158,-1.038909,0,0,0,9.43828,-2.791739,-1.072641,-489.25,-13,79.625,-175.7111,-77.09927,-155.7982,-0.1591652,-0.1866349,-0.7592668,-0.6027834
61526,-0.6991166,-2.09158,-1.038909,0,0,0,8.806189,-2.940185,-1.359955,-672.25,3.625,104.625,176.7734,-76.51939,-158.0324,-0.09623381,-0.1324342,-0.7738439,-0.6118546
61537,-0.6991166,-2.09158,-1.038909,0,0,0,8.341697,-1.829235,-1.029544,-830.625,23.625,132.375,168.4795,-76.27866,-161.0321,-0.02338475,-0.06780358,-0.7820571,-0.6190659
61549,-0.6991166,-2.09158,-1.038909,0,0,0,8.49972,-0.2490059,-0.1101372,-915.125,37.875,147.625,159.9763,-76.5175,-164.8951,0.05518187,0.005084335,-0.7807059,-0.6224366
61560,-0.6995512,-2.091414,-1.039041,-0.03335531,0.01271847,-0.0101699,9.189274,0.3543545,0.7182862,-913.375,37,150,151.3757,-77.0164,-168.6613,0.1328979,0.07825987,-0.7697284,-0.6194609
61572,-0.700433,-2.091021,-1.0393,-0.06318202,0.02819087,-0.01852277,9.3042,0.2154858,0.5411089,-857,26,136.375,142.7523,-77.52404,-172.4656,0.2094975,0.1509621,-0.750462,-0.6083815
61584,-0.7015423,-2.090572,-1.039637,-0.08537947,0.03452927,-0.02595431,9.17012,-0.3399888,-0.07661719,-805.375,20.5,118.75,135.2066,-77.94326,-175.7904,0.2746684,0.2130736,-0.7271286,-0.5919806
61595,-0.7029961,-2.090163,-1.04,-0.1113944,0.03129394,-0.02783339,9.495743,-1.254606,-0.5506861,-790.5,22,104.125,127.6591,-78.39254,-178.9298,0.3364899,0.272222,-0.6981114,-0.5703598
61607,-0.7047878,-2.089813,-1.040334,-0.1369496,0.02681714,-0.02550479,9.763903,-1.388687,-0.8715205,-818.25,29.25,99.25,120.0688,-78.96927,177.6032,0.3969336,0.3315196,-0.661837,-0.5426881
61618,-0.706767,-2.089451,-1.040638,-0.1542238,0.02820127,-0.0236946,9.735171,-0.742229,-0.7709605,-860.125,39,104.875,112.433,-79.75078,173.8541,0.4546918,0.3901796,-0.6178263,-0.509221
61630,-0.7089219,-2.088974,-1.040949,-0.1647365,0.03639995,-0.02377345,9.6394,-0.2681602,-0.2968916,-893.75,47.25,113.875,104.0038,-80.80339,170.2435,0.5105546,0.4486061,-0.5639948,-0.469038
61641,-0.7111136,-2.088342,-1.041269,-0.1685633,0.04866707,-0.02458339,9.615458,-0.0191543,0.1628115,-899.25,47.875,118.125,94.82788,-81.98251,167.3897,0.5607269,0.5022235,-0.5036277,-0.4239293
61653,-0.713415,-2.087503,-1.041633,-0.1660696,0.06051346,-0.02626464,9.543629,0.1388687,0.3591431,-875,42.5,113.5,84.39548,-83.20772,165.3572,0.6062769,0.5518895,-0.43548,-0.3717574
61665,-0.7155811,-2.086627,-1.042009,-0.1654315,0.06692804,-0.02878252,9.428702,-0.1005601,0.09577148,-836.75,36,102.875,73.54335,-84.21497,164.9455,0.6417342,0.5906573,-0.3699277,-0.3200857
61676,-0.7177474,-2.085786,-1.042405,-0.1663805,0.06456068,-0.03041258,9.433492,0.04309717,-0.4405488,-796.5,33.25,88.75,62.7341,-85.02397,165.0902,0.6697201,0.6218902,-0.3055882,-0.2671018
61688,-0.7198973,-2.085133,-1.042769,-0.165009,0.05011503,-0.02789717,9.70644,0.8092691,-0.8140576,-745.5,34.125,77.25,53.25043,-85.70354,164.5688,0.6903604,0.646589,-0.2439479,-0.2140434
61700,-0.7221977,-2.084866,-1.043031,-0.1621867,0.01882516,-0.01851729,10.1422,1.834024,-1.067852,-643.5,35.5,63.75,46.16753,-86.33216,162.2078,0.7043825,0.6659929,-0.1852067,-0.1612369
61711,-0.7242713,-2.085109,-1.043118,-0.1622016,-0.01902592,-0.006787198,10.37684,2.523579,-1.254606,-517.5,34,49.125,43.25719,-86.77718,158.2143,0.7112221,0.6776888,-0.1423577,-0.1209771
61723,-0.7264303,-2.085894,-1.043068,-0.1662315,-0.06042767,0.003843209,10.2667,2.739064,-1.331224,-368.75,29.5,31.5,44.42584,-87.05955,151.9674,0.7142882,0.6850179,-0.1115019,-0.09005646
61734,-0.728701,-2.087159,-1.042943,-0.1739981,-0.09689575,0.009632565,9.893194,2.375133,-1.326435,-205.25,22.25,10.25,49.12587,-87.11404,144.305,0.7151789,0.6888863,-0.09467188,-0.07065461
61746,-0.7310984,-2.088694,-1.042836,-0.1863047,-0.1192874,0.008308141,9.37124,1.326435,-1.369532,-86,16,-8,53.88013,-86.99998,138.173,0.715378,0.6905376,-0.08793765,-0.06049085
61757,-0.7337564,-2.090348,-1.042824,-0.2029531,-0.1263118,0.0008987421,8.949845,0.1197144,-1.407841,-20.875,12.625,-21.375,57.17128,-86.83083,134.3403,0.7154673,0.6910782,-0.08617282,-0.05560417
61769,-0.7366349,-2.092036,-1.042935,-0.2212496,-0.1297061,-0.008572118,8.796611,-0.1340801,-1.484458,-4.625,11.75,-26.875,59.97136,-86.61643,131.217,0.7155912,0.6912734,-0.08586917,-0.05193099
61780,-0.7397524,-2.093792,-1.043135,-0.240271,-0.1354038,-0.01537129,8.988154,0.09098291,-1.589807,-5,12.375,-25.625,62.50454,-86.38204,128.357,0.7157153,0.6914487,-0.08562533,-0.04815247
61792,-0.7432085,-2.095701,-1.043355,-0.2608456,-0.1440163,-0.01662756,9.399971,0.3543545,-1.733464,-6.625,13.625,-20.375,64.50642,-86.16794,125.9992,0.7158301,0.6916569,-0.0850193,-0.04438217
61803,-0.7468885,-2.097678,-1.043568,-0.282485,-0.1517682,-0.0163518,9.514897,0.3208345,-1.834024,-4.875,15.875,-13.375,65.61636,-86.04859,124.5634,0.7158952,0.6919048,-0.08391805,-0.04146941
61815,-0.750746,-2.099669,-1.0438,-0.3022163,-0.1559768,-0.01812585,9.376028,0.08619434,-1.661635,-8.625,17.5,-7.5,66.22842,-86.0479,123.5834,0.7157983,0.6923966,-0.081826,-0.03904207
61826,-0.7549283,-2.101704,-1.044122,-0.320807,-0.1561415,-0.02469873,9.036039,-0.225063,-1.470092,-17.75,17.125,-3.875,66.24486,-86.13715,123.0717,0.7157111,0.6930305,-0.07835406,-0.03643073
61838,-0.7593899,-2.103723,-1.044586,-0.339723,-0.1537283,-0.03538061,8.739148,-0.4405488,-1.441361,-34,16.375,-2.25,65.6056,-86.26708,122.9987,0.7157994,0.6936814,-0.07321688,-0.03281178
61849,-0.7639796,-2.105689,-1.045162,-0.3574785,-0.1530925,-0.04481696,8.810977,-0.292103,-1.407841,-53.75,15.5,0.125,64.8588,-86.39337,122.7932,0.7159581,0.6944047,-0.06662751,-0.02769162
61860,-0.7688149,-2.107724,-1.045817,-0.3735021,-0.1572446,-0.05064024,9.079137,0.1149258,-1.316858,-70.875,13.5,5.5,63.99266,-86.51755,122.4737,0.7161504,0.6951601,-0.05861039,-0.02111493
61872,-0.7742876,-2.110064,-1.046564,-0.3905135,-0.1669829,-0.0532486,9.323354,0.5075889,-1.336012,-70.875,10.125,11,62.28817,-86.63373,122.8911,0.7165591,0.6956008,-0.04986602,-0.01400238
61884,-0.7795886,-2.112403,-1.047255,-0.4091603,-0.180539,-0.05340368,9.4718,0.8523662,-1.599384,-48.25,7.5,12.625,59.94696,-86.67223,124.334,0.7172546,0.6953764,-0.04377329,-0.009022503
61896,-0.7851644,-2.114922,-1.047953,-0.4289026,-0.1937534,-0.05364305,9.462223,0.8140576,-1.690367,-9.625,6.375,10.5,57.41699,-86.67117,126.4646,0.7180431,0.6947629,-0.04085867,-0.007015891
61907,-0.7911021,-2.117627,-1.048696,-0.4476553,-0.2039516,-0.05602543,9.313777,0.5554746,-1.585018,24.5,4.875,5.875,55.02888,-86.64194,128.8988,0.7188382,0.693938,-0.04078084,-0.007658985
61919,-0.7973703,-2.120455,-1.049513,-0.4661072,-0.2102877,-0.06079591,9.150966,0.2346401,-1.541921,50.5,3.25,1.375,52.57093,-86.58723,131.7541,0.7197095,0.6928703,-0.0428949,-0.01044209
61931,-0.8038024,-2.123285,-1.05039,-0.4844585,-0.2131209,-0.066051,9.117445,-0.04788574,-1.556287,55.875,2,-0.875,49.87955,-86.52548,134.9097,0.720651,0.6916782,-0.04533198,-0.0137303
61942,-0.810515,-2.126165,-1.051327,-0.5022548,-0.2155309,-0.07011103,9.208428,-0.09577148,-1.532344,43.375,1.25,0.75,46.96223,-86.47424,138.127,0.7216129,0.6905376,-0.04660264,-0.01615278
61954,-0.8171002,-2.128971,-1.052237,-0.5182275,-0.2207592,-0.0715736,9.385606,0.1292915,-1.513189,29.875,-0.125,4.5,44.08832,-86.41837,141.1114,0.7225868,0.6894811,-0.04669863,-0.01742114
61966,-0.824963,-2.132335,-1.053279,-0.5365637,-0.2295777,-0.07110575,9.519686,0.2968916,-1.565864,19.25,-1.75,10.625,39.9296,-86.35675,145.2387,0.7239004,0.6881611,-0.04550029,-0.01822941
61978,-0.832466,-2.135531,-1.054248,-0.5544648,-0.2361919,-0.07165687,9.443069,0.1388687,-1.656847,8.625,-2.125,15.75,34.90054,-86.31549,150.0932,0.7252629,0.6868777,-0.04297055,-0.01860711
61990,-0.8398013,-2.138601,-1.055203,-0.5715061,-0.2391943,-0.07437251,9.275469,-0.1628115,-1.661635,-8.875,-1.5,19.625,29.05092,-86.29742,155.5519,0.7265669,0.6857685,-0.03866135,-0.01809776
62001,-0.8474176,-2.141705,-1.056231,-0.5885395,-0.239844,-0.07945619,9.093503,-0.3926631,-1.656847,-37.625,0,23.25,22.24362,-86.28743,161.5919,0.7278191,0.6848606,-0.0316073,-0.01569447
62013,-0.8554125,-2.144912,-1.057356,-0.604398,-0.2424752,-0.0850027,9.064771,-0.2729487,-1.575441,-63.375,1.25,25.75,15.43813,-86.26393,167.2698,0.728891,0.6841764,-0.02230832,-0.01108996
62024,-0.8633339,-2.148117,-1.05851,-0.617942,-0.2499664,-0.09006755,9.088714,0.09577148,-1.470092,-74.75,0.875,26.25,9.92595,-86.20801,171.54,0.7297567,0.683567,-0.01277835,-0.005303074
62036,-0.8715407,-2.151549,-1.059734,-0.6306118,-0.2637333,-0.09400809,9.179697,0.5602632,-1.417418,-63.125,-1.75,24.25,6.059644,-86.09521,174.294,0.7306572,0.6827287,-0.004650064,0.0002883358
62047,-0.8801538,-2.15533,-1.061008,-0.6437304,-0.2825563,-0.09522429,9.385606,0.9050406,-1.460515,-32.25,-5.125,20.75,3.734958,-85.9173,175.887,0.7317827,0.6815257,0.0006078579,0.004055183
62058,-0.8883974,-2.159114,-1.062194,-0.6569089,-0.3015764,-0.09454831,9.519686,1.005601,-1.575441,11.125,-8.5,17.375,2.453126,-85.6922,177.0271,0.7331457,0.6800541,0.001947458,0.004463302
62070,-0.8971114,-2.163273,-1.063417,-0.6707242,-0.3200877,-0.09412736,9.490954,0.8954634,-1.637692,47.875,-10.5,14.5,1.538444,-85.42603,178.2736,0.7347486,0.6783367,0.0003549592,0.001962624
62081,-0.9060415,-2.167604,-1.064662,-0.6834084,-0.3314828,-0.09523807,9.376028,0.3016802,-1.585018,65.25,-11.25,14.75,-0.3444389,-85.15864,-179.28,0.7363371,0.6766069,-0.002037799,-0.002592632
62093,-0.9156803,-2.172235,-1.066022,-0.6958918,-0.3343366,-0.09822404,9.241948,-0.4261831,-1.541921,43.75,-11,18.875,-4.049027,-84.87218,-175.274,0.7379254,0.6748478,-0.001753143,-0.006592852
62105,-0.9249099,-2.176605,-1.067348,-0.7073075,-0.3349125,-0.1016019,9.189274,-0.6464576,-1.551498,2.75,-10.5,23.875,-8.141764,-84.58246,-171.4345,0.7393749,0.6732489,0.002243371,-0.007466566
62117,-0.9343114,-2.181048,-1.068718,-0.7188784,-0.3397257,-0.104723,9.20364,-0.3687202,-1.608961,-38.25,-9.875,28.875,-11.96029,-84.27372,-168.4122,0.7407974,0.6716434,0.009502808,-0.004911527
62128,-0.9438267,-2.185619,-1.070104,-0.7301436,-0.3507681,-0.1064059,9.318565,0.07661719,-1.632904,-57.25,-9.875,31.5,-15.01246,-83.96593,-166.4073,0.7421361,0.6700088,0.01794294,-0.000445495
62140,-0.9535336,-2.1904,-1.071482,-0.742008,-0.3654622,-0.1052997,9.529263,0.3208345,-1.723887,-59.375,-10.125,33.5,-17.65903,-83.64717,-164.8445,0.7434377,0.6682662,0.0264908,0.004356267
62151,-0.9632335,-2.195271,-1.072809,-0.7536749,-0.3784132,-0.1031575,9.601091,0.1676001,-1.771773,-61.875,-9.75,36.125,-20.50126,-83.31771,-163.1028,0.7445914,0.6665201,0.03541007,0.008985548
62162,-0.9732891,-2.200416,-1.074176,-0.7645095,-0.3911623,-0.1039124,9.380817,0.09577148,-1.699944,-68.625,-9.375,38.25,-23.46999,-82.97739,-161.3501,0.7455696,0.6647406,0.04524044,0.01411596
62174,-0.983243,-2.205632,-1.075566,-0.7743878,-0.4058512,-0.1081349,9.122234,0.2442173,-1.628115,-65.25,-10.125,37.375,-25.84713,-82.65098,-160.1199,0.7464537,0.6629396,0.05433594,0.01912072
62186,-0.9947799,-2.211869,-1.077229,-0.7864295,-0.4250935,-0.1133494,9.093503,0.3926631,-1.695155,-45.25,-11.75,33.25,-27.63256,-82.27798,-159.3496,0.7476423,0.6607431,0.06243373,0.02348631
62199,-1.005462,-2.217782,-1.078753,-0.7996655,-0.4427177,-0.114056,9.366451,0.3830859,-1.939373,-23.375,-11.875,30.125,-28.79821,-81.92955,-158.8154,0.7488975,0.6586975,0.06785265,0.02580822
62210,-1.016029,-2.223744,-1.080161,-0.8127758,-0.4585678,-0.1083058,9.84052,0.225063,-2.073453,-16.5,-10.5,32.375,-30.23538,-81.58891,-157.9058,0.7499659,0.6568818,0.07292502,0.027193
62221,-1.026696,-2.22991,-1.081432,-0.8225415,-0.475438,-0.09804904,10.21882,0.1963315,-1.891487,-21,-10.375,39.125,-32.21586,-81.25322,-156.516,0.7506779,0.6553261,0.07886235,0.02848285
62233,-1.037488,-2.236362,-1.082627,-0.8299641,-0.4962592,-0.091888,9.950658,0.4261831,-1.656847,-13,-13.625,42.75,-34.07358,-80.89927,-155.1517,0.7514399,0.6537502,0.08427609,0.02909374
62244,-1.048353,-2.243125,-1.083826,-0.835968,-0.5203112,-0.09227701,9.486166,0.6368804,-1.484458,32.75,-19.625,36.625,-34.97007,-80.54063,-154.1487,0.7527518,0.6521861,0.08553185,0.02650515
62256,-1.059316,-2.250191,-1.085117,-0.8418459,-0.5426238,-0.09911431,8.978577,0.4932232,-1.484458,97.625,-25.5,22.75,-34.67261,-80.18035,-153.4788,0.7548242,0.6506367,0.08087679,0.01926804
62267,-1.070526,-2.257603,-1.086565,-0.8470858,-0.5600899,-0.1093737,8.691262,0.07182861,-1.508401,148.75,-28.875,10,-33.6795,-79.81886,-152.7933,0.7572862,0.6491026,0.07155295,0.007972573
62279,-1.081336,-2.264875,-1.088027,-0.8506362,-0.5721954,-0.1150801,8.983365,-0.3830859,-1.532344,151.375,-29,8.125,-32.95966,-79.46332,-151.8598,0.7594113,0.6475828,0.06260675,-0.003396534
62290,-1.092488,-2.272508,-1.089504,-0.8547532,-0.5850176,-0.1131805,9.553205,-0.4644917,-1.71431,122,-27.75,15.625,-32.70173,-79.06191,-150.812,0.7613575,0.6457566,0.05623437,-0.01307432
62302,-1.103708,-2.280339,-1.090987,-0.8608454,-0.6008227,-0.1137702,9.352086,-0.2777373,-1.877121,88,-25.625,26.75,-32.91348,-78.61145,-149.7562,0.7631971,0.6436562,0.0531313,-0.02034927
62314,-1.115635,-2.288875,-1.092603,-0.8628392,-0.617545,-0.1169546,9.213217,-0.3543545,-1.575441,70.125,-24.25,32.25,-33.59716,-78.15493,-148.4294,0.7647005,0.6417445,0.05173015,-0.02685478
62325,-1.126906,-2.297132,-1.094142,-0.8635908,-0.6326484,-0.1178872,9.366451,-0.4980117,-1.565864,59.625,-25.625,32.875,-34.23124,-77.70709,-147.3232,0.7661444,0.6398101,0.05127295,-0.03220016
62337,-1.138308,-2.305589,-1.095709,-0.8686537,-0.6442857,-0.1193734,9.218005,-0.8236348,-1.939373,41.75,-24.875,33.875,-34.90446,-77.18645,-146.411,0.767868,0.6374209,0.05246971,-0.03633769
62348,-1.149827,-2.314014,-1.09732,-0.8797494,-0.6434552,-0.1230688,8.815765,-1.805292,-2.437384,-10.5,-17.375,37.625,-36.27624,-76.56703,-145.4871,0.7695871,0.6347545,0.05870648,-0.03709475
62360,-1.16183,-2.322585,-1.099066,-0.8865901,-0.6330535,-0.1289935,8.585914,-2.561887,-2.193167,-121.375,-7,49.25,-38.97377,-75.91534,-144.7659,0.7705401,0.6322571,0.07519659,-0.02940104
62372,-1.17357,-2.331064,-1.100876,-0.8784679,-0.6344776,-0.1354178,8.858863,-1.862755,-1.154046,-236.25,-5.875,64.375,-42.22492,-75.3959,-145.0232,0.7702065,0.6297326,0.100405,-0.01173726
62383,-1.184985,-2.339646,-1.102713,-0.8725044,-0.6559933,-0.1403563,9.184485,-0.3974517,-1.192355,-297.375,-14,75,-44.79065,-74.88496,-146.7266,0.7696684,0.6251854,0.1289,0.01176612
62395,-1.196293,-2.348479,-1.104558,-0.8762103,-0.6844494,-0.1429907,9.313777,0.292103,-1.857967,-282.75,-20.375,73.625,-46.59275,-74.32795,-148.9639,0.7691764,0.6189412,0.1552337,0.03437914
62406,-1.207662,-2.357659,-1.106424,-0.8829618,-0.7128883,-0.1449517,9.313777,0.3830859,-2.11655,-229,-23.75,63.875,-47.87685,-73.80261,-151.0118,0.7685995,0.6125323,0.1767921,0.05295048
62418,-1.219306,-2.367286,-1.108349,-0.8891299,-0.735091,-0.1469582,9.20364,-0.09098291,-2.274573,-187.875,-25,55.25,-49.05323,-73.27423,-152.6689,0.7678849,0.6062276,0.1954101,0.06823418
62429,-1.230926,-2.377001,-1.110271,-0.8942165,-0.7476692,-0.1478844,9.117445,-0.775749,-2.557099,-185,-22.375,52.25,-50.45574,-72.73267,-154.031,0.7665967,0.5997906,0.2139141,0.08259227
62441,-1.242567,-2.38694,-1.112205,-0.8923724,-0.7619377,-0.1483211,9.265891,-0.8906748,-2.126127,-210.125,-20.75,53.875,-52.13882,-72.28136,-155.4514,0.7639285,0.593106,0.2341579,0.09903865
62452,-1.253993,-2.397125,-1.114143,-0.8873241,-0.7909071,-0.1504368,9.462223,0.004788574,-1.403052,-209.5,-27.875,52.375,-53.4072,-71.94479,-157.2445,0.7608478,0.5861787,0.2530123,0.116146
62464,-1.265672,-2.408056,-1.116121,-0.8896984,-0.832673,-0.15069,9.720806,1.096583,-1.498824,-138.625,-43,40.375,-53.57864,-71.5471,-159.2571,0.7598537,0.579146,0.2657562,0.1287865
62475,-1.277314,-2.419341,-1.117988,-0.8981795,-0.870689,-0.1440551,10.05122,1.125315,-2.245841,-43.125,-53.125,25.625,-53.04234,-71.0155,-160.6853,0.7615606,0.5733067,0.2711579,0.1334851
62486,-1.289134,-2.431044,-1.119689,-0.9068376,-0.8978771,-0.1305006,10.29543,0.3782974,-2.968916,27.375,-54.5,16.625,-52.44249,-70.3942,-161.2343,0.7647939,0.5690229,0.2719291,0.1317497
62498,-1.300949,-2.442914,-1.121211,-0.9127023,-0.9168925,-0.117606,10.0991,-0.2729487,-3.208345,51.375,-50.125,14.375,-52.0637,-69.78989,-161.2389,0.7680594,0.5658335,0.2713657,0.1275854
62509,-1.312892,-2.455063,-1.122652,-0.9145467,-0.930356,-0.1102949,9.60588,-0.7996919,-3.12215,48.375,-44.25,13.75,-51.93358,-69.23759,-161.0212,0.7707574,0.563178,0.2711911,0.1233655
62521,-1.324759,-2.467284,-1.124067,-0.9147829,-0.9420941,-0.1091198,9.131811,-0.9481377,-3.002436,37.25,-40.875,11.375,-51.82407,-68.74121,-160.9222,0.7730395,0.5605398,0.2715573,0.1202573
62532,-1.337464,-2.480553,-1.125606,-0.9158363,-0.9564737,-0.1109115,8.925902,-0.7949033,-2.983282,32.625,-39.375,6.375,-51.4873,-68.26585,-161.0936,0.7754858,0.5576075,0.2716304,0.117952
62545,-1.349479,-2.493272,-1.127044,-0.9164781,-0.9701475,-0.1097354,9.112657,-0.8332119,-3.107785,26.875,-39.5,3.25,-51.08002,-67.83056,-161.4122,0.7777942,0.554618,0.2717862,0.1164788
62556,-1.3614,-2.506025,-1.128395,-0.9167562,-0.9807683,-0.1038984,9.356874,-1.072641,-3.404676,0.875,-38.75,6.125,-50.85145,-67.36864,-161.8944,0.7796163,0.550871,0.2739931,0.1169071
62568,-1.373387,-2.519002,-1.12969,-0.9145114,-0.9900488,-0.0987445,9.289834,-1.240241,-3.375945,-51.375,-37.5,14.75,-51.00052,-66.88849,-162.7035,0.7802504,0.5457973,0.2803487,0.1213224
62580,-1.386862,-2.533825,-1.131149,-0.9125437,-1.003861,-0.09884039,8.949845,-0.9289834,-3.251442,-104.5,-38.375,22,-51.35875,-66.33321,-164.2392,0.7797861,0.5381197,0.2917127,0.1313944
62592,-1.398872,-2.547232,-1.132463,-0.9146235,-1.020923,-0.100069,8.882805,-0.3782974,-3.337636,-117.5,-40.875,21.5,-51.50643,-65.83293,-165.9626,0.7792684,0.5303418,0.3022041,0.1419546
62604,-1.410823,-2.560781,-1.133786,-0.9195142,-1.042495,-0.1017819,8.878016,0.1245029,-3.366368,-93.375,-45.875,15.125,-51.32381,-65.32101,-167.6808,0.7795392,0.5227419,0.3102879,0.1509335
62615,-1.422889,-2.574671,-1.135119,-0.9253789,-1.065234,-0.1022081,8.940269,0.3016802,-3.500448,-51.375,-51.625,6,-50.84349,-64.75892,-169.133,0.7810884,0.5158259,0.3151056,0.1566305
62626,-1.434864,-2.588639,-1.1364,-0.9302204,-1.08506,-0.09948254,9.06956,0.1340801,-3.773396,-6.5,-57.75,-3.375,-50.17733,-64.12377,-170.1472,0.7840124,0.5098354,0.316734,0.1583416
62638,-1.44716,-2.603182,-1.137683,-0.9324802,-1.102916,-0.09729514,8.973788,-0.1005601,-3.835648,24.75,-62.875,-11,-49.37692,-63.4158,-170.8588,0.7880104,0.5043436,0.3161554,0.1572354
62649,-1.459209,-2.617657,-1.138932,-0.9317457,-1.11928,-0.09659218,8.858863,-0.2873144,-3.802128,53.375,-69.75,-19.375,-48.43369,-62.65909,-171.3082,0.7929441,0.4993906,0.3134399,0.1536368
62661,-1.471251,-2.632383,-1.140145,-0.9282811,-1.135213,-0.09357174,9.012096,-0.450126,-3.893111,65.25,-76.5,-22.875,-47.45382,-61.83031,-171.6166,0.7984213,0.494316,0.309909,0.1487669
62672,-1.48343,-2.647619,-1.141292,-0.9206074,-1.151778,-0.08670678,9.308989,-0.641669,-3.950574,57,-84.875,-19.25,-46.61563,-60.8943,-171.8772,0.8039557,0.4883795,0.3072887,0.1439247
62684,-1.495283,-2.662714,-1.142276,-0.9105198,-1.159557,-0.07554159,9.356874,-1.288126,-4.50126,24.375,-90,-10.5,-46.18172,-59.83318,-172.1714,0.8088043,0.4809166,0.3078208,0.1407167
62695,-1.506754,-2.677489,-1.143044,-0.8976863,-1.156135,-0.0601356,9.318565,-2.092607,-5.176449,-43.75,-88.625,3.625,-46.30135,-58.7143,-172.8086,0.8119065,0.471377,0.3137172,0.1421032
62707,-1.518208,-2.692392,-1.143626,-0.880805,-1.14606,-0.04473459,9.093503,-2.542733,-5.502072,-151,-83.5,18.625,-46.94047,-57.59097,-174.3775,0.8122838,0.45842,0.326934,0.1521859
62718,-1.529518,-2.70738,-1.144085,-0.8588891,-1.138176,-0.03488538,8.810977,-2.41823,-5.248278,-260.125,-79.375,31.5,-47.98374,-56.5489,-177.0626,0.8092723,0.4418058,0.3468843,0.1719221
62730,-1.540218,-2.722031,-1.14447,-0.8336153,-1.141523,-0.02996077,8.878016,-1.771773,-4.654494,-345.25,-81.625,40.5,-49.20494,-55.64227,179.3694,0.8030391,0.422311,0.3705268,0.1987242
62741,-1.55075,-2.737124,-1.144835,-0.812892,-1.164873,-0.02818323,9.131811,-0.2442173,-3.917054,-384.5,-93.25,44.625,-50.36527,-54.76199,175.0908,0.7944537,0.3996304,0.3953128,0.2299276
62753,-1.562026,-2.754021,-1.145211,-0.807989,-1.210697,-0.02690258,9.227583,1.872333,-3.500448,-311.25,-117,32.625,-51.10849,-53.57382,170.9098,0.7874256,0.374794,0.4160836,0.2576136
62765,-1.572541,-2.770301,-1.145512,-0.8081633,-1.251354,-0.02317619,9.064771,2.28415,-4.027191,-137.25,-143.125,3.75,-51.40486,-52.033,168.9412,0.7876545,0.3558375,0.4260192,0.267372
62776,-1.582874,-2.786945,-1.145735,-0.7936891,-1.278365,-0.01716019,8.978577,0.8763091,-4.80294,-8.25,-159.375,-18.25,-51.68414,-50.20563,168.7781,0.7930067,0.3413965,0.4301617,0.2637231
62788,-1.592978,-2.804098,-1.145886,-0.763687,-1.29653,-0.01135581,8.897171,-0.4740689,-5.224335,21.5,-163.5,-19.5,-52.18553,-48.31067,169.2985,0.7990919,0.3284811,0.4338366,0.2556134
62800,-1.603744,-2.823508,-1.145947,-0.7350111,-1.325076,-0.004199069,8.925902,0.08619434,-5.277009,15.5,-162.75,-13.5,-52.70255,-46.2738,169.6884,0.8050085,0.313995,0.4381619,0.2477552
62812,-1.613146,-2.841364,-1.145839,-0.7172431,-1.362226,0.008231709,9.323354,1.063064,-5.473341,69.375,-163,-14.75,-52.95044,-44.47998,170.4873,0.8116913,0.3034112,0.4393167,0.2368537
62824,-1.622367,-2.859935,-1.145527,-0.6966824,-1.403075,0.02358166,9.524474,0.9194063,-5.727135,136.625,-163.125,-15.5,-53.13498,-42.69646,172.1434,0.819927,0.2962932,0.4378909,0.2195031
62835,-1.630922,-2.878376,-1.145107,-0.6663061,-1.436318,0.03273188,9.122234,-0.258583,-5.736712,153.625,-161.375,-7.375,-53.4808,-41.02878,174.176,0.8273301,0.2911513,0.4367701,0.1999697
62847,-1.63898,-2.897129,-1.144641,-0.6268132,-1.458667,0.03621005,8.456622,-1.513189,-5.904312,98.125,-157.5,6.625,-54.0889,-39.39731,175.7793,0.8323192,0.2842486,0.4388378,0.1840351
62858,-1.646897,-2.917033,-1.144165,-0.589925,-1.483164,0.03546588,7.977765,-1.292915,-5.937832,18.625,-152.875,17.875,-54.79459,-37.75463,176.3867,0.8349723,0.2733838,0.4442472,0.1752914
62870,-1.654062,-2.936306,-1.143787,-0.5636228,-1.516127,0.02973852,7.771856,-0.3447773,-5.631363,-4.125,-153.75,16.875,-55.2998,-36.23927,176.4502,0.8369982,0.2616927,0.4493752,0.1703321
62881,-1.661054,-2.956475,-1.143508,-0.5392015,-1.555433,0.02153501,7.719182,0.02394287,-5.526015,7.875,-159,10.625,-55.66293,-34.66394,176.5257,0.8395675,0.2498154,0.4534553,0.1646116
62892,-1.667673,-2.977076,-1.143334,-0.5127401,-1.595854,0.0134669,7.709605,-0.08140577,-5.660095,15.5,-165.125,6.5,-55.96444,-33.03532,176.6715,0.8424185,0.2379027,0.4569369,0.1579307
62904,-1.674037,-2.99863,-1.143243,-0.4836745,-1.638108,0.006972135,7.738336,-0.1819658,-5.923466,13,-168.5,5,-56.24737,-31.34166,176.7799,0.8452375,0.225373,0.4603692,0.1511319
62915,-1.679883,-3.020391,-1.143224,-0.4514447,-1.680403,0.001403329,7.767067,-0.3878745,-6.115009,-1.5,-169.625,5.75,-56.5466,-29.68349,176.729,0.8475058,0.2124307,0.4641266,0.1455807
62927,-1.68532,-3.042847,-1.143288,-0.4180566,-1.726707,-0.004869432,7.819742,-0.2729487,-6.14853,-24.75,-169,8,-56.86968,-28.06976,176.366,0.8490185,0.1985014,0.4684743,0.1424661
62938,-1.690379,-3.065948,-1.143441,-0.3898394,-1.780279,-0.0117934,7.85805,0.3974517,-6.158106,-22.5,-170.125,6.5,-57.13086,-26.48313,175.9153,0.8504747,0.1844589,0.4723229,0.1399245
62950,-1.695104,-3.089786,-1.143735,-0.3638685,-1.835351,-0.02264882,7.551582,0.5937832,-6.091066,15,-174.25,-1.375,-57.28098,-24.85228,175.8756,0.8528185,0.1718863,0.4745765,0.1339137
62961,-1.69944,-3.114332,-1.144262,-0.3331025,-1.885999,-0.04049004,7.067935,0.03830859,-5.894735,42.875,-179.75,-8.375,-57.37127,-23.16014,176.2486,0.8557957,0.1606145,0.4757451,0.1244323
62973,-1.703541,-3.141221,-1.145113,-0.2957115,-1.938938,-0.06136065,6.933856,-0.3256231,-5.971352,40.625,-184.25,-10.125,-57.44872,-21.31364,176.6589,0.8588595,0.1483314,0.4768342,0.1139615
62985,-1.706929,-3.167326,-1.146131,-0.2587868,-1.993821,-0.07772548,7.197227,-0.2394287,-6.282609,28.625,-185.25,-8,-57.524,-19.59252,176.8684,0.8612844,0.1361416,0.478055,0.1054433
62996,-1.70984,-3.194141,-1.147345,-0.2231098,-2.0549,-0.09308776,7.383982,0.08140577,-6.426267,25.875,-183.875,-4.25,-57.6191,-17.93825,176.9963,0.863246,0.1240829,0.4794241,0.0977878
63008,-1.712348,-3.221993,-1.148802,-0.1910572,-2.1216,-0.1109686,7.32173,0.4980117,-6.38317,45.25,-183.125,-2.625,-57.70468,-16.31906,177.3107,0.8651538,0.1130683,0.4804544,0.08881486
63020,-1.714648,-3.254234,-1.15077,-0.1565757,-2.195188,-0.1340111,6.957798,0.4261831,-6.445421,90.5,-183,-4.875,-57.74131,-14.50522,178.3145,0.867715,0.1034967,0.4805452,0.07372562
63032,-1.716242,-3.283992,-1.152798,-0.1208312,-2.255573,-0.1536573,6.622598,-0.2537944,-6.766255,114,-179.75,-5.75,-57.73782,-12.89723,179.6053,0.869994,0.09670184,0.4800884,0.05722168
63044,-1.717293,-3.314401,-1.155028,-0.07987317,-2.311629,-0.1695542,6.445421,-0.9098291,-7.211593,99.5,-171.75,-2,-57.74785,-11.37428,-179.2199,0.8716797,0.09004621,0.4799052,0.04191912
63055,-1.717794,-3.344817,-1.157375,-0.0389559,-2.364961,-0.1824482,6.249089,-1.120526,-7.561159,56.875,-159.25,5.25,-57.81443,-10.02759,-178.6023,0.8725045,0.08237426,0.480574,0.03160663
63067,-1.717834,-3.375985,-1.159953,-0.003063247,-2.419303,-0.2001468,5.880369,-0.7709605,-7.35525,25.625,-149.75,9.375,-57.90697,-8.811163,-178.4415,0.8728527,0.07377304,0.4817103,0.0253185
63078,-1.717448,-3.408741,-1.162931,0.02911631,-2.473798,-0.2248704,5.387146,-0.5219546,-7.029627,17.25,-145.125,8.375,-57.97818,-7.624747,-178.4303,0.8731359,0.06477758,0.4827286,0.02026528
63090,-1.716669,-3.441268,-1.166168,0.06046437,-2.525598,-0.2513785,5.147717,-0.5698403,-6.95301,11.5,-144.125,7.125,-58.03185,-6.489215,-178.487,0.8733695,0.05588429,0.4835795,0.01592391
63101,-1.715466,-3.474818,-1.169801,0.09253878,-2.57982,-0.2793763,5.142929,-0.4932232,-6.948221,-4,-143.875,9.5,-58.11833,-5.371329,-178.7553,0.8733542,0.04622573,0.4847056,0.01327326
63113,-1.713881,-3.508745,-1.173744,0.1230802,-2.635126,-0.3062594,5.0711,-0.3016802,-7.111033,-17.875,-143,12.125,-58.24487,-4.27913,-179.2254,0.8730757,0.03590086,0.4861066,0.01226804
63124,-1.711879,-3.544083,-1.178102,0.1525927,-2.693216,-0.3320728,4.989695,-0.07661719,-7.326519,-18,-140.5,12,-58.38538,-3.197341,-179.7368,0.8726735,0.02547472,0.4875012,0.01160299
63135,-1.709541,-3.57978,-1.182732,0.1803501,-2.753335,-0.3571387,4.984906,0.1628115,-7.441444,-5.125,-136.125,10,-58.51147,-2.200706,179.8928,0.872277,0.01629709,0.4886339,0.01020086
63147,-1.706831,-3.616468,-1.187746,0.2078362,-2.813304,-0.3844832,4.807729,0.1819658,-7.360039,11.375,-132.5,8,-58.62224,-1.25354,179.737,0.8719076,0.008415138,0.489543,0.007356055
63158,-1.703782,-3.653569,-1.193083,0.2358485,-2.870196,-0.4128777,4.553934,0.0191543,-7.336096,22.125,-128.625,6.625,-58.71836,-0.3567813,179.7504,0.8715538,0.00164582,0.4902853,0.003424666
63170,-1.700326,-3.691795,-1.198853,0.2646416,-2.927217,-0.4418768,4.43422,-0.04788574,-7.379193,26.5,-124.625,5.625,-58.80133,0.4954675,179.831,0.8712022,-0.004490771,0.4909032,-0.0008379394
63181,-1.6965,-3.730582,-1.204945,0.2943713,-2.984109,-0.4686632,4.381546,-0.1388687,-7.599467,32,-118.875,4.125,-58.86109,1.273301,179.9955,0.8708984,-0.009697019,0.4913374,-0.005425218
63193,-1.691959,-3.77272,-1.211801,0.3280339,-3.044206,-0.4953101,4.324082,-0.3064688,-7.79101,28.375,-111.375,4.625,-58.92626,2.002025,-179.855,0.870528,-0.01458857,0.4918072,-0.009694147
63205,-1.687268,-3.813308,-1.218633,0.358369,-3.100447,-0.5219033,4.151694,-0.2298516,-7.72397,13.375,-102.75,8,-59.02982,2.579129,-179.9281,0.8700001,-0.01927559,0.4925374,-0.01163318
63217,-1.682226,-3.854549,-1.225828,0.3854763,-3.153456,-0.5501115,3.754242,-0.1245029,-7.618622,2.875,-96,10.25,-59.16558,3.09977,179.8434,0.8693426,-0.02419598,0.4934675,-0.01216455
63228,-1.676859,-3.896458,-1.2334,0.4103265,-3.204019,-0.5789108,3.442985,-0.04788574,-7.58989,1.875,-91,9.25,-59.2934,3.584671,179.5931,0.8687163,-0.02893817,0.4943087,-0.01238637
63241,-1.670465,-3.944368,-1.242405,0.43522,-3.260953,-0.6129004,3.289751,0.1532344,-7.498908,9,-86.75,6.375,-59.40178,4.072628,179.3834,0.8681574,-0.03352877,0.4949861,-0.01293413
63253,-1.664421,-3.988202,-1.25095,0.456718,-3.312219,-0.6457461,3.213133,0.2154858,-7.350461,18.5,-85,3.875,-59.47033,4.479473,179.3144,0.8677644,-0.03689966,0.4954009,-0.01419205
63264,-1.658151,-4.032202,-1.259819,0.4793505,-3.363698,-0.6779813,3.270596,0.1532344,-7.398347,22,-83.625,3.375,-59.53158,4.848579,179.3055,0.8673965,-0.03972382,0.4957798,-0.01574297
63276,-1.651626,-4.07635,-1.268925,0.5052336,-3.418859,-0.7051767,3.629739,0.09098291,-7.810164,19.75,-79.625,4,-59.59875,5.128349,179.2792,0.8670247,-0.04194483,0.4962129,-0.01677981
63287,-1.64475,-4.121123,-1.278301,0.5339439,-3.476394,-0.7279721,3.854802,0.004788574,-8.183674,15.25,-73.125,4.625,-59.67194,5.310567,179.2095,0.8666604,-0.043614,0.4966954,-0.01707003
63298,-1.637415,-4.167365,-1.288166,0.5602639,-3.532067,-0.7535242,3.557911,0.09577148,-7.982553,11.75,-67.625,3.625,-59.73464,5.446888,179.0799,0.8663636,-0.04519694,0.4970838,-0.01670648
63310,-1.629871,-4.213967,-1.298357,0.5805327,-3.586163,-0.7842906,3.275385,0.4405488,-7.542005,20.375,-67.5,0.375,-59.76207,5.591317,179.0066,0.8662079,-0.04660213,0.4972225,-0.01679108
63321,-1.622069,-4.261535,-1.309241,0.5974118,-3.642565,-0.8333774,3.395099,0.6225147,-6.172472,106.125,-76.5,-7.125,-59.69818,5.73531,-179.989,0.8662509,-0.04334462,0.4970981,-0.02498332
63333,-1.613787,-4.308836,-1.320544,0.644358,-3.679804,-0.8793746,3.323271,-2.466116,-6.234724,227.625,-78.25,-10.25,-59.51386,5.949234,-176.8372,0.8659282,-0.03135518,0.4967073,-0.04967169
63344,-1.604437,-4.357448,-1.332261,0.7119499,-3.701804,-0.8922247,2.695967,-4.745477,-8.576337,85.125,-63.25,27.125,-59.75956,6.255467,-175.3983,0.8639918,-0.02730074,0.4989379,-0.06191801
63356,-1.594468,-4.405664,-1.343891,0.7694769,-3.721544,-0.8976467,2.059087,-4.213945,-9.160542,-47.875,-55.375,58.25,-60.40916,6.571087,-175.8711,0.8612154,-0.03140552,0.5037205,-0.05989636
63367,-1.583751,-4.454331,-1.355511,0.8229535,-3.73731,-0.892354,1.388687,-3.96494,-10.02727,-98.25,-59.25,82.125,-61.38535,7.042875,-177.1036,0.8572274,-0.03992503,0.5106414,-0.05303368
63379,-1.572731,-4.503161,-1.366887,0.8505399,-3.768596,-0.8779832,1.264184,-1.364744,-10.91795,-131.125,-74.5,95.875,-62.58878,7.686618,-179.1256,0.8522975,-0.05331967,0.5186893,-0.04132174
63390,-1.561561,-4.553219,-1.378245,0.8535827,-3.825307,-0.8679878,2.01599,1.426995,-10.72162,-69.5,-95.5,85.5,-63.74251,8.456537,179.3086,0.8471448,-0.06579041,0.5261879,-0.03381982
63401,-1.550441,-4.603731,-1.389417,0.8576561,-3.896044,-0.8616418,2.949762,1.834024,-10.64021,25,-116.375,66.25,-64.66926,9.343081,178.9884,0.8424836,-0.07351811,0.532458,-0.0361251
63413,-1.538557,-4.658796,-1.401352,0.8601545,-3.985281,-0.8638211,3.744665,2.226687,-10.21882,81.5,-129.25,51.25,-65.46717,10.3401,179.395,0.8380172,-0.07864364,0.5381259,-0.04430304
63425,-1.527305,-4.712369,-1.413016,0.8560799,-4.076172,-0.887477,4.127751,2.557099,-8.782246,178.875,-135.25,25.125,-65.87961,11.2589,-178.9762,0.8346849,-0.07748698,0.541849,-0.06079939
63437,-1.515998,-4.766371,-1.424968,0.8679188,-4.145046,-0.9174084,3.131728,0.4309717,-8.145365,224.125,-129.25,0,-65.85198,12.13153,-176.4262,0.832477,-0.07179902,0.543015,-0.08343658
63448,-1.504374,-4.821341,-1.437277,0.8880246,-4.199409,-0.9402851,2.140493,-0.8810977,-8.461411,152.625,-112.625,-11.25,-65.5855,12.91219,-174.5917,0.8315008,-0.0690271,0.5420274,-0.1002397
63461,-1.491337,-4.884352,-1.451818,0.8858608,-4.281793,-0.9881122,3.007225,1.302492,-7.383982,87.875,-102.125,-15.625,-65.3025,13.4203,-173.9541,0.8317146,-0.0699871,0.540271,-0.1070517
63473,-1.479743,-4.94177,-1.465784,0.8803803,-4.359756,-1.060436,3.668048,1.766984,-5.367992,191.25,-100.875,-28.75,-64.897,13.61394,-172.1284,0.8315846,-0.06321612,0.538368,-0.1209577
63484,-1.467779,-4.999201,-1.480432,0.9172018,-4.402935,-1.123007,2.537944,-2.595407,-5.114197,259.5,-89.125,-18.25,-64.38095,13.81079,-168.4679,0.829457,-0.04809973,0.5364177,-0.1481336
63496,-1.455043,-5.056856,-1.495593,0,0,0,1.98247,-5.358415,-5.842061,189.375,-61.625,23.125,-64.33748,13.99442,-165.5491,0.8253497,-0.03583538,0.5372224,-0.170017
63507,-1.454675,-5.057532,-1.496034,0,0,0,2.461327,-2.734276,-7.235536,115.875,-36.75,49.25,-64.81773,13.83074,-164.3021,0.821439,-0.02803864,0.5409554,-0.1783792
63519,-1.454719,-5.058383,-1.496501,0,0,0,2.18359,-0.3447773,-7.819742,98.75,-24.5,43,-65.38049,13.5507,-163.7361,0.8183089,-0.02242641,0.5449772,-0.1812941
63530,-1.454916,-5.059097,-1.497052,0,0,0,1.470092,0.3830859,-7.192439,105.875,-23.625,28.25,-65.77604,13.32596,-163.2036,0.8159163,-0.01761833,0.5477784,-0.1841443
63541,-1.455047,-5.059587,-1.49749,0,0,0,0.225063,-0.7661719,-7.336096,106.25,-30,15.5,-65.93207,13.36386,-162.407,0.8138104,-0.0138269,0.5490177,-0.1900023
63553,-1.454905,-5.059828,-1.497099,0,0,0,-1.71431,-4.027191,-11.03766,-7.375,-46.5,30.75,-66.13377,13.92503,-162.7723,0.8125651,-0.01932388,0.5507001,-0.1899839
63565,-1.454875,-5.060382,-1.495957,0,0,0,-1.719098,-3.720722,-16.00342,-80.125,-98.875,55.75,-66.50693,15.14604,-164.2919,0.8113075,-0.03489775,0.5535222,-0.1848658
63577,-1.455714,-5.061856,-1.495045,0,0,0,0.4644917,1.953738,-16.50622,176.75,-172.375,14.625,-66.18285,17.04304,-162.6443,0.8068597,-0.04125792,0.552499,-0.204988
63589,-1.456621,-5.063697,-1.495136,0,0,0,2.08303,2.178801,-12.32579,465.25,-226.5,-41.125,-64.63704,19.26229,-156.3365,0.7971362,-0.03030983,0.5448813,-0.2583784
63601,-1.456359,-5.06443,-1.496022,0,0,0,2.25063,-2.734276,-4.860403,541.25,-218,-55.125,-62.58374,20.4634,-148.6845,0.7848367,-0.008205909,0.533137,-0.3157991
63613,-1.455648,-5.064767,-1.496781,0,0,0,1.292915,-6.062335,-2.940185,315.625,-158.375,-13.125,-60.94931,21.36259,-143.5255,0.7749612,0.004249226,0.5233275,-0.3543239
63624,-1.455608,-5.065308,-1.497401,0,0,0,0.02394287,-3.012013,-5.765443,-37.875,-109.5,41.875,-60.61683,22.28811,-144.3942,0.7766598,-0.007483866,0.5224448,-0.3518451
63637,-1.456085,-5.066186,-1.497884,0,0,0,-1.063064,-1.115738,-8.22677,-139,-117.25,45.25,-60.49059,23.70572,-147.4264,0.7825144,-0.03206963,0.5229428,-0.3364129
63649,-1.456066,-5.066911,-1.497969,0,0,0,-0.8667319,-3.610585,-9.036039,-98.375,-140.125,33.25,-59.96099,25.02166,-149.0446,0.7860733,-0.05064766,0.5202218,-0.3299894
63660,-1.455759,-5.067765,-1.497791,0,0,0,-0.3304116,-5.2387,-10.45346,-109.25,-148.125,33,-59.35307,26.30018,-150.5834,0.7897287,-0.06877552,0.5165074,-0.3237571
63672,-1.455514,-5.068748,-1.497489,0,0,0,-0.5219546,-4.558722,-11.72243,-148.5,-142.125,36.25,-58.93769,27.54161,-152.7997,0.7943514,-0.08907658,0.5131438,-0.3126576
63683,-1.455402,-5.069674,-1.497148,0,0,0,-1.426995,-3.567488,-12.10073,-140.625,-135.5,29,-58.5902,28.73719,-154.963,0.7984261,-0.1085346,0.5096437,-0.3016608
63695,-1.455384,-5.070541,-1.496908,0,0,0,-2.025567,-2.695967,-11.36329,-64.375,-135.25,13.125,-58.09852,29.93403,-156.1078,0.8002972,-0.1237871,0.5056627,-0.2975003
63706,-1.455262,-5.071324,-1.496911,0,0,0,-1.570652,-2.882722,-9.883617,29.875,-141.5,-9.5,-57.22071,31.01808,-155.7221,0.8000914,-0.1324646,0.5004598,-0.3030622
63718,-1.454968,-5.071963,-1.497144,0,0,0,-1.154046,-3.672837,-8.135788,79.5,-149,-22.625,-55.96787,32.03805,-154.3118,0.7987669,-0.137336,0.4938917,-0.3149309
63729,-1.454651,-5.072542,-1.497497,0,0,0,-1.154046,-3.715934,-7.297787,49,-152.75,-21.875,-54.6148,33.07814,-153.1949,0.7983257,-0.1441184,0.4864364,-0.3244776
63741,-1.454416,-5.073252,-1.497745,0,0,0,-1.460515,-3.198768,-8.284233,-23.375,-147.25,-13.25,-53.48567,34.11548,-153.2846,0.8001584,-0.155485,0.4790738,-0.3256674
63752,-1.454335,-5.0741,-1.49779,0,0,0,-1.958527,-2.293727,-9.960235,-58.75,-133.375,-8,-52.69815,35.02659,-154.1426,0.8030223,-0.1681258,0.4728695,-0.3213772
63763,-1.454319,-5.075138,-1.497776,0,0,0,-1.934584,-1.570652,-10.85091,-29.625,-117.875,-9,-52.07731,35.75474,-154.8122,0.8051582,-0.1780924,0.4678699,-0.3179641
63775,-1.45421,-5.076291,-1.497867,0,0,0,-1.268972,-1.652058,-10.61148,22.625,-106.5,-8.75,-51.51628,36.27377,-154.8146,0.8058072,-0.1835758,0.4641704,-0.3186231
63786,-1.454061,-5.07729,-1.498068,0,0,0,-0.7949033,-1.762195,-9.965023,68.25,-101,-5.125,-51.05632,36.65145,-154.2549,0.8048939,-0.1854526,0.4620258,-0.3229325
63798,-1.45394,-5.078326,-1.49836,0,0,0,-0.7661719,-1.575441,-9.519686,101.625,-97.625,1.375,-50.70897,37.02846,-153.3428,0.8024768,-0.1856138,0.4612703,-0.3298609
63810,-1.453812,-5.079504,-1.498737,0,0,0,-0.8044805,-1.632904,-9.270679,115.625,-91.875,10.125,-50.4999,37.40961,-152.2696,0.7989416,-0.1847775,0.4617728,-0.3381057
63821,-1.453595,-5.080507,-1.498982,0,0,0,-1.019966,-2.571464,-9.409549,105.125,-81.75,16.5,-50.36901,37.68183,-151.3488,0.7958202,-0.1835068,0.4625214,-0.3450641
63833,-1.453349,-5.081494,-1.49923,0,0,0,-0.9194063,-2.806104,-9.352086,81.75,-72.25,21.375,-50.35706,37.849,-150.8008,0.7936481,-0.182589,0.4634313,-0.3493071
63845,-1.453106,-5.082473,-1.499534,0,0,0,-1.043909,-2.782162,-8.930691,58.625,-66.625,25.25,-50.43674,37.99685,-150.6012,0.7922168,-0.1826505,0.4644075,-0.3512225
63856,-1.452919,-5.083267,-1.499808,0,0,0,-1.541921,-2.78695,-8.523663,35.625,-65.75,28,-50.54236,38.21379,-150.7075,0.7913802,-0.1843905,0.4651218,-0.3512535
63867,-1.452723,-5.083999,-1.50008,0,0,0,-2.011201,-2.964128,-8.145365,12.5,-69.125,28.875,-50.59859,38.54619,-151.0431,0.7910503,-0.1880808,0.4651934,-0.3499433
63879,-1.452434,-5.084736,-1.500257,0,0,0,-2.269784,-3.572276,-8.480565,-6,-72.375,25.5,-50.5231,38.90549,-151.4819,0.791468,-0.1927912,0.4641767,-0.3477786
63890,-1.452017,-5.085453,-1.500271,0,0,0,-2.35119,-4.544357,-9.256314,-26,-71.5,14.875,-50.23807,39.14383,-151.9555,0.7932368,-0.1973579,0.4615463,-0.3446742
63903,-1.451345,-5.086394,-1.500285,0,0,0,-2.04951,-4.927443,-9.37124,-41.5,-71.625,0,-49.62674,39.26251,-152.494,0.7968902,-0.2022356,0.4564356,-0.340196
63915,-1.450902,-5.087374,-1.500313,0,0,0,-1.84839,-3.749454,-10.03206,-48.25,-71.75,-10.125,-49.05568,39.29248,-153.2219,0.8011917,-0.2070247,0.4511707,-0.3341822
63926,-1.450679,-5.088454,-1.50032,0,0,0,-1.743041,-2.197956,-11.00893,-51.5,-64.75,-11.125,-48.73683,39.24545,-154.2565,0.8055812,-0.2116424,0.4470209,-0.3262191
63938,-1.450563,-5.089636,-1.500388,0,0,0,-1.58023,-1.091795,-11.06639,-45,-55.625,-6.5,-48.65815,39.13192,-155.4625,0.8096526,-0.2156934,0.4441662,-0.3172627
63949,-1.450589,-5.090899,-1.500526,0,0,0,-1.766984,-0.06225147,-10.74077,-24.875,-47.75,3.625,-48.88994,39.03717,-156.7165,0.8124923,-0.2191989,0.4433919,-0.308564
63961,-1.450861,-5.092009,-1.500807,0,0,0,-1.867544,1.757407,-9.902772,6.375,-44.625,20.375,-49.55166,39.0924,-157.9288,0.8129706,-0.2225592,0.4457639,-0.3013979
63972,-1.450994,-5.093149,-1.501,0,0,0,-1.857967,0.742229,-10.31938,59.125,-43.875,32.875,-50.3181,39.13752,-158.4249,0.8111278,-0.2228298,0.4502402,-0.2995032
63984,-1.450847,-5.094177,-1.500948,0,0,0,-2.408653,-1.527555,-10.97541,83.875,-37.625,40.5,-51.01051,39.123,-158.3152,0.8081515,-0.2204711,0.4553422,-0.3015746
63995,-1.450754,-5.095144,-1.501016,0,0,0,-2.231476,-1.240241,-10.24276,85.375,-28,45.75,-51.85935,39.02129,-158.3095,0.8050724,-0.217445,0.4613128,-0.3029302
64006,-1.450728,-5.095956,-1.501359,0,0,0,-1.963315,-0.8906748,-8.380005,101.75,-27.25,51.25,-52.81736,38.96421,-158.1707,0.8010036,-0.2139108,0.4682802,-0.305531
64018,-1.450339,-5.096165,-1.501757,0,0,0,-2.968916,-4.156483,-5.693615,112.75,-39.125,43.375,-52.98015,39.24394,-156.8253,0.7957693,-0.2100407,0.4719482,-0.3160682
64030,-1.449698,-5.096004,-1.502288,0,0,0,-3.538756,-5.798964,-3.782974,79.375,-57.375,25.25,-52.34831,39.90156,-155.0166,0.7910724,-0.2092913,0.4710492,-0.3294151
64042,-1.44943,-5.096401,-1.502903,0,0,0,-2.01599,-2.92103,-5.425455,42.25,-76.875,15.25,-51.9685,40.32697,-154.4354,0.7894979,-0.2111841,0.4696351,-0.3339719
64053,-1.449409,-5.097208,-1.503357,0,0,0,-1.853178,-1.077429,-7.781433,21,-84.875,20,-52.04074,40.78693,-154.8254,0.788754,-0.2160073,0.4695538,-0.3327569
64065,-1.449374,-5.09805,-1.503477,0,0,0,-3.107785,-1.632904,-9.227583,3.5,-76.375,28.125,-52.25817,41.29271,-155.4866,0.7880272,-0.2218614,0.469921,-0.3300987
64077,-1.448976,-5.099019,-1.503231,0,0,0,-3.816494,-3.648894,-10.31938,-22.75,-53.375,25,-52.40892,41.51054,-156.3392,0.7890934,-0.2265471,0.4693335,-0.3251677
64089,-1.448702,-5.099708,-1.503362,0,0,0,-3.016802,-2.901876,-8.643376,-32.625,-39.25,18.5,-52.55529,41.47348,-157.2468,0.7911735,-0.2295739,0.4685315,-0.3190904
64101,-1.448498,-5.100435,-1.503559,0,0,0,-2.782162,-2.274573,-8.557182,-4.375,-38.25,13.875,-52.70586,41.38581,-157.8346,0.792484,-0.2309075,0.4683838,-0.3150674
64112,-1.448224,-5.100959,-1.503707,0,0,0,-3.318482,-3.174825,-8.016073,37.75,-40.875,5.25,-52.54873,41.36924,-157.5318,0.7923478,-0.2299807,0.4679047,-0.3167951
64123,-1.447903,-5.101498,-1.503765,0,0,0,-3.514813,-3.668048,-8.408736,74.25,-40.5,-5.375,-52.18694,41.29152,-156.5924,0.7914705,-0.2265772,0.4672661,-0.3223347
64135,-1.447655,-5.10214,-1.503872,0,0,0,-3.294539,-3.131728,-8.466199,90.875,-37.125,-13.375,-51.79424,41.10421,-155.4732,0.7905364,-0.2217343,0.4667055,-0.3287432
64146,-1.447541,-5.102755,-1.504104,0,0,0,-3.064687,-2.298516,-7.910725,68.125,-29.125,-11.875,-51.59222,40.85268,-154.8907,0.7905482,-0.2180654,0.4663593,-0.3316477
64158,-1.447538,-5.103336,-1.504432,0,0,0,-3.136516,-1.565864,-7.360039,1.375,-16.75,0.375,-51.75607,40.59242,-155.4944,0.7925106,-0.2181057,0.4662668,-0.3270356
64169,-1.447606,-5.103876,-1.50471,0,0,0,-3.586642,-1.130104,-7.441444,-69.75,-5.125,18.25,-52.32099,40.37491,-157.3129,0.7960417,-0.2223001,0.466643,-0.3148724
64181,-1.447716,-5.104448,-1.504891,0,0,0,-4.022402,-0.8188462,-7.963399,-85.375,-3.625,29.125,-53.0987,40.21863,-159.5166,0.7993088,-0.22803,0.4677169,-0.3005807
64192,-1.447766,-5.105143,-1.504973,0,0,0,-3.663259,-0.7374405,-9.012096,-48.5,-8,30.75,-53.86221,40.0001,-161.2008,0.8012365,-0.2313262,0.4696905,-0.2896537
64204,-1.447514,-5.105959,-1.504861,0,0,0,-3.102996,-2.241053,-10.5205,-5.75,-7.25,25.625,-54.38242,39.57752,-162.0188,0.8025005,-0.2302452,0.4717538,-0.2835992
64215,-1.447126,-5.106766,-1.504708,0,0,0,-2.772584,-3.045533,-10.82218,32.25,-5.25,17.25,-54.68596,39.0502,-162.1157,0.803156,-0.2259807,0.4737875,-0.2817777
64227,-1.4468,-5.107493,-1.50488,0,0,0,-2.011201,-2.581042,-8.978577,87.25,-12.375,8.25,-54.8061,38.54311,-161.3689,0.8024025,-0.218821,0.4761577,-0.2855548
64238,-1.446384,-5.108093,-1.505154,0,0,0,-1.752618,-3.375945,-8.035228,113.25,-17,1.625,-54.67515,38.06304,-160.0143,0.8010353,-0.2099427,0.4778092,-0.2931978
64250,-1.445856,-5.108782,-1.505278,0,0,0,-2.097396,-4.036768,-8.763091,80.5,-14.5,1.625,-54.53224,37.55359,-159.0112,0.8006454,-0.2023297,0.4786005,-0.2982807
64262,-1.445614,-5.109485,-1.505329,0,0,0,-2.557099,-2.791739,-9.294622,41.625,-7.625,2.75,-54.62425,37.06165,-158.8884,0.801482,-0.1979085,0.4794167,-0.2976888
64273,-1.445507,-5.110158,-1.505424,0,0,0,-2.772584,-2.04951,-9.016886,18.625,0.25,5.375,-54.87285,36.55252,-159.2405,0.8029265,-0.1949426,0.4805077,-0.2939706
64285,-1.445333,-5.11076,-1.505566,0,0,0,-2.600196,-2.370344,-8.609857,-18.25,9.375,10.875,-55.19644,35.95184,-160.0596,0.8054743,-0.1930786,0.4813529,-0.2867599
64297,-1.444999,-5.111511,-1.505798,0,0,0,-2.092607,-2.581042,-8.514085,-68.375,19.25,15.5,-55.63727,35.09028,-161.7055,0.8101968,-0.1924898,0.4816907,-0.2729522
64309,-1.444741,-5.112142,-1.505982,0,0,0,-1.953738,-2.269784,-8.691262,-76.125,22.25,13,-56.01086,34.25344,-163.2902,0.8147046,-0.1920405,0.4817502,-0.2594104
64321,-1.444499,-5.112732,-1.506104,0,0,0,-2.135704,-2.193167,-8.930691,-53.875,21.25,8.75,-56.28848,33.45769,-164.493,0.8184071,-0.190545,0.4818416,-0.2484574
64332,-1.444376,-5.113106,-1.506075,0,0,0,-3.672837,-2.174013,-8.964211,-32,21.625,7.875,-56.52713,32.89576,-165.3505,0.8207479,-0.1894501,0.4822393,-0.2406801
64344,-1.44419,-5.113591,-1.506154,0,0,0,-2.55231,-1.996835,-8.906748,-21.875,24,10.125,-56.80391,32.17146,-166.0999,0.8230353,-0.1866308,0.4831649,-0.2330956
64355,-1.443994,-5.114079,-1.506253,0,0,0,-2.466116,-1.944161,-8.815765,-15.125,25.5,11.875,-57.10348,31.42322,-166.7719,0.8250315,-0.1832859,0.4844295,-0.2259589
64367,-1.4438,-5.114532,-1.506363,0,0,0,-2.346401,-1.929795,-8.748725,-11.5,25.25,11.875,-57.37951,30.6947,-167.3569,0.8268152,-0.1797911,0.4856966,-0.2194326
64378,-1.443613,-5.114972,-1.506474,0,0,0,-2.370344,-1.862755,-8.724782,-12.875,25.125,11.75,-57.64732,29.98055,-167.9532,0.8285358,-0.1764898,0.486917,-0.2128184
64389,-1.44345,-5.115383,-1.506583,0,0,0,-2.394287,-1.71431,-8.696051,-18.125,26.25,12,-57.91706,29.28315,-168.616,0.8302443,-0.1736155,0.4880792,-0.2057447
64401,-1.443316,-5.115767,-1.506691,0,0,0,-2.576253,-1.556287,-8.629011,-22.75,28.375,11.75,-58.19152,28.5911,-169.3551,0.8319619,-0.1711237,0.489196,-0.1980991
64412,-1.443237,-5.11608,-1.506792,0,0,0,-2.911453,-1.350378,-8.494931,-27.625,32.625,11.5,-58.4687,27.9269,-170.1576,0.8336117,-0.1691338,0.4902676,-0.1900605
64424,-1.443143,-5.116346,-1.506903,0,0,0,-2.959339,-1.446149,-8.370428,-25.75,38.625,11.125,-58.72781,27.20827,-170.8939,0.8352426,-0.1665125,0.4913662,-0.182216
64435,-1.443049,-5.116601,-1.507046,0,0,0,-2.78695,-1.340801,-8.231559,-32.5,47.25,12.5,-59.01239,26.3823,-171.7186,0.8370116,-0.1634607,0.4926107,-0.1732821
64447,-1.443031,-5.116862,-1.507259,0,0,0,-2.68639,-0.7518061,-7.896359,-45.125,57.875,13.25,-59.35416,25.43563,-172.8025,0.839001,-0.1605803,0.4940177,-0.1619808
64458,-1.443059,-5.117103,-1.507556,0,0,0,-2.509213,-0.3639317,-7.427079,-46.5,73.375,7.75,-59.6391,24.30789,-173.9014,0.841379,-0.1565447,0.4951524,-0.1496641
64470,-1.44315,-5.117379,-1.507999,0,0,0,-2.226687,0.1149258,-6.933856,-45.375,91.375,-2.125,-59.82423,22.8566,-175.0642,0.8445631,-0.150541,0.4957262,-0.1352999
64482,-1.443336,-5.117665,-1.50853,0,0,0,-1.886698,0.8619434,-6.330495,-18.375,113,-22.375,-59.76984,21.17161,-175.863,0.8484127,-0.1414978,0.4952096,-0.1222368
64493,-1.44355,-5.117936,-1.509157,0,0,0,-1.604172,1.043909,-5.751078,29.875,137.625,-50.375,-59.34971,19.17871,-175.9437,0.8532531,-0.1273709,0.4929762,-0.1127402
64505,-1.443742,-5.118158,-1.509858,0,0,0,-1.441361,0.7565947,-5.353626,71.75,164.75,-76.5,-58.58161,16.83297,-175.3357,0.8591264,-0.1078545,0.4887671,-0.1066573
64517,-1.4439,-5.118416,-1.510809,0,0,0,-0.967292,0.2873144,-5.114197,97.5,201,-101.875,-57.39415,13.56156,-174.126,0.866986,-0.07900096,0.4815003,-0.1012508
64530,-1.443949,-5.118662,-1.511605,0,0,0,-0.225063,-0.06704004,-5.066312,100.5,233.875,-120.125,-56.17805,10.00572,-172.9651,0.8746814,-0.04801174,0.4728857,-0.09490303
64541,-1.443959,-5.118948,-1.512394,0,0,0,0.483646,-0.1628115,-5.00406,102.75,262.625,-135,-54.90819,5.971066,-171.8634,0.8822395,-0.01343756,0.4625309,-0.08682223
64552,-1.443934,-5.119277,-1.513182,0,0,0,1.192355,-0.2537944,-4.980117,112,293.625,-151.375,-53.5584,1.3742,-170.7286,0.8893285,0.02574052,0.4499125,-0.07753237
64564,-1.443897,-5.119566,-1.513915,0,0,0,1.503612,-0.5028003,-5.047157,113.125,323.875,-163.875,-52.20262,-3.5612,-169.664,0.8951665,0.0674009,0.4354462,-0.0672361
64575,-1.443995,-5.119736,-1.514633,0,0,0,0.9146177,-0.4740689,-5.300952,113.75,359.5,-175.75,-50.81607,-8.794596,-168.7402,0.8994992,0.1108897,0.4189412,-0.05561386
64587,-1.444192,-5.11976,-1.515338,0,0,0,0.4070288,-0.6704004,-5.449398,106.875,395.75,-183.125,-49.48251,-14.21897,-168.0044,0.9017034,0.1551848,0.4012846,-0.04265438
64598,-1.444252,-5.119808,-1.515951,0,0,0,1.762195,-1.259395,-5.530803,72.5,433.5,-183,-48.30393,-20.32238,-167.672,0.9007099,0.2032885,0.3831277,-0.02467307
64610,-1.444093,-5.11997,-1.51635,0,0,0,4.218734,-1.776561,-5.640941,28.75,459.5,-178.75,-47.26204,-26.99969,-167.8964,0.895734,0.2537683,0.3650501,-0.0008657146
64621,-1.443904,-5.120093,-1.516631,0,0,0,5.27222,-1.972893,-5.803752,-12.75,479.5,-174.5,-46.19107,-34.12356,-168.7797,0.8864076,0.3052542,0.3468212,0.02857392
64633,-1.443789,-5.120046,-1.516846,0,0,0,5.420666,-2.274573,-5.894735,-43,495.375,-173.5,-45.04797,-40.91601,-170.1412,0.873763,0.3525052,0.3298393,0.05902868
64644,-1.443693,-5.119832,-1.516957,0,0,0,6.129375,-2.695967,-6.191627,-74.75,511,-173.125,-43.605,-47.91119,-172.2098,0.8567757,0.3991708,0.3130228,0.09281611
64656,-1.443727,-5.119502,-1.51693,0,0,0,7.02005,-2.394287,-6.742312,-101.5,525.875,-168.5,-41.54956,-54.98127,-175.2935,0.8354329,0.4441466,0.2966588,0.1295347
64667,-1.443908,-5.119106,-1.516808,0,0,0,7.867628,-1.819658,-7.106244,-103,535.125,-160,-38.53107,-61.76885,-179.3709,0.8110622,0.4861098,0.2804974,0.1649144
64678,-1.444171,-5.118574,-1.516475,0,0,0,9.553205,-1.685578,-7.431867,-93.375,538.5,-146.625,-33.8444,-68.43011,174.9775,0.7831962,0.5268907,0.2640375,0.1981772
64690,-1.44456,-5.117636,-1.515958,0,0,0,10.82218,-2.197956,-7.795799,-102.125,536.5,-131.125,-25.07719,-75.14975,165.0413,0.7498398,0.5677925,0.2480815,0.2319646
64702,-1.445037,-5.116611,-1.515615,0,0,0,10.8557,-2.145281,-7.800588,-112.625,534,-122,-6.586789,-80.54383,145.3001,0.7159932,0.6029149,0.2342857,0.2625978
64714,-1.445704,-5.11556,-1.515505,0,0,0,10.24276,-1.268972,-7.546793,-82.25,528.875,-122.375,35.68898,-83.04618,102.1597,0.6820949,0.6350874,0.2179392,0.2896776
64725,-1.446602,-5.114347,-1.515613,0,0,0,9.826155,-0.8763091,-7.944245,-18.625,519.75,-126.25,76.70119,-80.61434,61.10531,0.6496513,0.6653498,0.1963493,0.3109818
64738,-1.447767,-5.11251,-1.516004,0,0,0,9.893194,-1.829235,-8.442257,0.875,503.625,-117,96.41406,-75.66321,41.622,0.6144589,0.6956615,0.1728767,0.3295589
64750,-1.448696,-5.110678,-1.516466,0,0,0,10.4343,-3.08863,-8.83492,-84.75,477.75,-83.125,105.5981,-71.12752,31.50439,0.5793863,0.7190747,0.1625396,0.3475975
64761,-1.449796,-5.108826,-1.517058,0,0,0,10.61627,-2.178801,-9.112657,-184.625,442,-41.125,111.2533,-66.96852,23.59835,0.5420319,0.7375422,0.164139,0.3678196
64773,-1.451071,-5.107156,-1.517685,0,0,0,10.91795,-0.4549146,-9.20364,-184.5,402.375,-16.625,114.5784,-63.31524,18.06551,0.508348,0.7518536,0.1676632,0.3849512
64784,-1.452506,-5.105463,-1.518345,0,0,0,11.5261,0.3878745,-9.323354,-99.125,357.375,-11.625,116.5107,-60.14867,14.95803,0.4817941,0.7639747,0.165626,0.3959611
64796,-1.454109,-5.103592,-1.519179,0,0,0,11.54046,0.4022402,-9.3042,17.875,305.375,-19.75,117.5529,-57.49277,14.16151,0.4641587,0.7747734,0.1549826,0.4003291
64807,-1.455494,-5.10198,-1.520101,0,0,0,10.66894,0.1292915,-9.098291,99.5,260.625,-30,118.0129,-55.53842,14.89966,0.4550964,0.7832044,0.1395463,0.4000062
64818,-1.456843,-5.100327,-1.521218,0,0,0,9.90756,-0.5267432,-8.878016,136.125,219,-37.875,118.2172,-54.07737,16.3329,0.4511071,0.7897493,0.1224517,0.3972456
64830,-1.458151,-5.098697,-1.522392,0,0,0,9.668132,-0.8810977,-8.815765,128,188.125,-40.25,118.3105,-53.01933,17.7405,0.4493805,0.7943891,0.1076439,0.3942283
64841,-1.459516,-5.097033,-1.523668,0,0,0,9.433492,-0.9529263,-8.782246,105.375,160,-39.25,118.3111,-52.30757,18.96847,0.4490983,0.7973618,0.09591795,0.391567
64853,-1.460828,-5.095433,-1.524932,0,0,0,9.318565,-1.101372,-8.777456,81.125,137.625,-36,118.2855,-51.9034,19.88768,0.4496629,0.7990481,0.08778927,0.3893822
64864,-1.46214,-5.093832,-1.526215,0,0,0,9.222795,-1.173201,-8.648165,51.125,114.875,-29.625,118.2611,-51.80656,20.4258,0.45086,0.7996122,0.08369182,0.3877384
64876,-1.463412,-5.092273,-1.52745,0,0,0,9.227583,-1.168412,-8.36085,29.125,93.125,-22.5,118.2383,-52.00408,20.67643,0.4529298,0.7992223,0.08293147,0.386291
64887,-1.464689,-5.090725,-1.528633,0,0,0,9.352086,-1.058275,-8.087902,30.25,69,-18.875,118.1036,-52.50542,21.03543,0.4571742,0.7977691,0.08324893,0.3842211
64898,-1.465902,-5.089278,-1.529774,0,0,0,9.021674,-0.9720806,-7.62341,60.625,40.375,-20.375,117.7067,-53.33624,22.00004,0.4652587,0.7950461,0.08194768,0.3804217
64910,-1.46714,-5.087741,-1.531107,0,0,0,8.207617,-1.278549,-7.216382,82.25,16.125,-21,117.0853,-54.53011,23.47042,0.4769594,0.7910297,0.07985216,0.3747072
64922,-1.468161,-5.086356,-1.532285,0,0,0,8.011285,-1.690367,-6.78541,64.625,1.5,-16.25,116.5151,-55.86555,24.60184,0.4882477,0.7866004,0.0807156,0.3692682
64934,-1.469177,-5.085022,-1.533259,0,0,0,8.676897,-1.355167,-6.426267,36.625,-7,-9.25,115.9487,-57.27966,25.38358,0.4986835,0.7817438,0.08448354,0.3647657
64945,-1.470216,-5.083789,-1.534092,0,0,0,8.949845,-0.708709,-5.952198,30.625,-14.25,-4.875,115.2628,-58.74629,26.22956,0.5093364,0.7764254,0.08873519,0.3603694
64958,-1.471404,-5.082378,-1.535084,0,0,0,8.60028,-0.641669,-5.449398,32,-16.125,-2.5,114.4777,-60.38336,27.21695,0.5210791,0.7704831,0.09347593,0.3550982
64970,-1.47227,-5.081319,-1.535897,0,0,0,8.097479,-0.6991318,-4.946597,8.375,-10.75,1.625,113.9229,-61.79541,27.65847,0.5298215,0.7654045,0.09990788,0.3513739
64981,-1.473046,-5.080351,-1.536672,0,0,0,7.85805,-0.6608232,-4.482106,-27.625,-1.875,7.375,113.6402,-63.09035,27.3815,0.5358176,0.7607769,0.1093612,0.3495114
64993,-1.473737,-5.079453,-1.537369,0,0,0,7.891571,-0.675189,-4.175637,-61,7,13.125,113.6799,-64.25366,26.3824,0.5391513,0.756629,0.1214214,0.349407
65004,-1.474401,-5.078578,-1.537997,0,0,0,8.12621,-0.5937832,-3.936208,-88.375,15.125,19.375,114.0472,-65.30799,24.72021,0.5402404,0.7527958,0.1356865,0.3507534
65016,-1.475093,-5.077711,-1.538561,0,0,0,8.451834,-0.292103,-3.624951,-94.375,20.375,23.375,114.6149,-66.26873,22.7543,0.5401962,0.7491248,0.1504166,0.3526685
65027,-1.475735,-5.076952,-1.539032,0,0,0,8.605068,-0.04788574,-3.313694,-69.375,20.875,22,115.1318,-67.11898,21.18876,0.540787,0.7458439,0.1621205,0.3535296
65039,-1.476353,-5.076229,-1.539495,0,0,0,8.523663,-0.004788574,-3.050322,-22.625,19,17.25,115.5152,-67.93151,20.33149,0.5432217,0.7430766,0.1695782,0.352123
65050,-1.476912,-5.075524,-1.539952,0,0,0,8.418314,-0.2537944,-2.949762,11.375,19,13.5,115.8902,-68.70819,19.90188,0.5467919,0.7409281,0.1740777,0.3489146
65061,-1.477474,-5.074797,-1.540403,0,0,0,8.480565,-0.3543545,-2.882722,24.5,21.875,14.25,116.4038,-69.44751,19.50149,0.5504808,0.7392904,0.1775051,0.344837
65073,-1.478007,-5.074109,-1.54083,0,0,0,8.470988,-0.3878745,-2.82047,22.625,26.5,17.625,117.1329,-70.11256,18.86587,0.5534269,0.7381056,0.1810226,0.3408075
65084,-1.478538,-5.073431,-1.541261,0,0,0,8.418314,-0.4261831,-2.767796,9.75,34.125,23,118.2165,-70.6899,17.72029,0.5550104,0.7373642,0.1856551,0.3373273
65096,-1.47906,-5.072778,-1.541661,0,0,0,8.504508,-0.4166059,-2.715122,-5,41.5,28.125,119.6148,-71.16001,16.08003,0.5551707,0.7369871,0.1914149,0.3346581
65107,-1.479598,-5.072123,-1.542036,0,0,0,8.662531,-0.4022402,-2.672024,-16.5,47.625,32,121.2816,-71.53445,14.02327,0.5541752,0.7368779,0.1980973,0.3326537
65119,-1.480132,-5.071496,-1.542391,0,0,0,8.710417,-0.3735088,-2.604985,-20,51.875,33.125,123.0342,-71.81785,11.83514,0.5525841,0.7369562,0.2048121,0.3310566
65130,-1.480734,-5.070816,-1.542779,0,0,0,8.719994,-0.3352002,-2.51879,-18.375,55.875,32.5,124.888,-72.02099,9.53446,0.5505348,0.7372694,0.2114454,0.3296
65142,-1.481291,-5.070205,-1.543111,0,0,0,8.83492,-0.3256231,-2.461327,-16.875,59.125,31.875,126.6347,-72.13461,7.371907,0.548286,0.7377468,0.2173926,0.3284092
65154,-1.481833,-5.069607,-1.543423,0,0,0,8.906748,-0.3926631,-2.394287,-22,62,33,128.4323,-72.1787,5.088151,0.5454811,0.7383023,0.2236704,0.3276152
65165,-1.48239,-5.069033,-1.543705,0,0,0,9.055194,-0.292103,-2.293727,-32.375,65.5,35.375,130.2402,-72.13728,2.658656,0.5418583,0.7388434,0.2306206,0.3275886
65178,-1.483126,-5.068365,-1.544005,0,0,0,9.275469,-0.05267432,-2.126127,-32.625,69.125,36,132.0826,-71.97992,0.1153581,0.5373416,0.7396446,0.2378849,0.3280254
65190,-1.483742,-5.067851,-1.544212,0,0,0,9.4718,0.07182861,-1.929795,-20.375,71.875,33.875,133.4959,-71.75435,-1.779547,0.5334167,0.7407798,0.2428915,0.3282007
65201,-1.484334,-5.067372,-1.544391,0,0,0,9.562783,0.07182861,-1.733464,-6.125,75.375,30.25,134.6409,-71.45308,-3.226244,0.5297412,0.7424055,0.2461416,0.3280588
65213,-1.484899,-5.06692,-1.54455,0,0,0,9.625034,0.02873145,-1.541921,-3.625,79.75,28.25,135.614,-71.07331,-4.474367,0.5257559,0.7443146,0.2487891,0.3281471
65224,0,0,0,0,0,0,9.716018,0.04788574,-1.288126,-13.5,86,27.75,136.4489,-70.5817,-5.716021,0.520738,0.7463582,0.2518477,0.3291718
65237,0,0,0,0,0,0,9.859674,0.2777373,-0.9720806,-22.375,93.625,26.5,137.0686,-69.89362,-6.913748,0.5140269,0.748801,0.2552334,0.331556
65248,0,0,0,0,0,0,9.90756,0.4166059,-0.6799775,-21.375,102.875,22.25,137.284,-69.13531,-7.650689,0.5072279,0.7514098,0.2573402,0.3344836
65260,0,0,0,0,0,0,9.965023,0.3447773,-0.3735088,-27.375,113.375,19.125,137.2994,-68.21497,-8.284553,0.4991255,0.7544031,0.2593212,0.3383819
65271,0,0,0,0,0,0,10.09431,0.3735088,-0.06704004,-46.375,125.25,19,137.1799,-67.12648,-9.033606,0.4891524,0.7574708,0.2622813,0.343768
65282,0,0,0,0,0,0,10.30022,0.3830859,0.3735088,-61.875,136.875,18.25,136.9005,-65.85305,-9.838449,0.4772674,0.7606993,0.2658659,0.3505251
65294,0,0,0,0,0,0,10.38163,0.4932232,0.900252,-52.5,144.875,11.75,136.2844,-64.45753,-10.20507,0.4649906,0.7643425,0.26759,0.3577147
65305,-0.0005286196,0.0001958789,3.682991E-05,-0.04011076,0.01486296,0.002794591,10.26191,0.6464576,1.465304,-13.625,150.625,-0.375,135.2314,-62.95738,-9.667253,0.4537519,0.769013,0.2645958,0.3643038
65319,-0.001725581,0.0006582564,0.0001545075,-0.08107298,0.0313179,0.007970574,10.23318,0.4980117,1.996835,29.875,152.75,-10.875,133.876,-61.21941,-8.284376,0.4429176,0.7753974,0.2561399,0.3701017
65330,-0.003162727,0.001248426,0.0003449664,-0.110219,0.04526186,0.01460687,10.10389,0.1436572,2.662447,39.75,151.75,-12.625,132.8691,-59.634,-7.134024,0.4333006,0.7813535,0.2478841,0.3745542
65342,-0.004963034,0.001991649,0.0006890953,-0.1376697,0.0568344,0.02631558,10.22839,0.1867544,3.352002,42.875,150,-12.25,131.984,-58.01223,-6.054409,0.4235439,0.7873743,0.2392047,0.3787261
65354,-0.007475019,0.003106082,0.001386059,-0.1711861,0.07594611,0.04749653,10.8126,0.1723887,3.605796,73.125,150.375,-18,130.9947,-56.22101,-4.422366,0.4143073,0.7944686,0.2262337,0.3820831
65366,-0.0101725,0.004461705,0.002331614,-0.2034304,0.102234,0.07130876,11.34413,-0.004788574,3.605796,96.125,157.625,-22.875,130.1738,-54.56319,-2.737372,0.4066514,0.8012212,0.212281,0.3842084
65378,-0.01325025,0.00624284,0.003613796,-0.2369869,0.1371476,0.09872814,11.86609,-0.2202744,3.624951,87.625,171.125,-19.5,129.6131,-52.80833,-1.429533,0.3976109,0.808054,0.199394,0.3862595
65389,-0.01679616,0.008547463,0.005288037,-0.272867,0.1773469,0.1288373,12.16298,-0.2825259,3.830859,55,189.375,-10.5,129.3432,-50.83881,-0.7947639,0.3852892,0.8150735,0.1892896,0.3890719
65400,-0.02082137,0.01136338,0.007378913,-0.3122496,0.2184405,0.1621966,12.37846,-0.1053486,4.290563,23.375,212.125,-2.75,129.2431,-48.59817,-0.6971326,0.3694054,0.8223677,0.181373,0.3928803
65412,-0.02548423,0.01480012,0.009987855,-0.3561608,0.2625066,0.1992776,12.57959,0.01436572,4.76942,14.25,233,-1.625,129.1516,-46.06398,-0.7189485,0.3508688,0.8300903,0.1731794,0.3973036
65423,-0.03076762,0.01882529,0.01309283,-0.4063838,0.3096052,0.2388258,12.85732,0.292103,5.166872,30.625,254.125,-7.75,128.927,-43.30774,-0.4153101,0.3314971,0.8380528,0.1621084,0.4018681
65435,-0.03678543,0.0235973,0.01670239,-0.4618426,0.366232,0.2770194,13.12069,0.258583,5.20518,64.25,272.375,-18.5,128.5721,-40.37833,0.4017799,0.3123698,0.8461341,0.1467746,0.4061274
65446,-0.04347954,0.02919345,0.02068979,-0.5198902,0.4346186,0.3096765,13.30745,0,5.042369,89,294.375,-27.875,128.191,-37.28281,1.507598,0.2929484,0.8540956,0.1284185,0.4101348
65458,-0.05111952,0.0359653,0.02507774,-0.5819608,0.5158332,0.3342435,13.30266,-0.2490059,4.817306,90.625,317.125,-29.25,127.9249,-33.91244,2.538644,0.2712781,0.8620716,0.1089488,0.4139698
65469,-0.05951896,0.04382598,0.02960681,-0.6478049,0.6062534,0.3493037,13.34097,-0.4070288,4.616186,71.75,343.25,-23.25,127.8718,-30.33624,3.165513,0.2466664,0.8698527,0.09097259,0.417416
65481,-0.0688668,0.05302574,0.03420468,-0.7193411,0.7079463,0.3538188,13.47984,-0.6273032,4.352814,42.25,365.75,-13.625,128.03,-26.5629,3.28159,0.2186355,0.8773892,0.07556341,0.4203294
65492,-0.0791916,0.06362061,0.03870596,-0.7964822,0.8173162,0.34724,13.51815,-0.7518061,4.185214,10.875,384.375,-1.75,128.3599,-22.64888,2.913952,0.1875622,0.8845304,0.06305579,0.4224339
65504,-0.09074344,0.07579431,0.04302913,-0.8816857,0.9291482,0.3299627,13.3266,-0.5028003,4.209157,-7.125,396.875,8.375,128.7725,-18.59629,2.322955,0.1543118,0.8911138,0.05179552,0.4235817
65515,-0.1033281,0.0892807,0.04695695,-0.9707397,1.040295,0.302979,13.05844,-0.3352002,4.314506,6.375,399.5,9.625,129.1306,-14.60345,1.972676,0.122092,0.896559,0.03915719,0.4239601
65527,-0.1180119,0.1052105,0.05054211,-1.069232,1.159967,0.2610623,12.83338,-0.2202744,4.228311,48.5,395.125,1.375,129.3662,-10.49302,2.25144,0.09100874,0.9007638,0.02140992,0.424127
65539,-0.1334015,0.1221083,0.05322813,-1.163849,1.27791,0.2031322,12.51733,-0.3495659,3.744665,93,388.25,-10,129.4799,-6.696371,3.12364,0.06441027,0.9031807,0.0003058497,0.4244008
65550,-0.1497544,0.1402936,0.05491525,-1.254637,1.39522,0.1294402,12.12946,-0.5506861,3.280173,103.5,382.25,-12.375,129.6352,-3.089275,4.093572,0.03956974,0.9044615,-0.02084694,0.424204
65562,-0.1673451,0.1600562,0.05548547,-1.344134,1.510093,0.04357121,11.66018,-0.5363203,3.112573,88,375.5,-7.125,129.9254,0.4025123,4.863525,0.01477676,0.905148,-0.0399275,0.4229592
65574,-0.1885079,0.1840124,0.05456049,-1.442885,1.633336,-0.06306538,11.12865,-0.4357603,3.126939,64.375,364.375,-1.375,130.3801,4.118284,5.409079,-0.01279174,0.9053968,-0.05786316,0.4204105
65586,-0.2088004,0.2070202,0.0523577,-1.534295,1.739592,-0.1665501,10.84612,-0.1197144,3.136516,53.25,351,-1.75,130.8081,7.268761,5.816261,-0.0364894,0.9049296,-0.07238824,0.4177689
65598,-0.2300462,0.230993,0.04878836,-1.628649,1.837701,-0.2736176,10.56838,0.4453374,3.213133,70.125,334.625,-10.5,131.1419,10.16036,6.517231,-0.05707592,0.9033495,-0.08811267,0.4158584
65609,-0.2524205,0.2560715,0.04383687,-1.72084,1.928817,-0.3808248,9.950658,0.7709605,3.505236,116.75,311.5,-29.875,131.2614,12.76872,7.830752,-0.07305415,0.90001,-0.1075885,0.4160165
65621,-0.2756157,0.2819985,0.03756687,-1.802828,2.015159,-0.4873309,9.131811,0.5698403,3.725511,142.75,290.5,-48.625,131.1869,15.11388,9.381308,-0.08586093,0.89526,-0.127981,0.4180412
65632,-0.3002649,0.3094929,0.02972511,-1.882624,2.099929,-0.598928,8.710417,0.6512461,3.715934,144.25,272.5,-62.625,130.9877,17.29519,10.93872,-0.09710354,0.8895328,-0.147824,0.4212485
65644,-0.3257926,0.3378847,0.02044788,-1.961102,2.181133,-0.7127013,8.437468,0.9098291,3.682414,148.125,254.75,-75.75,130.6748,19.2709,12.51898,-0.1063496,0.8830038,-0.1671144,0.4255194
65655,-0.3522477,0.3672983,0.009645831,-2.034851,2.262414,-0.8308627,8.231559,0.7613833,3.577065,145.25,241,-85.625,130.2694,21.0999,13.98318,-0.1145666,0.8759578,-0.1849883,0.4305249
65666,-0.3794,0.3975034,-0.00264755,-2.106626,2.343474,-0.9537886,8.260291,0.7613833,3.385522,133.375,228,-93.25,129.7985,22.77898,15.23722,-0.122116,0.8687875,-0.2007265,0.4358955
65678,-0.4084955,0.4299583,-0.01716681,-2.177317,2.428718,-1.086527,8.22677,0.6033604,3.256231,126.875,216,-99.5,129.2305,24.39669,16.37477,-0.1292778,0.8611513,-0.2154147,0.4419301
65689,-0.436987,0.4619391,-0.03267786,-2.23498,2.508691,-1.216744,7.762279,0.1340801,3.098207,104.25,204.75,-100.625,128.6406,25.82096,17.06105,-0.1364778,0.8543676,-0.226055,0.4475813
65701,-0.4667577,0.495595,-0.05024572,-2.287943,2.586523,-1.350127,7.259479,0.02873145,3.050322,65.375,197.25,-95.75,128.0803,27.17013,17.2344,-0.145052,0.848675,-0.232605,0.4523337
65712,-0.497619,0.5306702,-0.0697753,-2.343123,2.663066,-1.482771,7.063147,0.3687202,3.241865,46,186.25,-90.75,127.5573,28.37191,17.20868,-0.1532881,0.8437486,-0.2371845,0.4564369
65724,-0.5284061,0.565836,-0.09045622,-2.396071,2.736852,-1.609536,6.828507,0.5219546,3.462139,68.875,169.5,-91.875,126.9599,29.34155,17.44057,-0.1585071,0.8384547,-0.2430133,0.4613175
65735,-0.5599424,0.602164,-0.1128951,-2.438814,2.809373,-1.735279,6.205992,0.06704004,3.529179,94.125,150.875,-93.75,126.195,30.10831,17.82084,-0.1611494,0.8325769,-0.2494906,0.467548
65747,-0.5960385,0.6442364,-0.1402351,-2.476578,2.886611,-1.87581,5.569112,-0.2633716,3.433408,84.875,132.875,-85.875,125.3167,30.70738,18.01299,-0.1629621,0.8269815,-0.2542059,0.4742617
65759,-0.6270744,0.6807834,-0.1649293,-2.50613,2.951146,-1.994045,5.353626,-0.3064688,3.466928,62.875,119.375,-72.25,124.6843,31.00971,17.94065,-0.1641349,0.8237146,-0.2556501,0.4787453
65770,-0.6601634,0.7201719,-0.1925255,-2.535171,3.017814,-2.114326,5.03758,-0.2777373,3.668048,44.125,104.625,-56,124.1696,31.0839,17.68412,-0.1646217,0.8219315,-0.25481,0.482079
65782,-0.6940657,0.7609498,-0.2220027,-2.564471,3.084559,-2.229743,4.759843,-0.1101372,4.008037,43.25,89.5,-44.125,123.7541,30.92636,17.48204,-0.1633707,0.8210425,-0.2533906,0.4847603
65794,-0.7318293,0.8069148,-0.2561815,-2.595259,3.15889,-2.348896,4.520414,-0.05267432,4.439008,57,68.5,-33.25,123.3559,30.43836,17.48306,-0.1588304,0.820627,-0.252189,0.487591
65806,-0.7664855,0.8495647,-0.2885764,-2.622692,3.227633,-2.451564,4.419854,0.01436572,4.778997,68.375,49.25,-23.375,123.0534,29.7344,17.66566,-0.1521135,0.8207529,-0.251333,0.4899572
65818,-0.8015236,0.8931207,-0.3222344,-2.651184,3.2957,-2.54676,4.223523,0.3064688,5.147717,87.875,32.875,-17.25,122.7939,28.8281,18.16534,-0.1426129,0.8208472,-0.2519082,0.4923554
65829,-0.8359197,0.9363031,-0.3560395,-2.678621,3.362858,-2.632592,4.127751,0.4884346,5.54038,117.25,17.375,-13.25,122.5399,27.77734,19.03929,-0.1304137,0.8204523,-0.2545782,0.4950154
65841,-0.8707269,0.9804776,-0.3909855,-2.703889,3.431561,-2.714674,4.103808,0.4884346,5.770232,132.25,5.75,-8,122.2974,26.58988,20.09284,-0.1164104,0.8199733,-0.2579627,0.4975416
65852,-0.9069988,1.027052,-0.4281686,-2.727618,3.50237,-2.796143,4.036768,0.5028003,5.885158,125.375,-3.25,1.25,122.1278,25.23795,21.10472,-0.1014934,0.8202192,-0.2603139,0.4991757
65864,-0.9422131,1.072739,-0.4648973,-2.752196,3.570645,-2.870551,4.122962,0.7709605,6.038392,105.25,-7.75,11.25,122.0963,23.8523,21.9006,-0.08756389,0.8215487,-0.2608429,0.4993509
65875,-0.9783864,1.120108,-0.5031512,-2.780849,3.641586,-2.940798,4.343237,1.139681,6.306552,89.125,-10.625,18.875,122.1756,22.3832,22.5832,-0.07374667,0.8237203,-0.2601589,0.4983609
65886,-1.014652,1.167997,-0.5418969,-2.812588,3.714066,-3.004942,4.611397,1.465304,6.598655,81.5,-13.25,21.125,122.2864,20.89711,23.20028,-0.06015294,0.8261139,-0.2589287,0.4968635
65898,-1.052132,1.217875,-0.5822588,-2.846962,3.788685,-3.065841,4.778997,1.71431,6.771044,78.125,-14,20.125,122.393,19.39257,23.80041,-0.04648241,0.8284618,-0.2575183,0.4951512
65909,-1.089505,1.267956,-0.6227369,-2.883059,3.863384,-3.122591,5.03758,1.920218,6.871604,71.75,-12.5,18.375,122.4932,17.94474,24.32062,-0.03357019,0.8307368,-0.2557536,0.4932945
65921,-1.127475,1.319145,-0.6640281,-2.921182,3.938215,-3.176735,5.219546,2.126127,6.895547,67.875,-10.625,15.875,122.5823,16.53792,24.80596,-0.02109483,0.8328583,-0.2538973,0.4913636
65932,-1.165803,1.371102,-0.7058505,-2.957904,4.009644,-3.227534,5.066312,2.231476,6.905124,63.125,-7.5,13.5,122.6634,15.22064,25.22708,-0.00955604,0.8348194,-0.2519168,0.489411
65944,-1.204726,1.424135,-0.7484277,-2.99288,4.077888,-3.273909,4.841249,2.327247,7.039204,43.625,-4,15.125,122.7883,13.98149,25.40065,0.0002403879,0.8372756,-0.2484268,0.487087
65955,-1.244092,1.478007,-0.7915385,-3.028605,4.144635,-3.316728,4.86998,2.456539,7.139764,18.875,-1.25,17.625,122.9671,12.78798,25.27193,0.008302879,0.8404344,-0.2428997,0.4843563
65967,-1.286258,1.535893,-0.83771,-3.069324,4.213542,-3.360855,5.028003,2.633716,7.029627,15.5,-0.25,14.25,123.131,11.56186,25.11846,0.0165581,0.8435261,-0.2370567,0.4816573
65979,-1.32736,1.592484,-0.8827556,-3.107642,4.278795,-3.405837,5.10462,2.48527,6.761467,27.25,0.75,6.5,123.1996,10.4319,25.10299,0.02487639,0.8456724,-0.2325765,0.479716
65990,-1.368358,1.649122,-0.927834,-3.142401,4.341037,-3.455084,5.03758,2.164436,6.349649,26.625,3.375,2.75,123.2347,9.36125,25.0469,0.03264827,0.8475844,-0.2280042,0.4780679
66002,-1.409991,1.706827,-0.9738233,-3.174659,4.400303,-3.506882,4.865191,1.968104,6.091066,13,5.125,5.375,123.3125,8.304788,24.80025,0.03943923,0.8499451,-0.2220728,0.476153
66014,-1.456966,1.772149,-1.026034,-3.20846,4.461586,-3.566087,4.649705,1.84839,5.870792,-5.5,3.125,11.625,123.476,7.086039,24.25753,0.04608139,0.8533365,-0.2133173,0.4734861
66027,-1.499879,1.831927,-1.074013,-3.239913,4.513223,-3.622424,4.597031,1.853178,5.502072,-4,-5.125,14.875,123.6255,5.865189,23.82009,0.05323188,0.8563175,-0.205309,0.4708875
66038,-1.542907,1.891914,-1.122457,-3.271602,4.561059,-3.683354,4.5683,1.786138,4.975329,14.5,-19,15.125,123.707,4.462242,23.65438,0.06301413,0.8586071,-0.1985606,0.4683982
66049,-1.585309,1.95108,-1.170644,-3.300319,4.605096,-3.75054,4.472528,1.465304,4.309717,31.125,-34.5,16.125,123.7179,2.865217,23.6893,0.07520249,0.8603237,-0.1924789,0.4659824
66061,-1.628261,2.011051,-1.220003,-3.327782,4.646399,-3.824238,4.376757,1.245029,3.715934,27.375,-50.625,21.125,123.7071,1.009854,23.67559,0.08916188,0.8621059,-0.1849443,0.4632701
66073,-1.672704,2.073097,-1.27169,-3.355931,4.685178,-3.902967,4.290563,1.206721,3.294539,8.875,-69.125,30.625,123.7208,-1.180671,23.44828,0.1047241,0.8643458,-0.1744145,0.4599117
66084,-1.716315,2.133908,-1.322922,-3.385438,4.720569,-3.977043,4.386334,1.412629,3.222711,-3.375,-89.875,38.75,123.7309,-3.571551,23.13053,0.1214136,0.866465,-0.1623133,0.4562361
66095,-1.760707,2.195699,-1.37552,-3.416112,4.755033,-4.047509,4.544357,1.556287,3.289751,3.375,-118.375,41.625,123.6325,-6.29881,22.93846,0.1412303,0.8676913,-0.1495717,0.4525419
66107,-1.805092,2.257339,-1.428493,-3.448138,4.788654,-4.115402,4.788574,1.661635,3.131728,24.375,-146.75,38.75,123.3469,-9.312648,23.09002,0.1646635,0.8673109,-0.1378516,0.44906
66118,-1.850831,2.320692,-1.483437,-3.483883,4.825417,-4.184923,5.262643,1.666424,2.715122,51.625,-176.25,33.875,122.8084,-12.75584,23.70118,0.1931394,0.8649046,-0.1271584,0.4454974
66130,-1.896452,2.383749,-1.538597,-3.519829,4.865126,-4.255818,5.640941,1.422207,2.178801,58.375,-199.25,32.875,122.0972,-16.46474,24.45762,0.2239279,0.861045,-0.1156958,0.4416699
66141,-1.942837,2.447736,-1.595056,-3.555243,4.904387,-4.327383,5.722346,1.326435,1.795715,44.125,-219.25,37.125,121.2625,-20.44717,25.1251,0.2559531,0.8560449,-0.1015801,0.4374435
66152,-1.989176,2.511547,-1.651855,-3.586862,4.939342,-4.396528,5.554746,1.278549,1.666424,18,-241.75,44.75,120.3422,-24.63357,25.53763,0.2878852,0.8500385,-0.08384081,0.4330444
66164,-2.0364,2.576479,-1.710115,-3.617012,4.97334,-4.462326,5.707981,1.245029,1.58023,-10.625,-266.125,55.25,119.3435,-29.15618,25.66929,0.3203835,0.8427199,-0.06164403,0.4282261
66175,-2.083861,2.641645,-1.768867,-3.649725,5.01122,-4.518,6.579501,1.321646,1.460515,-24.875,-301.625,65.625,118.1851,-34.10377,25.77983,0.3548048,0.83321,-0.03616004,0.4225721
66187,-2.134318,2.710957,-1.831558,-3.679809,5.054834,-4.571997,7.015261,0.8667319,1.177989,-25.5,-339.875,71.375,116.702,-39.81499,26.07653,0.3936924,0.8200816,-0.006513061,0.4152471
66199,-2.183407,2.778525,-1.892818,-3.703398,5.097561,-4.621651,7.163707,0.4261831,0.8284234,-34.875,-384.25,76.25,114.8582,-45.85426,26.58725,0.4335039,0.8035767,0.02562794,0.4070406
66211,-2.232376,2.846127,-1.954006,-3.725329,5.142798,-4.654819,8.284233,0.3591431,0.6656118,-37.875,-423.875,80.125,112.4083,-52.23429,27.66258,0.4746146,0.7830744,0.05937628,0.3975047
66222,-2.281003,2.913501,-2.014589,-3.744528,5.188179,-4.665261,9.778269,0.4309717,0.5411089,-6.375,-474.125,82.5,108.7384,-58.96068,30.34591,0.518783,0.7579235,0.09150819,0.3847628
66235,-2.335953,2.990008,-2.082554,-3.757313,5.231234,-4.647162,11.37765,0.6464576,0.5075889,80.25,-530.375,81.625,101.1866,-66.81351,37.96724,0.5746604,0.7236201,0.1206912,0.3627301
66247,-2.38592,3.059984,-2.1438,-3.756577,5.260984,-4.604634,13.03929,0.7565947,0.3304116,211.75,-585.5,79.5,86.45867,-73.52048,54.40167,0.631401,0.6873637,0.1370043,0.3318037
66258,-2.434907,3.129176,-2.20321,-3.740676,5.283412,-4.536541,14.95951,0.5698403,-0.3926631,338.875,-630.375,83.875,55.386,-77.68288,88.73521,0.6906133,0.6470799,0.1438711,0.2892092
66270,-2.482714,3.197485,-2.260742,-3.706796,5.296546,-4.460834,15.66821,0.009577149,-1.192355,390.5,-653.375,100.5,16.81797,-76.21017,131.1602,0.7460923,0.6034319,0.1476039,0.2396441
66281,-2.529757,3.2657,-2.317308,-3.65383,5.298208,-4.39347,15.24203,-0.6847661,-1.585018,341.375,-656.375,130.125,-6.026556,-70.50256,157.2518,0.7934999,0.5565799,0.1557526,0.1905725
66293,-2.577002,3.335323,-2.374508,-3.583221,5.28052,-4.338261,14.61952,-0.7518061,-1.618538,212.375,-644.375,165.5,-17.79064,-63.29037,170.6606,0.8316776,0.5059099,0.1734007,0.1493312
66304,-2.622125,3.402811,-2.429624,-3.496271,5.229139,-4.270605,16.41523,0.3447773,-2.092607,134,-630.375,185.125,-24.18563,-55.93493,177.6414,0.8614103,0.4546581,0.1944283,0.1160006
66315,-2.666311,3.469829,-2.484526,-3.389049,5.140241,-4.210903,17.26281,1.455727,-1.867544,157.125,-628,194.25,-28.18848,-48.4507,-177.4871,0.8864645,0.402748,0.2132932,0.0805034
66328,-2.711875,3.54028,-2.543089,-3.265551,5.049132,-4.197193,14.85895,0.2777373,-1.163624,136.25,-621.25,209.5,-31.34937,-40.56247,-173.6886,0.9069054,0.3471826,0.2346684,0.04379177
66339,-2.75284,3.60491,-2.597987,-3.150178,4.97006,-4.221576,12.84296,-0.5363203,-0.6129375,7.625,-601.375,227.25,-33.89197,-33.52932,-172.2935,0.9195023,0.294048,0.2599091,0.02233095
66351,-2.792368,3.66853,-2.653625,-3.031496,4.879159,-4.267045,12.56043,-0.3447773,-0.3591431,-140.75,-573.5,232.5,-36.29212,-26.95644,-173.1691,0.9267772,0.2391336,0.28913,0.01740708
66362,-2.830804,3.731391,-2.710749,-2.912046,4.762618,-4.327888,13.07281,0.7230747,-0.3352002,-235.625,-542,217,-38.57937,-20.90113,-175.7111,0.9297956,0.1832403,0.3182309,0.02514593
66374,-2.866445,3.790225,-2.766654,-2.805082,4.630397,-4.399917,13.24998,1.920218,-0.3782974,-214.5,-515.875,185,-40.58149,-15.57554,-178.2793,0.929895,0.1322403,0.3416386,0.03303133
66385,-2.902028,3.849441,-2.825795,-2.697695,4.489458,-4.483764,13.08239,1.925007,-0.7949033,-137.5,-488.375,146.125,-42.38966,-10.53045,179.8181,0.9283686,0.08498738,0.3601502,0.03465056
66396,-2.935469,3.905654,-2.884782,-2.593315,4.359297,-4.574376,12.51733,1.201932,-1.149258,-78.25,-452.875,119.375,-43.98916,-6.133464,178.6256,0.9255846,0.04511644,0.3745506,0.03113951
66408,-2.970549,3.965154,-2.950823,-2.493285,4.228851,-4.693801,11.09992,0.9864463,-0.6273032,-64.75,-414.75,101.25,-45.59285,-1.94166,177.3852,0.9213653,0.006776653,0.387658,0.02759433
66420,-3.00161,4.018185,-3.012867,-2.410636,4.115648,-4.815225,10.25713,0.8763091,-0.2873144,-90.25,-374.625,92.5,-47.04905,1.332792,175.8291,0.916389,-0.02518051,0.3984622,0.02872389
66432,-3.031979,4.070323,-3.077368,-2.325842,3.993139,-4.939951,10.75514,0.9960235,-0.6512461,-125.125,-336.75,86.25,-48.55335,4.11406,173.7121,0.9104216,-0.05520534,0.4084654,0.03522708
66443,-3.061381,4.120894,-3.143732,-2.244594,3.860718,-5.066278,11.11428,1.489247,-0.9146177,-127.875,-296.25,73.25,-50.00074,6.342934,171.4396,0.9041383,-0.08149464,0.4170578,0.0442214
66455,-3.090842,4.171489,-3.2144,-2.168706,3.724302,-5.201905,10.71683,1.685578,-0.775749,-100.625,-256.25,55.875,-51.34148,8.102013,169.3909,0.8980255,-0.1033481,0.4243795,0.05264451
66467,-3.118642,4.219144,-3.285094,-2.099015,3.598208,-5.337817,10.16136,1.412629,-0.6464576,-74.75,-218.375,40.125,-52.45802,9.321241,167.761,0.8928022,-0.1194301,0.4302187,0.05960375
66478,-3.145198,4.264431,-3.35641,-2.036947,3.473766,-5.470337,9.874041,1.723887,-0.7230747,-45.5,-176.875,24,-53.31413,10.01868,166.5185,0.8887384,-0.1299575,0.4346866,0.06559557
66490,-3.170984,4.308107,-3.42941,-1.977498,3.349383,-5.598155,9.696863,1.877121,-1.063064,-1.75,-140.75,10.125,-53.92759,10.28784,165.8729,0.8859654,-0.1348383,0.4383471,0.06881628
66501,-3.195664,4.349698,-3.502944,-1.918057,3.232335,-5.714941,9.265891,1.676001,-1.757407,38.375,-100.875,-1.625,-54.26698,10.08338,165.8482,0.8846886,-0.1335759,0.4412065,0.06942907
66513,-3.220119,4.390765,-3.579704,-1.855356,3.115651,-5.82351,9.036039,1.561075,-2.523579,73.875,-65,-10.25,-54.37971,9.449064,166.3786,0.8846827,-0.126751,0.4434861,0.06775644
66524,-3.243214,4.429615,-3.656293,-1.785671,3.003953,-5.922012,9.184485,1.019966,-3.150882,88.125,-30.625,-15.125,-54.30043,8.414871,167.2146,0.885625,-0.1155491,0.4449965,0.06553598
66536,-3.265322,4.467165,-3.734445,-1.701835,2.890421,-6.015798,9.912349,0.2777373,-3.581854,63.75,-5.375,-12.625,-54.15635,7.053303,167.855,0.8866758,-0.1025263,0.4460004,0.06616858
66547,-3.28605,4.50288,-3.813179,-1.607305,2.76944,-6.10536,11.00893,-0.0191543,-3.749454,17.5,8.625,-2.75,-54.09097,5.499325,167.9118,0.886972,-0.09031049,0.4471507,0.0719799
66559,-3.306201,4.538146,-3.895909,-1.508183,2.639519,-6.191857,11.40638,0.158023,-3.893111,-18.25,10.25,9.125,-54.17225,3.842926,167.457,0.8861651,-0.07938563,0.4490888,0.08202846
66570,-3.324335,4.570261,-3.975844,-1.421823,2.518021,-6.267463,10.94189,0.6033604,-4.022402,-5.375,5.625,11.75,-54.3014,2.331528,167.1422,0.8850704,-0.06907427,0.4513419,0.09038555
66581,-3.341748,4.60149,-4.058301,-1.338419,2.400339,-6.337978,10.42951,0.6273032,-4.247466,39.625,-0.875,7.125,-54.40083,0.9138058,167.4187,0.884429,-0.05713421,0.4535604,0.09382881
66593,-3.358219,4.631621,-4.142613,-1.251141,2.288736,-6.40424,10.19487,0.1005601,-4.50126,55.75,-4.5,5.625,-54.49578,-0.4416299,167.988,0.8839629,-0.04449731,0.4556832,0.09477611
66604,-3.373186,4.659709,-4.225681,-1.164816,2.186068,-6.464916,9.955446,-0.2729487,-4.664072,24.25,-3.875,11.5,-54.65924,-1.759768,168.1916,0.8828381,-0.03365104,0.4580229,0.09838563
66616,-3.387213,4.686693,-4.310081,-1.083849,2.084955,-6.521461,9.663342,0.004788574,-4.750266,-3.125,-0.375,16,-54.87007,-3.116713,168.0145,0.8810489,-0.02408028,0.4605751,0.1050881
66628,-3.40181,4.715561,-4.406294,-0.9981349,1.974062,-6.579093,9.40476,0.2106973,-4.908288,2.375,4.625,15.25,-55.08538,-4.680638,167.8771,0.8789801,-0.01278294,0.4632638,0.1123265
66639,-3.413218,4.73881,-4.487995,-0.924908,1.884776,-6.623451,9.308989,-0.04309717,-5.114197,13.375,8.25,14.875,-55.26171,-6.00739,167.9408,0.8772895,-0.002481229,0.4654504,0.1171019
66651,-3.424266,4.762207,-4.574882,-0.847526,1.794913,-6.665711,9.189274,-0.2442173,-5.315318,14.125,11.5,17.25,-55.47806,-7.419447,168.0583,0.8752981,0.008639809,0.467907,0.1218269
66663,-3.434479,4.784806,-4.663514,-0.7726266,1.709649,-6.704881,8.839708,-0.292103,-5.449398,11.5,15.125,20.5,-55.73746,-8.858997,168.1667,0.8729637,0.01986994,0.4706064,0.126764
66675,-3.444582,4.808362,-4.761438,-0.6957314,1.622209,-6.74366,8.475777,-0.2490059,-5.583477,9.75,20,23,-56.05135,-10.45764,168.2731,0.8700902,0.03222523,0.4736822,0.1323998
66687,-3.452901,4.828897,-4.851331,-0.6269706,1.547701,-6.775139,8.274656,-0.3926631,-5.770232,4.25,25.125,26,-56.37607,-11.93672,168.3375,0.8670982,0.04344157,0.4766865,0.1379261
66699,-3.460278,4.848413,-4.941115,-0.5589733,1.478694,-6.802862,8.140576,-0.5794175,-5.942621,-19.625,31.25,33.375,-56.79159,-13.4564,168.1449,0.8632004,0.05373924,0.4804028,0.1456381
66710,-3.466592,4.86654,-5.028841,0,0,0,8.466199,-0.6320918,-5.985718,-52.875,34.625,44.375,-57.33314,-14.99939,167.5768,0.8580384,0.06238889,0.4852071,0.156371
66721,-3.465693,4.865643,-5.029126,0,0,0,8.806189,-0.7278633,-5.856426,-94,33.625,58.625,-58.06572,-16.58236,166.555,0.8510621,0.06899945,0.4916964,0.170784
66733,-3.464784,4.864702,-5.029448,0,0,0,8.667319,-0.5602632,-5.602632,-122.875,30.5,68.25,-58.95806,-18.21002,165.1621,0.842316,0.07386228,0.4996245,0.1882116
66744,-3.464064,4.863834,-5.029767,0,0,0,8.36564,0.02394287,-5.267432,-120.375,26.625,69.875,-59.83114,-19.73161,163.8159,0.8334123,0.07786894,0.5073609,0.2048055
66756,-3.463414,4.862944,-5.030101,0,0,0,8.193251,0.4309717,-5.018426,-85.875,24.375,63.75,-60.63178,-21.21868,162.8446,0.8251466,0.08315809,0.514294,0.2184482
66767,-3.462806,4.862103,-5.030442,0,0,0,8.016073,0.4213945,-4.865191,-50.5,24.75,55.125,-61.3235,-22.65163,162.3256,0.8180431,0.09010659,0.5200543,0.2285385
66779,-3.462204,4.861269,-5.030819,0,0,0,7.795799,0.3782974,-4.683226,-32.875,29.625,49.375,-61.94333,-24.13363,162.0179,0.8113614,0.09839652,0.5250725,0.2372966
66790,-3.461662,4.860469,-5.031186,0,0,0,7.762279,0.4980117,-4.496471,-24.625,38.75,43.125,-62.42692,-25.66638,161.7618,0.8050972,0.1074788,0.5290032,0.2458099
66802,-3.461153,4.859676,-5.031567,0,0,0,7.704816,0.5698403,-4.257042,-15.75,52.5,35.875,-62.7489,-27.33742,161.5412,0.7991303,0.1180059,0.5316938,0.2544939
66813,-3.460687,4.858949,-5.031954,0,0,0,7.436656,0.5985718,-4.156483,-13.25,70.125,28,-62.88031,-29.14394,161.2686,0.7933767,0.129643,0.5330318,0.2638623
66824,-3.460258,4.858293,-5.03232,0,0,0,7.211593,0.675189,-4.271408,-11.5,93.875,19,-62.76763,-31.13877,160.896,0.7877758,0.1427135,0.5327278,0.2743054
66836,-3.459808,4.857707,-5.032634,0,0,0,7.283422,0.4980117,-4.491683,-14.125,115.625,13.25,-62.47879,-33.31275,160.4275,0.7819464,0.1570538,0.5312802,0.2857187
66848,-3.459224,4.857086,-5.032901,0,0,0,7.786222,0.1292915,-4.630551,-36.125,133.625,15.125,-62.12024,-35.82505,159.6414,0.7742292,0.1725597,0.5297633,0.3002386
66860,-3.458621,4.856515,-5.033063,0,0,0,8.36085,-0.05267432,-4.711957,-61.375,140.75,21.5,-61.81262,-38.34969,158.5734,0.7649197,0.1867177,0.5290712,0.3164142
66871,-3.458056,4.856008,-5.033188,0,0,0,8.451834,0.004788574,-4.692803,-57.125,138,21.625,-61.48976,-40.74395,157.5494,0.7556385,0.2001705,0.5283148,0.3313998
66883,-3.45752,4.855588,-5.033306,0,0,0,8.22677,0.04788574,-4.798151,-24.625,129.875,15.375,-61.10145,-42.93221,156.8988,0.7479666,0.2140482,0.5265656,0.3427215
66895,-3.456905,4.855193,-5.033402,0,0,0,8.135788,0.1005601,-5.080678,25.625,118.125,4.5,-60.56287,-45.03306,156.8272,0.7426903,0.2304059,0.5227362,0.3493868
66907,-3.456373,4.854939,-5.033427,0,0,0,8.289022,-0.1388687,-5.367992,67.375,104.75,-5.125,-60.05195,-46.67074,157.3144,0.7404667,0.2458889,0.5179389,0.3506952
66919,-3.455816,4.854791,-5.033435,0,0,0,8.221982,-0.5746289,-5.669672,78.5,92.625,-9,-59.65416,-48.06623,158.054,0.7392804,0.2603869,0.5132127,0.3496796
66930,-3.455296,4.854707,-5.033447,0,0,0,8.097479,-0.7230747,-5.755867,63.125,82.125,-6.125,-59.43187,-49.27065,158.7006,0.7376592,0.272519,0.5097237,0.3489615
66941,-3.454824,4.854633,-5.033452,0,0,0,8.09269,-0.5363203,-5.703192,44.75,71.375,-1.875,-59.34144,-50.34058,159.1816,0.7354012,0.2825179,0.5074072,0.3491513
66953,-3.454364,4.854539,-5.033435,0,0,0,8.255502,-0.3878745,-5.578689,40.125,60.25,1.875,-59.37707,-51.31396,159.6835,0.7329789,0.2915095,0.5057923,0.3491969
66964,-3.45393,4.85442,-5.033401,0,0,0,8.49972,-0.4118174,-5.382358,43.5,50,4.25,-59.52919,-52.16634,160.2934,0.7308123,0.2997384,0.5046155,0.348473
66976,-3.453484,4.854283,-5.03338,0,0,0,8.557182,-0.5315318,-5.157295,44.5,39.625,6.25,-59.81703,-52.92139,161.0257,0.7287802,0.3073837,0.5039392,0.3470446
66987,-3.453046,4.85414,-5.033376,0,0,0,8.542816,-0.6464576,-4.980117,37.125,29,8.875,-60.25132,-53.55425,161.7752,0.7266214,0.3137872,0.5041349,0.345553
66999,-3.45261,4.853981,-5.033369,0,0,0,8.581125,-0.6081489,-4.884346,29.375,19.25,11.125,-60.80252,-54.08153,162.5143,0.7243205,0.3190468,0.505097,0.3441599
67010,-3.452211,4.85381,-5.033359,0,0,0,8.624223,-0.5411089,-4.793363,29.375,8.625,12.375,-61.42713,-54.46948,163.2961,0.7223628,0.3233093,0.5064575,0.3422921
67022,0,0,0,0,0,0,8.571548,-0.5937832,-4.697591,32.125,0.375,12.25,-62.11212,-54.75159,164.1635,0.7207936,0.3270506,0.5080014,0.3397486
67034,0,0,0,0,0,0,8.485353,-0.6847661,-4.506048,27.75,-5.75,12.25,-62.88964,-54.97987,165.0666,0.7191067,0.3303277,0.5100263,0.3371087
67045,0,0,0,0,0,0,8.523663,-0.6081489,-4.276197,22.25,-9.125,12.25,-63.60402,-55.17171,165.8145,0.7173622,0.3328732,0.5120972,0.3351766
67057,0,0,0,0,0,0,8.662531,-0.5075889,-4.094231,22.75,-10.875,11.25,-64.2618,-55.35883,166.5048,0.7157012,0.3353113,0.5139475,0.3334608
67069,0,0,0,0,0,0,8.787034,-0.4644917,-3.936208,24.75,-11.75,10.125,-64.91969,-55.56546,167.2232,0.7140284,0.3380209,0.5156501,0.3316782
67081,0,0,0,0,0,0,8.724782,-0.4022402,-3.830859,27.375,-10.75,8.5,-65.45478,-55.76235,167.8493,0.7126649,0.3406157,0.5168367,0.3301056
67092,0,0,0,0,0,0,8.542816,-0.3447773,-3.725511,31,-7.25,5.125,-65.88536,-55.99257,168.4318,0.7115099,0.3435429,0.5174199,0.3286467
67104,0,0,0,0,0,0,8.403948,-0.3543545,-3.682414,31.5,-1.875,2.375,-66.22639,-56.27511,168.9458,0.710357,0.3467653,0.5175379,0.327569
67116,0.0002811321,-0.000304196,-0.0001133349,0.02070497,-0.02240359,-0.008346948,8.336907,-0.4022402,-3.658471,24.5,4.625,1.5,-66.53658,-56.6437,169.3495,0.7086954,0.3501419,0.517626,0.3274367
67127,0.0008304312,-0.000889421,-0.0003312747,0.04118302,-0.04387651,-0.01633977,8.356062,-0.4549146,-3.639317,12.375,11.125,2.125,-66.83742,-57.08745,169.5834,0.7062998,0.3532632,0.5180178,0.3286388
67139,0.001629056,-0.001718736,-0.0006319504,0.06153206,-0.06389667,-0.02316632,8.418314,-0.5219546,-3.663259,-0.75,17,3.625,-67.15749,-57.58802,169.6679,0.7031632,0.3560119,0.5188618,0.3310584
67150,0.00269628,-0.002794504,-0.001016467,0.08217633,-0.08283423,-0.02960781,8.437468,-0.5794175,-3.672837,-15.75,22.75,5.875,-67.52525,-58.15604,169.6024,0.6991003,0.358362,0.5203179,0.3348204
67162,0.004002743,-0.004094193,-0.001481316,0.1014099,-0.100884,-0.03608232,8.418314,-0.5123774,-3.653682,-23.375,27.25,6.875,-67.88451,-58.76501,169.4296,0.694576,0.3604866,0.521957,0.3393739
67173,0.005575111,-0.005664405,-0.002045706,0.1192995,-0.119136,-0.04282175,8.413525,-0.3974517,-3.596219,-18,30.375,5.5,-68.17928,-59.41543,169.2522,0.6901368,0.3630197,0.5231189,0.3439107
67185,0.00733436,-0.007420122,-0.002695069,0.1362808,-0.1360071,-0.05030306,8.346485,-0.3974517,-3.548334,-5.5,32,3,-68.40664,-60.05379,169.1879,0.6863638,0.3661664,0.5235145,0.3475047
67196,0.009343809,-0.009391568,-0.003444806,0.1541462,-0.1512309,-0.05751281,8.351274,-0.5028003,-3.586642,5.75,33,0.875,-68.61539,-60.68699,169.2601,0.6830916,0.3699385,0.5233435,0.3502043
67207,0.0115614,-0.0115067,-0.004253406,0.1722669,-0.1643076,-0.06281362,8.447045,-0.5889946,-3.696779,13.75,33.25,0,-68.82993,-61.28912,169.4477,0.680258,0.3739982,0.5228593,0.3521256
67219,0.01406212,-0.01382494,-0.005125316,0.1902266,-0.1763453,-0.06632514,8.557182,-0.5937832,-3.773396,20.625,33,-0.125,-69.05415,-61.88028,169.7324,0.6777166,0.3783803,0.522096,0.3534749
67230,0.01674065,-0.0162407,-0.006006761,0.2066763,-0.1864017,-0.06801279,8.6338,-0.5602632,-3.893111,30.75,32.25,-0.375,-69.27056,-62.42415,170.1361,0.6757661,0.3830056,0.5209414,0.3539311
67242,0.01962598,-0.01876902,-0.006913037,0.2218635,-0.1944111,-0.06968667,8.581125,-0.5458975,-3.974517,40.625,31.375,-0.375,-69.4978,-62.9287,170.6761,0.674346,0.3879456,0.5194233,0.35349
67253,0.02270233,-0.02135823,-0.007848973,0.2376658,-0.2000315,-0.0723066,8.475777,-0.6991318,-4.022402,42.25,31.125,0.875,-69.81625,-63.40594,171.3257,0.6729621,0.3929063,0.5180686,0.3526354
67265,0.02603871,-0.02402611,-0.00883637,0.2548219,-0.2037645,-0.07541411,8.423102,-0.8763091,-4.055923,29.625,31.625,3.875,-70.28598,-63.88216,171.9594,0.6708513,0.3973005,0.5175944,0.3524301
67276,0.02957275,-0.0266949,-0.009844718,0.2724153,-0.2057184,-0.07772661,8.451834,-0.9912349,-4.13254,6.25,31.875,9.125,-70.94699,-64.34551,172.4648,0.6675377,0.4004234,0.5186478,0.3536367
67288,0.03353953,-0.02951685,-0.01092576,0.2906699,-0.206782,-0.07921489,8.504508,-1.019966,-4.175637,-17.625,31,15.25,-71.85719,-64.81477,172.8644,0.662743,0.4023041,0.5214372,0.3564076
67300,0.03762229,-0.03228176,-0.01198117,0.3066517,-0.2076687,-0.07927074,8.59549,-0.9050406,-4.209157,-38.375,28.375,21.375,-72.91824,-65.2327,173.1257,0.6570228,0.4027278,0.5256256,0.3603459
67311,0.04178622,-0.03500615,-0.01299874,0.3194673,-0.209022,-0.07806998,8.686474,-0.6991318,-4.213945,-43.25,23.875,24.875,-74.02528,-65.57819,173.3665,0.6512914,0.4024241,0.5302464,0.3642982
67323,0.04610778,-0.0377616,-0.01399947,0.3304703,-0.2107096,-0.07652588,8.715205,-0.5794175,-4.194791,-33,18.625,24.75,-75.12185,-65.84766,173.7219,0.6462501,0.4021874,0.534524,0.367274
67335,0.05107958,-0.04087299,-0.01508324,0.3407906,-0.2132698,-0.07428713,8.758303,-0.4788574,-4.166059,-11.125,11.625,21.125,-76.2101,-66.03529,174.306,0.6422859,0.4025391,0.5381022,0.3686153
67348,0.05107958,-0.04087299,-0.01508324,0,0,0,8.743937,-0.4261831,-4.156483,11.125,5.125,16.625,-77.05317,-66.10494,174.9928,0.640252,0.4034695,0.5402184,0.3680406
67360,0.05107958,-0.04087299,-0.01508324,0,0,0,8.719994,-0.4740689,-4.190002,24.25,0.875,13.25,-77.84533,-66.10242,175.8131,0.6391501,0.4047895,0.5417545,0.366244
67371,0.05107958,-0.04087299,-0.01508324,0,0,0,8.681685,-0.5506861,-4.180425,19,-1,12.75,-78.57009,-66.07129,176.4972,0.6380205,0.4055371,0.543462,0.3648542
67383,0.05107958,-0.04087299,-0.01508324,0,0,0,8.652954,-0.4597031,-4.084654,5.625,-1.5,13.25,-79.25856,-66.04281,176.9669,0.6363519,0.4054149,0.5457097,0.3645491
67394,0.05107958,-0.04087299,-0.01508324,0,0,0,8.662531,-0.3495659,-3.969728,-4.375,-1.625,12.375,-79.88306,-66.02665,177.2329,0.6342787,0.4046037,0.5482789,0.3652076
67406,0.05107958,-0.04087299,-0.01508324,0,0,0,8.6338,-0.2729487,-3.850014,-5.375,-2.25,9.875,-80.38206,-66.01542,177.3714,0.6323702,0.4036119,0.5505812,0.3661499
67417,0.05107958,-0.04087299,-0.01508324,0,0,0,8.585914,-0.2202744,-3.754242,0.25,-3.375,5.5,-80.72238,-65.99739,177.4329,0.6309964,0.4027174,0.552294,0.3669246
67429,0.05112063,-0.04097909,-0.0150974,0.003157757,-0.008162217,-0.001089169,8.672108,-0.2059087,-3.725511,8.625,-4.625,1.25,-80.92151,-65.97048,177.4721,0.6302615,0.4021168,0.5533317,0.3672827
67441,0.05121477,-0.0412348,-0.01509682,0.006693223,-0.01818043,4.161231E-05,8.854074,-0.2011201,-3.720722,16.625,-5.875,-3.625,-80.96514,-65.93423,177.4691,0.6301761,0.4017583,0.5536894,0.3672826
67452,0.05135356,-0.04161547,-0.01508146,0.01072023,-0.02940505,0.001186385,8.925902,-0.2394287,-3.581854,26.875,-7.5,-9.5,-80.83232,-65.90164,177.4432,0.6308556,0.4018747,0.5531458,0.3668075
67464,0.05154023,-0.04220928,-0.01508323,0.01367151,-0.04348982,-0.0001301479,8.815765,-0.1197144,-3.371156,42,-9.5,-16.75,-80.40912,-65.86114,177.3559,0.6327669,0.4025776,0.551238,0.3656147
67476,0.05175417,-0.04297341,-0.01514091,0.01605369,-0.05733655,-0.004328183,8.614645,-0.07182861,-3.284962,63.625,-10.625,-27,-79.65085,-65.80207,177.2414,0.6362592,0.4041049,0.5476145,0.3633067
67488,0.05203727,-0.04386853,-0.01527565,0.02172806,-0.06870272,-0.0103413,8.432679,-0.3399888,-3.347214,72.5,-8.75,-34.125,-78.78567,-65.74696,177.1514,0.6403006,0.4060937,0.5432724,0.360497
67499,0.0524285,-0.04489579,-0.01559654,0.02989701,-0.07850021,-0.02452141,7.834107,-0.5363203,-3.174825,52.5,-5,-35.625,-77.95358,-65.73088,176.8497,0.6433463,0.4071881,0.5397284,0.3591613
67511,0.053084,-0.04613363,-0.01637214,0.04496494,-0.08491198,-0.05320361,6.948221,-0.9577149,-3.031168,-26.625,5.75,-27.5,-77.53283,-65.83516,175.8662,0.6418278,0.4044837,0.540561,0.3636534
67524,0.05391857,-0.04734195,-0.01734045,0.0626037,-0.09063974,-0.07263589,7.451022,-1.125315,-3.213133,-134.875,20.5,-14.625,-77.58064,-66.14289,173.9296,0.6341494,0.3969363,0.5467625,0.3759614
67535,0.05493069,-0.04864104,-0.01840008,0.07792122,-0.1000143,-0.08157945,8.284233,-0.7565947,-3.241865,-217.375,32.875,-6.75,-77.65407,-66.64979,170.9695,0.6218065,0.3854246,0.5559456,0.3946255
67547,0.0560421,-0.05015367,-0.01946315,0.08529613,-0.1160881,-0.08158626,9.098291,0.1245029,-2.95455,-250.75,41.875,-9.25,-77.21551,-67.31783,167.0414,0.607249,0.3717343,0.5649317,0.4170305
67558,0.05718646,-0.0519073,-0.02041287,0.08886862,-0.1361837,-0.07375264,9.792634,0.6656118,-2.715122,-219.25,44.625,-23.875,-76.02763,-67.97838,162.8419,0.5945839,0.3593432,0.570618,0.4378786
67570,0.05846464,-0.05397516,-0.02122303,0.09683152,-0.1566558,-0.06137586,10.15657,0.5889946,-2.710333,-148.125,45.375,-50.625,-73.87344,-68.51657,158.6159,0.5863975,0.3499854,0.5715312,0.4549729
67581,0.05983488,-0.056237,-0.02192455,0.106105,-0.1751465,-0.05432299,9.787846,0.641669,-2.561887,-72.875,46.25,-79.25,-70.75789,-68.83997,154.5136,0.583831,0.3441709,0.5675077,0.4675713
67592,0.06137421,-0.0587152,-0.02269973,0.1185011,-0.1907777,-0.05967467,8.86844,0.483646,-2.375133,0.75,49.25,-109.25,-66.68079,-68.93195,150.4755,0.5867831,0.3417099,0.558645,0.4762729
67604,0.06315301,-0.06131657,-0.02362783,0.1379559,-0.2017505,-0.07197914,8.36085,0.06704004,-2.494847,30.125,56.5,-128.125,-62.2141,-68.87019,146.4913,0.5919754,0.3407734,0.5475863,0.4833094
67615,0.06536422,-0.06411307,-0.02475592,0.1654729,-0.2092713,-0.08441948,8.437468,-0.2298516,-2.705544,7.625,69.625,-134,-57.41962,-68.78535,141.9406,0.5957138,0.3390959,0.53627,0.4924973
67627,0.06786785,-0.06682017,-0.02595433,0.1965016,-0.2124723,-0.09405947,8.643376,-0.3064688,-2.944973,-53,85.875,-126.625,-52.89071,-68.77637,136.889,0.5947897,0.3353045,0.5276023,0.5054029
67638,0.07084857,-0.06958012,-0.02729228,0.2288461,-0.2118958,-0.1027216,8.729571,-0.04309717,-3.064687,-142.75,106.875,-106.875,-48.28777,-68.94228,130.5814,0.5866401,0.3282321,0.5222294,0.5247796
67650,0.07419431,-0.07230784,-0.02871111,0.2541781,-0.2072265,-0.1077894,8.849285,0.8954634,-3.059899,-208.625,126.625,-86.125,-43.35316,-69.17465,123.0451,0.5725014,0.3186997,0.5188205,0.5490883
67661,0.07768875,-0.07484161,-0.03006225,0.2723644,-0.1974879,-0.105311,9.232371,1.901064,-3.093419,-216.5,143.875,-74,-38.08818,-69.30281,115.1516,0.5568995,0.3097507,0.5147517,0.5735401
67672,0.0813138,-0.07722646,-0.03130279,0.2797971,-0.1840729,-0.09575021,9.490954,3.179613,-2.825259,-133.875,154.5,-78.75,-32.24406,-69.04198,107.7377,0.5464947,0.3048097,0.5057959,0.5938057
67684,0.08541797,-0.07971704,-0.03253204,0.2819573,-0.1711032,-0.08444934,9.414337,3.797339,-2.245841,26.75,153.125,-102.5,-25.69777,-68.08237,101.777,0.5483252,0.3072302,0.4872706,0.6062314
67696,0.08901908,-0.0817003,-0.03350396,0.2905054,-0.1599915,-0.07840645,9.299411,3.375945,-2.231476,189.875,143.25,-133.125,-20.8411,-66.799,99.45725,0.5621196,0.3154706,0.4651748,0.6067227
67708,0.09303485,-0.08360232,-0.03444637,0.307793,-0.145783,-0.07223126,9.462223,2.978493,-2.494847,295.875,131.125,-156.625,-16.51017,-65.16637,99.1935,0.584884,0.3274213,0.4375627,0.5993704
67719,0.09744795,-0.0853698,-0.03526197,0.3336937,-0.1336463,-0.06167176,9.993754,2.68639,-2.423019,363.75,113.125,-175,-12.77826,-63.35598,100.4735,0.6127272,0.3405958,0.4066014,0.5858628
67732,0.1029,-0.0870859,-0.0359741,0.3770423,-0.1186789,-0.04924778,10.46782,1.953738,-2.576253,375.75,90.625,-185.625,-9.477859,-61.38671,102.8163,0.6435127,0.3532896,0.3728369,0.5675126
67744,0.1085804,-0.08840155,-0.03648083,0.427291,-0.09896574,-0.03811738,10.77429,1.369532,-2.959339,339,67.625,-190.75,-7.090208,-59.61145,105.125,0.6689786,0.361303,0.3441855,0.5508758
67755,0.1150017,-0.08933292,-0.03696248,0.4852144,-0.0703772,-0.03639451,10.4343,0.5458975,-3.414253,249.875,50.5,-188,-5.256021,-57.97004,106.7986,0.6882694,0.3647034,0.3208193,0.5388429
67767,0.1218449,-0.0898869,-0.03746258,0.5329971,-0.04314786,-0.03895199,9.802212,1.125315,-3.395099,123.25,41.625,-173.375,-3.749048,-56.49454,107.0574,0.6988091,0.3632563,0.3043472,0.5358019
67778,0.129204,-0.09012319,-0.03806751,0.5720732,-0.01836861,-0.04702485,9.050406,1.738253,-3.213133,1.625,36.5,-154.125,-2.498412,-55.16897,105.9815,0.7015229,0.3580489,0.2940975,0.5414547
67790,0.1372965,-0.09006374,-0.03887116,0.6035137,0.004433222,-0.05993365,8.346485,2.442173,-2.964128,-110.375,34.625,-133.5,-1.42626,-53.93811,103.5489,0.6966037,0.3493771,0.2893052,0.5558611
67801,0.1452843,-0.08980037,-0.03975899,0.6284631,0.02072135,-0.06985316,8.221982,3.213133,-2.48527,-166.25,31,-122.625,-0.5656368,-52.80658,100.6288,0.6878743,0.3393857,0.2873645,0.5736445
67812,0.1537404,-0.08935665,-0.04073846,0.6522777,0.03422721,-0.07555313,8.341697,3.835648,-2.130916,-166.5,21.75,-123.875,0.04932591,-51.55466,97.83933,0.6789032,0.3280586,0.2854712,0.5915863
67824,0.1624838,-0.08873453,-0.04171043,0.6769393,0.04816674,-0.07525251,8.638588,4.343237,-2.092607,-102.25,9.625,-139.875,0.338738,-50.05635,96.15564,0.675019,0.3165701,0.2806635,0.6044509
67835,0.1717997,-0.08789077,-0.04271489,0.7079564,0.06412017,-0.07633289,8.705628,4.204368,-2.212321,12.875,-3,-169.875,0.3490465,-48.17582,96.20627,0.6803575,0.3056521,0.27048,0.6087126
67847,0.1813825,-0.08690429,-0.04378129,0.7395216,0.07612972,-0.08229636,8.312965,4.19958,-2.025567,109.125,-10.375,-196.125,0.3401646,-45.99949,97.51139,0.6928955,0.29559,0.2555394,0.6059886
67858,0.1913743,-0.08589307,-0.04489207,0.7694937,0.07787536,-0.08554325,8.164519,4.841249,-1.498824,193.5,-16,-215.875,0.5117895,-43.52909,99.71658,0.7110192,0.2861249,0.2358699,0.5974526
67870,0.2018358,-0.0849352,-0.04600896,0.8055351,0.07375626,-0.0860012,8.427891,5.0711,-1.312069,246.625,-20.375,-223.375,0.8524377,-41.02055,102.4592,0.7318503,0.2775295,0.2139672,0.5844575
67881,0.2129497,-0.08398546,-0.0471978,0.8548499,0.07305204,-0.09144202,8.777456,4.352814,-1.589807,240.125,-19.375,-215,1.315488,-38.79896,105.0744,0.7509541,0.2702143,0.1934226,0.5706487
67893,0.2248045,-0.0829527,-0.04856747,0.9116271,0.07941807,-0.1053268,8.710417,3.586642,-2.01599,178,-11.75,-196.625,1.892187,-36.97389,106.8786,0.7647914,0.2639872,0.1762774,0.5606524
67904,0.2379871,-0.08175508,-0.05022356,0.970232,0.08814456,-0.1218874,8.480565,3.658471,-2.197956,105.125,0.375,-177.5,2.661401,-35.38846,107.6983,0.7732236,0.2584044,0.1613834,0.5561545
67915,0.2505815,-0.08059772,-0.05186078,1.019629,0.09369779,-0.1325475,8.322542,4.352814,-2.197956,78.75,9.25,-167.5,3.491695,-34.05303,108.0259,0.7785672,0.2539379,0.1484073,0.554368
67927,0.2645578,-0.07934643,-0.05371709,1.068609,0.0956719,-0.1419301,8.054382,4.889134,-2.063875,105.125,13.375,-168,4.474845,-32.61231,108.6385,0.7854049,0.2497449,0.1332031,0.5504759
67938,0.2792752,-0.07805914,-0.05569384,1.126216,0.098507,-0.1512669,8.49972,4.726323,-2.04951,151.125,13.875,-173.125,5.512572,-31.21117,109.8398,0.7947048,0.2465107,0.1165271,0.5423082
67951,0.2970907,-0.0764361,-0.05807531,1.210289,0.1102606,-0.1617848,9.562783,4.09902,-2.308093,154.75,12.5,-169.375,6.64991,-29.87067,111.33,0.8049461,0.2440703,0.09884723,0.531715
67963,0.3141055,-0.07479955,-0.06034315,1.288707,0.1239532,-0.1717668,9.696863,4.022402,-2.461327,113.25,12.875,-155.375,7.636233,-28.89738,112.1597,0.8110583,0.2425743,0.08541919,0.5254005
67975,0.3319212,-0.07304996,-0.06281743,1.354393,0.133008,-0.1881009,8.538028,4.285774,-2.264996,80.875,16.625,-142.625,8.640542,-28.04915,112.5279,0.8146623,0.2415465,0.0734257,0.522101
67986,0.3500388,-0.07130742,-0.06550243,1.406975,0.1353216,-0.2085111,7.446233,4.683226,-1.98247,85.875,21.625,-134.375,9.685019,-27.25849,112.8787,0.8179418,0.24101,0.06143641,0.5187591
67997,0.368785,-0.06958025,-0.06848014,1.455109,0.1340657,-0.231135,6.95301,4.879557,-1.824447,121.75,27.25,-128.375,10.79884,-26.53714,113.6349,0.8227949,0.2413626,0.04840721,0.5122593
68009,0.3885925,-0.0678281,-0.07189351,1.500573,0.1327385,-0.2585881,6.493307,4.76942,-1.862755,148.5,32,-118.875,11.96276,-25.93843,114.7643,0.8289359,0.2427399,0.03478383,0.5027253
68020,0.4085766,-0.06611651,-0.07558449,1.544724,0.1323019,-0.285304,6.45021,4.783786,-1.987258,152.125,37.5,-101.375,13.08848,-25.60937,115.9337,0.8346705,0.2456069,0.02257309,0.4924357
68032,0.429198,-0.06435824,-0.07955752,1.595833,0.1360681,-0.3074628,7.144553,4.745477,-2.193167,127.125,40,-79.125,14.11304,-25.63769,116.8412,0.8386642,0.2503119,0.01326022,0.4835396
68043,0.4505898,-0.06248483,-0.08375195,1.653158,0.1447765,-0.3241448,7.862839,4.731112,-2.427807,75.125,38.25,-53.5,14.95234,-26.0085,117.1751,0.8397406,0.2564864,0.008087985,0.4785239
68055,0.4729894,-0.06055849,-0.08808854,1.707152,0.1468134,-0.3305075,7.85805,5.722346,-2.389498,39.5,30.25,-40.375,15.65671,-26.38655,117.0358,0.8387909,0.2620806,0.004990762,0.4771987
68066,0.495676,-0.05874363,-0.09235132,1.749704,0.1399715,-0.3287655,7.249901,6.804564,-2.45175,69.625,17.375,-45.5,16.2504,-26.45928,117.2787,0.8397352,0.2650619,0.000420041,0.473906
68078,0.5189946,-0.05702819,-0.09659771,1.789329,0.1316323,-0.3258434,7.024838,6.996107,-2.595407,112,5.5,-56.5,16.76959,-26.29181,118.1113,0.8433172,0.2659923,-0.00609159,0.4669338
68089,0.5427264,-0.05539155,-0.1007515,1.830878,0.1262646,-0.3204585,7.269056,6.98653,-2.868356,101.375,-5.625,-61.5,17.17626,-26.0239,118.8718,0.8466418,0.2656827,-0.01207344,0.4609389
68100,0.5670626,-0.05372838,-0.1047526,1.872595,0.1279754,-0.3078712,7.618622,7.149342,-3.533968,32.625,-14.75,-58.625,17.42643,-25.73199,118.8651,0.8468806,0.2646202,-0.01522857,0.461018
68112,0.5920116,-0.05199974,-0.1084921,1.912971,0.1325436,-0.2867316,7.805376,7.671296,-3.945785,-35.875,-22.75,-59,17.56676,-25.35184,118.0289,0.8438441,0.2626126,-0.01607224,0.4676576
68123,0.6177524,-0.05019269,-0.111865,1.953175,0.1371162,-0.2559234,7.963399,8.432679,-4.122962,-69.5,-34.5,-73.875,17.64397,-24.68381,116.7624,0.8392198,0.258408,-0.01684734,0.4781752
68135,0.6431268,-0.04837565,-0.1146482,1.993903,0.1427816,-0.2187022,8.183674,9.040829,-4.271408,-58.5,-47.5,-102,17.70046,-23.63537,115.6961,0.835596,0.2514654,-0.01980735,0.4880084
68146,0.6700141,-0.04635897,-0.116968,2.040467,0.1530456,-0.1760489,8.413525,9.328143,-4.486894,-36,-60.125,-138,17.77505,-22.07123,114.9106,0.8333594,0.2409986,-0.02608797,0.4967407
68158,0.6969829,-0.04426342,-0.1187178,2.090447,0.1624332,-0.1356402,8.317754,9.514897,-4.247466,-31.75,-69.125,-168.125,17.88637,-20.1638,114.1688,0.8312491,0.2283381,-0.03451559,0.5056633
68170,0.7272151,-0.04189285,-0.1200333,2.146407,0.1683043,-0.09339208,7.805376,9.931503,-3.869168,-37.875,-77.25,-199,18.05755,-17.62367,113.2169,0.828082,0.2116665,-0.04621467,0.517051
68181,0.7554542,-0.03969217,-0.1207879,2.192314,0.1708471,-0.05858684,6.790198,10.19966,-3.668048,-51.25,-81.625,-218.875,18.21298,-15.00126,112.1659,0.823904,0.194518,-0.05829532,0.5290999
68193,0.7846523,-0.03738993,-0.1211434,2.235684,0.1762815,-0.02722027,6.024026,10.24276,-3.711145,-73,-81.25,-232.125,18.36472,-12.1684,110.8477,0.8178416,0.176201,-0.07127297,0.5431467
68204,0.8145721,-0.03487014,-0.12113,2.286396,0.1925561,0.001024351,6.205992,10.06558,-3.979305,-94.25,-79.75,-244.125,18.49289,-9.280716,109.3265,0.8100465,0.1577692,-0.08446523,0.5583899
68216,0.8465244,-0.03184751,-0.1207742,2.364388,0.2236669,0.02633002,7.728759,9.850098,-4.008037,-101.125,-82.625,-259.25,18.5546,-6.317367,107.7231,0.8010586,0.1388466,-0.09792634,0.5739663
68227,0.8767421,-0.02856944,-0.1202754,2.45493,0.2663149,0.04052421,9.050406,9.323354,-4.166059,-124.125,-87,-269.375,18.4987,-3.662968,106.0529,0.7912126,0.1218232,-0.1093725,0.5892193
68239,0.9100599,-0.02450458,-0.1195957,2.551917,0.3113406,0.05205899,8.585914,9.644189,-3.840437,-152.875,-88.375,-276.125,18.33249,-0.7764506,103.8977,0.7780524,0.103452,-0.1213163,0.6076302
68250,0.9444788,-0.01998302,-0.1188208,2.641914,0.3470646,0.05947905,7.316942,9.979389,-3.026379,-148.75,-83.875,-289.75,18.12784,2.290116,101.7418,0.7639003,0.08408817,-0.1346342,0.6255072
68262,0.9806308,-0.01494011,-0.1180755,2.726599,0.3803386,0.0562112,6.239512,9.629823,-2.504424,-161.125,-75.875,-296.5,17.88784,5.46532,99.36945,0.7475727,0.06456149,-0.1488795,0.6440511
68273,1.016385,-0.009689298,-0.1175203,2.797207,0.4107973,0.04343921,5.042369,9.1366,-2.087818,-226.625,-62.75,-257,17.57636,8.000678,96.24185,0.7269064,0.05041061,-0.1595014,0.6660519
68285,1.054075,-0.003860146,-0.1171832,2.862254,0.4426756,0.02559574,4.094231,9.045617,-1.637692,-305.25,-44.625,-277.75,17.30297,10.87631,91.99326,0.6980103,0.03663592,-0.1728012,0.6939591
68296,1.0914,0.002273499,-0.1171109,2.928126,0.4811834,0.005672766,4.089442,9.23716,-1.470092,-333.875,-29.875,-275.375,16.97535,13.54654,87.55871,0.6669608,0.02511499,-0.1856286,0.7211621
68307,1.130223,0.009144093,-0.1173811,3.005589,0.5319033,-0.02091619,4.807729,9.390394,-1.436572,-326.75,-16.5,-277.375,16.56948,16.13606,83.2077,0.635422,0.01446347,-0.1985783,0.7460539
68319,1.17133,0.01705563,-0.1181241,3.088924,0.5944951,-0.05583071,4.984906,9.428702,-1.541921,-292.5,-6.5,-281.375,16.04208,18.77562,79.23332,0.6054201,0.003056361,-0.2122072,0.7670889
68330,1.211914,0.02545374,-0.1192715,3.165875,0.6551292,-0.08950468,4.309717,9.648977,-1.197144,-223.125,3.125,-288,15.43267,21.40907,76.27953,0.5817246,-0.009908102,-0.2262453,0.7812243
68342,1.253855,0.03466803,-0.1209165,3.240461,0.7119135,-0.1271015,3.653682,9.43828,-0.7278633,-149.375,11.125,-294.625,14.73538,24.14817,74.20034,0.5636016,-0.02511916,-0.2411001,0.7896791
68353,1.297636,0.04475515,-0.1232017,3.309211,0.762443,-0.1727246,2.815682,8.739148,-0.3399888,-109.625,20,-291.75,14.02798,26.92926,72.56965,0.5483069,-0.04103953,-0.2565677,0.7948889
68365,1.341144,0.05517526,-0.1260564,3.371438,0.8074474,-0.2212119,2.18359,8.327331,-0.04788574,-117,30,-278.375,13.42413,29.50359,70.88741,0.5326983,-0.05456821,-0.2715683,0.799691
68376,1.385535,0.06621586,-0.1295037,3.434008,0.8540725,-0.2666742,1.743041,8.662531,0.1532344,-120.5,39.125,-260.75,12.93107,31.9042,69.19434,0.5169906,-0.06593549,-0.28627,0.8040042
68388,1.432721,0.07843755,-0.1336662,3.504803,0.9077988,-0.309182,1.589807,9.361663,0.2394287,-70.5,43.875,-249.75,12.47551,34.26632,68.13642,0.5056357,-0.07803621,-0.3007528,0.8048545
68400,1.480699,0.0913135,-0.1384448,3.577541,0.9601039,-0.3563156,1.551498,9.184485,0.2202744,21.375,45.875,-244.75,12.06757,36.52214,68.33861,0.5031486,-0.09242323,-0.313885,0.7998599
68411,1.528481,0.1044924,-0.1438533,3.646661,1.005792,-0.4127695,1.541921,8.389583,0.09577148,93.625,45.75,-237.5,11.76577,38.59015,69.52688,0.5075045,-0.1079456,-0.3251848,0.7905959
68423,1.577727,0.1183607,-0.1502109,3.717499,1.046898,-0.4799264,1.776561,7.752702,0.06225147,107.125,45.125,-220,11.62973,40.38874,70.97226,0.5135389,-0.1219384,-0.3348379,0.7805718
68435,1.632788,0.1341498,-0.1583395,3.794684,1.088155,-0.5602106,1.843601,7.336096,0.05746289,62.625,44.25,-185.75,11.7515,41.83477,72.04252,0.5168816,-0.1315147,-0.343477,0.7730206
68447,1.683753,0.1489998,-0.1666988,3.85837,1.124234,-0.6328477,1.340801,7.05357,-0.03830859,7,44.25,-153.125,12.10569,42.77505,72.43871,0.5160977,-0.1350655,-0.3505794,0.7697368
68459,1.736045,0.1645105,-0.1760909,3.92115,1.163073,-0.7042644,1.130104,7.178073,-0.1676001,-25.75,44.375,-127,12.65526,43.41257,72.54503,0.5134636,-0.1349243,-0.3569418,0.7685981
68470,1.786699,0.179816,-0.1858631,3.985318,1.204205,-0.7688602,1.206721,7.709605,-0.2298516,-13.875,42,-109.5,13.25208,43.79087,72.85214,0.5126499,-0.1338044,-0.3616247,0.7671468
68482,1.838908,0.1958675,-0.1965736,4.053832,1.24633,-0.8316219,1.249818,8.025651,-0.1628115,34.625,37.25,-97,13.83996,43.98967,73.76154,0.5163239,-0.1337748,-0.3644389,0.7633469
68493,1.893972,0.2130373,-0.2085928,4.122169,1.285358,-0.8997796,1.221087,7.594679,-0.1436572,91.5,31.375,-84.25,14.4177,43.99265,75.42375,0.5254996,-0.1352504,-0.3651324,0.7564628
68505,1.9475,0.2298969,-0.2210004,4.182871,1.31747,-0.9695657,1.173201,6.95301,-0.158023,110.75,27.625,-66.375,14.99144,43.74363,77.25021,0.5363733,-0.1359756,-0.3641216,0.7491528
68516,2.002392,0.2473151,-0.2344987,4.242989,1.346383,-1.043389,1.312069,6.593867,-0.1292915,100.375,24.875,-39.5,15.6069,43.10876,78.94771,0.5472896,-0.1339152,-0.3612429,0.7429971
68528,2.057928,0.265067,-0.2489215,4.30312,1.375473,-1.117526,1.474881,6.55077,-0.2537944,79.5,22.125,-12.125,16.25612,42.10119,80.37977,0.5574114,-0.1286682,-0.3567848,0.7385402
68539,2.115763,0.2837003,-0.2646802,4.365594,1.406506,-1.189521,1.498824,6.799776,-0.3926631,82,19.125,14.625,16.92339,40.721,81.87106,0.5689101,-0.1212652,-0.3503677,0.7340835
68551,2.172679,0.3021604,-0.2808177,4.426468,1.435683,-1.25505,1.474881,6.991319,-0.4692803,126.25,15.25,33.625,17.49307,39.149,83.81245,0.5840778,-0.1145391,-0.3421399,0.7270998
68562,2.23078,0.3210508,-0.2979111,4.485581,1.458386,-1.319649,1.379109,6.780621,-0.3064688,181.5,10,52.875,17.89498,37.32362,86.30784,0.6038097,-0.1086954,-0.3313751,0.7167913
68573,2.289897,0.3402255,-0.3160392,4.536952,1.471582,-1.391262,1.268972,5.803752,-0.08619434,192.125,5.625,86.75,18.11735,35.04587,88.75631,0.6247362,-0.1006407,-0.3175215,0.7062268
68585,2.349539,0.3595631,-0.3352501,4.579373,1.484761,-1.475038,1.508401,4.587454,-0.4405488,125.875,5.375,130,18.32487,32.14757,90.3689,0.6418755,-0.08605876,-0.3012003,0.6999059
68596,2.409683,0.3791255,-0.3554973,4.625749,1.504572,-1.557237,2.130916,4.793363,-0.8667319,45,5.375,170.625,18.52534,28.69093,90.97671,0.6539058,-0.06505763,-0.2826373,0.6987782
68608,2.471879,0.3994377,-0.377127,4.680324,1.528495,-1.627634,2.55231,5.818118,-1.010389,36.625,3.75,189.75,18.64514,24.95935,91.42345,0.6652478,-0.04220234,-0.2621184,0.6978241
68619,2.531763,0.4190715,-0.3983686,4.737968,1.553431,-1.680644,2.959339,6.828507,-1.197144,101.625,0.375,195.5,18.64518,21.40207,92.6174,0.6803351,-0.0225356,-0.241667,0.6915442
68631,2.594408,0.439577,-0.4209481,4.801151,1.571544,-1.730491,3.347214,7.000896,-0.9194063,229.75,-4.125,192.875,18.42956,17.79145,95.37086,0.7044669,-0.00636518,-0.2197477,0.674831
68642,2.65786,0.4602154,-0.4442653,4.863296,1.581849,-1.787174,3.672837,6.210781,-0.7470176,314.125,-4.25,202,18.0097,14.05447,99.10638,0.7335605,0.008821893,-0.1966064,0.6505053
68654,2.727068,0.4825802,-0.4702864,4.932535,1.593952,-1.854544,4.419854,5.415877,-1.072641,304.125,4,237.125,17.39112,9.483751,102.9912,0.7631365,0.02985309,-0.1687806,0.6230928
68666,2.79141,0.5032564,-0.4948949,4.997081,1.605799,-1.911188,4.917866,5.353626,-1.446149,248.25,15.125,281,16.65801,4.76861,105.8619,0.7851779,0.05439641,-0.140295,0.6007113
68677,2.857697,0.5244178,-0.5206077,5.05693,1.614386,-1.961615,4.908288,5.382358,-1.64727,204.125,27.875,323.75,15.74844,-0.4888656,108.2466,0.8029755,0.0837106,-0.1085299,0.5800381
68689,2.924456,0.5455455,-0.5468238,5.105871,1.61588,-2.005056,4.544357,5.50686,-1.71431,208,39.125,349.5,14.69122,-5.89992,110.7266,0.8186786,0.1145677,-0.07604507,0.5575454
68701,2.994002,0.5672688,-0.5744155,5.143185,1.606522,-2.040503,4.103808,5.995295,-1.790927,265.5,52.375,364,13.44827,-11.44752,114.1234,0.8356775,0.1464735,-0.04392276,0.5275031
68713,3.063205,0.5884614,-0.6020444,5.171682,1.583777,-2.064786,4.13254,6.727947,-1.862755,354.5,69.125,373.75,12.03155,-16.85955,118.7321,0.8542859,0.1782686,-0.01491448,0.4880508
68724,3.131331,0.6086862,-0.6292515,5.204488,1.545056,-2.078464,5.219546,7.398347,-1.618538,439.125,87.875,385.25,10.35534,-22.24568,124.4259,0.8726422,0.2112517,0.01122825,0.4401616
68735,3.199069,0.6280817,-0.6560932,5.251428,1.503648,-2.080919,7.326519,7.115821,-2.01599,505.625,112.75,400.125,8.233048,-27.81581,131.2566,0.8890224,0.2471319,0.03545938,0.3838067
68747,3.267336,0.6470243,-0.6828284,5.302289,1.471263,-2.07652,8.696051,5.765443,-2.992859,492.25,142.875,418.625,5.390505,-33.59034,138.5815,0.8993014,0.2859015,0.05995838,0.3254573
68758,3.337455,0.6659626,-0.7098683,5.350136,1.44501,-2.063166,9.620246,4.520414,-3.811705,366.875,179.125,447.5,1.468327,-39.70235,145.3569,0.8991434,0.3277395,0.08959037,0.2758652
68770,3.407412,0.684285,-0.7362635,5.387505,1.411046,-2.032746,10.6881,4.549146,-4.371968,201.375,201.75,475.125,-3.698969,-45.71053,151.0894,0.8887231,0.3684889,0.1257035,0.242045
68781,3.477908,0.7020633,-0.7621139,5.405726,1.363266,-1.98224,11.75116,5.262643,-5.056735,51.625,205.75,491.25,-10.35467,-51.32839,156.3162,0.8705459,0.405458,0.1681191,0.2224627
68793,3.547425,0.7188159,-0.7868356,5.399392,1.301175,-1.920137,12.46466,6.186838,-5.511649,-28.125,191,485.375,-18.31655,-56.07734,161.893,0.8487504,0.4361879,0.2117567,0.2110023
68804,3.617955,0.7348599,-0.8112857,5.365497,1.220535,-1.860031,12.37368,7.307364,-5.396723,-43.5,156.75,454,-27.40689,-59.71857,168.4612,0.8264402,0.4605967,0.2530318,0.2020452
68816,3.686636,0.7494129,-0.8348518,5.300728,1.123175,-1.818792,11.3154,8.878016,-5.147717,21,118.125,404.75,-36.36044,-61.99123,175.9063,0.8081563,0.4794002,0.2847588,0.1896608
68827,3.754501,0.7627127,-0.8582574,5.219563,1.0229,-1.800153,10.08474,9.079137,-4.927443,92.625,86.125,352.75,-44.63374,-63.17497,-176.2416,0.7941354,0.4949129,0.3074044,0.1729531
68838,3.821092,0.7748017,-0.881561,5.137015,0.9325851,-1.797697,9.246737,8.097479,-4.80294,81.25,65.25,315.875,-52.11139,-63.59878,-169.2041,0.7819089,0.5064112,0.3271244,0.1586055
68850,3.887157,0.7858483,-0.9051554,5.050107,0.8444065,-1.803579,9.00252,7.762279,-4.63534,-1,54.5,301.625,-59.1638,-63.55974,-163.6228,0.7687652,0.5131106,0.3501418,0.1520465
68861,3.951443,0.7956656,-0.9286193,4.959157,0.7573317,-1.81007,9.308989,7.714393,-4.515625,-97.25,45.5,293.75,-65.71772,-63.21313,-159.7437,0.7542636,0.5146336,0.377474,0.154117
68873,4.017117,0.8047213,-0.9531234,4.858599,0.6699496,-1.812835,9.826155,7.565948,-4.597031,-160.5,37.75,285.75,-72.08749,-62.631,-156.987,0.7378964,0.5120819,0.4087487,0.1618812
68884,4.076329,0.8120989,-0.9756852,4.76098,0.5931965,-1.814089,10.0991,7.508484,-4.611397,-190.375,31.125,272.375,-77.37568,-62.00179,-155.362,0.7223502,0.5070867,0.437679,0.1717856
68896,4.137074,0.8188783,-0.9994686,4.654841,0.519497,-1.822482,9.696863,7.412713,-4.424643,-186.625,28.5,256.5,-82.3043,-61.35368,-154.2002,0.7062029,0.5008155,0.4659239,0.1826918
68907,4.196388,0.8247802,-1.02347,4.546503,0.4523936,-1.83974,9.150966,7.336096,-4.156483,-158,29.25,234.875,-86.55198,-60.81985,-153.3056,0.6910421,0.4950575,0.4901597,0.1926718
68920,4.262465,0.8305001,-1.05136,4.423728,0.382936,-1.867202,8.753514,7.024838,-3.873957,-104.875,32.25,212.125,-90.74238,-60.38536,-152.1032,0.6755757,0.4911566,0.5118268,0.2009878
68932,4.318529,0.8347926,-1.075901,4.323547,0.3310283,-1.89252,8.542816,6.239512,-3.835648,-69.125,38,195.25,-94.06117,-60.12457,-150.8719,0.6631358,0.4897215,0.5270783,0.2064273
68943,4.374171,0.838558,-1.101092,4.22975,0.2862354,-1.914969,8.629011,5.30574,-3.917054,-59.5,45.75,186.375,-97.39558,-59.93476,-149.4994,0.65036,0.4892655,0.5411677,0.2116331
68955,4.427598,0.8417177,-1.126078,4.140351,0.2448633,-1.936265,8.743937,4.917866,-3.782974,-56.75,50.875,182.125,-100.6662,-59.80244,-148.1042,0.6374923,0.4893106,0.5541866,0.216924
68966,4.479807,0.8442897,-1.151327,4.050021,0.1995196,-1.958702,8.997731,4.956174,-3.294539,-35.25,51,177.875,-103.8619,-59.72627,-146.4829,0.6250545,0.4908474,0.5652075,0.2211701
68978,4.531964,0.84627,-1.177319,3.965692,0.150572,-1.976243,9.524474,4.146905,-2.897087,0.125,45.375,172.375,-107.0844,-59.59824,-144.3376,0.6132813,0.4948441,0.5739899,0.2226005
68989,4.583325,0.8476171,-1.203508,3.895661,0.1021854,-1.986435,9.931503,2.715122,-2.624139,-1.75,37.5,171.875,-110.4006,-59.29266,-142.0556,0.6011085,0.4989804,0.5831131,0.2228591
69000,4.632113,0.848313,-1.228885,3.833393,0.0546734,-1.993968,10.13262,2.044721,-2.341613,-41.375,30.75,178.5,-113.6747,-58.81967,-140.2607,0.5878705,0.5004793,0.5945307,0.2246377
69012,4.680848,0.8484105,-1.254762,3.771769,0.007550579,-2.002668,10.07995,1.690367,-2.174013,-98.75,25.875,192.5,-117.1422,-58.1342,-139.0543,0.5719752,0.4981919,0.6101032,0.2289613
69024,4.73016,0.8478891,-1.281557,3.706608,-0.03919911,-2.014107,9.979389,1.58023,-2.059087,-163.875,23.625,214.125,-120.9821,-57.20647,-138.4721,0.5520638,0.4913684,0.630841,0.2362675
69035,4.776856,0.84683,-1.307551,3.640122,-0.08256049,-2.026309,10.01291,1.575441,-2.006413,-203.25,22.375,234,-124.9034,-56.14279,-138.2696,0.5299278,0.4820045,0.6535012,0.2445087
69046,4.823042,0.8452339,-1.333916,3.570392,-0.1233784,-2.038117,10.10389,1.417418,-2.059087,-218.75,20.875,253.375,-129.0645,-54.89003,-138.1375,0.5050801,0.4713418,0.6775429,0.2523228
69058,4.869289,0.8430781,-1.361018,3.495626,-0.1629513,-2.048521,10.32417,1.230664,-2.097396,-209.25,19.125,267.625,-133.4221,-53.46978,-137.8444,0.4780822,0.4609811,0.7014793,0.2585745
69069,4.913452,0.8405237,-1.387607,3.417853,-0.1976888,-2.057818,10.49177,1.154046,-2.25063,-168.625,16.875,277.375,-137.635,-51.96708,-137.1397,0.4516153,0.4536071,0.7223946,0.2615917
69081,4.956534,0.8375875,-1.414268,3.336335,-0.2273863,-2.064642,10.70246,0.9433491,-2.542733,-110.75,15.875,281.75,-141.7051,-50.36722,-135.8747,0.4260797,0.4504624,0.7398594,0.2610514
69092,5.000273,0.8341675,-1.442175,0,0,0,10.70246,0.6991318,-2.662447,-40.125,15.75,283.75,-145.7473,-48.61026,-133.8391,0.4010975,0.4529396,0.7537228,0.2566484
69104,4.999092,0.8338452,-1.442223,-0.08809448,-0.02403019,-0.003605665,10.96105,0.04788574,-2.858779,29.875,16.5,282.375,-149.5289,-46.75303,-131.1165,0.3780014,0.4613784,0.7631435,0.2487107
69116,4.996774,0.8332531,-1.442207,-0.1769431,-0.0451898,0.001269693,11.50694,-0.6943433,-3.174825,72.625,17.25,281.5,-152.9531,-44.80849,-128.1574,0.3564324,0.4730951,0.7694926,0.238785
69127,4.993134,0.8324196,-1.442142,-0.2749183,-0.06296271,0.004848557,11.75116,-0.7470176,-3.227499,106.875,17,282.375,-156.0949,-42.75115,-125.0349,0.3356451,0.4873833,0.77338,0.2273396
69140,4.987509,0.8312472,-1.442075,-0.3885366,-0.08097851,0.004625364,11.82778,-0.9720806,-3.040745,132.125,15.125,286.875,-159.2136,-40.34108,-121.5551,0.3133642,0.5050301,0.7753972,0.2133227
69152,4.980957,0.8299656,-1.44205,-0.4945737,-0.09673233,0.001950071,11.77032,-1.431784,-2.88751,123.375,11,298.625,-161.8107,-37.88562,-118.7278,0.291981,0.5200769,0.7774448,0.1996167
69164,4.972906,0.8284979,-1.442139,-0.6037361,-0.1100633,-0.006714797,11.53089,-1.652058,-2.791739,85.75,4.875,315.125,-164.1931,-35.13183,-116.6187,0.2685874,0.531391,0.7817133,0.1854963
69175,4.963846,0.8269694,-1.442373,-0.7123777,-0.120192,-0.01835416,11.54046,-1.853178,-2.82047,39.25,-2.5,330.5,-166.2649,-32.27513,-115.4096,0.2445296,0.5376408,0.7884163,0.1718935
69186,4.953193,0.8253111,-1.442822,-0.827565,-0.128818,-0.03488882,11.55962,-1.977681,-2.782162,-19.125,-11.875,344.875,-168.2042,-29.18958,-115.1124,0.2183848,0.5382642,0.7984731,0.1581791
69198,4.940502,0.8235068,-1.443647,-0.9506484,-0.1351568,-0.06184579,11.30582,-1.857967,-2.700756,-64.625,-20.875,352.5,-170.0883,-25.91362,-115.5773,0.1903016,0.5339183,0.8111385,0.1441213
69209,4.926845,0.8217459,-1.444909,-1.066718,-0.1375363,-0.09856807,10.66894,-1.709521,-2.676813,-89.5,-29.375,350.875,-171.7846,-22.81469,-116.4962,0.1635221,0.5265687,0.8239403,0.1307987
69221,4.911558,0.8199945,-1.446795,-1.18319,-0.1355558,-0.1459203,10.19966,-1.460515,-2.691179,-74.875,-35,338.625,-173.3868,-19.87477,-117.3822,0.1380687,0.5195075,0.8349864,0.1176727
69232,4.894683,0.8183027,-1.44935,-1.305237,-0.1308546,-0.1976851,10.396,-1.446149,-2.729487,-18,-39.875,315.875,-174.8241,-17.22634,-117.6606,0.1156328,0.5170013,0.8416256,0.1049056
69244,4.875747,0.8166433,-1.452703,-1.429744,-0.1252958,-0.2531468,10.22839,-1.766984,-2.695967,72.25,-44.25,282.875,-176.0273,-14.88649,-116.8667,0.0970577,0.5225926,0.8419942,0.0923175
69255,4.855919,0.815109,-1.456707,-1.541623,-0.1192948,-0.3113185,9.390394,-2.059087,-2.590619,150.25,-44.375,252.5,-176.9494,-12.94127,-115.1858,0.08270417,0.5348611,0.8369786,0.080935
69266,4.83462,0.8136461,-1.461555,-1.644987,-0.1129785,-0.3744305,8.547606,-2.269784,-2.41823,212.625,-40.375,226.375,-177.6779,-11.28103,-112.7507,0.07120591,0.552614,0.8273783,0.07065858
69278,4.811884,0.8122494,-1.467258,-1.744682,-0.1071895,-0.4376434,8.154942,-2.710333,-2.288939,226.625,-35.25,213.625,-178.2886,-9.747014,-110.1409,0.06083753,0.5714751,0.8160753,0.06112419
69289,4.78791,0.8109295,-1.473714,-1.844149,-0.1015314,-0.4965806,8.121422,-3.318482,-2.274573,189.5,-30,210.625,-178.8334,-8.231455,-108.0322,0.05038396,0.5866037,0.8066241,0.05210695
69301,4.762601,0.8096941,-1.480934,-1.945941,-0.0949904,-0.555133,8.202827,-3.586642,-2.260207,142.5,-28.5,209.875,-179.3032,-6.7223,-106.5627,0.03991868,0.5971324,0.7999743,0.04336629
69312,4.735348,0.8085266,-1.489161,-2.047709,-0.0877179,-0.6181693,7.901147,-3.620162,-2.188379,105.625,-29.75,204.5,-179.6846,-5.24244,-105.5828,0.02984508,0.604184,0.7955267,0.03476086
69324,4.708322,0.807501,-1.497765,-2.138322,-0.08115272,-0.6807393,7.32173,-3.658471,-2.08303,86.875,-30.75,194.375,-179.9633,-3.947901,-104.9084,0.02124431,0.6090423,0.7923894,0.02711546
69335,4.679322,0.8065339,-1.507538,-2.223246,-0.07414129,-0.7492541,6.569924,-3.562699,-2.006413,84.75,-30.875,178.25,179.831,-2.800942,-104.2677,0.01383824,0.6136063,0.7892324,0.0201992
69347,4.649296,0.8056684,-1.518261,-2.301023,-0.06632939,-0.8217348,5.947409,-3.409465,-1.958527,105.625,-30.5,161,179.7007,-1.864025,-103.3857,0.008033764,0.6197593,0.784619,0.01438254
69359,4.615949,0.8048608,-1.530786,-2.382281,-0.05769289,-0.8947864,5.746289,-3.859591,-1.987258,124.375,-29.25,143,179.6344,-1.060329,-102.175,0.003329733,0.6280801,0.7780872,0.009203663
69370,4.584213,0.804212,-1.54316,-2.456728,-0.05022088,-0.9578431,5.664884,-4.290563,-1.953738,118.5,-27.25,127.5,179.6244,-0.4875045,-101.1231,0.0001713156,0.6352288,0.7723053,0.005367571
69382,4.551062,0.8036441,-1.556563,-2.530843,-0.04335721,-1.023248,5.526015,-4.257042,-1.829235,100.25,-26.25,114.75,179.6608,-0.07944505,-100.294,-0.001828436,0.6408159,0.7676886,0.002429344
69393,4.517048,0.8031616,-1.570856,-2.60124,-0.03690366,-1.093034,5.233912,-3.960151,-1.709521,84,-26.375,100.75,179.7505,0.1322041,-99.69149,-0.002408227,0.6448476,0.7643072,0.0005223589
69405,4.481138,0.8027418,-1.586555,-2.66928,-0.03120131,-1.166975,4.9035,-3.826071,-1.599384,68.875,-26,86.125,179.8839,0.1629793,-99.27724,-0.001693306,0.6476066,0.761973,-0.0004273972
69416,4.447181,0.8024048,-1.601936,-2.729264,-0.02708485,-1.236234,4.673648,-3.763819,-1.494035,53.625,-25.5,72.5,-179.9639,0.03283567,-99.07697,5.363913E-05,0.648937,0.7608421,-0.0004223658
69428,4.410704,0.8020869,-1.619068,-2.789423,-0.02430862,-1.310091,4.472528,-3.672837,-1.379109,31.375,-25.25,57.125,-179.771,-0.2951582,-99.145,0.00319138,0.6484858,0.7612198,0.0006649403
69439,4.374066,0.8017935,-1.636901,-2.845414,-0.02278747,-1.385002,4.252254,-3.471716,-1.288126,11.5,-25.625,39.25,-179.5383,-0.841996,-99.46416,0.007823704,0.6463627,0.7629843,0.003002138
69451,4.335516,0.8015026,-1.656371,-2.900193,-0.02188698,-1.464773,4.070288,-3.227499,-1.249818,-6.875,-25.625,17.5,-179.2489,-1.692144,-100.0475,0.01450871,0.6424602,0.7661488,0.007104784
69462,4.297708,0.8012231,-1.676141,-2.954483,-0.02184029,-1.544839,4.242677,-2.882722,-1.187566,-18.75,-25.5,-4,-178.9211,-2.831328,-100.7608,0.02300393,0.6376439,0.7698775,0.01302757
69473,4.258653,0.8009229,-1.697256,-3.012339,-0.02315608,-1.628667,4.525203,-2.547522,-1.087006,-18.375,-26.5,-31.125,-178.5052,-4.381072,-101.4693,0.03428157,0.6327825,0.773276,0.02134044
69485,4.218758,0.8005896,-1.719465,-3.070549,-0.0256488,-1.709325,4.654494,-2.648082,-1.091795,-20.75,-27.125,-57.75,-178.0008,-6.240983,-102.2123,0.04773214,0.6275921,0.7764422,0.03142399
69496,4.178459,0.8002152,-1.742485,-3.127331,-0.02905258,-1.78639,4.716746,-2.691179,-1.120526,-40,-25.75,-87,-177.4159,-8.419467,-103.2184,0.06320198,0.6204861,0.7804521,0.04355633
69508,4.136796,0.7997915,-1.766906,-3.183786,-0.03238612,-1.866171,4.721534,-2.35119,-1.158835,-58.75,-24,-114.5,-176.72,-10.98402,-104.5478,0.08107063,0.6109952,0.7853159,0.05823627
69519,4.094575,0.7993031,-1.792257,-3.238969,-0.03746795,-1.94489,4.783786,-2.178801,-1.096583,-69.5,-23.125,-146.25,-175.8801,-13.91567,-106.0553,0.1013154,0.6000933,0.789911,0.07525924
69531,4.051953,0.7987281,-1.818387,-3.289545,-0.04437163,-2.016664,4.745477,-2.466116,-1.158835,-82.625,-21.875,-175.875,-174.8817,-17.08039,-107.7848,0.1230998,0.5875454,0.7942491,0.09383691
69542,4.008509,0.7980731,-1.84547,-3.341338,-0.05037846,-2.08295,5.114197,-2.461327,-1.431784,-101.375,-18.75,-203.875,-173.6826,-20.53922,-109.9177,0.1465978,0.5721508,0.7987593,0.114613
69554,3.963791,0.7973239,-1.873619,-3.404437,-0.05704087,-2.143095,6.239512,-2.140493,-1.604172,-103.625,-16,-234.25,-172.2006,-24.42286,-112.2897,0.1727646,0.5551757,0.8017656,0.1382189
69565,3.919046,0.796473,-1.901864,-3.471857,-0.0660226,-2.191517,7.178073,-2.121338,-1.743041,-87.625,-15,-264.25,-170.4121,-28.51061,-114.635,0.2006768,0.5388463,0.8017929,0.1627936
69576,3.872016,0.7954465,-1.931434,-3.540914,-0.07728065,-2.226365,7.953822,-2.379921,-2.054298,-65.125,-12.25,-298.625,-168.1398,-32.98939,-117.0851,0.2318821,0.5227332,0.7982372,0.1892036
69588,3.825391,0.7942864,-1.960466,-3.608181,-0.0897799,-2.24672,8.810977,-2.389498,-2.346401,-28,-8.5,-334.75,-165.4074,-37.62922,-119.4374,0.2651187,0.5088079,0.7901454,0.2156313
69599,3.778515,0.7929106,-1.989209,-3.674482,-0.107841,-2.253098,9.835732,-2.35119,-2.303304,41.75,-8.25,-379.625,-161.99,-42.57026,-121.4775,0.3024831,0.4994044,0.7750984,0.2414991
69611,3.729829,0.7911635,-2.018543,-3.731922,-0.1339216,-2.248507,10.32895,-2.590619,-2.054298,110.625,-12.75,-420.375,-157.5681,-47.84642,-123.4976,0.3448965,0.4938898,0.7524909,0.266227
69623,3.674584,0.7887608,-2.051238,-3.776386,-0.1642378,-2.234924,10.36247,-2.791739,-2.15007,157.375,-18.625,-457.25,-151.1022,-53.83273,-126.5584,0.3958369,0.4891423,0.7204655,0.2915175
69635,3.624075,0.7862256,-2.080736,-3.79963,-0.1907233,-2.219043,10.29065,-2.901876,-2.25063,162.375,-21,-477.75,-143.5039,-59.04579,-131.0335,0.4419219,0.48291,0.6881434,0.3129882
69647,3.574095,0.7834252,-2.109693,-3.808627,-0.2133927,-2.206612,9.926715,-2.681602,-2.332036,154.5,-19.875,-488.75,-133.7367,-63.74797,-137.8752,0.4858371,0.474241,0.6542122,0.333263
69659,3.523792,0.7803506,-2.138718,-3.810566,-0.2329106,-2.198718,9.663342,-2.035144,-2.375133,145.375,-16.75,-492.75,-120.7306,-67.72883,-148.1186,0.5278183,0.4631587,0.6183174,0.3529525
69670,3.474413,0.7770805,-2.16714,-3.802472,-0.2518124,-2.18861,9.931503,-1.790927,-2.355978,138.75,-13.875,-491.5,-104.3747,-70.44805,-161.877,0.5663424,0.4508391,0.5816236,0.3710991
69681,3.42615,0.7736674,-2.194877,-3.779965,-0.267319,-2.172414,10.48219,-1.944161,-2.595407,117,-10.5,-485,-85.9331,-71.51862,-178.063,0.6004487,0.4369095,0.5457739,0.388204
69693,3.376818,0.7700154,-2.223201,-3.73952,-0.2768339,-2.147044,11.26273,-2.178801,-3.098207,62.875,-4,-470,-67.53793,-70.884,165.1368,0.629872,0.4194229,0.5113938,0.4072126
69704,3.32959,0.7664312,-2.250284,-3.682273,-0.2794489,-2.111589,12.3641,-2.394287,-3.682414,-20.625,7.875,-446.125,-52.87862,-69.0242,150.9343,0.6509102,0.3990222,0.4824539,0.4293431
69715,3.283256,0.7628483,-2.276819,-3.601233,-0.2784775,-2.062379,13.98743,-2.71991,-4.103808,-123.25,21,-424.25,-41.66204,-66.44134,138.8403,0.6635011,0.3748023,0.4585021,0.4572366
69727,3.236337,0.7590907,-2.303769,-3.491226,-0.2796024,-2.00538,15.31865,-2.901876,-3.974517,-211.125,32.25,-407.125,-32.9353,-63.30524,127.9918,0.6684635,0.346498,0.4375159,0.491605
69738,3.193506,0.7555482,-2.32865,-3.377326,-0.2793365,-1.961881,15.15584,-2.571464,-3.859591,-259.625,40.625,-399.75,-26.81117,-60.00529,119.2249,0.6680367,0.3180315,0.4192459,0.5261328
69750,3.151002,0.7519808,-2.353861,-3.265768,-0.274101,-1.937086,13.78631,-1.618538,-3.826071,-272.5,52.25,-396.375,-22.05348,-56.34857,111.5685,0.6647092,0.2884206,0.4000202,0.5612124
69761,3.110209,0.7485161,-2.378689,-3.171864,-0.2693944,-1.93054,12.08157,-0.1628115,-3.284962,-252.375,67.625,-389.5,-18.35692,-52.58554,105.2403,0.6604009,0.2606608,0.379113,0.5934644
69773,3.069451,0.744993,-2.404196,-3.095926,-0.2676109,-1.937476,10.396,1.374321,-2.504424,-208.5,78,-375.875,-15.36453,-48.67007,100.073,0.6567064,0.2347658,0.3556536,0.6221996
69784,3.030151,0.741496,-2.429371,-3.039218,-0.2704353,-1.946887,9.275469,2.992859,-1.695155,-128.875,80.75,-353,-13.03894,-44.87391,96.54674,0.6565283,0.2131572,0.33071,0.643557
69796,2.990956,0.7378982,-2.454999,-2.991267,-0.274577,-1.955859,8.590702,4.122962,-1.312069,-28.875,75.25,-327.5,-11.21712,-41.19693,94.73512,0.6620942,0.1956361,0.3044477,0.656254
69807,2.953079,0.7343324,-2.48035,-2.939367,-0.2767146,-1.967343,8.49972,4.19958,-1.436572,74.375,65.25,-296.125,-9.848939,-38.02308,94.66978,0.6736999,0.183652,0.2796347,0.6589422
69819,2.915685,0.730759,-2.506226,-2.874038,-0.2746493,-1.988782,8.6338,3.342425,-1.838813,154.625,55.375,-263.25,-8.742288,-35.42521,95.93427,0.689966,0.1767098,0.2570424,0.6531844
69830,2.879363,0.7272586,-2.532473,-2.795761,-0.2694225,-2.020246,8.906748,2.35119,-2.106973,182.75,49.875,-226.5,-7.744915,-33.49991,97.7026,0.7066021,0.173963,0.2379012,0.6433145
69842,2.840881,0.7235085,-2.561903,-2.69616,-0.2627436,-2.061907,9.399971,1.54671,-2.130916,172.75,45.375,-182.25,-6.733332,-32.18155,99.57887,0.7219847,0.1748675,0.2217157,0.6316658
69854,2.807914,0.7202299,-2.588554,-2.598857,-0.258462,-2.101011,9.912349,1.120526,-1.934584,149,39.375,-148.625,-5.914832,-31.51797,100.9729,0.732572,0.1776535,0.21088,0.6223401
69865,2.77531,0.7168933,-2.616546,-2.493438,-0.2551674,-2.140704,10.28586,0.9816577,-1.795715,124.5,28.875,-117.625,-5.258101,-31.25431,102.17,0.7407665,0.1816267,0.203406,0.6139241
69877,2.744034,0.7136188,-2.645072,-2.390059,-0.250232,-2.179896,10.17093,1.043909,-1.886698,103.625,18,-91.25,-4.822953,-31.30171,103.2194,0.7470205,0.1861008,0.1991419,0.6063575
69889,2.711004,0.7101097,-2.67711,-2.292458,-0.2435487,-2.22363,9.20364,1.489247,-1.992047,87.875,9.125,-60.875,-4.595526,-31.68564,104.294,0.7522671,0.1917155,0.1978423,0.5984962
69900,2.683254,0.7071213,-2.705349,-2.223519,-0.239456,-2.262702,8.12621,1.992047,-1.91543,94.375,5.25,-37.5,-4.518151,-32.20443,105.3564,0.7568218,0.1974292,0.1981424,0.590747
69912,2.654863,0.704013,-2.735612,-2.162635,-0.2367654,-2.305243,7.364827,2.264996,-1.857967,107.875,4,-13.875,-4.541301,-32.96928,106.6946,0.7619769,0.2047922,0.1997395,0.5809953
69923,2.627689,0.7009902,-2.76584,-2.110144,-0.234728,-2.347241,6.938644,2.394287,-1.886698,115.375,6,14.75,-4.663629,-34.01999,108.1544,0.7667578,0.2138776,0.2029957,0.5702032
69935,2.601071,0.6979535,-2.796637,-2.06227,-0.2352739,-2.386082,6.862027,2.648082,-1.829235,119.75,9.125,42,-4.863532,-35.35772,109.6845,0.7708375,0.2247788,0.2077623,0.558676
69946,2.574576,0.6947989,-2.828489,-2.01296,-0.2396749,-2.419999,7.259479,2.78695,-1.695155,125.875,11.375,70.75,-5.185417,-37.06858,111.3505,0.774111,0.2380628,0.2144798,0.5459641
69958,2.549168,0.6915948,-2.860242,-1.958695,-0.2470018,-2.447809,7.99213,2.604985,-1.556287,123.25,10.75,96,-5.689197,-39.0844,113.0512,0.7759577,0.2528786,0.2232827,0.5329981
69969,2.524655,0.688314,-2.892145,-1.898215,-0.2540494,-2.47045,8.73436,2.174013,-1.599384,95.5,8.5,125.5,-6.502148,-41.45582,114.6109,0.7749808,0.2687248,0.2355084,0.521275
69981,2.500924,0.6850061,-2.924372,-1.833046,-0.2555148,-2.489299,9.256314,1.537132,-1.98247,21.625,8,156.5,-7.705927,-44.19542,115.5665,0.7686421,0.2843567,0.2527756,0.5142325
69992,2.477561,0.6816366,-2.957453,-1.767105,-0.2548643,-2.502184,9.648977,1.312069,-2.197956,-86.5,8.625,191.75,-9.325171,-47.37348,115.4545,0.7542866,0.2988028,0.2767371,0.5149615
70004,2.455544,0.6782902,-2.98974,-1.708093,-0.259605,-2.504823,10.11826,1.68079,-1.958527,-183.125,5.5,219.25,-11.18279,-50.70713,114.3216,0.7330328,0.310315,0.3050808,0.5227745
70015,2.433964,0.6747959,-3.022297,-1.657979,-0.2684702,-2.501298,10.22839,2.054298,-1.709521,-256,-3.375,237.5,-13.35847,-54.17486,112.5006,0.7058223,0.3185105,0.3373612,0.5353069
70026,2.412953,0.6712168,-3.054683,-1.62109,-0.2761431,-2.498722,9.749537,2.327247,-1.690367,-306.5,-14.875,244.875,-15.85194,-57.57639,110.3745,0.674764,0.3226117,0.3715231,0.5500781
70038,2.392133,0.6675365,-3.087214,-1.598697,-0.2826004,-2.498011,9.208428,2.782162,-1.594595,-322.125,-24,240.875,-18.55158,-60.79523,108.2651,0.6420491,0.3232269,0.4052594,0.5648558
70049,2.371444,0.6637867,-3.11972,-1.588904,-0.2879798,-2.496424,8.988154,3.289751,-1.450938,-302.875,-32.375,226.5,-21.38002,-63.6924,106.5739,0.6106384,0.3214391,0.4362697,0.5774656
70061,2.350401,0.6599249,-3.152794,-1.58598,-0.2910639,-2.492722,9.050406,3.495659,-1.431784,-261.25,-38.375,206.75,-24.42979,-66.30184,105.6149,0.5819074,0.3186797,0.4641941,0.5868142
70073,2.328795,0.6559656,-3.186612,-1.588713,-0.291123,-2.486595,9.165331,3.658471,-1.498824,-199.875,-41.75,180.625,-27.71897,-68.54413,105.6722,0.5578852,0.3161126,0.4880261,0.5921718
70085,2.307781,0.6521531,-3.219216,-1.598219,-0.2899615,-2.479785,9.165331,3.917054,-1.441361,-124.125,-42.875,152,-30.9411,-70.24338,106.7929,0.5413237,0.3150239,0.5057653,0.5932369
70096,2.286763,0.6483863,-3.251434,-1.614174,-0.2892904,-2.474322,9.031251,4.122962,-1.297704,-42.375,-42.625,125.5,-34.06376,-71.49381,108.9149,0.5319559,0.3163208,0.5181397,0.590335
70108,2.262865,0.644145,-3.287552,-1.634717,-0.2901206,-2.470618,8.921114,4.012825,-1.259395,56.875,-39.875,96.25,-37.32099,-72.42702,112.5242,0.5306843,0.3220958,0.5255502,0.5817435
70121,2.240854,0.6402277,-3.320421,-1.651997,-0.2940015,-2.466904,9.059982,3.701568,-1.245029,137.75,-35.75,73.75,-39.97288,-72.99047,116.5933,0.5359247,0.3311324,0.5275046,0.5699781
70132,2.219064,0.6362993,-3.352653,-1.665471,-0.3002703,-2.463597,9.160542,3.251442,-1.316858,192.375,-29.5,57.875,-42.22435,-73.38622,120.9721,0.54493,0.3428037,0.525948,0.5558018
70144,2.219064,0.6362993,-3.352653,0,0,0,9.189274,2.667236,-1.388687,205.75,-21.25,51.375,-44.19526,-73.77223,125.2293,0.5541672,0.355413,0.5229732,0.5413681
70156,2.219064,0.6362993,-3.352653,0,0,0,9.289834,2.308093,-1.446149,184.75,-11.25,51.375,-46.11692,-74.2644,129.342,0.5618805,0.3684438,0.519859,0.5275285
70167,2.219064,0.6362993,-3.352653,0,0,0,9.366451,2.25063,-1.460515,147.25,-2,55.125,-47.78728,-74.80814,132.5858,0.5660823,0.3791438,0.5178952,0.5172867
70179,2.219064,0.6362993,-3.352653,0,0,0,9.299411,2.212321,-1.470092,111.375,4.875,58.875,-49.42839,-75.4093,135.3249,0.5675923,0.388164,0.5171142,0.5096672
70190,2.219064,0.6362993,-3.352653,0,0,0,9.17012,2.078241,-1.522767,73.875,10.75,61.875,-51.15177,-76.06236,137.662,0.5665032,0.3954248,0.5177803,0.5045959
70202,2.219064,0.6362993,-3.352653,0,0,0,9.059982,1.877121,-1.652058,40,14.875,63.875,-53.05882,-76.73282,139.7442,0.5632561,0.4009055,0.5199163,0.5017015
70213,2.219064,0.6362993,-3.352653,0,0,0,9.074348,1.84839,-1.74783,9.125,17.375,65.25,-55.17577,-77.41161,141.6354,0.5580869,0.4047068,0.5234331,0.5007687
70225,2.219064,0.6362993,-3.352653,0,0,0,9.318565,2.025567,-1.733464,-12,17.25,64.625,-57.29789,-78.04012,143.2579,0.5519268,0.4069578,0.527642,0.5013543
70236,2.219064,0.6362993,-3.352653,0,0,0,9.677709,2.068664,-1.824447,-16.25,14.75,60.75,-59.50373,-78.58723,144.9085,0.5458955,0.4084577,0.5319331,0.5022027
70247,2.219064,0.6362993,-3.352653,0,0,0,9.969811,2.063875,-1.905853,-9.875,10.25,53.25,-61.61817,-79.00116,146.5614,0.5409862,0.4095309,0.5356668,0.5026725
70259,2.219064,0.6362993,-3.352653,0,0,0,10.03206,2.130916,-1.929795,4.25,5.375,44.875,-63.50534,-79.27911,148.1707,0.5376582,0.4105564,0.5384693,0.5024121
70270,2.218855,0.6362774,-3.352527,-0.01609018,-0.001688631,0.009689944,9.960235,2.154858,-1.877121,28.25,-0.375,34.375,-64.95132,-79.40651,149.6576,0.5366639,0.4120208,0.5397416,0.500909
70283,2.21838,0.6362063,-3.352294,-0.03246312,-0.004860409,0.01592486,9.67292,1.953738,-1.786138,51.625,-6.25,24,-66.16792,-79.40466,151.2708,0.5379733,0.414306,0.5396325,0.4977269
70295,2.217765,0.6361067,-3.352078,-0.0463066,-0.00749221,0.01619784,9.275469,1.810081,-1.786138,59.75,-9.25,18.25,-67.04007,-79.32145,152.616,0.5401424,0.4163465,0.5389935,0.4943559
70306,2.216986,0.635977,-3.351907,-0.05955734,-0.009913953,0.01313966,9.021674,1.738253,-1.800504,59.25,-10.75,14.875,-67.7239,-79.19379,153.7608,0.5425362,0.4180019,0.5382739,0.4911112
70318,2.21606,0.6358094,-3.351782,-0.07130405,-0.01290957,0.009569833,8.992943,1.604172,-1.795715,51.875,-11.75,13.125,-68.3709,-79.05488,154.772,0.54456,0.4191337,0.5378981,0.4883106
70330,2.214947,0.6355843,-3.351677,-0.08247964,-0.01667969,0.007777617,9.141388,1.522767,-1.81487,38.875,-13.25,11.75,-69.02986,-78.89466,155.6352,0.5459834,0.419407,0.5381742,0.4861775
70341,2.213787,0.6353265,-3.351575,-0.09319822,-0.02072161,0.008251763,9.308989,1.561075,-1.834024,30.125,-15.75,10.125,-69.55729,-78.71414,156.2415,0.5470222,0.4189239,0.538819,0.4847098
70352,2.212427,0.6349951,-3.351442,-0.1041606,-0.02538045,0.01016988,9.414337,1.54671,-1.867544,25.5,-19.5,7.5,-70.0427,-78.46996,156.7502,0.5481625,0.4177862,0.5397619,0.4833526
70364,2.210935,0.6345986,-3.351283,-0.1145378,-0.03042318,0.01217616,9.419126,1.508401,-1.891487,21.25,-23,5.375,-70.49021,-78.1781,157.1662,0.5493206,0.4160952,0.5409757,0.4821379
70375,2.209296,0.6341268,-3.351099,-0.1239481,-0.0357017,0.01388203,9.390394,1.431784,-1.934584,13.875,-26.25,4.125,-70.98181,-77.84054,157.5288,0.5502626,0.4137021,0.5427073,0.4811761
70387,2.209296,0.6341268,-3.351099,0,0,0,9.43828,1.350378,-1.94895,2.75,-28.75,4.125,-71.5433,-77.49586,157.8215,0.550595,0.4106539,0.5450606,0.480747
70399,2.209296,0.6341268,-3.351099,0,0,0,9.486166,1.316858,-1.94895,-12,-31.875,4.875,-72.26538,-77.09677,158.0417,0.5501069,0.4062687,0.5485758,0.4810331
70410,2.209296,0.6341268,-3.351099,0,0,0,9.481377,1.273761,-1.91543,-26.5,-34.75,6.125,-73.05289,-76.71369,158.1701,0.5488009,0.4012721,0.5527081,0.4819876
70422,2.209296,0.6341268,-3.351099,0,0,0,9.57236,1.197144,-1.843601,-41.125,-37,7.625,-73.96017,-76.34079,158.2317,0.5465401,0.3955094,0.5576271,0.4836512
70434,2.209296,0.6341268,-3.351099,0,0,0,9.754326,1.110949,-1.819658,-60.75,-39.375,10.125,-75.10217,-75.96074,158.2289,0.5428364,0.3883877,0.5638891,0.4863259
70445,2.209296,0.6341268,-3.351099,0,0,0,10.04164,0.8906748,-1.843601,-84.625,-40.625,13.875,-76.49314,-75.62842,158.2225,0.5375657,0.3804511,0.5712012,0.4899074
70456,2.209296,0.6341268,-3.351099,0,0,0,10.22361,0.517166,-1.886698,-123.625,-41.375,21,-78.45795,-75.33978,158.2332,0.5291499,0.3703503,0.5809656,0.495298
70468,2.209296,0.6341268,-3.351099,0,0,0,9.888406,0.6943433,-1.800504,-164,-43.5,32,-80.84756,-75.0794,158.1139,0.517655,0.3578098,0.5928698,0.5025046
70479,2.209296,0.6341268,-3.351099,0,0,0,9.390394,1.043909,-1.666424,-187.25,-48.625,44.875,-83.62791,-74.81644,158.1028,0.5043219,0.3439451,0.6059436,0.5100917
70491,2.209296,0.6341268,-3.351099,0,0,0,9.131811,1.441361,-1.762195,-183.25,-55.375,53.375,-86.67968,-74.47213,158.3726,0.4908375,0.3297552,0.619281,0.5165571
70503,2.209296,0.6341268,-3.351099,0,0,0,8.825342,1.652058,-1.934584,-150.625,-61.25,57.75,-90.23121,-73.97503,159.2533,0.4777021,0.3157194,0.6331496,0.5208106
70514,2.209296,0.6341268,-3.351099,0,0,0,8.557182,1.450938,-2.169224,-108.25,-64,58.25,-93.3354,-73.48082,160.5931,0.4687062,0.3063767,0.6437429,0.5215774
70526,2.209224,0.6340658,-3.351197,-0.005545495,-0.004671398,-0.007450142,8.59549,1.192355,-2.389498,-74,-63.25,56.75,-96.51286,-72.93582,162.374,0.4611611,0.299129,0.6535778,0.5202773
70538,2.209056,0.633916,-3.351364,-0.01179493,-0.01053509,-0.0117853,8.844497,1.134892,-2.523579,-36.125,-60.875,52.25,-99.57462,-72.33218,164.4608,0.4555124,0.2941598,0.6623524,0.5169795
70550,2.208825,0.6336784,-3.351545,-0.01738194,-0.01787568,-0.01356371,9.026463,0.9960235,-2.571464,-1,-58.875,45.375,-101.9978,-71.76452,166.4544,0.4526263,0.2920365,0.6687593,0.5124502
70561,2.20857,0.6333544,-3.351722,-0.02044652,-0.02598678,-0.01422132,9.098291,0.7230747,-2.691179,23.625,-56.75,39,-103.9732,-71.22662,168.3514,0.4515204,0.2917653,0.6735936,0.507222
70573,2.208272,0.632956,-3.35193,-0.02237844,-0.02986722,-0.01560957,8.897171,0.6991318,-3.136516,28,-53.125,37,-105.8613,-70.61052,170.2204,0.4508233,0.2915946,0.678484,0.5013887
70584,2.207936,0.6325853,-3.352191,-0.02639893,-0.02916108,-0.02051716,8.504508,0.9194063,-3.366368,20.25,-49.375,39.625,-107.5059,-70.01447,171.736,0.4497004,0.2907203,0.683291,0.4963514
70596,2.207495,0.632171,-3.352517,-0.03339249,-0.03132673,-0.02463741,8.638588,0.9577149,-3.217922,14,-51,40.375,-109.1013,-69.40587,173.1067,0.4480684,0.2893371,0.6883579,0.491612
70607,2.206949,0.6317208,-3.352789,-0.04192064,-0.03458555,-0.02090755,9.20364,1.000812,-3.423831,16.125,-60.5,36.25,-110.4524,-68.68301,174.2682,0.4471652,0.2874285,0.6934683,0.4863434
70618,2.206268,0.6312733,-3.352961,-0.05318202,-0.03494091,-0.01341521,9.376028,1.264184,-3.787762,29.5,-77,28.625,-111.3883,-67.71939,175.1941,0.4483171,0.2849863,0.6985105,0.4794556
70630,2.205454,0.6308613,-3.353095,-0.0629897,-0.03187679,-0.01033988,8.858863,1.221087,-4.127751,39.25,-94.25,22.125,-112.0748,-66.46159,176.0069,0.4511763,0.281792,0.704015,0.4705274
70641,2.204589,0.6305218,-3.353222,-0.06695521,-0.02629535,-0.009834687,8.418314,0.8667319,-4.620974,24.75,-109.75,19.5,-112.7448,-64.93878,176.6269,0.4538643,0.2764985,0.7109386,0.4605672
70653,2.203707,0.6302379,-3.353267,-0.06660621,-0.02142982,-0.003434996,8.6338,0.5602632,-5.162083,-14.25,-126.625,18.25,-113.4615,-63.13648,176.7819,0.4549195,0.2670696,0.7201565,0.4506625
70664,2.202855,0.6299807,-3.35312,-0.0662856,-0.02001371,0.01148914,9.160542,0.5267432,-5.573901,-51.125,-145.75,14.875,-114.077,-61.17668,176.3803,0.4546467,0.2539119,0.7306646,0.4415365
70675,2.201969,0.62971,-3.352692,-0.06825049,-0.02086749,0.03295911,9.476588,0.742229,-5.966564,-80.25,-169.375,8,-114.5363,-58.91639,175.4356,0.4539547,0.2365358,0.7424624,0.4321175
70687,2.201035,0.6293931,-3.351946,-0.07180976,-0.02435343,0.05731124,9.514897,0.933772,-6.277821,-93.375,-190.125,-1.375,-114.8521,-56.40023,174.1793,0.4536517,0.2163807,0.7546308,0.421796
70698,2.200051,0.6290014,-3.35082,-0.07556414,-0.03007934,0.08647973,9.591515,1.096583,-6.794987,-95.375,-209.25,-13.75,-115.0264,-53.63655,172.7729,0.4543968,0.1943943,0.7665644,0.4100164
70710,2.199023,0.628485,-3.349272,-0.07905733,-0.03972448,0.1191147,9.601091,1.177989,-7.235536,-85.75,-225.375,-25.75,-115.1163,-50.67939,171.4313,0.4564919,0.1719664,0.7777585,0.3964019
70721,2.197895,0.6277245,-3.347205,-0.08488486,-0.05721818,0.1554955,9.73996,1.273761,-7.470176,-61.125,-244.375,-40.25,-115.0895,-47.44376,170.3021,0.4608466,0.1498165,0.7880005,0.3797771
70734,2.196501,0.6266201,-3.34455,-0.1024704,-0.08116419,0.1951354,9.917137,1.968104,-7.542005,-3.125,-268.125,-57.25,-114.8227,-43.85566,169.7207,0.4694432,0.1303082,0.7964799,0.358138
70745,2.194828,0.6251956,-3.341555,-0.1276156,-0.1086521,0.2283783,9.577148,2.35119,-7.45581,81,-290.875,-72.375,-114.3659,-40.13926,170.1095,0.4822927,0.11724,0.8024668,0.3312036
70757,2.19287,0.6233166,-3.33826,-0.1499433,-0.1439566,0.2524498,8.997731,1.733464,-7.369616,153.875,-308.125,-80,-113.8431,-36.27627,171.4712,0.4978327,0.1102264,0.8067166,0.2986989
70769,2.190354,0.6204656,-3.334307,-0.1723884,-0.1952998,0.2708062,8.667319,1.019966,-7.273844,171.25,-314.25,-76.625,-113.2646,-31.991,173.341,0.5144569,0.1046796,0.8102709,0.2604561
70781,2.187701,0.6171545,-3.33061,-0.1993094,-0.2487537,0.2777496,8.389583,1.072641,-6.871604,159.625,-313.75,-66.375,-112.7405,-28.24504,174.885,0.5274847,0.09896529,0.8126942,0.2269231
70793,2.184642,0.6131505,-3.327035,-0.2324596,-0.304303,0.271665,7.872416,1.288126,-6.325706,150.875,-312,-56,-112.2371,-24.6906,176.2694,0.5385193,0.09272922,0.8144463,0.1951296
70804,2.181243,0.6084719,-3.323719,-0.2639419,-0.3633034,0.257554,7.537216,0.9720806,-6.105432,132.5,-307.625,-43.5,-111.8444,-21.36869,177.4668,0.5470754,0.08586556,0.8160154,0.1656943
70815,2.177454,0.6029459,-3.320677,-0.2939239,-0.4286648,0.2359406,7.398347,0.6081489,-5.846849,93.25,-299.125,-28.125,-111.6082,-18.261,178.2613,0.5528481,0.07678349,0.8178996,0.1396546
70827,2.173122,0.5963041,-3.317916,-0.3256615,-0.4993474,0.2076133,7.202016,0.5458975,-5.727135,54.375,-288.75,-15.125,-111.5022,-15.26633,178.6101,0.5564294,0.0648131,0.8201224,0.1165548
70838,2.168559,0.5890663,-3.315615,-0.3558611,-0.5643525,0.1793701,6.675272,0.6129375,-6.038392,27.125,-272.25,-5,-111.5142,-12.57949,178.6124,0.5581776,0.0516932,0.8223698,0.09733211
70850,2.163576,0.5809741,-3.313681,-0.385201,-0.6256567,0.1495541,6.057547,0.6560347,-6.277821,25,-252.375,-0.5,-111.5812,-10.10152,178.588,0.559096,0.03934246,0.8243248,0.07970189
70861,2.158214,0.5720963,-3.312179,-0.4144099,-0.6860701,0.116073,5.707981,0.6368804,-6.234724,48.5,-229.375,-1.375,-111.6284,-7.941002,178.862,0.5599332,0.03070907,0.8255802,0.06284264
70873,2.15235,0.5622658,-3.311162,-0.4466037,-0.7487145,0.07745343,5.626575,0.6991318,-6.057547,86.875,-211,-4.875,-111.6038,-6.04464,179.6139,0.5611242,0.02685133,0.8260439,0.04549966
70884,2.146106,0.5517474,-3.310721,-0.4819403,-0.8117878,0.03403862,5.612209,0.7901148,-5.808541,138.5,-195,-9,-111.4816,-4.443678,-179.0176,0.5627683,0.02890405,0.8256607,0.02721853
70896,2.139378,0.540329,-3.3109,-0.5162079,-0.8761859,-0.01374719,5.482918,0.4884346,-5.645729,190.875,-181.625,-10.5,-111.2819,-3.051397,-176.9336,0.5645635,0.03710098,0.8245267,0.006876688
70907,2.132289,0.5281441,-3.311705,-0.546901,-0.939977,-0.06208276,5.248278,0.03352002,-5.693615,209.5,-166,-6.375,-111.0687,-1.874073,-174.5704,0.5658396,0.04828928,0.8229921,-0.01333248
70919,2.124819,0.5151215,-3.313134,-0.5745397,-1.00166,-0.1099753,4.9035,-0.3447773,-5.803752,185.875,-144.25,6.5,-110.9701,-0.938607,-172.476,0.5658242,0.05869251,0.8218707,-0.03044167
70930,2.116957,0.5012854,-3.315233,-0.603058,-1.061214,-0.1609298,4.692803,-0.3495659,-5.645729,135.75,-121.625,22.625,-111.0591,-0.276421,-171.0649,0.5644146,0.06557842,0.8218047,-0.04210391
70941,2.108467,0.4864219,-3.318159,-0.640715,-1.121688,-0.2208298,4.898712,0.2537944,-5.162083,96.25,-99.125,35.875,-111.3358,0.04284279,-170.2979,0.5619426,0.06962267,0.8228421,-0.04800171
70954,2.099097,0.4702249,-3.322087,-0.6875407,-1.188504,-0.2882711,5.43982,0.6512461,-4.817306,102,-81.625,38.625,-111.6822,0.05020275,-169.512,0.5591066,0.0753848,0.8240426,-0.05167965
70965,2.089469,0.4536941,-3.32674,-0.732671,-1.257957,-0.3540496,5.822906,0.4070288,-4.711957,120.25,-64.625,36.25,-112.0132,-0.2091059,-168.4661,0.5564192,0.0843249,0.8248017,-0.054674
70977,2.079398,0.4363999,-3.332187,-0.7732535,-1.327876,-0.4182536,5.827695,-0.03830859,-4.664072,116.25,-45.125,35.125,-112.3626,-0.7145963,-167.408,0.5537676,0.09455796,0.8253951,-0.05588507
70989,2.067294,0.4156457,-3.339474,-0.8183498,-1.403159,-0.4926322,5.626575,-0.06225147,-4.477317,90,-16.5,35.75,-112.8466,-1.686913,-166.6001,0.5506471,0.1052779,0.8264171,-0.05233675
71001,2.055981,0.3963945,-3.346838,-0.861485,-1.466089,-0.5608116,5.54038,0.2490059,-4.276197,72.25,13,35.25,-113.3488,-2.921893,-166.1782,0.5477905,0.1144123,0.8275362,-0.04493662
71013,2.04421,0.3766002,-3.355023,-0.905501,-1.522637,-0.6296684,5.291375,0.4932232,-4.108597,69.5,42.125,33.375,-113.9054,-4.490469,-165.8416,0.5448059,0.1244259,0.8285589,-0.03456766
71024,2.031877,0.3561743,-3.364097,-0.9499791,-1.5734,-0.6989101,5.051946,0.6704004,-3.979305,75.625,76.625,30.25,-114.5249,-6.462928,-165.452,0.54159,0.1365723,0.8292005,-0.02132902
71036,2.019004,0.3352012,-3.374033,-0.99598,-1.622678,-0.768802,5.176449,0.8092691,-3.739877,89.875,108.75,25.5,-115.1854,-8.84603,-164.8741,0.5382592,0.1517585,0.8289831,-0.005784874
71047,2.005224,0.3131703,-3.38508,-1.046937,-1.673827,-0.8392466,5.569112,1.005601,-3.562699,111.875,139.375,19,-115.8885,-11.69096,-163.9827,0.5348612,0.1709934,0.8273711,0.01191562
71059,1.990946,0.2908158,-3.396785,-1.101293,-1.724222,-0.9028501,6.014449,1.115738,-3.720722,145,172.75,10,-116.6153,-14.89754,-162.6409,0.5316057,0.1946482,0.8237606,0.03043313
71070,1.97591,0.2677729,-3.409224,-1.156608,-1.772532,-0.9568215,6.354438,0.9385605,-4.118174,172.5,206.25,1.375,-117.4316,-18.46749,-160.8445,0.5282264,0.2225151,0.8179059,0.04993835
71081,1.960333,0.2443861,-3.422146,-1.2101,-1.816727,-1.003855,6.536404,0.708709,-4.242677,190.375,244.875,-7.375,-118.4041,-22.41457,-158.6997,0.5244508,0.2535219,0.8096919,0.07125291
71093,1.94371,0.2199504,-3.435907,-1.26737,-1.863046,-1.04913,7.101456,0.7326519,-3.883534,204.5,275.625,-16.125,-119.595,-26.82449,-156.1613,0.520191,0.2878014,0.7984557,0.09508086
71104,1.926438,0.1950221,-3.449976,-1.327676,-1.916238,-1.081505,8.418314,0.4213945,-3.730299,221.25,300.125,-28,-121.0224,-31.49886,-153.1404,0.5156922,0.3245356,0.7838323,0.1197708
71116,1.908464,0.1694789,-3.464186,-1.386777,-1.970774,-1.096378,9.53884,-0.2059087,-3.859591,225,316.375,-41,-122.7324,-36.27183,-149.7411,0.5109242,0.3616945,0.7662541,0.1448736
71127,1.889709,0.1432066,-3.478427,-1.442622,-2.020788,-1.095361,10.3098,-0.8236348,-4.017614,206.75,331.25,-55.875,-124.7909,-41.1245,-146.1871,0.5056079,0.397,0.7465228,0.1716255
71139,1.870055,0.1160896,-3.492625,-1.496476,-2.064797,-1.081127,11.00893,-1.221087,-4.003248,173.75,342.5,-68.625,-127.3117,-46.03732,-142.5653,0.4992778,0.4290227,0.7254869,0.2008232
71150,1.850095,0.08901931,-3.50632,-1.548635,-2.100267,-1.062528,11.31061,-1.149258,-3.691991,136.5,350.375,-79.75,-130.2966,-50.8413,-138.9621,0.4920291,0.4562251,0.7043142,0.2317488
71162,1.828826,0.06082947,-3.520176,-1.603868,-2.12577,-1.044846,11.24357,-0.6560347,-3.375945,105.25,357.375,-86.875,-134.0772,-55.72129,-134.9587,0.4834011,0.4801955,0.6821346,0.2653828
71174,1.806195,0.03164481,-3.534207,-1.65538,-2.134786,-1.02634,10.98499,-0.6464576,-3.495659,82.125,368.625,-93.75,-139.1339,-60.59542,-129.9841,0.4730231,0.5016516,0.6587812,0.3010021
71185,1.784098,0.003866805,-3.54732,-1.69313,-2.12842,-1.0047,10.96584,-1.201932,-3.644105,41.375,387.875,-101.875,-145.8285,-65.04556,-123.8913,0.4603151,0.518451,0.6369767,0.3370154
71197,1.761518,-0.02376143,-3.560187,-1.727784,-2.114028,-0.9845603,11.00893,-0.9912349,-3.213133,1.625,405,-112,-155.2678,-69.26474,-115.5598,0.4450533,0.53149,0.6150656,0.3756864
71210,1.735174,-0.05479776,-3.574574,-1.772352,-2.08802,-0.9679478,10.9802,-0.02394287,-2.65287,0.625,414.25,-127.375,-170.9225,-73.48986,-101.1433,0.427746,0.5438917,0.5869367,0.4203813
71221,1.711604,-0.08156542,-3.587008,-1.807063,-2.052263,-0.9532472,11.13822,0.1245029,-2.662447,34.875,413.625,-143,169.6979,-75.95441,-82.35587,0.4146872,0.5545251,0.5584738,0.4567753
71233,1.687556,-0.1078854,-3.599296,-1.830304,-2.003194,-0.935281,11.50216,-0.3160459,-2.695967,59.25,408.25,-155.5,146.4506,-76.54116,-59.34561,0.4030847,0.5646223,0.527436,0.4904446
71244,1.663767,-0.1329907,-3.611086,-1.841207,-1.943132,-0.9125192,12.11988,-0.8092691,-2.628927,59.375,397,-163.375,125.7402,-75.19622,-38.83284,0.3920018,0.572544,0.4968061,0.5212596
71256,1.640066,-0.1570901,-3.622563,-1.841187,-1.872095,-0.8915215,12.33537,-1.130104,-2.633716,34,382.5,-162.375,110.7689,-72.60648,-24.35359,0.3797278,0.5773738,0.468658,0.5502782
71267,1.61593,-0.1806776,-3.63417,-1.832753,-1.791135,-0.8813923,11.89482,-1.182778,-2.68639,-13,366.75,-152,100.5869,-69.39572,-15.25507,0.3643464,0.5786467,0.4444053,0.5787261
71279,1.591921,-0.2031898,-3.645836,-1.819859,-1.706372,-0.8842667,11.28188,-1.000812,-2.581042,-59.75,354,-135.25,93.75155,-66.00214,-10.07479,0.3456551,0.5770602,0.4246257,0.6059844
71290,1.568965,-0.223815,-3.657194,-1.804397,-1.621225,-0.8927872,11.16217,-0.8284234,-2.38471,-101.75,340.75,-111.875,89.26369,-62.75596,-7.658366,0.3244134,0.5737175,0.4097644,0.6306325
71302,1.545894,-0.2436185,-3.668898,-1.785448,-1.532545,-0.9057775,11.09992,-0.7230747,-2.121338,-135.25,323.375,-90.125,86.01411,-59.63821,-6.895163,0.3004109,0.5688415,0.3985623,0.6536977
71313,1.52246,-0.2627951,-3.681206,-1.76219,-1.442061,-0.9255177,10.79345,-0.7230747,-1.819658,-156.75,304.375,-68.625,83.58716,-56.67907,-7.2689,0.2741275,0.5629608,0.3903813,0.6749309
71325,1.500166,-0.2801937,-3.693385,-1.737964,-1.3563,-0.9494359,10.51092,-0.6608232,-1.494035,-170.5,287.375,-50.625,81.77735,-54.05529,-8.306496,0.2479065,0.5566903,0.3848627,0.6931949
71336,1.477987,-0.296621,-3.706012,-1.714781,-1.270085,-0.9762585,10.38642,-0.3974517,-1.139681,-172.875,270.5,-36.375,80.24213,-51.64103,-9.643096,0.2218227,0.550022,0.3806387,0.7094961
71348,1.455553,-0.3122761,-3.719308,-1.695396,-1.183127,-1.00482,10.26191,0.0191543,-0.6081489,-150.25,251.125,-27.75,78.78876,-49.42621,-10.80127,0.198082,0.5435605,0.3759148,0.7238741
71359,1.43385,-0.3264714,-3.732648,-1.679791,-1.09871,-1.032528,10.22361,0.3543545,-0.1101372,-104.625,233.25,-27.375,77.35603,-47.49962,-11.32775,0.1799419,0.5381961,0.3693289,0.735909
71370,1.412356,-0.3395982,-3.746331,-1.664455,-1.016476,-1.059489,10.1422,0.4166059,0.3782974,-47.5,214.875,-31.625,75.9172,-45.80579,-11.12528,0.1678454,0.5341898,0.3603215,0.7460815
71382,1.390264,-0.3521546,-3.760935,-1.644444,-0.9346718,-1.087099,10.00812,0.1436572,0.7805376,-17.875,202.625,-34.5,74.50587,-44.18926,-10.62554,0.1584223,0.5307502,0.3500417,0.755432
71394,1.368469,-0.3635644,-3.775881,-1.62105,-0.8486324,-1.11165,10.40557,0.1101372,0.967292,-21.75,196.25,-31.25,73.24259,-42.65607,-10.30878,0.1489156,0.5271973,0.3406506,0.7640972
71406,1.347521,-0.3735065,-3.790689,-1.60018,-0.7594585,-1.131173,10.8557,0.450126,1.326435,-38.375,192.625,-23.5,72.15407,-41.19212,-10.29714,0.1384229,0.5234959,0.3326355,0.7721042
71417,1.326539,-0.3823937,-3.80592,-1.582957,-0.6704779,-1.149068,10.75514,0.7230747,1.905853,-48.375,189.5,-17.625,71.1423,-39.70854,-10.45743,0.1270248,0.5196841,0.324964,0.7798664
71430,1.303658,-0.3908339,-3.82295,-1.566897,-0.577983,-1.166175,10.45825,0.7709605,2.662447,-55.5,188.125,-17.125,70.0332,-38.03375,-10.73849,0.1137018,0.5151447,0.3164563,0.7883865
71442,1.283286,-0.3973207,-3.838385,-1.554367,-0.4949427,-1.177718,10.50134,0.9146177,3.261019,-58.125,189.125,-22.875,68.92908,-36.50932,-10.95225,0.1017319,0.5103178,0.3083674,0.7963266
71453,1.262753,-0.4027162,-3.854192,-1.541307,-0.4050143,-1.186556,10.83175,1.149258,3.567488,-48.625,192.375,-33.875,67.61608,-34.95967,-10.92659,0.09091454,0.5045459,0.2989744,0.8048493
71465,1.243315,-0.4066763,-3.8694,-1.52776,-0.3112501,-1.195305,11.1909,1.527555,3.577065,-25.875,198,-46.25,66.16895,-33.47721,-10.49614,0.08316537,0.4984819,0.2881135,0.8133819
71476,1.223841,-0.4093667,-3.884921,-1.512558,-0.2089652,-1.205456,11.47342,1.963315,3.553122,19.125,205.25,-61,64.50032,-31.94096,-9.36458,0.07995798,0.4923141,0.2737964,0.8223559
71487,1.203928,-0.4107453,-3.901233,-1.489049,-0.103088,-1.219825,11.36329,1.824447,3.462139,74.375,214.375,-78.75,62.59784,-30.25713,-7.419231,0.08193091,0.4860193,0.2549838,0.8318989
71499,1.185258,-0.410859,-3.917088,-1.458012,-0.008880742,-1.238139,10.87964,1.355167,3.481293,104,222.875,-93.375,60.72829,-28.52184,-5.2479,0.08610827,0.4796724,0.2347537,0.841065
71510,1.166937,-0.4098043,-3.933405,-1.417026,0.08157566,-1.262085,10.59233,0.9146177,3.366368,104.125,231.125,-103.875,58.87135,-26.65174,-3.177567,0.08973288,0.4724645,0.2139167,0.8502735
71522,1.149291,-0.4075995,-3.950075,-1.367197,0.170822,-1.291543,10.53965,0.6273032,3.179613,82.625,235.875,-105.625,57.16036,-24.72423,-1.550851,0.09079979,0.4647092,0.1943092,0.8590953
71533,1.131907,-0.4041363,-3.967681,-1.311666,0.2613142,-1.328447,10.31459,0.5937832,3.031168,53,237,-100.25,55.60524,-22.73408,-0.4211308,0.08874207,0.4566343,0.1760202,0.8675407
71545,1.115762,-0.3996837,-3.985301,-1.255931,0.3463711,-1.37064,9.936292,0.5889946,2.930608,39.25,233.5,-94.25,54.26524,-20.85806,0.3844126,0.08548898,0.4490556,0.1595916,0.8749694
71556,1.10025,-0.3941211,-4.003716,-1.197042,0.4292476,-1.42099,9.581937,0.4980117,2.681602,40.875,226,-90,53.04078,-19.09138,1.120493,0.08267204,0.4417635,0.1440716,0.8816199
71568,1.085443,-0.387486,-4.02299,-1.137286,0.5096499,-1.480458,9.150966,0.5219546,2.332036,60,213,-87.875,51.89144,-17.51608,2.053517,0.08253229,0.4348021,0.1291448,0.8873879
71579,1.071409,-0.3798584,-4.04308,-1.07976,0.5868254,-1.54568,8.681685,0.7039204,2.174013,97.875,194.75,-89.125,50.77198,-16.18099,3.469499,0.08738546,0.4281018,0.1142401,0.8922118
71590,1.058102,-0.3712824,-4.064117,-1.022046,0.6586798,-1.615722,8.231559,0.6512461,2.044721,157.625,166.5,-94.375,49.63805,-15.19287,5.636783,0.09965931,0.421466,0.09938157,0.8958559
71602,1.045361,-0.3616686,-4.086557,-0.9610909,0.7252442,-1.692834,7.834107,0.4118174,1.790927,210.5,134.875,-99.375,48.47879,-14.57965,8.482018,0.1188386,0.414673,0.08526936,0.8981386
71614,1.033122,-0.3509545,-4.110854,-0.8969073,0.7851475,-1.780475,7.292999,0.06704004,1.383898,247.375,99.25,-100,47.31662,-14.40629,11.82618,0.1436647,0.4078279,0.07322473,0.8987074
71626,1.022188,-0.340036,-4.135371,-0.8342695,0.8330866,-1.870714,6.723158,-0.3782974,1.144469,245.125,65.375,-93.25,46.30266,-14.65386,14.88185,0.1678205,0.4018526,0.06577308,0.8977888
71637,1.01213,-0.3287369,-4.161047,-0.7703075,0.8653049,-1.966237,5.889946,-1.211509,1.130104,200.125,37.125,-79.625,45.48711,-15.23745,17.07854,0.186421,0.3971022,0.06401657,0.8963587
71650,1.001851,-0.3154797,-4.191791,-0.6947702,0.8961161,-2.078129,5.731924,-1.628115,0.9481377,97.5,9.125,-61.5,44.77312,-16.34685,17.89947,0.1958692,0.3928454,0.07120809,0.895677
71662,0.9936428,-0.3033141,-4.220264,-0.6258692,0.9276128,-2.171044,6.215569,-1.398264,1.087006,9.5,-18.25,-48.375,44.19775,-17.71865,17.53885,0.1968348,0.3891274,0.08435518,0.8959466
71673,0.9863524,-0.29066,-4.250006,-0.5541487,0.9618475,-2.260703,6.603444,-1.364744,1.000812,-62.5,-46.5,-42.75,43.58622,-19.48324,16.29085,0.1918477,0.3844723,0.103684,0.8970091
71685,0.9801364,-0.277753,-4.280221,-0.4824607,1.00179,-2.345144,7.125399,-1.082218,0.7182862,-113.25,-69.5,-43.5,42.88106,-21.52841,14.56324,0.1836189,0.3782412,0.1269258,0.8983917
71696,0.9748046,-0.2642183,-4.311429,-0.4139277,1.050747,-2.422827,7.628199,-0.3112573,0.5794175,-117.125,-90,-54.375,41.91137,-23.80941,13.071,0.1773018,0.3696055,0.1515572,0.8994367
71708,0.9701031,-0.2494519,-4.344637,-0.3533096,1.109669,-2.495548,7.743124,0.8715205,0.5602632,-44.125,-110.375,-79.875,40.356,-26.31405,12.98533,0.1813613,0.3578877,0.1742999,0.8992464
71719,0.966193,-0.2343558,-4.377468,-0.3049995,1.177548,-2.560853,7.843685,2.279361,0.2059087,90.75,-125,-111.125,38.1507,-28.71426,15.24231,0.2017475,0.3448879,0.1902903,0.8967385
71730,0.9628552,-0.218073,-4.41132,-0.2579658,1.258428,-2.616338,8.557182,3.486082,-0.2346401,290.375,-139.5,-143.5,35.12345,-30.98465,20.70856,0.2444144,0.331806,0.1982515,0.8893046
71742,0.9602332,-0.2007485,-4.445729,-0.2026302,1.338831,-2.659089,9.376028,3.644105,-0.4405488,476,-152,-163.875,31.49244,-32.96413,28.95665,0.3052922,0.3202324,0.1993362,0.8743643
71753,0.9584262,-0.1821805,-4.481308,-0.1366782,1.404437,-2.691073,9.744749,3.146093,-0.05267432,626.875,-164.375,-170.25,27.42548,-34.55037,39.55104,0.3801091,0.3106199,0.1948971,0.8491452
71765,0.9575599,-0.1635799,-4.5163,-0.06724821,1.443923,-2.716404,9.577148,2.576253,0.7661719,700.75,-176.5,-161.75,23.42112,-35.63752,50.76902,0.4557443,0.3030269,0.1878715,0.8155833
71776,0.957752,-0.1446341,-4.5522,0.01476435,1.455578,-2.758108,8.916326,0.7039204,1.417418,667.375,-186.875,-135,19.69659,-36.59593,61.26954,0.5228741,0.2973517,0.1834108,0.7775251
71788,0.9591073,-0.1256879,-4.588854,0.1045443,1.461559,-2.827607,8.025651,-1.273761,0.7326519,470.375,-182.875,-82.375,16.52131,-37.89338,68.82235,0.5674506,0.2936983,0.1882931,0.7458465
71799,0.9617115,-0.106472,-4.626842,0.1999282,1.475195,-2.916291,7.494119,-2.667236,-0.5028003,109.75,-159.625,-3.875,14.0365,-39.97365,71.46043,0.5785882,0.2913208,0.2083341,0.7327789
71811,0.9657248,-0.08702765,-4.665824,0.3082869,1.49365,-2.994483,8.681685,-2.968916,-1.144469,-276.25,-125.875,65.75,12.42043,-42.74401,68.6712,0.5547227,0.287526,0.2423347,0.7422166
71822,0.9713997,-0.06711158,-4.705956,0.4291,1.505941,-3.034487,11.10949,-2.130916,-0.5267432,-656.25,-92.625,126.75,12.08989,-46.06332,59.92954,0.4927921,0.2782849,0.2886535,0.7722646
71834,0.9785087,-0.04644425,-4.747036,0.5210753,1.514867,-3.011101,13.00098,1.225875,1.843601,-900.375,-81.625,166,13.07528,-49.40923,46.59298,0.400661,0.2592183,0.3404622,0.8101618
71846,0.9858794,-0.02626144,-4.785952,0.5605528,1.534931,-2.959605,12.7424,3.955362,4.060711,-926.375,-99,169.875,14.60126,-52.24559,32.97843,0.3064257,0.233361,0.3863816,0.8380663
71857,0.9932848,-0.005953442,-4.824027,0.5688096,1.559874,-2.92458,10.74556,4.046345,4.908288,-836.75,-133.375,146.375,16.08175,-54.83271,20.70121,0.2212829,0.2040649,0.4261973,0.8530812
71870,1.001427,0.01779061,-4.867157,0.5506835,1.605847,-2.916971,8.447045,4.529991,4.846037,-718,-163.375,112.875,17.3048,-57.58309,9.010338,0.1402867,0.1688351,0.4643159,0.8580356
71882,1.0084,0.03974516,-4.905569,0.5306896,1.670946,-2.923485,7.944245,5.703192,4.190002,-541,-182.75,68.75,17.48032,-60.08179,1.855567,0.08991501,0.1395361,0.4926099,0.8542719
71893,1.01541,0.06265208,-4.944012,0.5351541,1.74862,-2.934633,8.724782,5.933043,2.193167,-305.375,-185.625,15.875,16.44396,-62.8375,-1.10737,0.06638347,0.1170493,0.5170861,0.8452897
71905,1.022418,0.08598218,-4.982049,0.5436607,1.809938,-2.950838,8.346485,4.841249,1.723887,-87.875,-172.875,-31.875,14.07489,-65.40768,-0.04983129,0.06583288,0.1028626,0.536271,0.8351639
71916,1.02852,0.1117401,-5.021098,0,0,0,7.249901,12.63705,5.875581,382.875,-193.625,-96.25,7.598908,-67.49548,11.18181,0.1174672,0.1088404,0.5463114,0.8221309
71928,1.02761,0.1124839,-5.020995,0,0,0,7.383982,8.849285,5.051946,982.875,-185.25,-162.5,-1.805005,-68.37862,32.53252,0.2231705,0.1448703,0.543018,0.7964541
71939,1.028018,0.1120593,-5.021009,0,0,0,9.807,-0.4405488,1.977681,1050.625,-113,-111,-6.96285,-68.88224,50.54978,0.3204129,0.1957401,0.5318565,0.7590455
71951,1.028355,0.1113748,-5.020625,0,0,0,11.97622,0.1723887,3.811705,914.5,-51.75,-40.5,-8.482635,-69.07125,63.3858,0.3959224,0.2451853,0.513064,0.7210374
71962,1.028327,0.1106028,-5.020212,0,0,0,11.39681,2.643293,5.095043,942.75,-13,-8.625,-7.969282,-69.03826,74.61465,0.4668517,0.2970897,0.484348,0.6776388
71974,1.028629,0.1097273,-5.020005,0,0,0,10.83175,1.359955,4.544357,1015.125,25.25,15.75,-5.617698,-69.43053,85.30475,0.5357451,0.3557736,0.4456428,0.6227398
71985,1.029146,0.1088279,-5.020023,0,0,0,10.00812,0.4453374,4.874769,1020.125,54.5,44.75,-1.897573,-70.41957,94.41576,0.5929996,0.4138528,0.401563,0.5619828
71996,1.029745,0.1076273,-5.020702,0,0,0,6.234724,0.1005601,7.048781,983.375,64,78.75,3.39132,-72.01078,101.4688,0.6370502,0.4700855,0.3533709,0.4983129
72008,1.030837,0.1066899,-5.021961,0,0,0,3.514813,-2.944973,7.206804,829.125,73.375,115.5,8.986495,-74.65105,106.226,0.6625782,0.5208686,0.3130048,0.4378516
72019,1.032077,0.1063347,-5.022774,0,0,0,6.08149,-4.252254,4.807729,476.875,93.375,176.125,13.51234,-78.40327,107.6427,0.6650552,0.560452,0.2969251,0.3942469
72031,1.032812,0.1061736,-5.022788,0,0,0,9.936292,-2.15007,2.557099,170.625,105.5,227.625,17.96153,-82.28222,105.1252,0.6530699,0.5874563,0.3016958,0.3706406
72042,1.032843,0.1059582,-5.022492,0,0,0,11.20526,1.091795,0.7182862,10.5,109.25,248.875,27.48413,-85.88287,95.48524,0.6351298,0.6067211,0.3162936,0.3584104
72054,1.031985,0.1054181,-5.022471,0,0,0,9.529263,5.444609,-0.2873144,67.375,111,230.125,67.21041,-88.0566,56.42862,0.6220737,0.6243268,0.3219447,0.3458206
72066,1.030768,0.1044241,-5.022821,0,0,0,7.441444,8.992943,0.3304116,291.375,106,185.75,117.5206,-87.53152,9.696239,0.6209555,0.6455716,0.3052665,0.3232088
72077,1.029572,0.103089,-5.023137,0,0,0,7.599467,10.24755,0.8236348,602.25,96.625,121.5,128.4001,-86.26577,6.456619,0.6324518,0.6727404,0.2600913,0.2824496
72090,1.028392,0.1018353,-5.022551,0,0,0,12.1103,7.680873,-0.584206,840.75,98.375,43.625,128.9939,-84.94084,18.03305,0.6516613,0.7030877,0.1827891,0.2181594
72102,1.027551,0.1013091,-5.021691,0,0,0,14.61473,5.099832,-2.145281,837.375,101.625,-3.25,128.6529,-83.81994,29.05549,0.6636478,0.7218739,0.1118865,0.1610936
72114,1.026853,0.1004569,-5.021265,0,0,0,11.75595,6.378381,-1.733464,718.25,90,-34.125,125.5368,-82.48684,41.34658,0.6699134,0.732027,0.04621126,0.1149656
72125,1.026455,0.0992844,-5.021428,0,0,0,7.776645,7.85805,-0.933772,609,72.75,-53.375,121.5859,-80.80025,52.95263,0.6720589,0.7359988,-0.01325716,0.0804167
72136,1.026155,0.09814313,-5.021623,0,0,0,7.316942,7.79101,-1.130104,463.625,49.125,-64.125,118.1374,-79.11886,62.15958,0.6724557,0.7353823,-0.06102635,0.05737642
72148,1.02579,0.09704489,-5.021581,0,0,0,8.60028,7.642565,-1.795715,300.875,21.875,-70,114.5745,-77.58117,69.45296,0.6731808,0.7318677,-0.09533107,0.04592778
72160,1.025312,0.09599091,-5.021337,0,0,0,9.60588,7.810164,-2.571464,106,-3,-77.75,110.5501,-76.09614,74.61825,0.6747953,0.7275935,-0.1130594,0.04976634
72171,1.024854,0.09494571,-5.020972,0,0,0,10.04643,8.724782,-2.609773,-50.875,-20.125,-91.5,106.596,-74.47216,77.64606,0.6762678,0.7240217,-0.1184228,0.06656104
72182,1.024409,0.09383626,-5.020536,0,0,0,9.945868,9.50532,-2.197956,-167.875,-35,-115.25,102.5605,-72.48592,79.18833,0.6769774,0.7205877,-0.1160875,0.09475612
72194,1.023944,0.092663,-5.020007,0,0,0,9.830943,10.1853,-1.685578,-250.625,-45.75,-144.75,98.51104,-70.04127,79.5203,0.676091,0.7165204,-0.1088946,0.1328215
72205,1.023482,0.09169567,-5.019328,0,0,0,10.60669,10.53965,-1.288126,-284.75,-54.25,-184.875,94.66579,-67.26981,79.28356,0.6736267,0.7109239,-0.1015015,0.1746769
72217,1.022982,0.09098297,-5.018445,0,0,0,11.6937,10.29543,-1.043909,-293.625,-58.625,-222.75,90.92503,-64.15581,78.72766,0.6695918,0.7031912,-0.09508421,0.2193809
72228,1.022475,0.09046059,-5.017536,0,0,0,11.53089,9.969811,-0.6991318,-285.125,-58.625,-258.25,87.31896,-60.61399,77.98368,0.6637707,0.6929601,-0.0912692,0.2662419
72240,1.022076,0.09010378,-5.016824,0,0,0,10.51571,9.457435,-0.06225147,-273.75,-53.75,-281.625,84.16127,-56.92468,76.98039,0.6560926,0.6813018,-0.08982773,0.3119318
72251,1.021759,0.0899479,-5.016207,0,0,0,10.12783,8.767879,0.3974517,-266.25,-46.875,-296.5,81.32098,-53.1673,75.68871,0.6464605,0.6684112,-0.08942028,0.3568183
72262,1.021499,0.09005696,-5.015591,0,0,0,10.31938,8.059171,0.6464576,-271.375,-38.875,-304.25,78.63201,-49.35622,73.95889,0.6342039,0.6542277,-0.08827264,0.4024669
72275,1.021327,0.09048402,-5.014969,0,0,0,11.00893,7.436656,0.7996919,-283.375,-28.75,-307,76.14072,-45.71021,71.78723,0.619337,0.6395848,-0.0854283,0.447275
72286,1.021275,0.09124724,-5.014431,0,0,0,11.95228,6.45021,0.7134976,-306.375,-17,-307.625,73.86533,-42.41779,69.18261,0.6020155,0.6253222,-0.07996579,0.4900562
72298,1.021346,0.09228483,-5.014029,0,0,0,12.25396,5.463763,0.7278633,-357.875,-4.75,-303.625,71.66766,-39.3507,65.7037,0.5797004,0.6111697,-0.06973112,0.534375
72310,1.021498,0.0935697,-5.0137,0,0,0,11.64102,5.353626,1.173201,-423.25,10.625,-293.25,69.35452,-36.2045,60.75915,0.5478172,0.5957621,-0.05305578,0.5849351
72322,1.021683,0.09458253,-5.01358,0,0,0,10.85091,5.018426,1.709521,-472.375,23.625,-282.125,67.26895,-33.61002,55.57165,0.513225,0.581313,-0.03422105,0.6304795
72334,1.021952,0.09562377,-5.013617,0,0,0,10.24755,4.405488,2.121338,-523.75,36.125,-272.25,65.11258,-31.22851,49.54275,0.4716403,0.5656372,-0.01116378,0.6763766
72345,1.022216,0.09656033,-5.013672,0,0,0,9.965023,4.405488,2.729487,-570.5,51.75,-263.5,62.99931,-29.11626,43.1752,0.4257579,0.549099,0.01322347,0.7190589
72357,1.022489,0.0975645,-5.013729,0,0,0,9.94108,4.50126,3.227499,-599.5,65.875,-258.25,60.71543,-27.12448,36.3877,0.3745003,0.5299218,0.03883054,0.7598847
72368,1.022814,0.09871046,-5.013872,0,0,0,9.859674,4.242677,3.395099,-613.25,79.125,-253.875,58.1651,-25.27114,29.21982,0.3179852,0.5071809,0.06535272,0.798362
72380,1.023122,0.09980734,-5.014136,0,0,0,9.543629,3.96494,3.232288,-626.25,96.25,-245.625,55.60406,-23.69416,22.23677,0.2609017,0.4829345,0.09016617,0.8310082
72391,1.023379,0.1009989,-5.014582,0,0,0,9.031251,4.185214,2.743853,-616.5,115.75,-236.75,52.88617,-22.24196,15.42987,0.2030565,0.4561757,0.1124805,0.8590809
72402,1.023555,0.1022352,-5.015213,0,0,0,8.298599,4.649705,2.279361,-555.5,137.25,-228.625,50.03436,-20.84209,9.578882,0.1506383,0.4281478,0.1286117,0.881735
72414,1.023712,0.10355,-5.016019,0,0,0,7.685662,4.922654,2.135704,-455.25,150.75,-221.625,46.98459,-19.48449,4.999043,0.1068092,0.3992714,0.137909,0.9000863
72425,1.023856,0.104728,-5.016903,0,0,0,6.900336,4.879557,1.968104,-328.75,155.125,-208.625,44.04661,-18.2921,2.200846,0.07717039,0.3729779,0.140216,0.913932
72437,1.024071,0.1057555,-5.017891,0,0,0,6.134164,4.055923,1.920218,-237.125,151.5,-188,41.30778,-17.27751,0.4247066,0.05640863,0.3492388,0.1392568,0.9249097
72448,1.024362,0.1066531,-5.018963,0,0,0,5.645729,3.318482,1.757407,-183.5,142.125,-158.125,38.94683,-16.49652,-0.8632159,0.04079615,0.3288928,0.1377374,0.9333775
72460,1.024552,0.1075246,-5.020058,0,0,0,4.932231,3.720722,1.886698,-123,126.5,-130.125,36.91284,-15.84628,-1.345097,0.03260838,0.3120047,0.134426,0.9399571
72471,1.024558,0.1083696,-5.021135,0,0,0,3.878745,4.352814,2.31767,-35.875,101.625,-104.375,35.18732,-15.27774,-0.6202363,0.03506547,0.2988918,0.1283306,0.9449685
72483,1.024402,0.1090853,-5.022234,0,0,0,2.55231,4.295351,2.600196,76.5,66.5,-80,33.78281,-14.8542,1.59612,0.05077093,0.2898158,0.1196628,0.9482141
72495,1.024208,0.109573,-5.023523,0,0,0,1.422207,3.280173,2.111761,159.125,32.875,-51.5,32.76319,-14.65196,4.912108,0.07670808,0.2847165,0.1102381,0.9491575
72506,1.024141,0.1099148,-5.024771,0,0,0,1.527555,2.475693,1.642481,172.75,7.25,-9.75,32.36844,-14.9809,8.007692,0.1027305,0.2844153,0.1055936,0.9473143
72518,1.024201,0.1103818,-5.025951,0,0,0,2.648082,2.777373,1.498824,157.375,-14.375,36,32.56484,-15.98138,10.62226,0.1267966,0.2888094,0.1071633,0.9428828
72530,1.024364,0.1111773,-5.027313,0,0,0,3.749454,3.409465,1.522767,162.125,-46.125,87.75,33.44795,-17.86535,13.38516,0.1546363,0.2996646,0.1145632,0.9344325
72542,1.024464,0.1117915,-5.028333,0,0,0,3.830859,3.490871,1.594595,185.75,-79,130.375,34.64352,-20.10187,15.95681,0.1819307,0.3134557,0.1243042,0.9236857
72554,1.024498,0.1123505,-5.029317,0,0,0,3.634528,3.519602,1.64727,204.25,-106.5,167.25,36.14245,-22.79798,18.59465,0.2110611,0.3304408,0.136296,0.9097723
72565,1.024491,0.1128996,-5.030199,0,0,0,3.888322,3.778185,1.561075,232.5,-132,203.125,37.85577,-25.93918,21.34897,0.242285,0.3499565,0.1500731,0.8923601
72577,1.024517,0.113531,-5.030968,0,0,0,4.884346,4.046345,1.336012,278.5,-153.125,229.125,39.68146,-29.61891,24.48239,0.277598,0.3716498,0.165393,0.8703223
72588,1.024751,0.114327,-5.031603,0,0,0,6.876393,3.644105,0.9720806,320.125,-171.75,255.25,41.73405,-34.08215,27.86445,0.3164198,0.3964749,0.1837813,0.8419683
72600,1.025194,0.1151873,-5.03202,0,0,0,8.978577,2.782162,0.4261831,315.25,-183.625,281.5,43.95777,-38.89862,30.59868,0.3509259,0.4218745,0.2047112,0.8105346
72611,1.025675,0.11618,-5.032267,0,0,0,10.34811,2.576253,-0.1676001,275.75,-191.625,307.375,46.47857,-44.10428,32.47041,0.380338,0.4475748,0.2289862,0.7762637
72622,1.025844,0.1171764,-5.032351,0,0,0,10.44388,3.782974,-0.450126,253.375,-199.125,325.625,49.10137,-49.39963,33.88652,0.4069114,0.4718654,0.2535805,0.7399075
72634,1.025489,0.1180467,-5.032291,0,0,0,9.787846,5.947409,-0.2537944,315.25,-207.125,325.25,51.42417,-54.62048,36.37128,0.4389624,0.4952496,0.2724212,0.6984459
72645,1.024771,0.1186259,-5.031934,0,0,0,10.32417,7.996919,0.2729487,496.375,-216.125,302.25,52.69096,-59.42229,41.83907,0.4833579,0.5186198,0.2772478,0.6484846
72657,1.023996,0.1189362,-5.031049,0,0,0,12.84296,8.921114,0.6560347,733.75,-226.875,266,52.07974,-63.99478,51.91851,0.5426905,0.5431382,0.2650889,0.5832802
72668,1.023662,0.118978,-5.029949,0,0,0,14.63388,6.996107,0.8140576,964.625,-238.125,221.375,48.35426,-68.06055,67.65645,0.6112957,0.5661798,0.2351567,0.5004593
72680,1.023758,0.1190463,-5.029212,0,0,0,13.4942,3.505236,-0.07661719,1000.625,-238,201.375,40.80075,-71.47473,87.50875,0.6731985,0.5829627,0.1997467,0.4087294
72691,1.02397,0.1192868,-5.029045,0,0,0,10.6881,0.5889946,-1.249818,805.5,-226.25,211.75,28.83305,-74.14947,109.1867,0.7167791,0.5909793,0.1763782,0.3253645
72703,1.024079,0.1193449,-5.029222,0,0,0,8.466199,0.6273032,-1.340801,514.25,-218.25,238.75,12.34654,-75.62441,131.6548,0.743569,0.5908635,0.1720838,0.2614817
72715,1.02425,0.1189806,-5.029307,0,0,0,9.093503,1.824447,-0.4118174,218.125,-224,267.75,-6.439638,-75.60958,152.5163,0.7580975,0.5839459,0.1884878,0.2208341
72727,1.0245,0.1184154,-5.028963,0,0,0,11.79905,2.135704,-0.3208345,-35.75,-235.25,294.25,-23.80617,-74.22321,168.4894,0.7639015,0.5709257,0.2228576,0.2020715
72738,1.024664,0.1175235,-5.028647,0,0,0,12.0289,3.227499,0.09577148,-223.375,-242.5,316,-37.93941,-71.89857,178.7299,0.7634095,0.5522346,0.2692918,0.1993106
72750,1.024529,0.1161272,-5.029045,0,0,0,8.691262,5.114197,1.412629,-341.875,-237.5,331.75,-49.30344,-69.14191,-175.8279,0.7564965,0.5278711,0.3244515,0.2092759
72762,1.024194,0.1148438,-5.02969,0,0,0,7.283422,5.688826,1.690367,-386,-218,332.5,-57.93179,-66.65535,-173.4461,0.745037,0.5030422,0.3765044,0.2238592
72773,1.023811,0.1135051,-5.029976,0,0,0,9.625034,5.281797,1.082218,-373.25,-195.125,311.625,-65.42503,-64.34548,-172.0714,0.7303843,0.4785725,0.425372,0.2378358
72785,1.023235,0.1120605,-5.030074,0,0,0,11.03288,6.062335,0.7470176,-266.125,-181,271.375,-71.05109,-62.24892,-171.0743,0.7179578,0.4581118,0.4631768,0.2452296
72796,1.022408,0.1105393,-5.030335,0,0,0,10.38163,7.058359,0.708709,-75,-161,219.5,-74.76519,-60.46186,-169.4634,0.7117039,0.4465454,0.4856158,0.241355
72807,1.021721,0.1091444,-5.030646,0,0,0,10.16136,6.191627,0.641669,107.125,-140,175.125,-77.1749,-59.07294,-166.6456,0.7112132,0.4458229,0.4941663,0.2263128
72819,1.021245,0.1078022,-5.031024,0,0,0,9.850098,4.573089,0.6081489,217.375,-121.375,144.75,-78.96619,-57.96567,-162.8727,0.7135056,0.452636,0.4943298,0.2041289
72830,1.020942,0.1065855,-5.031419,0,0,0,9.53884,3.160459,0.292103,232.375,-102.375,133,-80.59706,-57.05967,-158.9761,0.7151825,0.4618258,0.4922374,0.1814753
72842,1.020748,0.1054892,-5.031683,0,0,0,9.965023,2.025567,-0.3016802,165.375,-90.875,137.5,-82.36949,-56.15147,-155.801,0.714239,0.4681131,0.493852,0.1638383
72853,1.020519,0.1043599,-5.03187,0,0,0,10.34332,1.699944,-0.8380005,56.125,-86.375,149.25,-84.31624,-55.11083,-153.8866,0.7103597,0.4684916,0.5021867,0.1539916
72865,1.020179,0.1032826,-5.032093,0,0,0,10.12783,2.135704,-1.144469,-19.875,-85,158,-86.16563,-54.0373,-153.1088,0.7049715,0.4641884,0.5146781,0.1505022
72876,1.01977,0.1022399,-5.032294,0,0,0,10.10868,2.092607,-1.637692,-66.25,-82,163.375,-88.04928,-52.91697,-152.9506,0.6982901,0.4569885,0.5299991,0.1505111
72888,1.019309,0.1011986,-5.032406,0,0,0,10.60669,2.068664,-2.044721,-88.875,-79.875,161.875,-89.86275,-51.82256,-153.1595,0.691024,0.4483517,0.5461141,0.1524013
72899,1.018727,0.1000175,-5.032535,0,0,0,10.82218,2.446961,-2.039933,-51.625,-84.125,146.75,-91.34063,-50.77176,-153.2415,0.6851403,0.4409892,0.5593985,0.1522654
72911,1.0182,0.0989761,-5.032711,0,0,0,10.43909,2.308093,-2.063875,23.5,-92.25,124.625,-92.25743,-49.81224,-152.7623,0.6823984,0.4376136,0.5667478,0.1470496
72922,1.017715,0.09796611,-5.032941,0,0,0,9.917137,1.719098,-2.202744,78.25,-96.125,108.25,-92.87787,-48.8521,-151.7875,0.6815587,0.4371764,0.570434,0.137694
72934,1.017184,0.09691701,-5.033135,0,0,0,10.16136,1.709521,-2.504424,116.625,-92.875,97.625,-93.28291,-47.97013,-150.482,0.6818751,0.4391087,0.571274,0.1260003
72945,1.016641,0.09585507,-5.033263,0,0,0,10.67373,1.752618,-2.695967,160.125,-87.125,87.375,-93.50092,-47.24406,-148.791,0.6831363,0.4439448,0.5688942,0.1122373
72956,1.016109,0.09479995,-5.033403,0,0,0,10.52529,1.474881,-2.844413,210.625,-79.625,74.5,-93.53197,-46.6656,-146.571,0.6853796,0.452239,0.5626886,0.09547921
72969,1.015513,0.09361703,-5.033608,0,0,0,9.965023,0.8571548,-3.112573,232,-69.25,67.375,-93.50766,-46.13734,-143.8172,0.6878173,0.4632971,0.5536726,0.07556385
72980,1.015111,0.09277784,-5.033711,0,0,0,9.917137,0.1292915,-3.414253,210.875,-59.75,69.625,-93.58929,-45.69582,-141.5815,0.6888933,0.4720331,0.5468529,0.05968778
72992,1.014698,0.09188426,-5.033764,0,0,0,10.08474,-0.3304116,-3.615374,157.25,-54,79.25,-93.84427,-45.18116,-139.8212,0.6885998,0.4780451,0.5432327,0.04691858
73003,1.014277,0.09095951,-5.033792,0,0,0,10.19009,-0.5698403,-3.715934,98.5,-54,92.375,-94.24701,-44.53207,-138.7098,0.6871486,0.4803712,0.5437273,0.03782738
73015,1.013793,0.08990326,-5.033803,0,0,0,10.22839,-0.7470176,-3.845225,28.5,-56.625,105.5,-94.80316,-43.67636,-138.4304,0.6845638,0.4778672,0.5494752,0.03305233
73027,1.013368,0.08903054,-5.033816,0,0,0,10.33853,-0.5746289,-3.950574,-9.75,-61.625,112.5,-95.30148,-42.8316,-138.6882,0.6820132,0.4728636,0.5570275,0.03127986
73038,1.012862,0.08805956,-5.03389,0,0,0,10.04164,-0.4070288,-3.988882,-8.125,-70.75,110.625,-95.67852,-41.87809,-139.0701,0.6799428,0.466791,0.56475,0.02900897
73050,1.012406,0.08719672,-5.033983,0,0,0,9.821366,-0.4644917,-4.055923,13.375,-80.125,105.25,-95.87437,-40.92987,-139.2773,0.6787594,0.4616109,0.5705942,0.02496453
73061,1.011934,0.08629189,-5.034067,0,0,0,9.883617,-0.5746289,-4.180425,37.25,-90.25,100.25,-95.9097,-39.91586,-139.2879,0.6783556,0.4571261,0.5749093,0.01867582
73073,1.011402,0.08527733,-5.034163,0,0,0,9.984178,-0.4980117,-4.271408,70.5,-102.5,94,-95.7179,-38.81945,-139.0138,0.6790447,0.4537026,0.5770323,0.009271299
73084,1.0109,0.08430967,-5.034252,0,0,0,10.07037,-0.5075889,-4.371968,109.875,-114.25,87.375,-95.31527,-37.73011,-138.3888,0.6807041,0.4520231,0.5764618,-0.002988161
73095,1.010412,0.08332507,-5.034332,0,0,0,10.00333,-0.8284234,-4.520414,143.5,-124.625,82,-94.72544,-36.57083,-137.4211,0.6830655,0.4516323,0.5736804,-0.01845355
73107,1.00996,0.08233089,-5.034407,0,0,0,9.945868,-1.177989,-4.563511,153.125,-131,80.75,-94.04202,-35.36843,-136.3607,0.6855863,0.4513304,0.5701232,-0.03509768
73118,1.009532,0.08129496,-5.034492,0,0,0,9.735171,-1.58023,-4.592243,139.5,-135.75,83.25,-93.30644,-34.0632,-135.4437,0.688067,0.4496399,0.5671985,-0.05170832
73130,1.009175,0.08034114,-5.034572,0,0,0,9.510109,-1.963315,-4.649705,103.625,-138.25,89.5,-92.63346,-32.71507,-134.9694,0.690191,0.4454019,0.5665212,-0.06563125
73141,1.008846,0.0793688,-5.034684,0,0,0,9.265891,-2.140493,-4.620974,51.75,-141.375,98.625,-92.02979,-31.24921,-135.1033,0.6921281,0.4374673,0.5690015,-0.0762786
73153,1.008523,0.07842322,-5.034844,0,0,0,8.806189,-2.159647,-4.7359,8.125,-144.375,106.25,-91.49432,-29.67126,-135.7736,0.6939818,0.426175,0.5741987,-0.08402367
73164,1.00818,0.07741107,-5.035038,0,0,0,8.921114,-1.877121,-4.798151,-17.25,-147.375,110.625,-91.01204,-28.07629,-136.7604,0.6958237,0.4130122,0.5807004,-0.08965087
73176,1.007806,0.07629989,-5.035277,0,0,0,9.160542,-1.474881,-4.793363,-9.25,-151.625,108.25,-90.50677,-26.52485,-137.6698,0.6978051,0.4001983,0.5863432,-0.09545173
73187,1.007435,0.07513528,-5.035567,0,0,0,8.992943,-1.450938,-4.783786,15.625,-153.125,100.875,-89.95302,-25.01674,-138.2709,0.699842,0.3889274,0.5902236,-0.1029207
73199,1.007072,0.07387664,-5.035928,0,0,0,8.844497,-1.455727,-4.66886,43.625,-150.875,91.875,-89.34805,-23.59647,-138.5003,0.701874,0.3797967,0.5920652,-0.1121888
73211,1.006754,0.07270969,-5.036299,0,0,0,8.686474,-1.460515,-4.625763,71.5,-148.5,83,-88.71528,-22.35726,-138.3637,0.7038022,0.3733248,0.5918285,-0.1225971
73222,1.006477,0.07161942,-5.036686,0,0,0,8.164519,-1.776561,-4.66886,98.5,-145.375,75.625,-88.04645,-21.19234,-137.8618,0.7054856,0.3689545,0.5898988,-0.1348404
73235,1.006189,0.07034306,-5.037187,0,0,0,7.546793,-2.245841,-4.721534,101.125,-141.75,75.125,-87.32678,-19.87041,-137.1971,0.7068939,0.364363,0.5876293,-0.1491058
73247,1.005981,0.06929922,-5.037587,0,0,0,7.565948,-2.399076,-4.750266,80.625,-140.125,81,-86.75074,-18.67465,-136.8326,0.7079367,0.3589528,0.5867752,-0.1602298
73258,1.005769,0.06822914,-5.038005,0,0,0,7.561159,-2.346401,-4.817306,52.625,-140.375,89.75,-86.25413,-17.42272,-136.8202,0.7089043,0.3514269,0.5876496,-0.1691799
73270,1.005566,0.06720403,-5.038435,0,0,0,7.393559,-2.28415,-4.850826,24,-138.375,96.375,-85.85929,-16.17097,-137.1561,0.7098206,0.3421561,0.590131,-0.1755833
73281,1.005344,0.06613859,-5.03893,0,0,0,7.398347,-1.920218,-4.774209,5.25,-134.75,98.25,-85.52966,-14.98586,-137.7422,0.7108608,0.3319636,0.5934257,-0.179786
73293,1.005075,0.06496461,-5.039553,0,0,0,7.350461,-1.426995,-4.640129,14.625,-132.375,92.5,-85.17031,-13.89046,-138.2676,0.7120806,0.322449,0.5959535,-0.1838675
73304,1.004799,0.06391889,-5.040194,0,0,0,6.905124,-1.158835,-4.616186,52.625,-128.75,78.875,-84.73441,-12.98748,-138.3446,0.7132283,0.3161652,0.5960932,-0.1897839
73316,1.004526,0.0629338,-5.040871,0,0,0,6.335284,-1.259395,-4.616186,94,-123.375,65,-84.20939,-12.21617,-137.9075,0.7141178,0.3130967,0.593857,-0.1983434
73327,1.004284,0.06198044,-5.041543,0,0,0,6.105432,-1.532344,-4.606608,119,-118,54.125,-83.62256,-11.57836,-137.1285,0.7148252,0.3123817,0.5899228,-0.2084076
73339,1.00405,0.06102699,-5.042212,0,0,0,5.928255,-1.776561,-4.697591,120.125,-113.625,47.25,-82.98571,-11.01727,-136.318,0.7157226,0.3120859,0.5853795,-0.2183447
73350,1.00382,0.0601129,-5.042851,0,0,0,5.775021,-1.896275,-4.83646,99.375,-109.75,45.375,-82.35552,-10.49848,-135.795,0.7170984,0.3104931,0.581545,-0.2262067
73361,1.003562,0.05914967,-5.043497,0,0,0,5.923466,-1.752618,-5.00406,74.25,-107.125,43.125,-81.7104,-10.04164,-135.6344,0.71931,0.3073306,0.578415,-0.2314672
73373,1.003335,0.05809214,-5.044363,0,0,0,6.273032,-0.775749,-3.988882,78.375,-111.25,37.25,-80.97107,-9.789614,-135.4613,0.7222682,0.3052017,0.5740452,-0.2359084
73384,1.003198,0.05685078,-5.046042,0,0,0,6.526827,2.504424,-0.3543545,189.75,-101.875,4.375,-80.01389,-10.2476,-133.8673,0.7244075,0.3138102,0.562318,-0.2460801
73396,1.003302,0.0557315,-5.04754,0,0,0,6.210781,0.7374405,-0.09098291,242.75,-64.75,-36.125,-79.07875,-11.50807,-131.2944,0.7253484,0.3316239,0.5451607,-0.258254
73407,1.003325,0.05467638,-5.048659,0,0,0,6.124587,-0.7470176,-1.925007,156.875,-34.25,-47.25,-78.29673,-13.01217,-129.8914,0.7283124,0.3452365,0.5310315,-0.261493
73419,1.003305,0.05361057,-5.049623,0,0,0,6.091066,-1.513189,-2.844413,76.75,-22.625,-42.375,-77.62473,-14.46162,-129.5638,0.7329448,0.3536502,0.5207397,-0.2579799
73431,1.003305,0.05276691,-5.050241,0,0,0,5.813329,-2.877933,-3.715934,-7.5,-11.5,-29.75,-77.19917,-15.57331,-130.2565,0.7380525,0.3560387,0.5162578,-0.2489836
73442,1.003239,0.05198877,-5.050655,0,0,0,5.851638,-3.361579,-4.778997,-83.75,0.875,-16.75,-76.98694,-16.49239,-131.9414,0.7438112,0.3533624,0.5168951,-0.233879
73455,1.003061,0.05100639,-5.050963,0,0,0,6.095855,-3.577065,-5.832483,-82.625,4.875,-13.625,-76.79506,-17.42633,-133.874,0.7496189,0.3497439,0.5183668,-0.2169024
73467,1.002837,0.05028188,-5.051118,0,0,0,5.889946,-3.610585,-6.574712,-22.5,1.375,-16.125,-76.54939,-18.1477,-134.8681,0.7533612,0.3490597,0.5173386,-0.2072804
73479,1.002593,0.04966417,-5.051197,0,0,0,5.545169,-3.96494,-6.967376,45,-3,-20,-76.22971,-18.753,-134.9746,0.7556115,0.3515904,0.5135049,-0.2043237
73490,1.002357,0.04912249,-5.051226,0,0,0,5.391935,-4.30014,-7.125399,84.375,-7.5,-20.625,-75.87273,-19.25371,-134.563,0.7569633,0.3557498,0.5081629,-0.2054728
73501,1.002127,0.04851963,-5.051231,0,0,0,5.808541,-4.338449,-7.101456,115.625,-17.625,-18.5,-75.43636,-19.68519,-133.7697,0.757871,0.3610014,0.5012965,-0.209789
73513,1.001909,0.04781903,-5.051286,0,0,0,6.162895,-4.118174,-6.732736,135.25,-30.75,-15.25,-74.88634,-20.04821,-132.7445,0.7587084,0.3665647,0.4931153,-0.2164005
73524,1.001844,0.04713117,-5.05156,0,0,0,6.033604,-3.720722,-5.13814,108,-11.125,-11.625,-74.60526,-20.6691,-131.9198,0.7589532,0.3731964,0.4863477,-0.2195003
73536,1.001726,0.04640247,-5.051838,0,0,0,6.210781,-3.414253,-5.310529,84.125,-13.75,-9.875,-74.28135,-21.26789,-131.4851,0.7600662,0.3779072,0.4805773,-0.2202975
73547,1.001672,0.04571542,-5.052135,0,0,0,6.115009,-3.567488,-4.927443,55.625,-32.625,-0.75,-73.86159,-21.60986,-131.4107,0.7619981,0.3794067,0.4762768,-0.2203863
73559,1.001635,0.04505687,-5.052385,0,0,0,6.033604,-3.93142,-5.0711,17.25,-22.625,7,-73.61961,-21.91072,-131.7466,0.7639163,0.3793103,0.4746604,-0.2173778
73570,1.001577,0.04442016,-5.052541,0,0,0,6.134164,-4.209157,-5.530803,-7.625,-11,16,-73.58057,-22.17303,-132.34,0.7654172,0.3783144,0.475391,-0.2121746
73582,1.00151,0.04377741,-5.052705,0,0,0,6.229935,-3.993671,-5.554746,-20.25,-0.375,21.75,-73.70073,-22.48854,-133.0447,0.7664604,0.3774563,0.4773579,-0.205414
73593,1.001424,0.04312531,-5.052889,0,0,0,6.273032,-3.730299,-5.554746,-11,13.5,20.625,-73.94604,-22.95365,-133.5956,0.7667671,0.3783209,0.4791141,-0.1984722
73606,1.001294,0.04225892,-5.053088,0,0,0,6.344861,-3.816494,-5.703192,5,22.25,18.375,-74.31461,-23.59054,-133.954,0.7662991,0.3811773,0.4804407,-0.1914845
73618,1.00118,0.04166177,-5.053213,0,0,0,6.177261,-3.940997,-5.856426,11.625,24.125,19.125,-74.66126,-24.09908,-134.1592,0.7655358,0.3838532,0.4815829,-0.1862513
73630,1.00102,0.04099932,-5.053366,0,0,0,5.947409,-3.974517,-5.923466,8.125,25.375,22.375,-75.09151,-24.58964,-134.4149,0.7644609,0.3863136,0.4835181,-0.1804761
73642,1.000892,0.04049132,-5.053494,0,0,0,5.913889,-3.907477,-5.889946,-6.75,26.25,26.875,-75.52435,-24.98438,-134.8066,0.7634886,0.3876092,0.4862824,-0.1742807
73653,1.000761,0.03997655,-5.053627,0,0,0,5.952198,-3.821282,-5.875581,-23.625,26.625,30.625,-76.00075,-25.35681,-135.3993,0.7625681,0.3879408,0.4901023,-0.1667086
73664,1.00061,0.03947973,-5.053763,0,0,0,5.856426,-3.715934,-5.990507,-38.875,27.5,33.375,-76.50929,-25.69737,-136.1893,0.761696,0.3872257,0.4949231,-0.157882
73676,1.00041,0.03891576,-5.053903,0,0,0,5.937832,-3.533968,-6.153318,-42,28.125,32.875,-77.03867,-26.07705,-137.0907,0.760801,0.3862002,0.5001189,-0.1480283
73688,1.000212,0.03838075,-5.054013,0,0,0,6.047969,-3.471716,-6.273032,-30.75,26.875,29.5,-77.50521,-26.46947,-137.8345,0.7598778,0.3857768,0.5043219,-0.139361
73700,1.000029,0.03790421,-5.054099,0,0,0,6.004872,-3.548334,-6.349649,-19.75,24.5,27.75,-77.92518,-26.82246,-138.4113,0.7588624,0.3857479,0.5077967,-0.1321707
73711,0.9998287,0.03742255,-5.054202,0,0,0,5.913889,-3.462139,-6.349649,-16.5,22.875,27.5,-78.33691,-27.16032,-138.968,0.7577943,0.3856651,0.5112044,-0.1252216
73722,0.9996372,0.03700659,-5.054317,0,0,0,5.803752,-3.289751,-6.320918,-11.625,21.25,26,-78.68899,-27.47075,-139.4563,0.756856,0.3856255,0.5140847,-0.1190758
73734,0.999433,0.03655732,-5.054453,0,0,0,5.813329,-3.198768,-6.249089,-5.625,19.125,23.125,-79.0044,-27.80462,-139.9039,0.7560058,0.3858318,0.5165054,-0.1131876
73745,0.9992353,0.03609092,-5.054604,0,0,0,5.870792,-3.136516,-6.143741,-3.875,17.375,20,-79.27623,-28.16562,-140.345,0.7553146,0.3861508,0.5185241,-0.1073323
73757,0.9990615,0.03566821,-5.05475,0,0,0,5.851638,-3.12215,-6.086278,-8.5,16.75,17.75,-79.51234,-28.5225,-140.8304,0.7547841,0.3861884,0.5204737,-0.1013249
73768,0.9988916,0.03526213,-5.054897,0,0,0,5.803752,-3.112573,-6.091066,-16.375,17.25,15.75,-79.73333,-28.88915,-141.418,0.7543666,0.3857792,0.522637,-0.09463669
73780,0.9987139,0.03485806,-5.055041,0,0,0,5.779809,-3.093419,-6.158106,-22,17.75,14.125,-79.94428,-29.26724,-142.0946,0.7540107,0.384994,0.5249962,-0.08732969
73791,0.9985409,0.0344722,-5.055162,0,0,0,5.832483,-3.107785,-6.258667,-20.125,16.875,11.125,-80.11263,-29.6469,-142.7531,0.7537724,0.3842435,0.5270107,-0.08027434
73803,0.9983831,0.03410109,-5.05525,0,0,0,5.899524,-3.241865,-6.359227,-14.5,14.625,8,-80.23563,-30.01323,-143.3413,0.7536348,0.3836907,0.5285392,-0.07390707
73814,0.998259,0.033766,-5.055308,0,0,0,5.937832,-3.428619,-6.407113,-13.25,11.625,6.125,-80.32472,-30.33775,-143.8879,0.7535774,0.3830591,0.5298498,-0.06816351
73826,0.998149,0.03341618,-5.055359,0,0,0,5.985718,-3.490871,-6.387958,-16.25,8.5,5.625,-80.39337,-30.63987,-144.4849,0.7535998,0.3820462,0.531271,-0.06228402
73837,0.9980576,0.03308421,-5.05542,0,0,0,6.000083,-3.428619,-6.296975,-16.375,6.125,4.625,-80.43268,-30.92193,-145.0711,0.7537096,0.3809455,0.5325306,-0.05668692
73849,0.9979601,0.03268033,-5.055518,0,0,0,6.004872,-3.323271,-6.167684,-9.125,3.625,1.875,-80.41908,-31.23578,-145.6324,0.7540096,0.3801112,0.5332529,-0.051246
73861,0.9979592,0.03230156,-5.055736,0,0,0,5.913889,-3.131728,-5.166872,5.25,7.75,-2.875,-80.42515,-31.68504,-145.8883,0.7540326,0.381476,0.5326391,-0.04697465
73872,0.9979458,0.03176682,-5.056047,0,0,0,6.512461,-2.394287,-4.36718,42.375,88.125,-25,-80.83474,-33.35836,-145.4697,0.751677,0.3929994,0.5282341,-0.03875487
73884,0.9979863,0.03133355,-5.056028,0,0,0,7.225959,-3.802128,-5.626575,47,29.75,-24,-80.79891,-34.21244,-145.1652,0.751546,0.3991508,0.5239879,-0.03597166
73898,0.9982486,0.03077708,-5.056203,0,0,0,6.51725,-4.156483,-4.841249,-17.625,-5,-1.125,-80.82916,-34.54619,-145.6842,0.7514684,0.3986417,0.5248305,-0.03054591
73909,0.9983566,0.0304797,-5.056224,0,0,0,6.675272,-4.190002,-5.420666,-30.375,16.25,5,-81.08569,-34.93541,-146.1421,0.7502804,0.3987665,0.5267528,-0.02441446
73923,0.9984496,0.03006496,-5.056036,0,0,0,6.88597,-4.391123,-6.335284,-22,7.25,11.5,-81.38644,-35.16664,-146.6636,0.7489125,0.3977028,0.5297317,-0.01862534
73936,0.9984573,0.02983082,-5.055877,0,0,0,6.665695,-4.319294,-6.780621,-8.875,-9,16,-81.52909,-35.07777,-147.0141,0.7483373,0.3956071,0.5321832,-0.01635457
73948,0.9984136,0.02961254,-5.055681,0,0,0,6.61781,-4.223523,-7.15413,9.375,-25.375,18.625,-81.5368,-34.75227,-147.2205,0.7484496,0.3928373,0.5340579,-0.01686014
73961,0.9983135,0.02931547,-5.055484,0,0,0,6.579501,-3.93142,-7.178073,30.125,-44.5,18.875,-81.33751,-34.17729,-147.2833,0.749589,0.3893005,0.5349239,-0.02044704
73973,0.998229,0.02903904,-5.055446,0,0,0,6.320918,-3.543545,-6.689638,43.625,-51.75,17.25,-81.06882,-33.64086,-147.2216,0.7510038,0.3865235,0.5347668,-0.02484812
73984,0.9981548,0.02870139,-5.05555,0,0,0,6.138952,-3.08863,-5.971352,45.5,-38.125,13.375,-80.86195,-33.36648,-147.1078,0.752025,0.3854608,0.5339491,-0.02786808
