timestamp,posX,posY,posZ,velX,velY,velZ,accX,accY,accZ,gyroX,gyroY,gyroZ,yaw,pitch,roll,quatX,quatY,quatZ,quatW
11470,0,0,0,0,0,0,9.218005,-0.6273032,-0.6656118,29.5,-8.5,-6.875,0,0,0,0,0,0,1
11485,0,0,0,0,0,0,9.198852,-0.5746289,-0.6033604,21.75,-6.5,-5.875,0,0,0,0,0,0,1
11501,0,0,0,0,0,0,9.160542,-0.3878745,-0.5650518,16.625,-3.75,-4.625,0,0,0,0,0,0,1
11514,0,0,0,0,0,0,9.189274,-0.3256231,-0.5650518,19.5,-2.625,-5,0,0,0,0,0,0,1
11526,0,0,0,0,0,0,9.155754,-0.3447773,-0.6273032,23.75,-1.625,-5.875,0,0,0,0,0,0,1
11539,0,0,0,0,0,0,9.174909,-0.3687202,-0.7039204,25.625,-0.25,-6.125,0,0,0,0,0,0,1
11551,0,0,0,0,0,0,9.208428,-0.3304116,-0.7565947,24.125,0.25,-5.875,0,0,0,0,0,0,1
11563,0,0,0,0,0,0,9.218005,-0.2729487,-0.8236348,20.5,0.375,-5.125,0,0,0,0,0,0,1
11576,0,0,0,0,0,0,9.328143,-0.2729487,-0.9241948,16.625,0.625,-4.625,0,0,0,0,0,0,1
11589,0,0,0,0,0,0,9.462223,-0.225063,-1.019966,15.375,0.125,-4.75,0,0,0,0,0,0,1
11602,0,0,0,0,0,0,9.524474,-0.1819658,-1.053486,19.5,-0.875,-5.875,0,0,0,0,0,0,1
11614,0,0,0,0,0,0,9.581937,-0.1723887,-1.019966,25.25,-2.5,-6.875,0,0,0,0,0,0,1
11627,0,0,0,0,0,0,9.57236,-0.191543,-0.9912349,30.625,-4,-7,0,0,0,0,0,0,1
11639,0,0,0,0,0,0,9.553205,-0.3304116,-0.9864463,33,-4.625,-6.75,0,0,0,0,0,0,1
11651,0,0,0,0,0,0,9.543629,-0.4980117,-0.9912349,28.25,-4,-5.625,0,0,0,0,0,0,1
11664,0,0,0,0,0,0,9.562783,-0.4980117,-0.9481377,23.25,-3,-5.125,0,0,0,0,0,0,1
11677,0,0,0,0,0,0,9.553205,-0.4357603,-0.9050406,21.75,-2.125,-5.25,0,0,0,0,0,0,1
11690,0,0,0,0,0,0,9.443069,-0.3878745,-0.8954634,16.625,-1.375,-4.625,0,0,0,0,0,0,1
11702,0,0,0,0,0,0,9.347297,-0.3447773,-0.9146177,14.125,-1.25,-4,0,0,0,0,0,0,1
11715,0,0,0,0,0,0,9.347297,-0.4118174,-0.933772,14.375,-1.375,-3.5,0,0,0,0,0,0,1
11727,0,0,0,0,0,0,9.390394,-0.4644917,-0.9194063,15.375,-1.5,-3.125,0,0,0,0,0,0,1
11739,0,0,0,0,0,0,9.356874,-0.450126,-0.9289834,17.25,-1.75,-3.125,0,0,0,0,0,0,1
11752,0,0,0,0,0,0,9.332932,-0.4884346,-1.005601,17,-2.25,-2.75,0,0,0,0,0,0,1
11765,0,0,0,0,0,0,9.332932,-0.5028003,-1.096583,15.375,-2.25,-1.125,0,0,0,0,0,0,1
11778,0,0,0,0,0,0,9.332932,-0.5458975,-1.144469,15.5,-2,0.5,0,0,0,0,0,0,1
11791,0,0,0,0,0,0,9.376028,-0.4980117,-1.110949,22.375,-2.125,1,0,0,0,0,0,0,1
11803,0,0,0,0,0,0,9.423914,-0.4884346,-1.048698,32,-2.375,0.875,0,0,0,0,0,0,1
11815,0,0,0,0,0,0,9.376028,-0.4597031,-0.967292,34.5,-2.125,1.875,0,0,0,0,0,0,1
11828,0,0,0,0,0,0,9.275469,-0.3830859,-0.8906748,29.75,-1.125,3.75,0,0,0,0,0,0,1
11840,0,0,0,0,0,0,9.227583,-0.3543545,-0.8667319,21.75,0,5.875,0,0,0,0,0,0,1
11853,0,0,0,0,0,0,9.198852,-0.3495659,-0.8523662,14.25,0.375,6.625,0,0,0,0,0,0,1
11866,0,0,0,0,0,0,9.179697,-0.2202744,-0.7805376,18,-0.5,5.125,0,0,0,0,0,0,1
11879,0,0,0,0,0,0,9.179697,-0.1771773,-0.7134976,30.875,-1.75,2.375,0,0,0,0,0,0,1
11891,0,0,0,0,0,0,9.155754,-0.2681602,-0.7182862,38.5,-2.5,0.25,0,0,0,0,0,0,1
11903,0,0,0,0,0,0,9.165331,-0.3112573,-0.7326519,35.25,-1.75,-0.5,0,0,0,0,0,0,1
11916,0,0,0,0,0,0,9.218005,-0.2681602,-0.7470176,28.75,-0.125,-0.5,0,0,0,0,0,0,1
11928,0,0,0,0,0,0,9.294622,-0.2537944,-0.742229,24.25,1.625,-1.375,0,0,0,0,0,0,1
11941,0,0,0,0,0,0,9.352086,-0.2202744,-0.7518061,22.5,2.875,-2.75,0,0,0,0,0,0,1
11953,0,0,0,0,0,0,9.347297,-0.1963315,-0.7901148,24.125,4,-4,0,0,0,0,0,0,1
11965,0,0,0,0,0,0,9.313777,-0.225063,-0.8092691,26,5.375,-5.375,0,0,0,0,0,0,1
11977,0,0,0,0,0,0,9.313777,-0.2681602,-0.8140576,26.5,6.75,-6.75,0,0,0,0,0,0,1
11990,0,0,0,0,0,0,9.332932,-0.292103,-0.8140576,25.625,7.5,-7.625,0,0,0,0,0,0,1
12002,0,0,0,0,0,0,9.323354,-0.2681602,-0.8236348,24.375,7.75,-8.375,0,0,0,0,0,0,1
12014,0,0,0,0,0,0,9.285046,-0.258583,-0.8667319,23.125,8.25,-8.75,0,0,0,0,0,0,1
12027,0,0,0,0,0,0,9.222795,-0.3016802,-0.9194063,19.75,8.75,-8.375,0,0,0,0,0,0,1
12040,0,0,0,0,0,0,9.222795,-0.3016802,-0.9050406,15,8.75,-7.875,0,0,0,0,0,0,1
12051,0,0,0,0,0,0,9.232371,-0.2681602,-0.8858863,13.75,7.875,-7.625,0,0,0,0,0,0,1
12064,0,0,0,0,0,0,9.198852,-0.2537944,-0.8619434,16.5,6.75,-8.125,0,0,0,0,0,0,1
12076,0,0,0,0,0,0,9.146177,-0.2873144,-0.8427891,20.625,5.625,-8.75,0,0,0,0,0,0,1
12088,0,0,0,0,0,0,9.074348,-0.3352002,-0.8667319,21.75,4.75,-9,0,0,0,0,0,0,1
12101,0,0,0,0,0,0,9.050406,-0.3304116,-0.8427891,20.25,3.875,-8.75,0,0,0,0,0,0,1
12113,0,0,0,0,0,0,9.026463,-0.2490059,-0.7661719,21.125,2.625,-8.875,0,0,0,0,0,0,1
12125,0,0,0,0,0,0,8.983365,-0.1771773,-0.742229,25.75,1,-9,0,0,0,0,0,0,1
12138,0,0,0,0,0,0,8.930691,-0.2059087,-0.8044805,28.625,-0.375,-8.75,0,0,0,0,0,0,1
12150,0,0,0,0,0,0,8.887594,-0.2537944,-0.8380005,25.625,-0.5,-7.5,0,0,0,0,0,0,1
12163,0,0,0,0,0,0,8.849285,-0.191543,-0.8763091,22.125,-0.25,-5.875,0,0,0,0,0,0,1
12175,0,0,0,0,0,0,8.849285,-0.1388687,-0.8858863,23.625,-0.375,-5.25,0,0,0,0,0,0,1
12188,0,0,0,0,0,0,8.791822,-0.158023,-0.8954634,25.5,-0.5,-4.75,0,0,0,0,0,0,1
12200,0,0,0,0,0,0,8.710417,-0.2011201,-0.9146177,26.375,-0.375,-4.125,0,0,0,0,0,0,1
12212,0,0,0,0,0,0,8.73436,-0.2059087,-0.8858863,28,-0.625,-4.5,0,0,0,0,0,0,1
12224,0,0,0,0,0,0,8.763091,-0.1771773,-0.8571548,31.875,-1.625,-5.5,0,0,0,0,0,0,1
12236,0,0,0,0,0,0,8.710417,-0.1532344,-0.9146177,38.375,-3.375,-6.375,0,0,0,0,0,0,1
12249,0,0,0,0,0,0,8.6338,-0.2106973,-0.9720806,42.625,-5,-6.5,0,0,0,0,0,0,1
12263,0,0,0,0,0,0,8.585914,-0.2681602,-0.9433491,41.625,-6.375,-5.375,0,0,0,0,0,0,1
12275,0,0,0,0,0,0,8.638588,-0.3256231,-0.9050406,35.875,-7.875,-3.5,0,0,0,0,0,0,1
12287,0,0,0,0,0,0,8.729571,-0.3016802,-0.8715205,31,-9.875,-2,0,0,0,0,0,0,1
12299,0,0,0,0,0,0,8.782246,-0.2154858,-0.8763091,33.75,-12.625,-1.625,0,0,0,0,0,0,1
12312,0,0,0,0,0,0,8.758303,-0.2537944,-0.9529263,38,-15,-1.125,0,0,0,0,0,0,1
12325,0,0,0,0,0,0,8.748725,-0.3304116,-1.087006,38.125,-16.375,-0.125,0,0,0,0,0,0,1
12337,0,0,0,0,0,0,8.858863,-0.3160459,-1.134892,40.875,-16.75,0.125,0,0,0,0,0,0,1
12351,0,0,0,0,0,0,8.973788,-0.3352002,-1.053486,48.5,-17.625,-0.375,0,0,0,0,0,0,1
12363,0,0,0,0,0,0,8.969,-0.4644917,-0.9577149,49.625,-19.5,0.25,0,0,0,0,0,0,1
12375,0,0,0,0,0,0,8.887594,-0.4788574,-0.9385605,41,-21.5,2.375,0,0,0,0,0,0,1
12388,0,0,0,0,0,0,8.815765,-0.3687202,-1.000812,32.375,-22.375,4.625,0,0,0,0,0,0,1
12400,0,0,0,0,0,0,8.830131,-0.2681602,-1.029544,28.25,-22.5,6.125,0,0,0,0,0,0,1
12412,0,0,0,0,0,0,8.945057,-0.2154858,-1.053486,29.125,-22.625,6.875,0,0,0,0,0,0,1
12425,0,0,0,0,0,0,8.969,-0.1676001,-1.120526,37.25,-22.5,5.375,0,0,0,0,0,0,1
12439,0,0,0,0,0,0,8.825342,-0.08619434,-1.091795,54.75,-21.875,1.625,0,0,0,0,0,0,1
12451,0,0,0,0,0,0,8.566759,-0.158023,-1.034332,71.125,-21,-1.875,0,0,0,0,0,0,1
12463,0,0,0,0,0,0,8.346485,-0.483646,-1.019966,69,-19.125,-3,8.287282E-06,-84.08676,-160.8165,-0.7322559,-0.6603309,0.1115887,0.1237432
12488,0,0,0,0,0,0,8.403948,-0.4357603,-0.9241948,33.125,-15.375,-2.25,0.3705918,-83.70985,-161.0271,-0.7342911,-0.6577216,0.1123473,0.1248877
12501,0,0,0,0,0,0,8.590702,-0.2777373,-1.072641,31.625,-15,-4.625,1.146014,-83.53107,-161.7424,-0.7353364,-0.6564307,0.1130369,0.124908
12512,0,0,0,0,0,0,8.648165,-0.3304116,-1.240241,34.5,-13.625,-7.25,2.088495,-83.36112,-162.5853,-0.7362989,-0.6551427,0.1141071,0.1250266
12524,-4.530101E-05,-1.086655E-05,-0.0001605448,-0.003557764,-0.0008534162,-0.01260856,8.686474,-0.3256231,-1.278549,37.625,-10.875,-9.75,3.093157,-83.24538,-163.4572,-0.7369108,-0.6541708,0.1154873,0.1252433
12537,-0.0001302267,-2.664788E-05,-0.0005373486,-0.005925187,-0.001101049,-0.02628924,8.73436,-0.3208345,-1.173201,39,-8.125,-11.875,4.284052,-83.18281,-164.4774,-0.737178,-0.6534984,0.1172807,0.1255139
12548,-0.0002162365,-9.833549E-06,-0.001060087,-0.006720565,0.001313825,-0.04084529,8.566759,-0.4644917,-0.9912349,26.5,-6,-10.75,4.86762,-83.16855,-165.0677,-0.7373073,-0.6533729,0.1176603,0.1250513
12560,-0.0003044656,5.234924E-05,-0.001853891,-0.006606944,0.004656492,-0.0594432,8.322542,-0.483646,-0.8763091,1.375,-3.875,-7.375,4.950588,-83.18312,-165.4955,-0.7376012,-0.6538137,0.1157629,0.1227648
12572,-0.0003869752,0.0001363896,-0.00291336,-0.005966849,0.006077552,-0.07661767,8.475777,-0.3256231,-0.9050406,-16.375,-1.75,-4.875,4.938723,-83.22307,-166.0903,-0.7380093,-0.6546776,0.1123128,0.11885
12583,-0.0004476251,0.0002077802,-0.004055466,-0.004727925,0.005565214,-0.08903225,8.753514,-0.1676001,-0.9289834,-18.5,-0.5,-4.75,5.10023,-83.28178,-166.8436,-0.7382818,-0.6556225,0.1090763,0.1148971
12595,-0.0004886049,0.0002388167,-0.005343481,-0.003175252,0.002404813,-0.09979975,8.887594,0.05267432,-0.9768692,-4.625,0.25,-6.875,5.782187,-83.35715,-167.9426,-0.7382884,-0.6564753,0.1072117,0.1116964
12606,-0.0005051764,0.0002048303,-0.006795271,-0.00125172,-0.002567146,-0.1096601,8.978577,0.2106973,-0.9912349,22.875,1.75,-10.875,7.120353,-83.46508,-169.3429,-0.7377629,-0.657195,0.1078378,0.1103252
12617,-0.0004953934,0.0001303577,-0.008349998,0.0007625673,-0.005805018,-0.1211885,8.830131,0.1245029,-0.9098291,47.5,3.5,-13.625,8.563741,-83.60003,-170.5277,-0.7367478,-0.6578071,0.1103496,0.1109755
12629,-0.0004653273,3.598777E-05,-0.01012512,0.002311178,-0.007254203,-0.1364535,8.557182,0.004788574,-0.8523662,65.25,5.25,-15.75,10.08287,-83.75892,-171.5511,-0.735334,-0.6583568,0.1142358,0.1131381
12640,-0.0004202834,-6.496082E-05,-0.01210199,0.003407514,-0.007636628,-0.1495473,8.739148,-0.06704004,-0.8571548,80.375,6.125,-17.875,11.79347,-83.9292,-172.5557,-0.7336044,-0.6587707,0.1194079,0.1165663
12652,-0.0003756581,-0.0001556929,-0.01409842,0.003513522,-0.007143693,-0.1571868,9.122234,-0.1436572,-0.9241948,87,5.625,-18.125,13.41096,-84.07358,-173.41,-0.7319213,-0.6589429,0.1248041,0.120455
12663,-0.0003531565,-0.0002417,-0.01621023,0.001729165,-0.006609326,-0.1622849,9.318565,-0.1867544,-1.063064,80.75,5,-15.625,14.75093,-84.18449,-174.0507,-0.73047,-0.6589407,0.1296297,0.1241248
12675,-0.0003724786,-0.0003248801,-0.01837732,-0.001479715,-0.00637005,-0.1659587,9.419126,-0.2011201,-1.168412,65,5.125,-11,15.50683,-84.27245,-174.3136,-0.7293783,-0.6589814,0.1328939,0.1268462
12686,-0.0004405869,-0.0004103247,-0.0206107,-0.005163626,-0.006477979,-0.169324,9.443069,-0.191543,-1.197144,42.625,5.875,-5.125,15.50727,-84.35707,-174.1151,-0.7286624,-0.6592954,0.1339988,0.1281603
12698,-0.0005474034,-0.000509772,-0.02280943,-0.008416711,-0.007836049,-0.1732506,9.390394,-0.09577148,-1.192355,25.125,6.5,-0.5,15.04965,-84.43944,-173.6919,-0.7282423,-0.659843,0.1334896,0.1282617
12709,-0.0007023851,-0.0006524632,-0.0251442,-0.01183067,-0.01089246,-0.1782271,9.318565,0.01436572,-1.221087,16.25,7,2.75,14.3133,-84.51942,-173.1104,-0.7279777,-0.6605065,0.1321307,0.1277536
12721,-0.0009084147,-0.0008467126,-0.02755922,-0.01569749,-0.01479995,-0.1840011,9.256314,0.05267432,-1.254606,14.5,8.25,5.25,13.27747,-84.60286,-172.2547,-0.7277231,-0.6612161,0.1304617,0.1272484
12732,-0.001181242,-0.001106212,-0.03019695,-0.01979306,-0.01882617,-0.191362,9.165331,0.03352002,-1.225875,15.75,10.125,6.625,11.89812,-84.71146,-171.0483,-0.7273062,-0.6620819,0.128651,0.1269735
12744,-0.0014654,-0.001393547,-0.03280376,-0.02187679,-0.02212135,-0.2006932,8.997731,0.03352002,-1.043909,18.375,11.125,7.375,10.40043,-84.84501,-169.6801,-0.7266741,-0.6630757,0.1270566,0.127012
12756,-0.001760689,-0.0017239,-0.03562937,-0.02229439,-0.02494172,-0.2133342,8.777456,0.02873145,-0.8619434,20.625,10.625,7.5,8.761637,-84.99343,-168.1434,-0.7259,-0.6641555,0.1255885,0.1272565
12767,-0.002057499,-0.002071627,-0.03854454,-0.02308372,-0.02704362,-0.2267209,8.691262,-0.04309717,-0.8427891,20.75,9.125,7.375,7.051138,-85.11079,-166.5296,-0.7252787,-0.6650514,0.1241522,0.1275296
12779,-0.002442752,-0.002480026,-0.04196515,-0.02706945,-0.02869582,-0.2403462,8.758303,-0.1867544,-1.019966,15,8.375,7.75,4.8818,-85.18338,-164.5488,-0.7249765,-0.6658029,0.1219641,0.1274376
12791,-0.002875743,-0.002866043,-0.04520252,-0.03356002,-0.02991915,-0.2509199,8.878016,-0.3064688,-1.221087,3.5,9.125,8.375,2.67818,-85.21406,-162.6647,-0.7250253,-0.6664597,0.1189968,0.1265289
12802,-0.003401694,-0.003262623,-0.04853906,-0.04085689,-0.03080717,-0.2591893,9.050406,-0.3735088,-1.273761,-12.875,11,8.75,0.2605003,-85.25195,-160.7771,-0.7252031,-0.667422,0.1147196,0.1243694
12814,-0.004002203,-0.003673722,-0.05203613,-0.04609727,-0.03155741,-0.2684475,8.997731,-0.3399888,-1.091795,-27.25,12.25,8.25,-2.234214,-85.32882,-159.0063,-0.7252998,-0.6688464,0.1093453,0.1209479
12825,-0.004620118,-0.004111906,-0.05564173,-0.04808677,-0.03409991,-0.2805914,8.787034,-0.1245029,-0.8619434,-32.125,11.75,6.125,-4.133261,-85.4456,-157.8839,-0.7252281,-0.6705042,0.1040443,0.1168038
12837,-0.005262094,-0.004623086,-0.05951693,-0.04888636,-0.03892634,-0.2950962,8.638588,0.07661719,-0.7901148,-21.375,9.875,2.625,-5.093629,-85.57703,-157.5751,-0.7250175,-0.6720108,0.09996904,0.1129488
12848,-0.005940913,-0.005163898,-0.06352656,-0.05236993,-0.04172285,-0.3093376,8.629011,-0.1245029,-0.9289834,-11,8.375,-0.25,-5.812566,-85.66396,-157.3622,-0.7249273,-0.6730681,0.09680302,0.1099497
12860,-0.006726453,-0.005699647,-0.06771168,-0.06013937,-0.04101588,-0.3204038,8.854074,-0.483646,-1.173201,-21.625,9.375,0.125,-7.217077,-85.7023,-156.6052,-0.7251531,-0.6740057,0.09242754,0.1064256
12871,-0.007604043,-0.006212185,-0.07196866,-0.06799858,-0.03971313,-0.3298452,8.969,-0.5363203,-1.173201,-47.75,12.125,3.375,-9.422003,-85.75185,-155.3789,-0.725475,-0.6753538,0.08577762,0.1011218
12883,-0.008555777,-0.00674731,-0.0763886,-0.07279595,-0.04093048,-0.338071,9.093503,-0.2873144,-0.9768692,-72.125,14.375,6.625,-12.05979,-85.85423,-154.0541,-0.7256446,-0.6772797,0.07709298,0.09374904
12894,-0.009529145,-0.007351758,-0.08086714,-0.07494936,-0.04654254,-0.3448484,9.222795,0.09577148,-0.8380005,-69.25,14,6,-13.98326,-85.9987,-153.3989,-0.7255496,-0.6792426,0.06909458,0.08621684
12906,-0.01052464,-0.008038412,-0.08551174,-0.07591647,-0.05236436,-0.3541979,9.040829,0.1436572,-0.708709,-47.5,11.75,3.125,-15.32708,-86.15056,-153.0486,-0.7252259,-0.6809238,0.06300155,0.08013119
12917,-0.01152372,-0.008759429,-0.09016903,-0.07821804,-0.05644855,-0.3646207,8.930691,0.01436572,-0.7613833,-27.875,9.375,-0.125,-16.12537,-86.26781,-152.9651,-0.7249441,-0.6821187,0.05871314,0.07565175
12928,-0.01261537,-0.009560899,-0.09506636,-0.08295219,-0.06090201,-0.3721372,9.165331,0.009577149,-0.9433491,-7.875,7.125,-4.625,-15.7555,-86.36169,-153.806,-0.7247797,-0.6828606,0.05625575,0.07232577
12940,-0.01377892,-0.01041943,-0.09993924,-0.08944909,-0.06600024,-0.3746066,9.53884,0.05267432,-1.106161,12.75,5.75,-9.875,-14.03605,-86.45017,-155.7211,-0.7246351,-0.6832567,0.05590391,0.07027899
12951,-0.01505275,-0.01138065,-0.1047871,-0.09748407,-0.07356119,-0.3710038,9.998543,0.2442173,-1.278549,42.875,5.125,-17.125,-10.22621,-86.55452,-159.3315,-0.7243445,-0.6833647,0.05865581,0.06997997
12964,-0.01651105,-0.01253941,-0.1098049,-0.1055059,-0.08383406,-0.363023,10.30022,0.4644917,-1.297704,85.125,4.25,-26.5,-3.354456,-86.68211,-165.4049,-0.723633,-0.6831921,0.06602902,0.07241599
12975,-0.01797503,-0.01376076,-0.1144588,-0.1116438,-0.09314018,-0.354909,10.34332,0.517166,-1.197144,124.75,2,-34.25,5.327078,-86.76154,-172.8055,-0.7225876,-0.68263,0.07675661,0.07740784
12987,-0.01951424,-0.01503548,-0.1189768,-0.1186197,-0.0982374,-0.3481797,10.23797,0.2490059,-1.206721,148.125,-0.875,-37.75,14.0789,-86.73608,-179.9831,-0.721465,-0.6814935,0.08919103,0.08426117
12999,-0.0214359,-0.01647953,-0.123988,-0.1308766,-0.09834786,-0.341298,10.17572,-0.158023,-1.412629,140.5,-1.875,-35.625,21.69883,-86.60149,174.0684,-0.7204781,-0.6797533,0.101952,0.09193757
13011,-0.02335653,-0.01775635,-0.1284655,-0.1438352,-0.09562059,-0.335316,10.15178,-0.3735088,-1.494035,108.375,-0.75,-30.75,26.43092,-86.46575,170.4277,-0.719874,-0.6783972,0.1103436,0.09686569
13023,-0.02534112,-0.01896736,-0.132751,-0.1538318,-0.09387009,-0.3321859,9.955446,-0.225063,-1.321646,81.375,0.125,-26.75,30.24395,-86.35987,167.3195,-0.7193663,-0.6775637,0.1161168,0.09968216
13034,-0.02743575,-0.02021331,-0.1370765,-0.1604219,-0.09542365,-0.3312783,9.787846,0.1340801,-1.139681,71.75,-1,-25.125,34.33384,-86.24292,163.8153,-0.718845,-0.6769179,0.1213555,0.1015731
13045,-0.02955312,-0.02150907,-0.1413767,-0.1646479,-0.1007588,-0.3343848,9.4718,0.5075889,-1.063064,86.375,-3.5,-26.125,38.89694,-86.06801,160.0159,-0.7182135,-0.6759611,0.1280307,0.1041833
13057,-0.03176768,-0.02288409,-0.145829,-0.1683693,-0.1045402,-0.3384965,9.40476,0.4405488,-0.9960235,107.5,-5.375,-27.625,43.13643,-85.85744,156.8364,-0.7173353,-0.6745413,0.1365183,0.108568
13068,-0.03400496,-0.02421996,-0.1501857,-0.1726825,-0.1031083,-0.3362736,9.902772,0.09098291,-0.9577149,107.625,-7.5,-25.5,45.8144,-85.66465,155.2054,-0.7165734,-0.6729196,0.1443444,0.1134306
13080,-0.03633035,-0.02553015,-0.154452,-0.1786978,-0.1006832,-0.3278506,10.37205,0.004788574,-1.106161,87.625,-8.75,-20,47.14212,-85.48022,154.6674,-0.7162889,-0.6713087,0.1501459,0.1171804
13091,-0.03873395,-0.02681143,-0.1585239,-0.185678,-0.09897882,-0.3145511,10.74077,0.04788574,-1.249818,62.875,-8.625,-14.125,47.53337,-85.3196,154.7388,-0.7164555,-0.6699731,0.1535894,0.1193231
13103,-0.0412326,-0.02809511,-0.1624483,-0.1908827,-0.09806558,-0.2998013,10.84133,0.1676001,-1.173201,44.875,-8.875,-9.5,47.48557,-85.18806,155.0159,-0.7168497,-0.6689636,0.1553835,0.1202914
13114,-0.04374998,-0.02938432,-0.1661871,-0.1943618,-0.09953783,-0.2886634,10.56838,0.3830859,-1.130104,40,-10.625,-7.125,47.34972,-85.04263,155.313,-0.7174088,-0.6679404,0.1567871,0.120822
13126,-0.04636877,-0.03074694,-0.1698834,-0.1997095,-0.1039137,-0.2818842,10.19966,0.5267432,-1.350378,50,-11.25,-7.5,47.30423,-84.84618,155.6528,-0.7180409,-0.6664863,0.1591805,0.121963
13137,-0.0490311,-0.03211504,-0.1734126,-0.2078165,-0.1067911,-0.2754835,10.17093,0.3352002,-1.54671,56.25,-9.375,-7,46.9354,-84.66869,156.3909,-0.7186065,-0.6649093,0.1617823,0.1238016
13149,-0.05186237,-0.03347531,-0.17691,-0.2165071,-0.10402,-0.267446,10.3098,-0.09098291,-1.436572,36.5,-7.125,-2.375,45.61952,-84.58344,157.8258,-0.7193181,-0.6638522,0.1621387,0.1248716
13160,-0.05476804,-0.03477953,-0.1802974,-0.2225207,-0.09987938,-0.2594083,10.32895,-0.1292915,-1.225875,1.875,-7.125,4.125,43.60553,-84.55857,159.5023,-0.7204465,-0.6635488,0.1592788,0.1236539
13172,-0.05789186,-0.03618185,-0.183777,-0.2260033,-0.1014552,-0.2517478,10.25234,0.3304116,-1.216298,-19.625,-9.5,8.75,41.48911,-84.49458,160.9576,-0.7221146,-0.6634531,0.1545837,0.1203518
13184,-0.06088271,-0.03757097,-0.1869714,-0.2293951,-0.1065439,-0.2450019,10.19487,0.5698403,-1.350378,-10.5,-11.875,9.375,39.67248,-84.37433,162.2671,-0.7237865,-0.6629136,0.1510591,0.1177284
13195,-0.06395741,-0.03901597,-0.1901117,-0.2339955,-0.10997,-0.2389918,10.13262,0.3974517,-1.412629,8.375,-13.25,7.625,37.84833,-84.22545,163.8299,-0.7253433,-0.6618762,0.1489791,0.1166282
13207,-0.06711809,-0.04047978,-0.1931915,-0.2398456,-0.1110797,-0.2337077,10.07516,0.1771773,-1.465304,19.75,-13.75,5.25,36.09935,-84.06033,165.4694,-0.726803,-0.6605673,0.1477966,0.116466
13219,-0.07067288,-0.04208812,-0.1964825,-0.2461087,-0.1113503,-0.2278412,10.07995,0.1005601,-1.470092,29.125,-13.25,2.375,34.61372,-83.87827,166.9729,-0.7281474,-0.6590656,0.1474776,0.1169795
13231,-0.0740239,-0.04355576,-0.1994942,-0.2498335,-0.1094185,-0.224535,9.94108,-0.01436572,-1.278549,32.375,-13.125,0.625,33.45596,-83.73653,168.1924,-0.7291445,-0.657833,0.1474589,0.1177284
13243,-0.07730305,-0.0449367,-0.2024185,-0.2523394,-0.1062672,-0.2250377,9.668132,-0.09577148,-1.158835,27.125,-13.625,-0.125,32.40023,-83.60745,169.2407,-0.730117,-0.6567915,0.1470408,0.1180391
13254,-0.08059595,-0.04628782,-0.2053669,-0.2548089,-0.1045518,-0.2281508,9.457435,-0.004788574,-1.201932,23.375,-14.125,-1.75,31.69202,-83.45761,169.8933,-0.7311617,-0.6557727,0.1465875,0.1178003
13266,-0.08390545,-0.04764273,-0.2083407,-0.2569688,-0.1052028,-0.2309045,9.4718,0.1771773,-1.278549,34.125,-14.25,-5.5,31.65875,-83.28546,170.0108,-0.7320138,-0.6546052,0.1474132,0.1179713
13277,-0.08735261,-0.04907598,-0.2114474,-0.2580018,-0.1072714,-0.2325144,9.562783,0.3208345,-1.273761,60.375,-13.875,-11.25,32.46037,-83.10161,169.6505,-0.7323348,-0.6531196,0.1508746,0.1198227
13289,-0.09063118,-0.05045665,-0.2144285,-0.2575061,-0.1084406,-0.2341439,9.567572,0.3208345,-1.168412,86.125,-13.5,-15.875,33.69385,-82.93991,169.169,-0.7320572,-0.6514721,0.1563735,0.1233849
13300,-0.09397812,-0.05184832,-0.2175105,-0.2569434,-0.1068379,-0.2366026,9.519686,0.1340801,-1.096583,95.875,-13.5,-17.125,34.82627,-82.79018,168.9357,-0.7315323,-0.6496468,0.1626236,0.1279576
13312,-0.09741298,-0.05312517,-0.219671,-0.2609084,-0.09698796,-0.1641084,15.17978,-0.4405488,-1.857967,75.625,-4,-15,35.40544,-82.77224,169.0027,-0.7307183,-0.6487867,0.1667401,0.1316218
13324,-0.1010087,-0.05416069,-0.2203036,-0.2597512,-0.07480488,-0.045701,18.30672,-1.034332,-1.474881,21.375,5.875,-0.875,34.42975,-82.99722,169.8983,-0.7299058,-0.6499758,0.16508,0.1323542
13336,-0.1045372,-0.05532416,-0.2212557,-0.248956,-0.08209053,-0.0671799,8.236348,0.9768692,-0.4549146,-7.25,14.625,0.25,35.87896,-83.33274,167.944,-0.7282836,-0.6531372,0.162403,0.1289968
13348,-0.107656,-0.05661169,-0.2223597,-0.2277996,-0.09404238,-0.08063129,8.806189,1.68079,0.08619434,39.75,-0.125,-6.25,38.86226,-83.49419,165.1125,-0.7263634,-0.654782,0.1647646,0.1284887
13360,-0.1105024,-0.05771794,-0.2233528,-0.2183521,-0.08486106,-0.07618389,10.16136,-0.06225147,-0.1484458,38.875,-5.25,-4.25,38.78762,-83.61998,165.3349,-0.7255711,-0.6552806,0.1652223,0.1298294
13371,-0.1133887,-0.05880333,-0.2244053,-0.2196056,-0.08258321,-0.08008219,9.419126,0.05746289,-1.043909,8.75,-5.375,1,37.9444,-83.6149,165.9284,-0.7261361,-0.6553518,0.1632886,0.1287525
13383,-0.1163007,-0.05998757,-0.225551,-0.2208076,-0.08979719,-0.08687455,9.150966,0.7182862,-1.316858,10.875,-6.375,1.625,37.84421,-83.52506,165.8001,-0.7268886,-0.655118,0.1621563,0.1271172
13395,-0.1195232,-0.06136547,-0.2268909,-0.2233344,-0.09549537,-0.09285787,9.251526,0.5458975,-1.359955,19.5,-6.75,2.375,37.35002,-83.42938,166.1698,-0.727675,-0.6545793,0.1613824,0.1263763
13408,-0.1225759,-0.06265982,-0.2282123,-0.2271714,-0.09631977,-0.09833076,9.270679,0.1819658,-1.340801,7.875,-5.375,5.25,36.12532,-83.38639,167.1236,-0.7285658,-0.654335,0.1591571,0.1253269
13419,-0.1255784,-0.06392121,-0.2295571,-0.2314404,-0.09723216,-0.1036627,9.261103,0.158023,-1.393475,-0.625,-4.5,7,34.7619,-83.35209,168.1142,-0.7295462,-0.6542488,0.1562217,0.1237563
13430,-0.1286097,-0.06518491,-0.2309583,-0.2345296,-0.09777143,-0.1084157,9.313777,0.1532344,-1.312069,2,-4.375,6.375,33.52656,-83.33015,169.0121,-0.7303688,-0.6542293,0.1535297,0.122369
13442,-0.131673,-0.0664328,-0.2324094,-0.2380164,-0.09696199,-0.1127494,9.347297,0.02873145,-1.312069,8.25,-4,5,32.32029,-83.31235,169.9648,-0.7310553,-0.6541376,0.1513156,0.1215155
13453,-0.1349252,-0.06770518,-0.2339818,-0.2432121,-0.09515251,-0.1175896,9.313777,-0.1005601,-1.398264,15.75,-3.25,2.75,31.17055,-83.28578,170.9542,-0.7316609,-0.6538933,0.1496807,0.1212092
13465,-0.1380683,-0.06887868,-0.2355426,-0.2465764,-0.09206039,-0.1224375,9.313777,-0.1676001,-1.245029,22.875,-3.25,0.125,30.33039,-83.27906,171.7345,-0.7319657,-0.653725,0.1487807,0.1213844
13476,-0.1413127,-0.07003196,-0.2372042,-0.2490723,-0.08853693,-0.1275661,9.308989,-0.1771773,-1.168412,30.75,-3.5,-2.75,29.80708,-83.27486,172.3012,-0.732066,-0.6535193,0.1486784,0.1220109
13488,-0.1446796,-0.07116695,-0.2389538,-0.2560761,-0.08632439,-0.1330682,9.241948,-0.2202744,-1.527555,31.5,-2.875,-4.375,29.3636,-83.21828,172.8004,-0.7324192,-0.652994,0.1487972,0.1225581
13499,-0.1480834,-0.07226001,-0.2407354,-0.2645366,-0.08495068,-0.1384619,9.222795,-0.2154858,-1.676001,25.25,-1.5,-4.875,29.00399,-83.15736,173.1347,-0.7328629,-0.6525663,0.1485146,0.1225259
13510,-0.1515548,-0.0733645,-0.242588,-0.2688072,-0.0855266,-0.1434549,9.280257,0.05267432,-1.436572,20.125,0,-5.125,29.08887,-83.14986,172.9557,-0.7329851,-0.6526609,0.1480518,0.1218497
13522,-0.1551522,-0.07454029,-0.2445711,-0.2691496,-0.0879684,-0.1483708,9.323354,0.3064688,-1.201932,22.125,0.75,-5.5,29.60744,-83.18482,172.3642,-0.7327504,-0.6530924,0.1479326,0.1210912
13533,-0.1585399,-0.07568572,-0.2464907,-0.2697382,-0.09120434,-0.1528504,9.328143,0.3782974,-1.245029,24.375,0.75,-5,30.11549,-83.20927,171.8149,-0.7325398,-0.6534172,0.1480031,0.1205266
13545,-0.1621046,-0.07693166,-0.248555,-0.2720982,-0.09510215,-0.1575667,9.308989,0.3735088,-1.379109,22.5,1.125,-3.75,30.47082,-83.2197,171.3916,-0.7324688,-0.6536546,0.1478396,0.1198688
13556,-0.165743,-0.07825133,-0.2507077,-0.2743627,-0.09951562,-0.1623299,9.308989,0.4166059,-1.379109,19.875,1.625,-2.25,30.72032,-83.23804,171.0371,-0.7324167,-0.6539648,0.1473745,0.1190656
13568,-0.1693038,-0.07959187,-0.2528721,-0.2745204,-0.1033489,-0.1668648,9.33772,0.4453374,-1.211509,20.25,1.625,-1,30.89391,-83.28382,170.7642,-0.732228,-0.6544163,0.1468333,0.1184124
13580,-0.17306,-0.081062,-0.2552245,-0.2738543,-0.1071835,-0.1715107,9.356874,0.4549146,-1.139681,21.125,1.75,0.125,30.97429,-83.34689,170.59,-0.7319623,-0.6549435,0.1462216,0.1178961
13592,-0.176723,-0.08254721,-0.2575699,-0.2750075,-0.1115025,-0.1760766,9.33772,0.4453374,-1.273761,21.5,1.625,1.375,30.86107,-83.38625,170.6165,-0.7318659,-0.655267,0.1455688,0.1175038
13603,-0.1802655,-0.08403319,-0.2598822,-0.2765781,-0.11602,-0.1805337,9.328143,0.4549146,-1.312069,21,1.375,2.75,30.60048,-83.41629,170.7861,-0.7318584,-0.6555039,0.1448135,0.1171627
13616,-0.1842969,-0.0857848,-0.2625915,-0.2760505,-0.1199405,-0.1855198,9.356874,0.4261831,-1.125315,21.25,1.125,4.125,30.12729,-83.48302,171.158,-0.73171,-0.6559294,0.143786,0.1169735
13628,-0.1880599,-0.08745797,-0.2651902,-0.2754322,-0.1224689,-0.1902166,9.361663,0.3399888,-1.077429,22.375,0.625,4.75,29.48842,-83.54791,171.7178,-0.7315826,-0.6562809,0.1427847,0.1170248
13639,-0.1915775,-0.08904582,-0.2676617,-0.2772873,-0.125166,-0.1948193,9.323354,0.2825259,-1.259395,22.375,0.5,5.5,28.70153,-83.57835,172.4314,-0.7316635,-0.6563868,0.1417899,0.1171347
13651,-0.1952442,-0.09071323,-0.2702577,-0.2819631,-0.1282222,-0.1996268,9.294622,0.2106973,-1.465304,21.875,1.125,5.875,27.73681,-83.58479,173.3148,-0.7319128,-0.6563251,0.140678,0.1172638
13662,-0.1989393,-0.09239289,-0.2728924,-0.2869987,-0.1304594,-0.2046399,9.275469,0.1245029,-1.470092,21.125,1.875,6.125,26.66204,-83.59963,174.3,-0.7321355,-0.6563138,0.1394291,0.1174281
13674,-0.2027851,-0.09413167,-0.2756579,-0.2919066,-0.1319759,-0.2099064,9.270679,0.05746289,-1.426995,20.875,3,6,25.51773,-83.63441,175.3496,-0.7322494,-0.6564351,0.1380743,0.1176407
13685,-0.2066154,-0.09585596,-0.2784329,-0.2966183,-0.133531,-0.2149011,9.285046,0.04788574,-1.417418,21.5,3.875,5.5,24.46435,-83.67824,176.3185,-0.7322705,-0.6566315,0.1368289,0.1178677
13696,-0.2105184,-0.09761802,-0.281298,-0.2993322,-0.1351378,-0.2197298,9.318565,0.09098291,-1.264184,21,4.125,5.125,23.53124,-83.74696,177.1594,-0.7321258,-0.6570267,0.1355907,0.1179958
13708,-0.2143889,-0.09938244,-0.2841998,-0.2990897,-0.1363434,-0.2242357,9.366451,0.1292915,-1.029544,20.75,3.75,5,22.68913,-83.84438,177.9061,-0.731795,-0.6576319,0.1343682,0.1180739
13719,-0.2182822,-0.1011799,-0.2871816,-0.2985935,-0.1378505,-0.2286865,9.376028,0.1436572,-1.005601,21.25,3.125,5,21.85569,-83.93463,178.6498,-0.7314872,-0.6581956,0.1332063,0.1181578
13731,-0.2221684,-0.1029929,-0.2902078,-0.2995101,-0.1397335,-0.2332291,9.356874,0.1197144,-1.106161,22.375,2.5,4.875,21.0004,-83.99661,179.4305,-0.7313166,-0.658569,0.1321624,0.1183049
13742,-0.2261361,-0.10486,-0.2933364,-0.3017051,-0.1419726,-0.2379003,9.342508,0.09577148,-1.197144,22.625,2.25,4.875,20.10152,-84.03862,-179.7427,-0.7312538,-0.6588159,0.1311341,0.1184628
13753,-0.2300148,-0.1066993,-0.2964343,-0.3036605,-0.1440022,-0.242533,9.33772,0.07661719,-1.173201,22.375,1.875,4.75,19.22552,-84.076,-178.9399,-0.7312073,-0.659045,0.1301246,0.1185884
13765,-0.234008,-0.1086199,-0.2996777,-0.3043823,-0.1463929,-0.2472319,9.352086,0.1197144,-1.082218,22.125,1.5,5,18.36784,-84.12189,-178.1613,-0.7311062,-0.6593463,0.1290908,0.1186675
13776,-0.2379837,-0.1105782,-0.3029624,-0.3048199,-0.1501455,-0.2518377,9.356874,0.2154858,-1.091795,21.875,1.25,5.375,17.62554,-84.16088,-177.5021,-0.7310303,-0.6596255,0.1281182,0.1186366
13788,-0.2419965,-0.1126045,-0.3063299,-0.3057112,-0.1543741,-0.2565528,9.347297,0.225063,-1.130104,21.25,0.75,5.875,16.84426,-84.18523,-176.8131,-0.7310458,-0.6598233,0.1270832,0.1185543
13800,-0.2462176,-0.1147668,-0.3099273,-0.3070096,-0.1572713,-0.2616441,9.33772,0.09577148,-1.110949,20.125,0.5,6.375,15.75858,-84.20671,-175.8389,-0.7311113,-0.6600093,0.1257537,0.118533
13812,-0.2503226,-0.1168619,-0.3134638,-0.3094859,-0.1579481,-0.2666242,9.328143,-0.1053486,-1.139681,20.125,0.25,6.25,14.43407,-84.21416,-174.6204,-0.7312518,-0.6600986,0.1243173,0.1186835
13823,-0.2543396,-0.1188721,-0.3169515,-0.3128018,-0.1565342,-0.2715881,9.313777,-0.3016802,-1.149258,20.25,0.125,4.875,13.0562,-84.21368,-173.3413,-0.7314147,-0.6601446,0.1228921,0.118909
13836,-0.2589744,-0.1211074,-0.3210063,-0.3170415,-0.1529074,-0.2773669,9.3042,-0.4644917,-1.130104,20.25,-0.125,2.625,11.56507,-84.20966,-171.9598,-0.7315922,-0.6601952,0.1213333,0.1191364
13848,-0.2632862,-0.1231272,-0.324813,-0.3201275,-0.1499573,-0.2826278,9.313777,-0.4309717,-1.082218,21.25,-1,0.25,10.60316,-84.20518,-171.0842,-0.7317218,-0.6602436,0.1202367,0.1191841
13859,-0.2674263,-0.125041,-0.3285165,-0.3215115,-0.1486201,-0.2875999,9.328143,-0.2873144,-1.005601,23.5,-1.875,-2,10.20854,-84.20901,-170.7428,-0.7317568,-0.660322,0.1196839,0.1190909
13871,-0.2716291,-0.1269792,-0.3323239,-0.3228412,-0.1488891,-0.292478,9.33772,-0.1676001,-1.043909,23.625,-2.5,-3.375,10.20108,-84.20498,-170.7876,-0.7318354,-0.6603497,0.1193781,0.1187614
13882,-0.2758724,-0.1289488,-0.3362,-0.3254864,-0.1510747,-0.2973153,9.328143,-0.05746289,-1.192355,21,-2.625,-3.625,10.43304,-84.17927,-171.107,-0.7320747,-0.6602758,0.1190197,0.1180547
13894,-0.2801335,-0.1309493,-0.3401206,-0.3283796,-0.1541665,-0.3021394,9.323354,0.009577149,-1.240241,20.625,-2.625,-3.75,10.78241,-84.14848,-171.5487,-0.7323458,-0.6601762,0.1187086,0.1172403
13905,-0.2844143,-0.1329859,-0.344087,-0.3312553,-0.1575983,-0.3069272,9.323354,0.04309717,-1.254606,21.75,-2.5,-3.875,11.1823,-84.1187,-172.0262,-0.7325929,-0.66007,0.118517,0.1164859
13917,-0.2887935,-0.1350984,-0.3481663,-0.3348005,-0.1615033,-0.3118762,9.308989,0.06704004,-1.316858,22.5,-2.25,-4.125,11.64694,-84.08311,-172.5596,-0.7328609,-0.6599205,0.1184212,0.1157424
13929,-0.2936138,-0.1374694,-0.3526882,-0.3382898,-0.1663969,-0.3173469,9.3042,0.1292915,-1.312069,22.25,-1.75,-4.25,12.24268,-84.0543,-173.2341,-0.7330932,-0.6598307,0.1183531,0.1148489
13940,-0.2979309,-0.1396433,-0.3567733,-0.3404667,-0.1714436,-0.3221642,9.313777,0.2154858,-1.264184,22.125,-1.375,-3.75,12.80421,-84.04155,-173.8683,-0.7332204,-0.6598431,0.1182976,0.1140201
13952,-0.3024023,-0.1419649,-0.3610474,-0.3420126,-0.1775755,-0.3269212,9.332932,0.3112573,-1.240241,21.375,-1.25,-2.75,13.37809,-84.03419,-174.5282,-0.7333251,-0.6599077,0.1181724,0.1130988
13963,-0.3068557,-0.144353,-0.3653488,-0.3433083,-0.1841023,-0.3315855,9.33772,0.3591431,-1.235452,20.375,-1.125,-1.375,13.82789,-84.02801,-175.0775,-0.7334378,-0.6599914,0.11789,0.1121706
13975,-0.3112945,-0.1468053,-0.3696811,-0.3445415,-0.1903483,-0.3362868,9.332932,0.3495659,-1.225875,19.875,-1.125,0,14.07512,-84.02145,-175.4308,-0.7335666,-0.6600707,0.1174408,0.1113299
13986,-0.3158716,-0.1493942,-0.3741828,-0.3469128,-0.196219,-0.3411897,9.318565,0.2873144,-1.292915,19.5,-0.5,1.25,14.06815,-84.01005,-175.5377,-0.7337439,-0.6601128,0.1167856,0.1105989
13998,-0.3204214,-0.1520025,-0.3786817,-0.3499575,-0.2006191,-0.346044,9.313777,0.1676001,-1.312069,19.75,-0.375,1.5,13.84903,-83.99583,-175.4267,-0.7339424,-0.6601192,0.1160281,0.1100394
14010,-0.3253668,-0.1548615,-0.3836108,-0.3524366,-0.203752,-0.3512727,9.323354,0.07182861,-1.221087,20.625,-0.375,1.5,13.44926,-83.99498,-175.1305,-0.7340665,-0.6601983,0.1151742,0.1096332
14021,-0.3299268,-0.1575083,-0.3881846,-0.3550856,-0.2061068,-0.356156,9.313777,0.0191543,-1.235452,21.125,-0.25,1.5,13.01377,-83.99254,-174.783,-0.7341852,-0.6602503,0.1143873,0.109349
14033,-0.3346351,-0.1602472,-0.3929274,-0.3585633,-0.2085776,-0.3611934,9.3042,0,-1.292915,21.25,-0.125,1.25,12.58713,-83.98223,-174.4445,-0.7343476,-0.660253,0.1136074,0.1090551
14044,-0.3392967,-0.1629666,-0.3976433,-0.3618127,-0.2110688,-0.3660275,9.313777,0.004788574,-1.283338,22,0.25,0.625,12.25547,-83.97943,-174.1894,-0.7344491,-0.6602981,0.1129527,0.1087779
14056,-0.3444855,-0.1660078,-0.4029265,-0.3647877,-0.2138066,-0.371431,9.313777,0.01436572,-1.240241,22.125,0.375,0.125,11.97078,-83.98627,-173.9872,-0.734497,-0.6604138,0.1122914,0.1084361
14068,-0.3492195,-0.1687999,-0.4077768,-0.3673212,-0.216645,-0.3763382,9.313777,0.04309717,-1.235452,22,0.25,0,11.77645,-83.99201,-173.8694,-0.734542,-0.6605197,0.1117233,0.1080733
14079,-0.3539921,-0.1716277,-0.412691,-0.3702248,-0.219367,-0.3812123,9.313777,0.02394287,-1.259395,21.875,0.25,-0.125,11.57552,-83.99377,-173.7464,-0.7346115,-0.6606004,0.1111437,0.107704
14091,-0.3588493,-0.1745118,-0.4177272,-0.3723981,-0.2211223,-0.3861225,9.323354,-0.03352002,-1.177989,21.875,0.25,-0.5,11.3216,-84.00785,-173.5706,-0.7346097,-0.6607601,0.1105266,0.1073718
14102,-0.3636661,-0.1773747,-0.4227554,-0.3745895,-0.2226344,-0.3910291,9.318565,-0.05267432,-1.173201,22.125,0.25,-1,11.10692,-84.02256,-173.4292,-0.7345991,-0.660919,0.1099626,0.1070445
14114,-0.3686318,-0.1803271,-0.4279636,-0.3775939,-0.2245013,-0.396026,9.313777,-0.04788574,-1.235452,23,-0.125,-1.5,10.97688,-84.02289,-173.3624,-0.7346587,-0.6609792,0.1095143,0.106723
14125,-0.3735549,-0.1832609,-0.4331536,-0.380336,-0.2266552,-0.4009618,9.313777,-0.0191543,-1.225875,23.25,0.125,-1.75,10.91931,-84.02899,-173.3639,-0.7346799,-0.661073,0.1091354,0.1063829
14137,-0.3785433,-0.1862468,-0.4384378,-0.3831362,-0.2293284,-0.4058512,9.318565,0.0191543,-1.240241,23.125,0.25,-2.125,10.96636,-84.0355,-173.472,-0.7346968,-0.6611751,0.1088117,0.1059626
14148,-0.3835389,-0.1892565,-0.4437588,-0.3855174,-0.232268,-0.4106308,9.328143,0.05267432,-1.216298,22.75,0.125,-2.375,11.08959,-84.04527,-173.661,-0.7346979,-0.6613032,0.1085093,0.1054649
14160,-0.3885987,-0.1923405,-0.4491932,-0.3867445,-0.2357233,-0.4153822,9.342508,0.1197144,-1.139681,22,-0.125,-2,11.25517,-84.06429,-173.9035,-0.7346522,-0.6615043,0.1081674,0.1048722
14171,-0.3936159,-0.1954409,-0.4546302,-0.3876707,-0.2395643,-0.4201063,9.342508,0.1628115,-1.125315,21.25,-0.375,-1.75,11.44906,-84.08205,-174.1835,-0.7346213,-0.6617061,0.1077891,0.1042022
14183,-0.3987537,-0.1986558,-0.4602422,-0.3889914,-0.2434067,-0.4248927,9.342508,0.1532344,-1.149258,21.25,-0.625,-1.5,11.60093,-84.092,-174.4234,-0.7346379,-0.6618581,0.107375,0.1035453
14194,-0.4037298,-0.2017988,-0.4657137,-0.3906492,-0.2467424,-0.4295394,9.33772,0.1197144,-1.168412,21.375,-0.75,-1.375,11.6808,-84.09602,-174.5863,-0.7346864,-0.6619647,0.106945,0.1029638
14205,-0.4088607,-0.2050648,-0.4713873,-0.3927876,-0.2500142,-0.4343255,9.332932,0.1005601,-1.197144,21.375,-0.875,-0.875,11.67176,-84.09296,-174.6626,-0.7347812,-0.6620237,0.1064474,0.1024214
14217,-0.4140269,-0.2083709,-0.4771225,-0.3955366,-0.2531329,-0.4391114,9.328143,0.07661719,-1.240241,21.75,-1.125,-0.875,11.63321,-84.07944,-174.7042,-0.7349328,-0.6620094,0.1059635,0.1019264
14229,-0.4195923,-0.2119431,-0.4833141,-0.3994403,-0.2563865,-0.4443812,9.308989,0.05267432,-1.307281,21.625,-0.875,-1.25,11.60964,-84.05733,-174.7675,-0.7351398,-0.6619458,0.1054531,0.1013755
14241,-0.4247969,-0.2152959,-0.4891236,-0.4024949,-0.2592817,-0.4492676,9.313777,0.05746289,-1.264184,21.375,-0.625,-1.25,11.58453,-84.04747,-174.8263,-0.7352722,-0.6619582,0.1049553,0.1008495
14252,-0.430126,-0.2187566,-0.4951082,-0.4044276,-0.2626318,-0.4541694,9.328143,0.1149258,-1.187566,21.375,-0.625,-1.25,11.63482,-84.05099,-174.9625,-0.7353254,-0.662061,0.1044902,0.1002675
14264,-0.4354763,-0.22226,-0.501144,-0.4068639,-0.2664138,-0.4589977,9.328143,0.1388687,-1.235452,21.25,-0.875,-1.125,11.71128,-84.04365,-175.1266,-0.7354416,-0.6620965,0.104035,0.09965319
14276,-0.4413797,-0.226162,-0.5078399,-0.4092477,-0.2705055,-0.4641848,9.33772,0.1436572,-1.216298,20.875,-0.75,-0.875,11.75921,-84.04099,-175.2762,-0.7355437,-0.6621729,0.1034787,0.09896839
14288,-0.4469035,-0.2298412,-0.5141389,-0.411366,-0.273994,-0.4690945,9.332932,0.1245029,-1.201932,21,-0.875,-0.625,11.73746,-84.03856,-175.3475,-0.735639,-0.6622399,0.1029282,0.09838432
14300,-0.4522864,-0.2334407,-0.5202977,-0.4142909,-0.2770338,-0.47401,9.313777,0.08140577,-1.259395,21.5,-0.875,-0.75,11.67256,-84.02644,-175.3656,-0.7357833,-0.6622334,0.1024105,0.09788742
14311,-0.4576783,-0.237055,-0.5264828,-0.417552,-0.2798995,-0.4789832,9.3042,0.06225147,-1.283338,21.75,-0.625,-0.75,11.57963,-84.01372,-175.3519,-0.7359284,-0.6622183,0.1018972,0.09743313
14322,-0.463106,-0.2407011,-0.5327178,-0.4213467,-0.2830359,-0.4840028,9.294622,0.07182861,-1.331224,21.875,-0.25,-0.875,11.51929,-83.9988,-175.3691,-0.7360833,-0.6621883,0.1014156,0.0969682
14334,-0.4687966,-0.2445342,-0.5392601,-0.4254976,-0.2866085,-0.4891817,9.294622,0.09098291,-1.355167,22,0.125,-0.75,11.46904,-83.98501,-175.3979,-0.7362325,-0.6621668,0.1009308,0.09648709
14345,-0.4742599,-0.2482269,-0.5455514,-0.4290632,-0.2900099,-0.4940906,9.299411,0.1005601,-1.326435,21.25,0.625,-0.75,11.42632,-83.98314,-175.4401,-0.7363162,-0.6622279,0.1004132,0.09596849
14357,-0.4798858,-0.2520499,-0.5520501,-0.4319339,-0.2935121,-0.4989449,9.318565,0.1197144,-1.268972,21,1,-0.5,11.36835,-83.99564,-175.4725,-0.7363213,-0.6623852,0.09984925,0.09543018
14368,-0.4856027,-0.2559534,-0.5586782,-0.4345129,-0.29669,-0.503768,9.328143,0.1005601,-1.235452,21.25,1.125,-0.5,11.27431,-84.01483,-175.4663,-0.7362863,-0.6625818,0.09927473,0.09493425
14380,-0.4912187,-0.2598083,-0.5652221,-0.4363925,-0.2995446,-0.5085017,9.332932,0.09577148,-1.177989,21.25,0.875,-0.625,11.18614,-84.03889,-175.4638,-0.7362199,-0.6628084,0.09871475,0.09444975
14391,-0.4968808,-0.2637141,-0.5718509,-0.4384503,-0.3024475,-0.5133016,9.328143,0.09577148,-1.187566,21.75,0.75,-0.75,11.11547,-84.05931,-175.4726,-0.7361683,-0.6630065,0.09820341,0.09399255
14403,-0.5027736,-0.2677942,-0.5787737,-0.4412057,-0.3054884,-0.5183332,9.318565,0.08619434,-1.230664,21.875,0.625,-0.625,11.01769,-84.07094,-175.4554,-0.7361702,-0.6631467,0.09767144,0.09354209
14414,-0.5083501,-0.2716702,-0.5853499,-0.4435332,-0.3082773,-0.5230418,9.323354,0.08619434,-1.206721,21.625,0.5,-0.5,10.90902,-84.08355,-175.4258,-0.7361647,-0.6632917,0.09714115,0.09310852
14426,-0.5141953,-0.2757469,-0.5922648,-0.4462952,-0.3112681,-0.5279775,9.318565,0.08619434,-1.230664,21.75,0.75,-0.75,10.82855,-84.09602,-175.4258,-0.73616,-0.6634376,0.09662014,0.09264704
14437,-0.5201574,-0.279918,-0.599333,-0.4496351,-0.3145665,-0.5330436,9.308989,0.09577148,-1.273761,22.125,0.75,-0.75,10.76742,-84.1013,-175.4413,-0.7361929,-0.6635344,0.09613591,0.0921953
14449,-0.526028,-0.2840424,-0.6063116,-0.4525596,-0.3179467,-0.5379723,9.313777,0.1149258,-1.249818,22.625,0.875,-0.625,10.71651,-84.11204,-175.4592,-0.7361878,-0.663659,0.09570251,0.09178996
14461,-0.5322675,-0.2884549,-0.6137626,-0.4547781,-0.3216062,-0.54308,9.328143,0.1388687,-1.187566,22.875,0.75,-0.625,10.694,-84.13215,-175.5061,-0.7361262,-0.6638464,0.09528037,0.09136579
14472,-0.5383509,-0.2927867,-0.6210579,-0.4568479,-0.3253126,-0.5478554,9.342508,0.1532344,-1.182778,22.875,0.625,-0.625,10.69387,-84.15082,-175.5734,-0.7360713,-0.6640227,0.09488402,0.0909396
14484,-0.5442244,-0.2969955,-0.6281309,-0.4587283,-0.3287107,-0.5524048,9.347297,0.1436572,-1.168412,23,0.5,-0.375,10.64571,-84.1685,-175.5885,-0.7360193,-0.6641881,0.09448168,0.09056991
14496,-0.5509415,-0.3018475,-0.6362563,-0.4610794,-0.3330541,-0.5577644,9.332932,0.1723887,-1.187566,23,0.125,0,10.59383,-84.17916,-175.6092,-0.7360168,-0.6643142,0.09402559,0.09014045
14509,-0.5573007,-0.3064652,-0.643956,-0.4649923,-0.3376532,-0.5630079,9.3042,0.1771773,-1.316858,22.625,0.375,0.5,10.49938,-84.16971,-175.5884,-0.7361326,-0.6643107,0.09354191,0.08972271
14520,-0.5633034,-0.3108377,-0.6512172,-0.4695117,-0.3420061,-0.5679429,9.294622,0.1628115,-1.383898,22,1,1,10.32922,-84.15793,-175.4955,-0.7362671,-0.6642919,0.09299099,0.08932933
14531,-0.5694286,-0.3153128,-0.658623,-0.4738274,-0.346178,-0.5729021,9.299411,0.1484458,-1.359955,21,1.75,1.5,10.06404,-84.15907,-175.3215,-0.7363395,-0.6643649,0.09229518,0.08891003
14543,-0.5755708,-0.319809,-0.6660637,-0.4770693,-0.3492166,-0.5779129,9.3042,0.08140577,-1.254606,20.25,2,1.625,9.66948,-84.17866,-175.027,-0.7363132,-0.6645612,0.09146298,0.0885206
14554,-0.5818951,-0.3244336,-0.6737453,-0.4800226,-0.3510142,-0.5830459,9.308989,-0.01436572,-1.197144,20.25,2.25,1.5,9.12475,-84.20927,-174.5839,-0.7362253,-0.664827,0.09052796,0.08821645
14566,-0.5881418,-0.328984,-0.6813426,-0.4834517,-0.3521717,-0.5879816,9.313777,-0.07661719,-1.221087,20.75,2.25,0.875,8.584007,-84.23422,-174.1355,-0.7361596,-0.6650516,0.0896526,0.08796477
14577,-0.5944901,-0.3335902,-0.689071,-0.487019,-0.3533727,-0.5928938,9.318565,-0.08140577,-1.225875,21.625,2.125,0.125,8.138086,-84.25704,-173.7708,-0.7360939,-0.665257,0.08890255,0.08772241
14588,-0.6008343,-0.338186,-0.6968141,-0.4897443,-0.3547797,-0.5977383,9.328143,-0.05267432,-1.163624,22.125,2,-0.625,7.833789,-84.28876,-173.5406,-0.7359676,-0.6655167,0.08828329,0.08743828
14600,-0.6072441,-0.3428331,-0.7046607,-0.4921926,-0.356839,-0.6025126,9.33772,0,-1.149258,22.5,1.875,-1,7.66253,-84.32194,-173.4391,-0.7358269,-0.6657842,0.08777209,0.0870987
14611,-0.6136736,-0.3475063,-0.7125431,-0.4954182,-0.3600871,-0.6073704,9.323354,0.07661719,-1.225875,22.875,1.875,-1.375,7.677934,-84.34401,-173.5196,-0.7357474,-0.6659762,0.08740273,0.08667357
14623,-0.6202675,-0.3523262,-0.7206433,-0.4985142,-0.3643984,-0.6123965,9.318565,0.158023,-1.225875,23,2,-1.5,7.839206,-84.36893,-173.7461,-0.7356489,-0.6661887,0.08712064,0.08615963
14634,-0.6266231,-0.3570137,-0.7284789,-0.5005627,-0.3691824,-0.6171261,9.332932,0.2298516,-1.163624,22.75,1.875,-1,8.028902,-84.4009,-174.0023,-0.7355094,-0.6664477,0.08684661,0.08562231
14646,-0.6332113,-0.3619285,-0.7366386,-0.5021122,-0.3745731,-0.6218807,9.347297,0.2777373,-1.125315,22.125,1.625,-0.125,8.177697,-84.43578,-174.2288,-0.7353615,-0.666733,0.08648093,0.08503946
14657,-0.6397799,-0.3668866,-0.7448115,-0.5036056,-0.3801354,-0.6266152,9.347297,0.2968916,-1.120526,21.5,1.25,0.75,8.239754,-84.46452,-174.3769,-0.735256,-0.6669839,0.0860146,0.08445536
14669,-0.646413,-0.3719436,-0.7530989,-0.5053447,-0.3852694,-0.6313704,9.347297,0.258583,-1.125315,21.125,1,1.625,8.121532,-84.4869,-174.3504,-0.7351937,-0.6671953,0.08540836,0.08394133
14681,-0.6533965,-0.3772989,-0.7618518,-0.5077453,-0.3893577,-0.6363888,9.342508,0.1532344,-1.139681,21,1,2.375,7.711104,-84.50431,-174.0374,-0.7351668,-0.667376,0.08459654,0.0835621
14692,-0.660161,-0.3824932,-0.7703509,-0.5104899,-0.3919957,-0.6413949,9.328143,0.04309717,-1.144469,21.375,0.625,2.5,7.127882,-84.51231,-173.5423,-0.7351874,-0.6674889,0.08373813,0.0833422
14704,-0.6667568,-0.3875557,-0.7786574,-0.513212,-0.3939092,-0.6463168,9.323354,-0.01436572,-1.134892,22,0.375,2.125,6.532736,-84.51714,-173.024,-0.7352153,-0.6675756,0.0829391,0.08320075
14716,-0.6742958,-0.3933314,-0.7881681,-0.5167224,-0.3958656,-0.6518674,9.323354,-0.04309717,-1.158835,22.5,0.125,1.375,5.942605,-84.51484,-172.5132,-0.7352834,-0.6676208,0.0821285,0.08304039
14729,-0.6813056,-0.3986897,-0.7970265,-0.519898,-0.3974097,-0.6570057,9.323354,-0.06704004,-1.149258,22.5,-0.25,0.75,5.463098,-84.50949,-172.1064,-0.7353626,-0.6676431,0.08142062,0.08285717
14740,-0.688041,-0.4038234,-0.8055585,-0.522572,-0.3983051,-0.6619573,9.323354,-0.1101372,-1.110949,22.5,-0.5,0.25,5.008673,-84.50687,-171.7209,-0.7354209,-0.6676818,0.08074988,0.08268366
14751,-0.6948814,-0.4090126,-0.8142386,-0.5255739,-0.3987085,-0.6669307,9.323354,-0.158023,-1.125315,21.625,-0.75,-0.5,4.59147,-84.49893,-171.384,-0.7355175,-0.6676946,0.08003376,0.08241676
14763,-0.7018747,-0.4142946,-0.8231245,-0.5287953,-0.399391,-0.6718994,9.328143,-0.1436572,-1.144469,20.375,-0.875,-1.25,4.310833,-84.48818,-171.2011,-0.7356447,-0.6676992,0.07929496,0.08195747
14774,-0.7086461,-0.4194004,-0.8317574,-0.5306736,-0.4001414,-0.6765658,9.347297,-0.1149258,-1.053486,20.75,-1.375,-2.25,4.209837,-84.48853,-171.1891,-0.7357035,-0.6677654,0.07871634,0.08144563
14786,-0.7155433,-0.4246008,-0.8405874,-0.5321105,-0.4012075,-0.6812239,9.356874,-0.08140577,-1.024755,21.375,-2.125,-3.125,4.286639,-84.48647,-171.3479,-0.7357755,-0.6678064,0.0782837,0.08087429
14797,-0.7225162,-0.4298614,-0.8495501,-0.5335862,-0.4025525,-0.6858495,9.361663,-0.05746289,-1.034332,21.125,-2.875,-3.625,4.48328,-84.4748,-171.6302,-0.7359082,-0.6677855,0.07789817,0.08020951
14809,-0.7294395,-0.4350881,-0.858476,-0.5355289,-0.404297,-0.6904315,9.356874,-0.02873145,-1.082218,21.125,-3.375,-4,4.785739,-84.4509,-172.0174,-0.7361129,-0.6676831,0.07757938,0.07948892
14820,-0.7364721,-0.4403989,-0.8675501,-0.5388104,-0.4068927,-0.6952221,9.332932,0.0191543,-1.201932,21.125,-3.875,-4.25,5.223266,-84.40302,-172.5407,-0.7364591,-0.6674255,0.07733355,0.07868079
14832,-0.7435173,-0.4457119,-0.8766441,-0.5424452,-0.4090702,-0.7001907,9.313777,-0.009577149,-1.230664,21.125,-4,-4.75,5.66522,-84.34996,-173.0674,-0.7368319,-0.6671358,0.07710075,0.07787161
14843,-0.7507027,-0.4511218,-0.8859348,-0.5453809,-0.4106184,-0.705171,9.323354,-0.03830859,-1.173201,21.375,-4.25,-5.25,6.104201,-84.30354,-173.5884,-0.7371619,-0.6668882,0.07688815,0.0770767
14854,-0.7576614,-0.4563678,-0.8949577,-0.5474101,-0.4126806,-0.7097938,9.342508,0.02873145,-1.130104,22.125,-4.5,-5.75,6.669784,-84.26488,-174.2236,-0.7374335,-0.6666863,0.07683038,0.07627882
14866,-0.7648796,-0.4618301,-0.9043523,-0.5488743,-0.4153559,-0.7143667,9.361663,0.09098291,-1.101372,23.5,-5.125,-6,7.363696,-84.22335,-174.9716,-0.7377068,-0.6664594,0.07694775,0.07549559
14877,-0.7720447,-0.4672748,-0.9137089,-0.5503912,-0.418243,-0.7187421,9.37124,0.1197144,-1.120526,25,-5.625,-6.125,8.088618,-84.17358,-175.7306,-0.7380083,-0.6661723,0.07720882,0.07481375
14889,-0.7793041,-0.4727994,-0.9232049,-0.5528894,-0.4207597,-0.7232313,9.356874,0.08619434,-1.197144,25.625,-6.125,-6.5,8.795285,-84.10469,-176.4628,-0.7384093,-0.6657619,0.07752032,0.07418452
14901,-0.7869758,-0.4786346,-0.9332516,-0.5555999,-0.4225934,-0.7275995,9.380817,0.03830859,-1.206721,25.875,-6.625,-6.75,9.461218,-84.02515,-177.1514,-0.7388665,-0.6652843,0.07783613,0.07358529
14913,-0.7942599,-0.4841589,-0.9427905,-0.557572,-0.4228648,-0.7301644,9.50532,-0.05267432,-1.163624,29.375,-7.125,-7.875,10.06146,-83.9538,-177.7257,-0.7392409,-0.6648297,0.07839935,0.07333486
14924,-0.8015392,-0.4896417,-0.9522246,-0.5608076,-0.422403,-0.7268155,9.945868,-0.1197144,-1.312069,37.125,-8.25,-10.25,10.83777,-83.85643,-178.3734,-0.7396873,-0.6641486,0.07969405,0.07360892
14937,-0.809808,-0.495753,-0.9625711,-0.569518,-0.4209223,-0.7126182,10.62106,-0.2490059,-1.74783,45.625,-9.625,-13.5,11.93401,-83.67678,-179.1987,-0.7404897,-0.6628599,0.08208711,0.07452146
14948,-0.8170322,-0.5009848,-0.9712483,-0.5786755,-0.4190816,-0.6950698,11.02809,-0.3112573,-1.944161,45.375,-9,-14.5,12.86707,-83.51702,-179.9005,-0.7411959,-0.6617255,0.08415966,0.07526839
14959,-0.8246802,-0.5064144,-0.9799702,-0.588083,-0.4174935,-0.6706579,11.49258,-0.2681602,-2.020778,39.75,-7.375,-14.25,13.81574,-83.37514,179.3184,-0.7418243,-0.6607629,0.08588909,0.07557867
14971,-0.8324186,-0.5118176,-0.9882736,-0.5972397,-0.4170141,-0.6408427,11.90918,-0.1628115,-2.097396,34.25,-6,-12.875,14.67707,-83.25352,178.5513,-0.742379,-0.6599881,0.08714115,0.07546964
14982,-0.8402392,-0.5172071,-0.9961182,-0.6057321,-0.4174321,-0.60759,12.18213,-0.06704004,-2.11655,29.625,-4,-10.5,15.33889,-83.16399,177.9215,-0.7428004,-0.6594563,0.08788072,0.07511432
14994,-0.8483046,-0.5227279,-1.003647,-0.6111062,-0.4183056,-0.570445,12.4455,0.03830859,-1.920218,25.125,-3,-7.875,15.81567,-83.11674,177.4154,-0.7430348,-0.6592288,0.08810326,0.07452948
15005,-0.8562354,-0.5281454,-1.010572,-0.6142697,-0.4196006,-0.5363773,12.28748,0.1149258,-1.757407,21.125,-3.625,-4.5,15.98078,-83.08122,177.1669,-0.7432716,-0.6590837,0.08777853,0.07383087
15016,-0.8642195,-0.5335859,-1.017171,-0.616439,-0.4200555,-0.5094539,11.74158,0.06225147,-1.608961,13.75,-5,-0.125,15.61808,-83.04049,177.3474,-0.7436647,-0.6589156,0.08650183,0.07287362
15028,-0.8722342,-0.5390362,-1.023495,-0.6166521,-0.4193512,-0.4865801,11.44469,-0.004788574,-1.412629,2,-6.5,3.875,14.76627,-83.00319,177.8608,-0.7441878,-0.6588293,0.08395734,0.07127238
15039,-0.8802906,-0.5445434,-1.029583,-0.6139607,-0.4196912,-0.463976,11.43033,0.1053486,-1.221087,-6.5,-9.5,7.125,13.69229,-82.9519,178.4778,-0.7448751,-0.6587111,0.08056879,0.06906101
15051,-0.8881674,-0.5499919,-1.035279,-0.6099464,-0.4219088,-0.4410727,11.48779,0.2537944,-1.173201,-0.5,-13.5,8.125,12.70625,-82.85636,179.0894,-0.7457397,-0.6582554,0.07774027,0.06729541
15062,-0.8960795,-0.5555205,-1.040711,-0.6068447,-0.4240334,-0.4166602,11.57398,0.2106973,-1.288126,17.125,-18,7.25,11.79306,-82.68877,179.8553,-0.7468661,-0.6571845,0.0762969,0.06692029
15074,-0.9040489,-0.5611013,-1.04585,-0.6054824,-0.4240084,-0.3903804,11.67933,-0.004788574,-1.446149,31.125,-20.625,6.25,10.8246,-82.46878,-179.1383,-0.7481777,-0.6556508,0.07586458,0.06779972
15085,-0.9117641,-0.5664811,-1.050498,-0.6051692,-0.4219809,-0.3645744,11.6937,-0.2059087,-1.541921,35.75,-21.75,5.875,9.823051,-82.23305,-178.0392,-0.7495345,-0.6539781,0.07570266,0.06913612
15097,-0.9196588,-0.5719433,-1.054944,-0.6047253,-0.418396,-0.3405657,11.50694,-0.3495659,-1.532344,31.25,-22.25,6,8.744062,-81.98577,-176.9181,-0.7509777,-0.6522728,0.07510719,0.07022605
15108,-0.9276835,-0.5774566,-1.059206,-0.6031327,-0.4143808,-0.3203516,11.19569,-0.3878745,-1.446149,22,-22.625,6.5,7.64653,-81.73798,-175.9008,-0.752482,-0.6506538,0.07374097,0.07058778
15119,-0.9352323,-0.5826287,-1.063036,-0.6002501,-0.4112706,-0.3045804,10.94189,-0.3352002,-1.355167,14.75,-23,6.625,6.713957,-81.51078,-175.1357,-0.7539003,-0.6492414,0.071973,0.07028349
15131,-0.9431435,-0.5880566,-1.066898,-0.5962683,-0.4090953,-0.2910676,10.71204,-0.258583,-1.312069,10.75,-23.625,6.375,5.885158,-81.27046,-174.5373,-0.7554162,-0.6477871,0.0699053,0.06950853
15143,-0.9509261,-0.5934092,-1.070584,-0.5918768,-0.407075,-0.2803432,10.51092,-0.258583,-1.292915,6.75,-23.875,6.25,5.124109,-81.03358,-174.057,-0.756929,-0.6463872,0.06758173,0.06837168
15155,-0.9590092,-0.5989642,-1.074288,-0.5880755,-0.4041412,-0.2694613,10.47261,-0.3495659,-1.379109,-3,-23.5,7.375,4.199063,-80.78006,-173.5599,-0.7586045,-0.6449628,0.06423298,0.06645571
15166,-0.9665438,-0.6041145,-1.077602,-0.5868973,-0.4011829,-0.2581343,10.52529,-0.4213945,-1.61375,-19.125,-21.25,9.625,3.148495,-80.54202,-173.1183,-0.7602669,-0.6437368,0.05970467,0.06350236
15178,-0.9744144,-0.6094647,-1.080916,-0.5864403,-0.3986399,-0.2469091,10.46303,-0.4070288,-1.709521,-43.125,-17.375,12.875,1.820254,-80.32978,-172.7534,-0.7619205,-0.6428518,0.05286979,0.05851233
15189,-0.9818091,-0.6145049,-1.083943,-0.5838187,-0.397933,-0.2389661,10.28107,-0.258583,-1.551498,-65.125,-13.875,16.75,0.3832171,-80.19138,-172.5106,-0.7631916,-0.6425205,0.04461727,0.05211012
15201,-0.9895066,-0.6198508,-1.087044,-0.5784986,-0.4017582,-0.2330492,10.13262,0.1005601,-1.388687,-78.625,-12.375,19.625,-1.050434,-80.09132,-172.519,-0.7642536,-0.6424584,0.03496946,0.04405396
15212,-0.9969355,-0.6251612,-1.089998,-0.5733508,-0.4098558,-0.2279874,10.07995,0.4309717,-1.422207,-73.25,-12.5,21,-2.258129,-79.99321,-172.652,-0.7651713,-0.6422639,0.02611419,0.03644163
15224,-1.004239,-0.6304962,-1.092869,-0.570805,-0.416956,-0.2243906,9.936292,0.3352002,-1.599384,-61.25,-11.625,22.5,-3.611804,-79.8774,-172.47,-0.7660255,-0.6418505,0.01802301,0.03013479
15235,-1.011604,-0.6359265,-1.095706,-0.5701767,-0.4204032,-0.2196568,9.988966,0.01436572,-1.752618,-65.875,-8.625,25.5,-5.446378,-79.76794,-171.8784,-0.7667109,-0.6414849,0.008992323,0.02388917
15247,-1.019763,-0.6419978,-1.098736,-0.5707835,-0.4247431,-0.2119608,10.1422,0.0191543,-1.877121,-76.875,-4.25,28.5,-7.707038,-79.68649,-171.1558,-0.7671036,-0.6413166,-0.002159119,0.0161366
15259,-1.027065,-0.6475231,-1.101383,-0.5702583,-0.4314941,-0.2067392,10.03685,0.2298516,-1.762195,-73.75,0.125,28.375,-9.589214,-79.68532,-170.615,-0.7669364,-0.6415497,-0.01173196,0.009221524
15270,-1.034401,-0.6532261,-1.104027,-0.5675693,-0.4412073,-0.2045271,9.845308,0.4453374,-1.527555,-55.625,2.625,24.875,-11.11048,-79.7551,-170.2127,-0.7663225,-0.642149,-0.01958191,0.003317747
15282,-1.041754,-0.6591528,-1.106693,-0.5638019,-0.4544665,-0.2044457,9.711228,0.7039204,-1.383898,-19.25,2.5,19.5,-12.05556,-79.85749,-169.9191,-0.765576,-0.6428925,-0.02413602,-0.0001370828
15293,-1.049015,-0.6652066,-1.109365,-0.5607319,-0.4674694,-0.2063049,9.557994,0.6895547,-1.388687,20.75,2,13.375,-12.54571,-79.95928,-169.5506,-0.7649132,-0.6436393,-0.02521922,-0.0005511259
15304,-1.05629,-0.6714114,-1.112079,-0.5593056,-0.477074,-0.2086734,9.490954,0.4166059,-1.503612,52.75,1.75,7.875,-12.8405,-80.04202,-168.9521,-0.7643941,-0.6443107,-0.02372042,0.001681872
15316,-1.063575,-0.677687,-1.114789,-0.5610523,-0.4833003,-0.2087504,9.615458,0.1388687,-1.771773,62.875,2.75,5.625,-13.17613,-80.09528,-168.1764,-0.7640138,-0.6448221,-0.02152687,0.004896952
15328,-1.071045,-0.6841257,-1.117531,-0.564705,-0.4867477,-0.2072752,9.701652,-0.1053486,-1.920218,52.625,6.125,5.875,-13.76596,-80.16285,-167.2725,-0.7634882,-0.6454597,-0.02027658,0.007508366
15339,-1.078249,-0.6903387,-1.120172,-0.5673932,-0.4893312,-0.2079967,9.548417,-0.1771773,-1.805292,30.625,10.125,7.75,-14.60318,-80.27819,-166.4152,-0.7626502,-0.6464213,-0.02085243,0.008329241
15350,-1.085719,-0.6968395,-1.122952,-0.5690603,-0.495221,-0.2117604,9.352086,0.06704004,-1.64727,15.375,13,8.125,-15.35898,-80.45542,-165.8432,-0.7615046,-0.6477287,-0.02237784,0.007593649
15362,-1.093149,-0.7034107,-1.125782,-0.5696377,-0.5037709,-0.2169495,9.270679,0.2777373,-1.508401,22.875,13.25,4.875,-15.70475,-80.66669,-165.5811,-0.7602714,-0.6491653,-0.02285728,0.007042099
15373,-1.100618,-0.7101453,-1.128684,-0.5692956,-0.5133107,-0.2212065,9.361663,0.3543545,-1.417418,47.5,11.125,-1.875,-15.43225,-80.88754,-165.6073,-0.7591225,-0.650564,-0.02084973,0.008060746
15385,-1.108474,-0.7173381,-1.131743,-0.5711882,-0.5229998,-0.2224155,9.57236,0.3399888,-1.594595,72.375,8.5,-8.25,-14.52471,-81.07584,-165.907,-0.7582644,-0.6516529,-0.0162523,0.01094014
15397,-1.116113,-0.724367,-1.134668,-0.5762389,-0.5301996,-0.2206669,9.749537,0.1819658,-1.853178,77.5,8.625,-10.25,-13.57564,-81.22015,-166.1987,-0.7576185,-0.6524434,-0.01141983,0.01419666
15408,-1.123592,-0.7312266,-1.137484,-0.5820965,-0.5339025,-0.2191408,9.720806,-0.06704004,-1.901064,55.625,11.75,-7.75,-13.13636,-81.37085,-166.2822,-0.7568371,-0.6533505,-0.008774881,0.0159308
15421,-1.132111,-0.7390348,-1.140693,-0.5871246,-0.5381312,-0.2211943,9.486166,-0.04309717,-1.719098,22.5,15.25,-3.125,-13.16256,-81.59335,-166.3403,-0.755613,-0.6547834,-0.008961256,0.01508049
15432,-1.139482,-0.7458307,-1.143528,-0.5896314,-0.5436676,-0.2268159,9.213217,0.1340801,-1.494035,2.25,17.375,-0.5,-13.31091,-81.82973,-166.5217,-0.7543129,-0.656306,-0.01063888,0.01269992
15444,-1.147166,-0.7530035,-1.146589,-0.5906463,-0.5513341,-0.2352928,9.040829,0.3064688,-1.302492,2.25,17.125,-1.25,-13.23778,-82.10084,-166.9383,-0.7528542,-0.657999,-0.01216425,0.00999602
15455,-1.154776,-0.7602117,-1.149747,-0.5906295,-0.5594223,-0.2450855,8.949845,0.3687202,-1.168412,13.875,15.75,-3.5,-12.8732,-82.37296,-167.4909,-0.7514181,-0.6596571,-0.012574,0.008090316
15466,-1.162424,-0.7675608,-1.153074,-0.5904542,-0.5674099,-0.2568701,8.806189,0.3830859,-1.101372,28.875,13.75,-5.75,-12.21373,-82.62831,-168.1423,-0.7500988,-0.6611828,-0.0116713,0.007286293
15478,-1.170186,-0.7750875,-1.156629,-0.5917641,-0.5737678,-0.2709617,8.629011,0.2729487,-1.163624,33.125,12.875,-5.75,-11.61564,-82.8504,-168.6749,-0.7489376,-0.6625198,-0.01055677,0.006978637
15489,-1.177921,-0.7825818,-1.160356,-0.5954692,-0.5769753,-0.2869767,8.447045,0.04788574,-1.302492,18.375,13.875,-2.25,-11.65333,-83.03287,-168.7643,-0.7479068,-0.6636843,-0.01109771,0.005952583
15501,-1.185718,-0.7901109,-1.164333,-0.5993049,-0.5787167,-0.3056615,8.245925,-0.05746289,-1.259395,-6.75,16,2.5,-12.40379,-83.22428,-168.4708,-0.7467291,-0.6649719,-0.01405118,0.003276882
15512,-1.193511,-0.7976665,-1.168577,-0.6011965,-0.5829049,-0.3274395,8.030439,0.1388687,-1.043909,-26.625,17.375,6.5,-13.40154,-83.45608,-168.1906,-0.7452716,-0.6665003,-0.01861577,-0.001000393
15524,-1.201346,-0.8053647,-1.173161,-0.6017138,-0.5911696,-0.3519573,7.853262,0.4597031,-0.8667319,-22.375,16.25,7.375,-14.03184,-83.70674,-168.229,-0.7437379,-0.6680687,-0.02259512,-0.005262599
15535,-1.209209,-0.8131981,-1.178097,-0.6031207,-0.6008564,-0.3786204,7.69045,0.584206,-0.8810977,2.875,13.5,5.25,-14.11923,-83.92078,-168.4808,-0.7424907,-0.6693698,-0.02433929,-0.007700837
15547,-1.217109,-0.8211134,-1.18338,-0.6067353,-0.607934,-0.4058012,7.628199,0.3974517,-1.034332,27.125,11.375,3.125,-14.16994,-84.07037,-168.4493,-0.7416323,-0.6703194,-0.02427984,-0.007999002
15558,-1.224995,-0.8289871,-1.188957,-0.6124943,-0.6114981,-0.433087,7.575524,0.1340801,-1.197144,36.5,11.5,3,-14.6288,-84.17422,-167.8861,-0.7409828,-0.6710634,-0.02380765,-0.007187489
15570,-1.233169,-0.8370565,-1.195044,-0.6209044,-0.6129959,-0.4624238,7.446233,-0.02873145,-1.369532,27.25,14.25,5.25,-15.69882,-84.26192,-166.832,-0.7403247,-0.6717718,-0.02441764,-0.006773625
15581,-1.24131,-0.8450149,-1.201399,-0.6302989,-0.6161672,-0.4920619,7.379193,0.1005601,-1.426995,15.625,18.125,8,-16.94402,-84.37678,-165.7564,-0.7394679,-0.6726511,-0.0259655,-0.007317655
15593,-1.249755,-0.8532704,-1.208291,-0.6388965,-0.6245139,-0.5213066,7.484541,0.4788574,-1.312069,20.5,21.5,8.875,-17.79606,-84.57429,-165.018,-0.7382095,-0.6739932,-0.02678673,-0.007900195
15604,-1.257962,-0.8613459,-1.21525,-0.6457486,-0.6354706,-0.5476769,7.642565,0.6991318,-1.173201,41,22.125,8.625,-18.31981,-84.80692,-164.3441,-0.7368264,-0.6755536,-0.02577902,-0.007060265
15615,-1.266497,-0.8697639,-1.222763,-0.6533042,-0.6443135,-0.5749936,7.62341,0.5028003,-1.192355,57.625,21.625,10.125,-19.49284,-85.01245,-162.798,-0.7354987,-0.6770931,-0.02380672,-0.004437296
15627,-1.275174,-0.8782487,-1.230679,-0.6627735,-0.648095,-0.6046448,7.431867,0.09577148,-1.312069,53.375,22.25,14.25,-22.13926,-85.14647,-159.8328,-0.7342914,-0.6784446,-0.02296167,-0.001352538
15639,-1.284565,-0.8873032,-1.239573,-0.6735586,-0.6494427,-0.637952,7.302576,-0.1292915,-1.331224,36.75,23.375,18.125,-26.19531,-85.23824,-155.67,-0.7329682,-0.6798374,-0.02403659,0.001035838
15651,-1.293338,-0.8957114,-1.248155,-0.6819346,-0.6535203,-0.6670579,7.451022,0.05267432,-1.182778,30.5,23.25,18.75,-29.83246,-85.34062,-152.0171,-0.7315922,-0.6812685,-0.0252977,0.002491283
15662,-1.302425,-0.9044138,-1.257333,-0.6887854,-0.6596707,-0.6957065,7.561159,0.1676001,-1.024755,37.125,20.375,17.5,-33.17046,-85.44052,-148.5748,-0.7302407,-0.6826897,-0.02579011,0.004267831
15674,-1.311395,-0.9129841,-1.266693,-0.6946243,-0.6636404,-0.724812,7.479753,-0.0191543,-0.933772,40.125,16.625,17.125,-36.56598,-85.47537,-145.0362,-0.7291355,-0.6838377,-0.02619209,0.006435534
15686,-1.321393,-0.9224768,-1.277475,-0.7020177,-0.6665741,-0.7570747,7.460599,-0.1532344,-0.9864463,33.75,12.75,17.875,-40.11926,-85.41734,-141.4148,-0.7283393,-0.684617,-0.0273836,0.008469258
15697,-1.330509,-0.9310683,-1.287531,-0.7103412,-0.6694893,-0.7835994,7.652142,-0.1676001,-1.120526,30.875,10,16.625,-42.56378,-85.31931,-138.9451,-0.7279778,-0.6849338,-0.02855253,0.009945847
15709,-1.339792,-0.9397703,-1.29798,-0.7179378,-0.6729527,-0.8080475,7.834107,-0.1628115,-1.063064,33.375,8.375,13.75,-44.47593,-85.23795,-136.9742,-0.7276602,-0.6852192,-0.029255,0.01137461
15720,-1.349195,-0.9485837,-1.308816,-0.7230573,-0.6777446,-0.8333054,7.800588,-0.08140577,-0.8571548,36.125,6,10.625,-45.86545,-85.19722,-135.4875,-0.7273175,-0.6855557,-0.02935988,0.01267827
15732,-1.358555,-0.9574,-1.319898,-0.727096,-0.6848709,-0.8608711,7.618622,0.1053486,-0.7565947,39.375,4,8.375,-46.55415,-85.19397,-134.66,-0.7270603,-0.6858304,-0.02879271,0.01382324
15743,-1.36832,-0.9666501,-1.331795,-0.7311383,-0.6925779,-0.890786,7.52285,0.1292915,-0.7374405,41.5,2.25,7.125,-46.8808,-85.19055,-134.1598,-0.72693,-0.6859799,-0.02788633,0.01505624
15755,-1.377683,-0.9755381,-1.343497,-0.7351075,-0.6978109,-0.9186878,7.561159,-0.04788574,-0.7518061,34.375,1.25,7.375,-47.35786,-85.15015,-133.6068,-0.7269002,-0.6859969,-0.02778332,0.01588955
15766,-1.387334,-0.9847012,-1.355836,-0.7401877,-0.7027422,-0.946345,7.62341,-0.09098291,-0.8380005,22.125,0.25,7.5,-47.6615,-85.08259,-133.3851,-0.7270607,-0.685792,-0.02868714,0.01578275
15778,-1.397167,-0.9940494,-1.368603,-0.7474816,-0.7106223,-0.9704983,7.910725,0.1149258,-1.024755,17.875,-0.625,6.875,-47.24027,-85.02267,-133.9466,-0.7274798,-0.6853241,-0.02964238,0.01500911
15789,-1.406901,-1.003293,-1.381337,-0.756653,-0.7185362,-0.9899024,8.22677,0.1149258,-1.216298,20.375,-1.25,6.25,-46.5193,-84.94631,-134.7731,-0.7280802,-0.6846684,-0.03034393,0.01441152
15800,-1.41681,-1.012632,-1.394359,-0.767172,-0.7231199,-1.008184,8.293811,-0.1532344,-1.345589,15.375,-1,6.625,-46.1175,-84.82131,-135.3448,-0.7287634,-0.6838912,-0.0317543,0.01372713
15812,-1.427181,-1.022339,-1.408071,-0.7767976,-0.7270043,-1.026945,8.303388,-0.225063,-1.268972,5.5,-0.375,6.875,-46.03661,-84.69973,-135.733,-0.7293237,-0.6832089,-0.03408729,0.01227258
15823,-1.437036,-1.031554,-1.421194,-0.7838693,-0.7329814,-1.043906,8.380005,-0.04788574,-1.120526,6.125,-1.75,5.375,-45.67048,-84.62936,-136.3798,-0.729787,-0.6826475,-0.0359166,0.0106429
15835,-1.447401,-1.041248,-1.435106,-0.7910545,-0.7398272,-1.061736,8.370428,0.004788574,-1.120526,22.875,-4.625,2,-44.63154,-84.56631,-137.4895,-0.7304748,-0.6819072,-0.03617442,0.01002907
15846,-1.457999,-1.051105,-1.449408,-0.7997732,-0.7438056,-1.079299,8.380005,-0.2106973,-1.264184,39,-7.125,-2.5,-43.06886,-84.47263,-138.9065,-0.7314845,-0.6808744,-0.03502345,0.0106761
15858,-1.468966,-1.061169,-1.46422,-0.8104722,-0.7438141,-1.094618,8.538028,-0.517166,-1.450938,41.875,-8.625,-5,-41.40386,-84.32546,-140.3807,-0.7327654,-0.6795433,-0.03373434,0.01174028
15870,-1.479787,-1.070937,-1.478776,-0.8221127,-0.7420355,-1.10581,8.796611,-0.6656118,-1.604172,28.875,-8.75,-5.5,-39.90141,-84.15705,-141.8677,-0.7341046,-0.6781027,-0.03359021,0.01178653
15881,-1.490892,-1.080811,-1.493624,-0.8338479,-0.7414641,-1.115022,8.954634,-0.5746289,-1.64727,13.5,-8.25,-5,-38.44987,-83.99704,-143.5095,-0.7354199,-0.6766472,-0.03459764,0.01045158
15893,-1.501711,-1.090331,-1.508035,-0.8447034,-0.7432893,-1.125053,8.873228,-0.3687202,-1.632904,9.5,-8,-5.75,-36.86304,-83.86975,-145.3313,-0.7366452,-0.6752863,-0.03561893,0.008579018
15905,-1.513885,-1.100961,-1.524215,-0.8560053,-0.7474853,-1.137753,8.772668,-0.1867544,-1.599384,21,-8.375,-9,-34.60931,-83.76665,-147.6812,-0.7379922,-0.6738474,-0.03531079,0.007087908
15917,-1.524805,-1.11044,-1.538696,-0.8649862,-0.7507772,-1.147033,8.930691,-0.2106973,-1.561075,34.25,-9,-12,-32.46842,-83.6898,-149.737,-0.7391349,-0.6726735,-0.03384503,0.006668568
15928,-1.536304,-1.120341,-1.553889,-0.8736474,-0.7522113,-1.154252,9.107868,-0.3543545,-1.561075,38.375,-9.625,-12.75,-30.43085,-83.59473,-151.6295,-0.7403049,-0.6714717,-0.03208666,0.006699877
15939,-1.547692,-1.130042,-1.568877,-0.8821502,-0.7515182,-1.161091,9.112657,-0.5028003,-1.599384,29.375,-9.75,-10.875,-28.88385,-83.4687,-153.1499,-0.7414569,-0.6702379,-0.03135706,0.006298884
15951,-1.559207,-1.139741,-1.583973,-0.8906989,-0.7502219,-1.167654,9.127023,-0.5363203,-1.637692,16.375,-9.625,-8.75,-27.67114,-83.32359,-154.5051,-0.7426016,-0.6689577,-0.03183047,0.00502039
15962,-1.571118,-1.149678,-1.599507,-0.899141,-0.7500957,-1.172561,9.265891,-0.4357603,-1.656847,8,-9.125,-7.625,-26.52658,-83.18315,-155.9079,-0.7437009,-0.6676926,-0.03296689,0.002977259
15974,-1.582772,-1.159348,-1.614639,-0.9060505,-0.7517816,-1.176519,9.342508,-0.2825259,-1.585018,10.125,-8.625,-7.875,-25.35167,-83.07624,-157.3069,-0.7446269,-0.6666262,-0.03375607,0.001008594
15985,-1.594564,-1.169101,-1.629912,-0.9117002,-0.7540746,-1.180817,9.328143,-0.2202744,-1.503612,19.125,-8.625,-8.625,-24.13243,-82.98656,-158.6344,-0.7454629,-0.6656914,-0.03376447,-0.0003150866
15997,-1.606509,-1.178943,-1.645356,-0.9165533,-0.755221,-1.185085,9.332932,-0.2968916,-1.465304,26.125,-8.5,-9,-23.04482,-82.9003,-159.7385,-0.7462341,-0.6648498,-0.03329552,-0.0009858215
16008,-1.618484,-1.188761,-1.660818,-0.9207039,-0.7548454,-1.188755,9.376028,-0.4070288,-1.441361,27.125,-7.875,-8.375,-22.23652,-82.81799,-160.5496,-0.7469006,-0.6641192,-0.0329156,-0.001398066
16020,-1.630525,-1.198577,-1.676355,-0.9241669,-0.7534111,-1.192497,9.37124,-0.483646,-1.407841,22.25,-7.25,-6.75,-21.74803,-82.73801,-161.1048,-0.7474628,-0.6634746,-0.03311851,-0.002014258
16031,-1.642619,-1.208391,-1.691966,-0.9270002,-0.7522311,-1.196623,9.347297,-0.4597031,-1.369532,17.875,-6.75,-5.375,-21.42095,-82.66628,-161.5568,-0.7479354,-0.6629065,-0.03375186,-0.002918032
16042,-1.654585,-1.218074,-1.707428,-0.929096,-0.7518449,-1.200548,9.366451,-0.3974517,-1.326435,18.25,-6.75,-4.625,-21.13292,-82.60374,-161.9643,-0.7483469,-0.6624064,-0.03435734,-0.003781847
16054,-1.666746,-1.227886,-1.723164,-0.9310713,-0.7512165,-1.204704,9.352086,-0.4118174,-1.326435,20.875,-6.75,-4.5,-20.88534,-82.54004,-162.2985,-0.7487535,-0.6619198,-0.03480145,-0.004403947
16065,-1.678904,-1.237658,-1.738922,-0.9332297,-0.7501346,-1.209668,9.285046,-0.4405488,-1.345589,22.125,-6,-4.625,-20.68829,-82.48211,-162.5656,-0.7491162,-0.661486,-0.03517209,-0.004893587
16077,-1.691235,-1.247541,-1.754949,-0.9348778,-0.7492738,-1.215078,9.261103,-0.4213945,-1.307281,23,-4.625,-4.5,-20.54363,-82.44796,-162.7701,-0.7493373,-0.6612163,-0.03547427,-0.005326468
16088,-1.703095,-1.257042,-1.770428,-0.9353895,-0.7492499,-1.220756,9.23716,-0.3591431,-1.216298,24.875,-3.25,-4.125,-20.44612,-82.4468,-162.9022,-0.7493674,-0.6611728,-0.03560124,-0.005625514
16100,-1.715367,-1.266883,-1.786541,-0.9352754,-0.7500603,-1.228021,9.141388,-0.292103,-1.149258,26.875,-2.75,-3.5,-20.36802,-82.46089,-162.9909,-0.7493108,-0.661237,-0.03557504,-0.005783339
16111,-1.727592,-1.276706,-1.802711,-0.9347283,-0.7510391,-1.236403,9.059982,-0.2777373,-1.101372,28.25,-2.375,-2.375,-20.41031,-82.48138,-162.9423,-0.749189,-0.6613777,-0.03553064,-0.005750069
16123,-1.740599,-1.287174,-1.820045,-0.9343063,-0.7519292,-1.245104,9.074348,-0.292103,-1.110949,28.75,-1.875,-1,-20.62469,-82.50156,-162.7154,-0.7490241,-0.6615634,-0.03558249,-0.005544798
16135,-1.752693,-1.296908,-1.836245,-0.9345839,-0.7521682,-1.251836,9.17012,-0.3447773,-1.173201,28.875,-1,-0.125,-20.96748,-82.51709,-162.36,-0.7488502,-0.6617543,-0.03573968,-0.005232784
16147,-1.764986,-1.306789,-1.852766,-0.9358184,-0.7522459,-1.257663,9.23716,-0.3639317,-1.249818,28.375,0.25,0.5,-21.40031,-82.53397,-161.9219,-0.7486424,-0.6619775,-0.03600278,-0.004905321
16158,-1.777069,-1.316499,-1.869042,-0.9374812,-0.7533469,-1.262762,9.285046,-0.292103,-1.278549,28.5,1.625,1.375,-21.84887,-82.56343,-161.4686,-0.7483616,-0.6622837,-0.03625162,-0.004597904
16170,-1.789798,-1.326739,-1.886228,-0.9392616,-0.7555934,-1.268191,9.285046,-0.2202744,-1.264184,29.5,3.25,2.5,-22.399,-82.61494,-160.902,-0.7479321,-0.6627601,-0.03645737,-0.004191135
16181,-1.801474,-1.336139,-1.902034,-0.9410875,-0.7576171,-1.273935,9.222795,-0.2298516,-1.259395,29.75,4.625,3.75,-23.06551,-82.66994,-160.2187,-0.7474483,-0.6632934,-0.03673115,-0.003711503
16192,-1.813829,-1.346077,-1.918806,-0.9435451,-0.758994,-1.280929,9.146177,-0.2968916,-1.278549,28.375,6.125,5,-24.00628,-82.72977,-159.2791,-0.7468542,-0.6639341,-0.03728733,-0.00317176
16204,-1.826076,-1.355911,-1.935474,-0.9462999,-0.7598721,-1.287866,9.141388,-0.3495659,-1.288126,26.5,7.375,6,-25.12743,-82.79124,-158.1844,-0.7461892,-0.6646375,-0.03809821,-0.002686725
16215,-1.838333,-1.365739,-1.952187,-0.9488148,-0.7607947,-1.293785,9.222795,-0.3687202,-1.259395,24.875,8.25,6.625,-26.36987,-82.86037,-156.9899,-0.7454346,-0.6654283,-0.03907962,-0.002297831
16227,-1.850788,-1.375727,-1.969198,-0.9509313,-0.7625338,-1.298708,9.313777,-0.3304116,-1.211509,24.625,8.25,6.625,-27.60379,-82.93686,-155.8084,-0.7446339,-0.6662685,-0.04003613,-0.001987804
16238,-1.863187,-1.385689,-1.986173,-0.9525235,-0.7652816,-1.304055,9.289834,-0.2681602,-1.144469,26.25,7.125,6.625,-28.73596,-83.00785,-154.7072,-0.7438871,-0.6670574,-0.04078938,-0.001618391
16249,-1.875554,-1.395652,-2.003165,-0.9539337,-0.7685212,-1.310701,9.194062,-0.2394287,-1.101372,28.375,5.375,6.625,-29.76072,-83.06005,-153.6855,-0.7432662,-0.6677163,-0.04134037,-0.001106071
16261,-1.887976,-1.405674,-2.0203,-0.9555624,-0.7709307,-1.318122,9.131811,-0.3160459,-1.101372,28.125,4.5,6.875,-30.84556,-83.09055,-152.6064,-0.7427263,-0.6682769,-0.04199412,-0.000522773
16272,-1.900532,-1.415806,-2.037688,-0.9573131,-0.7725056,-1.32568,9.122234,-0.3974517,-1.101372,23.75,3.625,6.875,-31.97171,-83.10155,-151.5425,-0.7422572,-0.6687308,-0.04305115,-0.0002326406
16284,-1.912915,-1.425808,-2.054899,-0.9588154,-0.7744715,-1.332617,9.165331,-0.3830859,-1.077429,19.375,2.625,6.5,-32.96824,-83.10614,-150.6633,-0.7418565,-0.6690898,-0.04435804,-0.0003714242
16295,-1.925441,-1.435948,-2.072368,-0.960175,-0.7773206,-1.339198,9.20364,-0.3304116,-1.058275,18.75,1.125,5.5,-33.73027,-83.10625,-150.0274,-0.7415602,-0.6693361,-0.04557573,-0.0007050124
16307,-1.938105,-1.446223,-2.090089,-0.9620163,-0.7804854,-1.346131,9.179697,-0.3112573,-1.087006,21.625,-0.25,3.625,-34.18614,-83.09928,-149.6593,-0.7414135,-0.6694418,-0.04639846,-0.0009641817
16318,-1.950395,-1.45621,-2.107335,-0.9642588,-0.7835957,-1.353047,9.160542,-0.3064688,-1.120526,25.25,-1.125,1.375,-34.33671,-83.09297,-149.5461,-0.7413841,-0.6694511,-0.04673198,-0.001090197
16330,-1.963011,-1.466481,-2.125081,-0.9667159,-0.7870229,-1.359874,9.179697,-0.2873144,-1.134892,27.875,-1.875,-0.25,-34.26364,-83.08886,-149.622,-0.741433,-0.6693979,-0.04671608,-0.001140737
16341,-1.975903,-1.476997,-2.143255,-0.9692933,-0.7906851,-1.36645,9.208428,-0.2729487,-1.144469,28.5,-2.125,-1.125,-34.07179,-83.08812,-149.8078,-0.7415125,-0.6693203,-0.04656265,-0.001220355
16352,-1.988133,-1.48699,-2.160523,-0.9718167,-0.7940689,-1.372109,9.251526,-0.2777373,-1.158835,27,-2.375,-1.5,-33.8461,-83.08559,-150.0464,-0.7416138,-0.6692118,-0.04650354,-0.001437522
16364,-2.000886,-1.497421,-2.178545,-0.9748359,-0.7973304,-1.377614,9.275469,-0.292103,-1.197144,24.875,-2.5,-1.75,-33.58032,-83.0772,-150.3532,-0.7417585,-0.6690435,-0.0466016,-0.001843289
16376,-2.013924,-1.508088,-2.196981,-0.9783679,-0.800393,-1.383347,9.261103,-0.3016802,-1.235452,23.125,-2,-2.625,-33.2466,-83.07361,-150.7514,-0.7419041,-0.6688677,-0.04677816,-0.002462786
16388,-2.027079,-1.518859,-2.215588,-0.9817445,-0.8038309,-1.388701,9.294622,-0.2681602,-1.225875,23.75,-1.25,-3.625,-32.83296,-83.08982,-151.2214,-0.7419817,-0.6687779,-0.04679184,-0.003143598
16399,-2.040085,-1.529523,-2.233985,-0.9851829,-0.8077628,-1.393495,9.332932,-0.2154858,-1.235452,26.625,-0.5,-5.125,-32.26347,-83.12659,-151.8081,-0.7420143,-0.6687651,-0.04641377,-0.003734284
16411,-2.053344,-1.5404,-2.25272,-0.9894339,-0.8117049,-1.398156,9.342508,-0.2011201,-1.292915,29.625,0.5,-6.125,-31.59484,-83.17344,-152.4539,-0.7420282,-0.6687956,-0.04570989,-0.004157886
16422,-2.065943,-1.550732,-2.270502,-0.9939048,-0.8150963,-1.402691,9.328143,-0.2106973,-1.326435,30.125,1.75,-6.5,-30.98622,-83.22645,-153.0346,-0.7419815,-0.6688932,-0.04499936,-0.004526189
16435,-2.080535,-1.562691,-2.291064,-0.9990739,-0.8187801,-1.407851,9.332932,-0.2106973,-1.321646,28.875,3.75,-6.25,-30.43304,-83.3105,-153.5746,-0.7417507,-0.6691905,-0.04432328,-0.005042313
16446,-2.093173,-1.573045,-2.308852,-1.003198,-0.8219005,-1.411989,9.361663,-0.2059087,-1.288126,28,5.125,-5.875,-30.07642,-83.39942,-153.9313,-0.7414209,-0.6695839,-0.04384077,-0.005527643
16457,-2.106091,-1.58363,-2.327023,-1.006751,-0.8249751,-1.416164,9.37124,-0.2059087,-1.225875,26.375,5.875,-5.375,-29.83718,-83.50212,-154.1916,-0.7409761,-0.6700919,-0.04351963,-0.006110621
16469,-2.119215,-1.594386,-2.345488,-1.010083,-0.8278005,-1.421117,9.318565,-0.2154858,-1.187566,24.75,6,-5.125,-29.65877,-83.60714,-154.4123,-0.7404951,-0.6706273,-0.04335777,-0.006795693
16480,-2.132267,-1.605077,-2.363863,-1.013411,-0.8300688,-1.426704,9.265891,-0.2442173,-1.173201,22.75,6.25,-4.75,-29.57671,-83.70829,-154.562,-0.7399986,-0.671163,-0.04341653,-0.007571673
16492,-2.145658,-1.616035,-2.38273,-1.016819,-0.8321131,-1.432683,9.246737,-0.2537944,-1.158835,20.75,6.375,-4.875,-29.50652,-83.81227,-154.7272,-0.7394799,-0.6717086,-0.04363813,-0.008524382
16503,-2.158841,-1.626812,-2.401325,-1.020234,-0.8340145,-1.438935,9.218005,-0.2490059,-1.149258,21.125,5.875,-5.5,-29.34169,-83.91037,-154.98,-0.7390185,-0.6721945,-0.04378083,-0.009466198
16515,-2.17218,-1.637705,-2.42016,-1.023662,-0.8359393,-1.445514,9.198852,-0.2346401,-1.134892,24.5,5,-6.75,-28.9766,-84.00577,-155.3886,-0.7386299,-0.6726248,-0.04355911,-0.01022625
16526,-2.185489,-1.648556,-2.438967,-1.027171,-0.8375084,-1.451488,9.241948,-0.2490059,-1.139681,28.875,4,-7.875,-28.45062,-84.0911,-155.8999,-0.7383379,-0.6729783,-0.04293746,-0.01066972
16537,-2.198903,-1.659472,-2.45793,-1.030707,-0.8386673,-1.457044,9.275469,-0.2681602,-1.139681,31.625,2.75,-8.875,-27.76835,-84.16406,-156.5304,-0.7381506,-0.6732357,-0.04204997,-0.01092152
16549,-2.212333,-1.670368,-2.476919,-1.034516,-0.8393602,-1.462739,9.261103,-0.2873144,-1.158835,31.625,1.875,-9.375,-27.00071,-84.22189,-157.2457,-0.738056,-0.6733904,-0.04115669,-0.01117079
16561,-2.22611,-1.681501,-2.49639,-1.038959,-0.8395901,-1.468366,9.270679,-0.3064688,-1.201932,29.75,1.625,-9.375,-26.21117,-84.26804,-158.0064,-0.7380176,-0.6734707,-0.04042447,-0.01154801
16572,-2.239323,-1.692135,-2.515052,-1.04325,-0.8396466,-1.473554,9.285046,-0.3064688,-1.206721,27.25,1.375,-9,-25.49551,-84.30477,-158.726,-0.7379981,-0.6735108,-0.03995444,-0.01206872
16583,-2.253069,-1.703163,-2.53447,-1.047208,-0.8400577,-1.479252,9.265891,-0.2681602,-1.163624,24.875,1.25,-8.375,-24.80076,-84.34473,-159.4565,-0.7379456,-0.6735714,-0.03967776,-0.01278623
16595,-2.266777,-1.714131,-2.553846,-1.050859,-0.8408604,-1.485401,9.232371,-0.225063,-1.134892,23.75,0.875,-7.875,-24.11413,-84.3818,-160.1936,-0.7378985,-0.6736178,-0.0395028,-0.01358359
16606,-2.281208,-1.72565,-2.57426,-1.054801,-0.8419657,-1.492119,9.213217,-0.191543,-1.139681,24,0.25,-7.25,-23.40066,-84.4084,-160.9569,-0.737906,-0.6736031,-0.03933545,-0.01436578
16618,-2.295157,-1.736755,-2.594,-1.058788,-0.8428796,-1.498312,9.232371,-0.191543,-1.158835,24.125,-0.5,-6.625,-22.76624,-84.41798,-161.6378,-0.7379836,-0.6735094,-0.03923117,-0.01504285
16630,-2.30927,-1.747955,-2.613968,-1.063029,-0.8436092,-1.504075,9.265891,-0.1963315,-1.182778,24,-0.75,-6,-22.21022,-84.4179,-162.2426,-0.7380941,-0.6733757,-0.03920444,-0.01566959
16641,-2.322981,-1.758801,-2.633361,-1.066983,-0.8440646,-1.509223,9.299411,-0.2106973,-1.177989,23.75,-0.625,-5.25,-21.81216,-84.41644,-162.6912,-0.7381753,-0.6732692,-0.03927938,-0.01621777
16654,-2.338494,-1.771039,-2.655297,-1.071119,-0.8449906,-1.514581,9.332932,-0.1771773,-1.158835,24.875,-0.75,-5,-21.35985,-84.41753,-163.1845,-0.7382535,-0.6731716,-0.03926153,-0.01674059
16665,-2.351955,-1.781643,-2.674325,-1.074503,-0.8463944,-1.51883,9.366451,-0.1245029,-1.144469,28,-1.125,-4.875,-20.91099,-84.41822,-163.63,-0.7383379,-0.6730894,-0.03898488,-0.01697498
16677,-2.365971,-1.79266,-2.694132,-1.078098,-0.8474637,-1.523466,9.347297,-0.1484458,-1.154046,29.75,-1.25,-4.375,-20.54852,-84.41233,-163.9662,-0.7384436,-0.6729928,-0.03863538,-0.0170008
16688,-2.37991,-1.803587,-2.713824,-1.0819,-0.8481449,-1.52858,9.3042,-0.1723887,-1.173201,29.25,-0.875,-3.75,-20.31907,-84.4041,-164.1763,-0.738535,-0.6729059,-0.03840624,-0.01699161
16699,-2.393972,-1.814582,-2.733692,-1.08574,-0.848873,-1.53397,9.285046,-0.1676001,-1.173201,27.75,-0.125,-2.625,-20.2571,-84.40125,-164.2391,-0.7385624,-0.6728765,-0.03838089,-0.01702683
16711,-2.408279,-1.825738,-2.753906,-1.089495,-0.8495739,-1.539257,9.299411,-0.1723887,-1.163624,25.25,0.375,-1.625,-20.35589,-84.4027,-164.1746,-0.7385307,-0.6728924,-0.03863604,-0.01719398
16722,-2.42248,-1.836792,-2.773969,-1.092935,-0.8507466,-1.544159,9.328143,-0.1388687,-1.139681,23,1,-0.875,-20.53013,-84.41476,-164.0642,-0.7384207,-0.6729783,-0.03908792,-0.01752979
16734,-2.436724,-1.847875,-2.794106,-1.096097,-0.8528227,-1.549437,9.3042,-0.07182861,-1.106161,21.875,1.375,0.25,-20.77007,-84.43478,-163.904,-0.7382521,-0.6731192,-0.03965457,-0.01794603
16745,-2.450975,-1.858963,-2.814281,-1.099091,-0.8551587,-1.556044,9.20364,-0.05267432,-1.077429,20.375,1.75,1.5,-21.16038,-84.45773,-163.6137,-0.738035,-0.673299,-0.04041832,-0.01841402
16757,-2.465314,-1.870115,-2.834632,-1.101953,-0.8570639,-1.563996,9.10308,-0.09098291,-1.053486,16.375,2.375,3.25,-21.8667,-84.48111,-163.0606,-0.7377431,-0.673525,-0.04166941,-0.01905084
16768,-2.479727,-1.881322,-2.855138,-1.104717,-0.8589165,-1.571736,9.122234,-0.1053486,-1.039121,10.5,3.25,4.875,-22.84402,-84.50964,-162.3147,-0.7373499,-0.6738096,-0.04351505,-0.02005532
16780,-2.494139,-1.892516,-2.875675,-1.107503,-0.8602489,-1.578195,9.218005,-0.158023,-1.043909,6.75,4,5.625,-24.02315,-84.54062,-161.4154,-0.736883,-0.6741352,-0.04574335,-0.02127406
16791,-2.508443,-1.903613,-2.896082,-1.110487,-0.8614891,-1.584209,9.246737,-0.1723887,-1.053486,7.125,5,4.875,-25.14595,-84.58253,-160.5645,-0.7363594,-0.6745204,-0.0478589,-0.0225086
16803,-2.523102,-1.914993,-2.916998,-1.11405,-0.8648923,-1.589654,9.3042,-0.009577149,-1.067852,17.625,5.625,1.875,-25.65157,-84.65177,-160.1983,-0.7358453,-0.6749879,-0.04878782,-0.02329737
16814,-2.537548,-1.926232,-2.937601,-1.117855,-0.8696495,-1.594244,9.366451,0.1053486,-1.072641,33,5.75,-1.5,-25.52798,-84.74066,-160.259,-0.7354057,-0.6755175,-0.04814203,-0.0231707
16826,-2.552368,-1.937769,-2.958725,-1.121973,-0.8734688,-1.599213,9.342508,0.03352002,-1.082218,44,6.25,-3.125,-25.31388,-84.83672,-160.2621,-0.7349735,-0.6761326,-0.0465603,-0.02215642
16837,-2.566715,-1.948927,-2.97917,-1.126176,-0.87581,-1.604752,9.280257,-0.06704004,-1.091795,42.5,6.75,-2.625,-25.35176,-84.92314,-160.0394,-0.7345327,-0.67673,-0.04528537,-0.02115795
16848,-2.581451,-1.96037,-3.000163,-1.130747,-0.8780508,-1.610913,9.241948,-0.07661719,-1.096583,33.125,7.125,-0.875,-25.66439,-85.00397,-159.6608,-0.7340413,-0.6773031,-0.04485986,-0.02077388
16860,-2.596351,-1.971929,-3.021378,-1.135522,-0.8809507,-1.616835,9.265891,-0.02873145,-1.091795,24.625,7.75,1,-26.20235,-85.0859,-159.1694,-0.7334769,-0.6778843,-0.04520054,-0.02100918
16872,-2.612186,-1.984199,-3.043893,-1.141177,-0.8842697,-1.622621,9.299411,-0.009577149,-1.120526,20.125,8.125,2,-26.89723,-85.16697,-158.5871,-0.7328726,-0.6784654,-0.04599906,-0.02159877
16884,-2.626991,-1.995654,-3.064906,-1.14682,-0.8872823,-1.62762,9.328143,-0.01436572,-1.139681,20.375,7.75,1.5,-27.45086,-85.23522,-158.1347,-0.7323699,-0.6789432,-0.0466858,-0.02215958
16895,-2.642236,-2.007431,-3.086495,-1.15258,-0.8903748,-1.63219,9.37124,-0.01436572,-1.130104,23.25,6.625,0.25,-27.77595,-85.29764,-157.8743,-0.7319546,-0.6793511,-0.04705912,-0.02258461
16907,-2.657157,-2.018937,-3.107577,-1.157972,-0.892976,-1.63616,9.409549,-0.04788574,-1.110949,25.625,5.25,-0.5,-27.97619,-85.34525,-157.7054,-0.7316511,-0.6796595,-0.04721329,-0.02281948
16919,-2.67374,-2.031677,-3.130942,-1.164239,-0.8944128,-1.64034,9.419126,-0.1484458,-1.139681,23,3.375,-0.125,-28.30635,-85.35886,-157.4466,-0.7314933,-0.6797801,-0.04775029,-0.02316203
16930,-2.688744,-2.043139,-3.152014,-1.170504,-0.8942611,-1.643997,9.419126,-0.258583,-1.201932,16.25,1.875,0,-28.67225,-85.33708,-157.2309,-0.7314994,-0.679669,-0.04886359,-0.02389625
16942,-2.703984,-2.054708,-3.173338,-1.177388,-0.8937488,-1.647378,9.43828,-0.2825259,-1.254606,11,1.125,-0.75,-28.88216,-85.30177,-157.2399,-0.7315937,-0.6794154,-0.05035181,-0.02510415
16953,-2.719376,-2.066323,-3.194779,-1.184386,-0.8937475,-1.64984,9.510109,-0.2394287,-1.268972,12.125,0.5,-2.875,-28.66272,-85.27242,-157.6638,-0.7317517,-0.6791055,-0.05154117,-0.02643081
16965,-2.734712,-2.077842,-3.216047,-1.190934,-0.8944757,-1.651584,9.567572,-0.1771773,-1.245029,18.375,-0.75,-5.625,-27.90324,-85.25026,-158.5441,-0.7320062,-0.6787569,-0.05196311,-0.02749415
16976,-2.750708,-2.089802,-3.238144,-1.197308,-0.8952518,-1.653988,9.524474,-0.1628115,-1.221087,26.125,-2.5,-8.25,-26.6412,-85.22061,-159.8259,-0.7324242,-0.6783099,-0.05156343,-0.02813753
16988,-2.766047,-2.101207,-3.259263,-1.203606,-0.8949573,-1.657188,9.447857,-0.225063,-1.254606,28.875,-3.5,-9.625,-25.3215,-85.1753,-161.1281,-0.7329381,-0.6777847,-0.05093821,-0.02854648
16999,-2.781815,-2.112844,-3.280904,-1.210373,-0.8932371,-1.661052,9.395183,-0.3160459,-1.302492,24.625,-3.375,-9.625,-24.16882,-85.11681,-162.3177,-0.7334704,-0.6771963,-0.05072718,-0.02920945
17011,-2.797828,-2.124567,-3.30281,-1.217263,-0.8911111,-1.665296,9.366451,-0.3304116,-1.321646,15.625,-2.625,-9,-23.20321,-85.06009,-163.4391,-0.7339206,-0.6766062,-0.05128982,-0.03056264
17022,-2.81357,-2.136015,-3.324291,-1.223734,-0.8898951,-1.669792,9.342508,-0.2490059,-1.302492,11,-1.875,-9,-22.20833,-85.01956,-164.6462,-0.7342633,-0.6760878,-0.05212306,-0.03233997
17033,-2.829455,-2.147508,-3.345919,-1.229756,-0.8897744,-1.674431,9.33772,-0.1484458,-1.264184,13,-1.625,-10,-20.96539,-84.9939,-166.0762,-0.73456,-0.6756377,-0.0526401,-0.03412459
17045,-2.845951,-2.159379,-3.368339,-1.235803,-0.8893858,-1.67967,9.3042,-0.1484458,-1.259395,17.75,-1.5,-10.75,-19.62683,-84.96931,-167.544,-0.7348676,-0.675218,-0.05275253,-0.03560162
17056,-2.861572,-2.170553,-3.389548,-1.241575,-0.8880993,-1.685656,9.218005,-0.2011201,-1.273761,20.75,-0.75,-11.25,-18.44915,-84.9491,-168.8049,-0.735126,-0.6748841,-0.05265987,-0.03671842
17068,-2.877903,-2.182167,-3.411711,-1.247087,-0.8868814,-1.692496,9.174909,-0.1771773,-1.235452,23.75,0.125,-11.875,-17.16637,-84.94476,-170.1347,-0.7353063,-0.6746646,-0.05226637,-0.03768989
17079,-2.894503,-2.193915,-3.434241,-1.251879,-0.8859488,-1.699052,9.208428,-0.1436572,-1.177989,27.125,0.375,-12.125,-15.82807,-84.95244,-171.4756,-0.735423,-0.6745501,-0.05156159,-0.03842684
17091,-2.911422,-2.205829,-3.457216,-1.256078,-0.8845382,-1.705629,9.218005,-0.1676001,-1.134892,28.125,0.125,-11.5,-14.64632,-84.95979,-172.6464,-0.7355137,-0.674472,-0.05085941,-0.03899414
17103,-2.928084,-2.217501,-3.479858,-1.260234,-0.8827848,-1.712583,9.179697,-0.1819658,-1.139681,24.75,-0.125,-9.75,-13.79782,-84.95689,-173.5294,-0.7356022,-0.6743548,-0.05061288,-0.0396653
17114,-2.944927,-2.229226,-3.502754,-1.264968,-0.8806363,-1.719592,9.174909,-0.1963315,-1.187566,18.625,-0.125,-7.5,-13.32395,-84.94196,-174.1206,-0.7356923,-0.6741634,-0.05106537,-0.04065672
17126,-2.961193,-2.240478,-3.524861,-1.269832,-0.8783315,-1.725745,9.218005,-0.2059087,-1.221087,14,0.375,-5.875,-13.13785,-84.92738,-174.4797,-0.7357311,-0.6739765,-0.05199727,-0.04185239
17138,-2.979634,-2.25317,-3.549915,-1.274506,-0.8771774,-1.731545,9.3042,-0.1053486,-1.158835,16,0.875,-6.125,-12.71647,-84.93318,-175.0681,-0.7356715,-0.6739012,-0.05274658,-0.0431573
17150,-2.99588,-2.264328,-3.571983,-1.277892,-0.877669,-1.735878,9.37124,0.01436572,-1.091795,25.75,0,-7,-12.02549,-84.94072,-175.782,-0.7356752,-0.6738824,-0.05250205,-0.04368369
17161,-3.012303,-2.275587,-3.594301,-1.280821,-0.8781167,-1.740656,9.342508,0.01436572,-1.053486,36,-1.25,-7.375,-11.28286,-84.93701,-176.4158,-0.7357927,-0.6738535,-0.05146469,-0.04338336
17172,-3.028835,-2.286885,-3.616804,-1.283558,-0.8771744,-1.747057,9.218005,-0.09098291,-1.043909,37.625,-2,-6.375,-10.88147,-84.92074,-176.6868,-0.7359642,-0.6737801,-0.0504926,-0.04275009
17184,-3.0455,-2.298223,-3.639538,-1.286207,-0.8750209,-1.7546,9.131811,-0.1867544,-1.043909,28.25,-2.125,-3.625,-11.05992,-84.89861,-176.4994,-0.7360848,-0.6736547,-0.0505539,-0.0425783
17195,-3.062564,-2.309778,-3.662877,-1.28869,-0.8726904,-1.762637,9.107868,-0.2059087,-1.029544,12.75,-1.875,0,-11.81275,-84.87822,-175.9447,-0.7360742,-0.673491,-0.05214547,-0.04342345
17207,-3.079186,-2.321005,-3.685658,-1.291149,-0.8721181,-1.769484,9.184485,-0.08140577,-1.024755,3.625,-2,2,-12.58963,-84.85851,-175.4801,-0.7360071,-0.6732816,-0.05442217,-0.04498647
17218,-3.095916,-2.332299,-3.708617,-1.293604,-0.8732846,-1.775274,9.270679,0.04788574,-1.015178,4.875,-2.625,2.25,-13.15639,-84.83509,-175.2119,-0.7359758,-0.6730361,-0.05650863,-0.04657122
17230,-3.112802,-2.343696,-3.73182,-1.296339,-0.874882,-1.781272,9.256314,0.08140577,-1.034332,12.375,-3.5,1.125,-13.48172,-84.79918,-175.0893,-0.7360733,-0.672734,-0.05791235,-0.04765793
17241,-3.129705,-2.355097,-3.755081,-1.299302,-0.8764329,-1.788044,9.194062,0.08140577,-1.053486,21.75,-3.875,-0.75,-13.52431,-84.75708,-175.1261,-0.7362803,-0.6724299,-0.05844249,-0.048102
17253,-3.146677,-2.366534,-3.778454,-1.302805,-0.8779392,-1.794202,9.23716,0.08619434,-1.106161,33.375,-3.625,-3.125,-13.2211,-84.71432,-175.356,-0.736586,-0.6721679,-0.05788355,-0.04775846
17264,-3.16373,-2.377996,-3.801921,-1.306965,-0.8784483,-1.798519,9.37124,0.0191543,-1.187566,42,-3.125,-5,-12.77714,-84.67001,-175.6125,-0.7369601,-0.6719396,-0.05657391,-0.04676102
17275,-3.180617,-2.389285,-3.825117,-1.311542,-0.8767349,-1.801503,9.462223,-0.1484458,-1.264184,40.875,-2,-5,-12.62985,-84.62973,-175.5881,-0.7372759,-0.6717539,-0.05551939,-0.04570266
17287,-3.197822,-2.40071,-3.848701,-1.316423,-0.8742497,-1.804551,9.457435,-0.2059087,-1.292915,30.625,0,-3.625,-12.78437,-84.60933,-175.3938,-0.7373968,-0.6716562,-0.05539302,-0.04533885
17298,-3.215034,-2.412088,-3.872258,-1.321152,-0.8733132,-1.808202,9.414337,-0.09098291,-1.259395,21.25,2.125,-2.125,-12.97859,-84.62112,-175.2839,-0.7372773,-0.671708,-0.05598784,-0.0457817
17310,-3.232515,-2.42361,-3.896155,-1.325837,-0.873881,-1.812455,9.376028,0.02394287,-1.225875,21.5,3.375,-2.125,-12.99714,-84.65515,-175.3484,-0.7370446,-0.6718863,-0.05645343,-0.04633799
17321,-3.249381,-2.434701,-3.919201,-1.330134,-0.8747162,-1.817497,9.3042,0.04788574,-1.192355,29.125,4,-3.5,-12.79852,-84.7004,-175.5294,-0.7368066,-0.6721658,-0.05619691,-0.04638104
17333,-3.266892,-2.44619,-3.943124,-1.334609,-0.8755777,-1.823229,9.265891,0.05267432,-1.182778,39,4.5,-5.25,-12.34177,-84.75484,-175.8374,-0.7365873,-0.6725479,-0.05501945,-0.0457317
17344,-3.284406,-2.457639,-3.967033,-1.339628,-0.8757328,-1.828765,9.275469,0.009577149,-1.225875,47.25,5,-6.875,-11.7291,-84.80838,-176.1927,-0.7364246,-0.6729634,-0.05312256,-0.04446533
17356,-3.303076,-2.469772,-3.992495,-1.345358,-0.8742914,-1.83486,9.256314,-0.1005601,-1.259395,47.375,5.75,-6.625,-11.3278,-84.86641,-176.3184,-0.7362211,-0.6734296,-0.05123569,-0.04296377
17368,-3.320624,-2.481105,-4.016414,-1.350698,-0.8723401,-1.841015,9.222795,-0.1484458,-1.249818,40.75,6.75,-5.25,-11.24751,-84.93125,-176.2271,-0.7359118,-0.673914,-0.05013252,-0.04195914
17380,-3.338435,-2.492555,-4.04068,-1.355849,-0.8716,-1.847301,9.222795,-0.05746289,-1.206721,34.875,7,-4.375,-11.13497,-85.00558,-176.2446,-0.7355205,-0.6744213,-0.0494545,-0.04147012
17391,-3.355971,-2.503793,-4.064572,-1.360791,-0.8720428,-1.853947,9.189274,0.03352002,-1.173201,35.875,6.125,-4.125,-10.88817,-85.07057,-176.386,-0.7351955,-0.6748641,-0.04865292,-0.04097665
17403,-3.375421,-2.516212,-4.091068,-1.366527,-0.8725507,-1.861621,9.165331,0.03830859,-1.182778,41.25,4.875,-4.25,-10.56924,-85.12059,-176.5118,-0.7349916,-0.6752433,-0.04731094,-0.0399444
17415,-3.393074,-2.527431,-4.115107,-1.372156,-0.8721158,-1.868513,9.165331,-0.02873145,-1.221087,43.875,4.25,-4,-10.43468,-85.14962,-176.4378,-0.7349019,-0.6755047,-0.04598993,-0.03869852
17426,-3.410834,-2.538656,-4.139266,-1.378487,-0.8711611,-1.875168,9.179697,-0.06704004,-1.278549,43.375,3.75,-3.375,-10.45371,-85.16187,-176.2163,-0.7348961,-0.6756642,-0.04479742,-0.03740007
17438,-3.42892,-2.550018,-4.163834,-1.385146,-0.8702443,-1.88158,9.20364,-0.06704004,-1.297704,40.25,3.375,-2.375,-10.61611,-85.16563,-175.8902,-0.7349159,-0.6757624,-0.04391297,-0.03626917
17449,-3.446824,-2.561211,-4.188124,-1.391319,-0.8698405,-1.887631,9.227583,-0.03830859,-1.264184,36.25,3,-1.125,-10.9055,-85.16929,-175.4919,-0.7349091,-0.6758468,-0.04341668,-0.03542399
17461,-3.465183,-2.572646,-4.213001,-1.397361,-0.8702506,-1.893403,9.261103,0.01436572,-1.240241,34.75,2.25,0.125,-11.27966,-85.16665,-175.0272,-0.7349246,-0.6758916,-0.04307793,-0.03464871
17472,-3.483356,-2.583928,-4.237596,-1.402858,-0.8709449,-1.898637,9.299411,0.02394287,-1.206721,36.125,1.25,0.875,-11.72531,-85.15649,-174.475,-0.7349829,-0.6758997,-0.04268842,-0.03372643
17483,-3.501663,-2.595254,-4.262351,-1.408229,-0.8712342,-1.904199,9.275469,-0.0191543,-1.201932,37.75,-0.625,1.375,-12.28226,-85.12059,-173.7901,-0.7351836,-0.6757648,-0.04225511,-0.0325823
17495,-3.520009,-2.606555,-4.287141,-1.413711,-0.8708642,-1.910336,9.227583,-0.08140577,-1.221087,38.25,-2.125,1.75,-12.95014,-85.06005,-172.9877,-0.7355137,-0.6754895,-0.04187191,-0.03130833
17506,-3.538571,-2.617943,-4.312211,-1.41875,-0.8704116,-1.916229,9.251526,-0.1053486,-1.197144,39.125,-3.5,1.75,-13.60731,-84.98597,-172.1835,-0.73592,-0.6751363,-0.0414325,-0.02993422
17518,-3.557004,-2.629216,-4.337086,-1.423087,-0.8702924,-1.920423,9.380817,-0.1005601,-1.168412,39.5,-5.25,2,-14.21617,-84.89788,-171.4243,-0.7364037,-0.6746972,-0.04097532,-0.02853765
17529,-3.575766,-2.640666,-4.362382,-1.426786,-0.8707497,-1.923651,9.462223,-0.07661719,-1.134892,38,-7.625,2.375,-14.75991,-84.78584,-170.7479,-0.7370197,-0.6740986,-0.04062898,-0.02724777
17541,-3.594033,-2.651806,-4.387001,-1.430008,-0.872057,-1.92724,9.428702,-0.02394287,-1.115738,36.375,-9.375,3,-15.21025,-84.65958,-170.1901,-0.7377146,-0.673395,-0.04041099,-0.02613981
17552,-3.612771,-2.663232,-4.412265,-1.432761,-0.8737214,-1.93182,9.361663,-0.01436572,-1.087006,36.25,-10.625,3.25,-15.6276,-84.5202,-169.6647,-0.7384829,-0.6726078,-0.04020082,-0.0250148
17564,-3.631508,-2.67467,-4.437557,-1.434776,-0.8758371,-1.936692,9.342508,0.004788574,-1.048698,37.125,-12,2.75,-15.88889,-84.37392,-169.2837,-0.7393067,-0.671764,-0.03985418,-0.02388452
17575,-3.65148,-2.686893,-4.464545,-1.436586,-0.8791913,-1.941165,9.395183,0.07182861,-1.048698,39.875,-13,2.25,-15.9374,-84.21294,-169.0699,-0.7402492,-0.6708131,-0.03914159,-0.0225563
17587,-3.67014,-2.698338,-4.489769,-1.438419,-0.8822418,-1.944535,9.452645,0.05746289,-1.091795,41.625,-13.375,1.875,-15.92721,-84.05709,-168.9028,-0.7411699,-0.6698879,-0.03832034,-0.02119103
17599,-3.68905,-2.709941,-4.515334,-1.440592,-0.8839365,-1.947454,9.481377,-0.05746289,-1.154046,38.25,-13,2,-16.08325,-83.89536,-168.6112,-0.7420866,-0.6689358,-0.03785903,-0.01997803
17610,-3.708056,-2.721601,-4.541015,-1.443012,-0.8853189,-1.949801,9.519686,-0.09098291,-1.201932,31.375,-11.625,2.25,-16.31973,-83.74665,-168.3295,-0.7428967,-0.6680496,-0.03796531,-0.01931059
17623,-3.728686,-2.734281,-4.56887,-1.445486,-0.8884286,-1.951756,9.562783,0.01436572,-1.206721,28.875,-9.5,1.625,-16.37626,-83.62495,-168.2605,-0.7435756,-0.6672942,-0.03811037,-0.01900941
17634,-3.74684,-2.745479,-4.593375,-1.447066,-0.8926049,-1.953323,9.581937,0.1245029,-1.163624,33.125,-7.5,0.375,-16.20089,-83.55865,-168.372,-0.7439889,-0.6668669,-0.03771891,-0.01861251
17646,-3.765962,-2.757323,-4.619195,-1.448017,-0.8968543,-1.955164,9.57236,0.1101372,-1.115738,39.5,-5.375,-1,-15.94566,-83.52837,-168.4749,-0.7442259,-0.6666825,-0.0367047,-0.01775096
17657,-3.784406,-2.76877,-4.644114,-1.448868,-0.8992516,-1.957566,9.519686,-0.02394287,-1.115738,38.875,-3,-1.375,-15.88894,-83.52558,-168.3918,-0.7442721,-0.6666999,-0.0358566,-0.01687685
17668,-3.803133,-2.780397,-4.669433,-1.450211,-0.9004281,-1.960665,9.462223,-0.1197144,-1.149258,31.125,0,-1.125,-16.04472,-83.5511,-168.1941,-0.7441087,-0.6669001,-0.03568066,-0.01653726
17680,-3.822449,-2.792394,-4.695561,-1.451792,-0.9016276,-1.96379,9.467011,-0.1197144,-1.154046,23.75,2.75,-1.5,-16.22401,-83.61282,-168.0699,-0.7437232,-0.667303,-0.03603051,-0.01686765
17691,-3.841105,-2.803991,-4.720807,-1.453458,-0.9035032,-1.966838,9.467011,-0.05746289,-1.144469,21.5,5.5,-3.125,-16.19493,-83.71294,-168.1808,-0.7431511,-0.6679052,-0.03633955,-0.0175688
17703,-3.859892,-2.815683,-4.746246,-1.4554,-0.9057825,-1.97079,9.399971,-0.01436572,-1.134892,25,7.75,-5,-15.9408,-83.84601,-168.4714,-0.7424349,-0.6686932,-0.0361919,-0.01816828
17714,-3.879201,-2.827697,-4.772406,-1.458295,-0.9073049,-1.975658,9.332932,-0.05746289,-1.177989,29.875,9.5,-7.125,-15.50566,-83.99763,-168.8777,-0.7416472,-0.6695936,-0.03553006,-0.01847873
17726,-3.89807,-2.839401,-4.797962,-1.462381,-0.9071043,-1.980644,9.3042,-0.1676001,-1.259395,30.125,11.5,-9,-15.02824,-84.15474,-169.3219,-0.7408285,-0.670528,-0.03482199,-0.01878146
17737,-3.917063,-2.851123,-4.823655,-1.467508,-0.9057124,-1.985255,9.328143,-0.2394287,-1.321646,26.625,13.875,-10.625,-14.47601,-84.33078,-169.8847,-0.7398967,-0.6715639,-0.03431588,-0.01942232
17748,-3.936534,-2.863071,-4.849934,-1.473679,-0.9042907,-1.98892,9.40476,-0.2154858,-1.369532,24.25,16,-12.5,-13.63069,-84.53205,-170.7714,-0.7388406,-0.6727211,-0.03380991,-0.02044226
17760,-3.955339,-2.874542,-4.875243,-1.480504,-0.9030458,-1.992489,9.399971,-0.1771773,-1.407841,26,17.5,-14.5,-12.4652,-84.7365,-171.9534,-0.7377849,-0.6738869,-0.03301111,-0.02144967
17771,-3.974712,-2.886261,-4.901228,-1.488923,-0.900744,-1.997196,9.313777,-0.2202744,-1.484458,28.625,19,-16.875,-10.94675,-84.94669,-173.4529,-0.7367085,-0.675089,-0.03185591,-0.02237513
17783,-3.994272,-2.897984,-4.927369,-1.497722,-0.8975989,-2.001582,9.342508,-0.2537944,-1.484458,27.75,20.375,-18.5,-9.165088,-85.16848,-175.2254,-0.7355449,-0.6763749,-0.03067842,-0.02344488
17794,-4.014157,-2.9098,-4.953841,-1.506911,-0.8954158,-2.006021,9.347297,-0.1436572,-1.465304,27.875,21.5,-19.625,-6.854198,-85.40108,-177.5252,-0.7342982,-0.6777447,-0.02930265,-0.02468839
17806,-4.033397,-2.921134,-4.979362,-1.516957,-0.8936533,-2.012278,9.189274,-0.07661719,-1.513189,32.875,22.125,-20.75,-4.156631,-85.60831,179.852,-0.7331659,-0.6790122,-0.02748454,-0.0255894
17817,-4.053404,-2.932792,-5.005803,0,0,0,9.064771,-0.1149258,-1.589807,37.75,23.5,-21.5,-1.134942,-85.80852,176.9724,-0.7320228,-0.6803125,-0.0252356,-0.02608974
17829,-4.053573,-2.932737,-5.005905,0,0,0,9.088714,-0.1819658,-1.632904,38.75,25.5,-21.25,1.930387,-86.014,174.064,-0.7307808,-0.681714,-0.02301064,-0.02638424
17841,-4.053736,-2.932657,-5.006009,0,0,0,9.155754,-0.2681602,-1.479669,33.375,27,-20.375,5.116852,-86.26361,170.9688,-0.7291947,-0.6834427,-0.02129782,-0.02697549
17852,-4.05386,-2.932585,-5.006072,0,0,0,9.33772,-0.2537944,-1.331224,24.125,26.625,-19,8.255873,-86.50593,167.7951,-0.7275741,-0.6851429,-0.02052349,-0.0281813
17864,-4.054006,-2.932526,-5.006123,0,0,0,9.419126,-0.1245029,-1.379109,20.75,25.125,-17.875,11.80831,-86.708,164.1615,-0.7261007,-0.6866551,-0.02000037,-0.02970622
17875,-4.054161,-2.932475,-5.006181,0,0,0,9.361663,-0.07182861,-1.446149,25.25,23.875,-17.75,15.52613,-86.85802,160.4229,-0.7248833,-0.6879154,-0.01913649,-0.03082903
17888,-4.054355,-2.932395,-5.006272,0,0,0,9.270679,-0.1292915,-1.436572,29.25,23.5,-17.625,19.66777,-87.00226,156.3157,-0.723619,-0.6892424,-0.01793945,-0.0316029
17899,-4.054517,-2.932312,-5.006358,0,0,0,9.208428,-0.2154858,-1.422207,22.625,23.5,-16.125,23.07167,-87.13139,152.8579,-0.7224669,-0.6904117,-0.01759473,-0.03261515
17911,-4.054678,-2.932212,-5.006454,0,0,0,9.150966,-0.3064688,-1.398264,3.875,24,-12.875,25.74752,-87.28192,149.8865,-0.721213,-0.6915767,-0.01907148,-0.03478327
17922,-4.054824,-2.932112,-5.006577,0,0,0,9.016886,-0.2968916,-1.249818,-21,23.875,-8.875,27.96571,-87.46649,147.0441,-0.7197385,-0.692789,-0.02285105,-0.03870069
17933,-4.054946,-2.932046,-5.006724,0,0,0,8.858863,-0.1053486,-1.077429,-39.875,22.25,-6.125,30.41444,-87.6444,143.734,-0.7181786,-0.6938933,-0.02809576,-0.04407268
17945,-4.055081,-2.931989,-5.006887,0,0,0,8.801399,-0.01436572,-1.082218,-44.75,19.75,-6.125,33.01682,-87.77798,140.1878,-0.7167644,-0.6946979,-0.03376103,-0.05003853
17956,-4.055234,-2.9319,-5.007048,0,0,0,8.787034,-0.1819658,-1.221087,-51.875,17.375,-6.5,34.40275,-87.8755,137.7792,-0.7156264,-0.6950545,-0.04007114,-0.05632478
17968,-4.055423,-2.931787,-5.007203,0,0,0,8.839708,-0.258583,-1.426995,-68.5,17.75,-5.75,34.92534,-87.96432,136.0076,-0.7144814,-0.695085,-0.04789973,-0.06386545
17979,-4.055616,-2.931691,-5.007319,0,0,0,9.050406,-0.1292915,-1.460515,-89.75,20,-4,36.09712,-88.07014,133.3259,-0.7129313,-0.6950625,-0.05729272,-0.07303821
17991,-4.055799,-2.931649,-5.007408,0,0,0,9.227583,0.2202744,-1.283338,-99.375,20.875,-3,39.35114,-88.16741,128.4188,-0.7109237,-0.6950636,-0.06725331,-0.08337361
18002,-4.055968,-2.931673,-5.007506,0,0,0,9.155754,0.6225147,-1.101372,-88.25,19.375,-4.125,44.4948,-88.19073,121.7761,-0.7089218,-0.6949787,-0.07578529,-0.09322623
18014,-4.05614,-2.931721,-5.007648,0,0,0,8.916326,0.7901148,-1.024755,-56.375,16.25,-7.75,49.75739,-88.11073,115.4159,-0.7074212,-0.6947804,-0.08142756,-0.1010202
18025,-4.05631,-2.931737,-5.007806,0,0,0,8.772668,0.6704004,-1.096583,-23.375,13.375,-12.25,53.29145,-87.96356,111.2362,-0.7066469,-0.6944739,-0.08417684,-0.1061624
18037,-4.056488,-2.931714,-5.007979,0,0,0,8.743937,0.4740689,-1.134892,4.875,10.875,-16.875,55.54504,-87.76928,108.6901,-0.7064502,-0.6941355,-0.08464564,-0.109267
18048,-4.05664,-2.931672,-5.00817,0,0,0,8.624223,0.3639317,-1.048698,25.75,8.625,-21.625,57.26002,-87.53185,106.9573,-0.7066477,-0.6938491,-0.08323988,-0.110877
18060,-4.056826,-2.931612,-5.008384,0,0,0,8.59549,0.3591431,-1.177989,50.375,5.625,-28,57.92311,-87.18784,106.6123,-0.707619,-0.693314,-0.07930036,-0.1109168
18072,-4.057045,-2.931533,-5.00855,0,0,0,8.801399,0.3639317,-1.465304,76.375,4.375,-33.75,57.83544,-86.77068,107.3592,-0.70928,-0.6925892,-0.07297727,-0.1091628
18083,-4.057251,-2.93142,-5.008628,0,0,0,9.294622,0.2154858,-1.513189,89.5,5,-37.125,58.15023,-86.35857,107.8666,-0.7109386,-0.6920502,-0.06564395,-0.1064135
18095,-4.057437,-2.931306,-5.008605,0,0,0,9.878829,0.258583,-1.450938,93.25,5.375,-38.375,58.95911,-85.94948,107.9237,-0.7123963,-0.6916842,-0.05797292,-0.1034586
18107,-4.057683,-2.931206,-5.008539,0,0,0,10.04164,0.5411089,-1.503612,105.875,4.625,-40,59.87171,-85.43576,108.1586,-0.7142118,-0.691178,-0.0479744,-0.09936251
18118,-4.057869,-2.931136,-5.008504,0,0,0,9.936292,0.6081489,-1.527555,126.625,4.125,-41.125,60.58513,-84.97578,108.7046,-0.7159793,-0.6907085,-0.03763017,-0.09423068
18130,-4.05805,-2.931024,-5.008468,0,0,0,9.945868,0.4166059,-1.484458,135.875,3.5,-40.875,61.20219,-84.54166,109.5128,-0.7177653,-0.6902096,-0.02644616,-0.08788835
18141,-4.058213,-2.930882,-5.008408,0,0,0,10.10868,0.2633716,-1.446149,131.625,2.625,-39.75,61.70089,-84.15537,110.3817,-0.7193605,-0.6896442,-0.01590832,-0.08159909
18153,-4.05837,-2.930746,-5.00831,0,0,0,10.32895,0.3447773,-1.441361,129.375,1.125,-39.125,62.1243,-83.7744,111.2899,-0.7208714,-0.688924,-0.005639375,-0.07547398
18164,-4.05853,-2.930626,-5.008191,0,0,0,10.41515,0.5075889,-1.460515,139.625,-1.5,-40,62.43383,-83.3528,112.4687,-0.7225556,-0.6878827,0.005757037,-0.06854019
18176,-4.058686,-2.930499,-5.008083,0,0,0,10.3529,0.483646,-1.484458,150.875,-4,-40.5,62.55774,-82.92798,113.9704,-0.7243535,-0.6865199,0.01791514,-0.06067511
18187,-4.05884,-2.930365,-5.007994,0,0,0,10.25713,0.4405488,-1.532344,154.5,-5.625,-39.875,62.54372,-82.5174,115.6473,-0.7261367,-0.6848871,0.03013491,-0.05241228
18198,-4.058992,-2.930238,-5.007912,0,0,0,10.19009,0.5028003,-1.556287,156,-6.625,-38.25,62.5036,-82.11832,117.3781,-0.7278269,-0.6830421,0.04240202,-0.0438592
18210,-4.059126,-2.930092,-5.007841,0,0,0,10.13741,0.4070288,-1.470092,151.5,-7.625,-34.5,62.36934,-81.78023,119.1605,-0.7293258,-0.6811253,0.05399611,-0.03516518
18221,-4.059241,-2.929918,-5.00778,0,0,0,10.11347,0.2059087,-1.412629,127.375,-8.875,-26.5,61.84903,-81.56674,120.9854,-0.7306332,-0.679321,0.06266207,-0.02778051
18233,-4.059359,-2.929745,-5.007708,0,0,0,10.16614,0.2154858,-1.455727,94.25,-9.75,-17.375,60.91013,-81.44551,122.8062,-0.7318876,-0.6776456,0.06809405,-0.02236569
18245,-4.059476,-2.929621,-5.007615,0,0,0,10.22839,0.5123774,-1.503612,73.5,-10.625,-10.125,59.75574,-81.35648,124.5728,-0.7331518,-0.6760346,0.07161404,-0.01835862
18256,-4.059566,-2.929543,-5.007525,0,0,0,10.21882,0.742229,-1.446149,77.75,-12.25,-6.75,58.60028,-81.269,126.3704,-0.7344007,-0.6743836,0.07525582,-0.01410947
18267,-4.059629,-2.929469,-5.00745,0,0,0,10.11826,0.7518061,-1.307281,91.375,-15.25,-4.125,57.25751,-81.18819,128.5425,-0.7357687,-0.6724599,0.07981414,-0.00847617
18279,-4.059682,-2.929391,-5.007424,0,0,0,9.830943,0.675189,-1.264184,98.5,-18,-0.375,55.57368,-81.12223,131.1538,-0.7373064,-0.6702361,0.08461294,-0.001884593
18290,-4.059753,-2.929309,-5.007426,0,0,0,9.663342,0.5219546,-1.426995,94,-19.125,5.625,53.42638,-81.09201,134.1343,-0.7389939,-0.667881,0.08832699,0.004633398
18302,-4.059829,-2.929202,-5.00741,0,0,0,9.778269,0.3447773,-1.474881,70.875,-17.75,15.125,50.65586,-81.159,137.4563,-0.7406845,-0.6657905,0.08946597,0.01026841
18313,-4.059852,-2.929125,-5.007374,0,0,0,9.893194,0.5075889,-1.235452,40.125,-17.25,26,47.45714,-81.31452,140.795,-0.7421972,-0.6643012,0.0874737,0.01398851
18325,-4.059821,-2.929138,-5.007334,0,0,0,9.888406,0.9577149,-1.058275,32.625,-19.5,33.125,44.01348,-81.45401,144.2658,-0.7437356,-0.6628677,0.08467957,0.01712624
18337,-4.059784,-2.929202,-5.007308,0,0,0,9.802212,1.182778,-1.087006,54,-23.25,36.5,40.4735,-81.51277,148.1019,-0.7454259,-0.6609632,0.0836143,0.02182915
18349,-4.05977,-2.929257,-5.007294,0,0,0,9.725595,0.9768692,-1.268972,80.875,-25.5,38,36.39177,-81.50524,152.8493,-0.7473962,-0.6583499,0.08438011,0.029231
18360,-4.059773,-2.929309,-5.007274,0,0,0,9.754326,0.8715205,-1.441361,100.125,-25.125,39.5,32.41328,-81.44884,157.7007,-0.7492166,-0.6555718,0.08638027,0.03793009
18372,0,0,0,0,0,0,9.77348,0.8092691,-1.398264,116.75,-22.875,42,27.9729,-81.3811,163.3532,-0.7508232,-0.6525095,0.08974925,0.04940807
18385,0,0,0,0,0,0,9.644189,0.5698403,-1.154046,113.875,-21.625,47.125,23.23573,-81.33211,169.2379,-0.7520131,-0.6498104,0.09222089,0.06097645
18396,0,0,0,0,0,0,9.548417,0.4980117,-0.9864463,94.875,-21.375,54.375,18.46619,-81.26657,174.8086,-0.7530243,-0.6476328,0.09253047,0.07045779
18407,0,0,0,0,0,0,9.495743,0.675189,-0.9768692,71,-21.625,63.125,13.36528,-81.13508,-179.6042,-0.7542131,-0.6456162,0.09062971,0.07828598
18419,0,0,0,0,0,0,9.543629,0.8332119,-1.106161,55.75,-21.125,70.25,8.047529,-80.91191,-174.0002,-0.7556065,-0.6435825,0.0871939,0.08519187
18430,0,0,0,0,0,0,9.787846,0.8188462,-1.312069,45.625,-18.875,76.5,2.758637,-80.61477,-168.5702,-0.7570242,-0.6416584,0.08266283,0.0914093
18442,0,0,0,0,0,0,10.09431,0.6225147,-1.393475,37.125,-15.25,81.25,-2.653261,-80.26417,-163.1316,-0.7582781,-0.6400062,0.07700381,0.09734969
18453,0,0,0,0,0,0,10.11347,0.4453374,-1.206721,27,-11.5,84.375,-8.137445,-79.88367,-157.7573,-0.7591893,-0.6388584,0.0701457,0.1028165
18464,0,0,0,0,0,0,9.778269,0.5123774,-0.8571548,20.5,-9.875,85.75,-13.07901,-79.50818,-153.0069,-0.7596992,-0.638222,0.06313938,0.10744
18476,0,0,0,0,0,0,9.385606,0.6608232,-0.5937832,25.875,-10.625,84.625,-17.53325,-79.10789,-148.6776,-0.7599278,-0.6377214,0.05674664,0.1122535
18487,0,0,0,0,0,0,9.213217,0.6081489,-0.4309717,38.375,-12.75,81.875,-21.44231,-78.67152,-144.7242,-0.759948,-0.6371184,0.05158883,0.1178891
18499,0,0,0,0,0,0,9.380817,0.3256231,-0.450126,42.5,-14.75,79.25,-24.93501,-78.1667,-141.1235,-0.7600186,-0.6362635,0.046835,0.123883
18510,0,0,0,0,0,0,9.754326,-0.06225147,-0.6273032,32.875,-16.375,76,-27.86858,-77.6104,-138.1993,-0.7604186,-0.6351584,0.04167322,0.1288437
18522,0,0,0,0,0,0,10.1422,-0.4022402,-0.7805376,18.125,-17.125,71.75,-30.45082,-77.00735,-135.8118,-0.7611469,-0.6339012,0.03552151,0.1325253
18533,0,0,0,0,0,0,10.19009,-0.4261831,-0.7661719,9,-18.25,64.125,-32.43916,-76.45959,-134.1287,-0.7619974,-0.6327179,0.02948432,0.1347541
18545,0,0,0,0,0,0,10.1853,-0.3112573,-0.6943433,12.25,-20.75,54.375,-33.83716,-75.98185,-132.9932,-0.7628812,-0.6315043,0.0245318,0.1364292
18557,0.000209468,-0.0001821826,2.641073E-05,0.01612284,-0.01402267,0.002032846,10.06079,-0.3735088,-0.641669,17.125,-24.5,46,-34.65806,-75.58335,-132.3418,-0.76381,-0.6302073,0.02102077,0.1378088
18569,0.0006314264,-0.0005677457,3.795494E-05,0.02960904,-0.02705516,0.0008100627,9.735171,-0.6081489,-0.8858863,8.125,-28.5,37.5,-34.99719,-75.1481,-132.3021,-0.7654817,-0.6282659,0.0171813,0.1379302
18581,0.001117126,-0.001068873,5.118645E-05,0.03769201,-0.0388893,0.001026813,9.759114,-0.7230747,-1.259395,-7.875,-28.625,31,-34.96906,-74.77706,-132.804,-0.767488,-0.6262932,0.01309367,0.1361899
18593,0.001723086,-0.001764327,0.0001177085,0.04552324,-0.05224651,0.004997528,10.02727,-0.7134976,-1.417418,-18.125,-26.75,22,-34.67022,-74.49851,-133.7234,-0.7695995,-0.6245124,0.008944169,0.1327439
18604,0.002417698,-0.002628457,0.0002600986,0.05429626,-0.06754714,0.01113031,10.24755,-0.5267432,-1.441361,-7.375,-25.5,10.125,-34.00493,-74.37726,-134.8379,-0.771295,-0.6231601,0.006862852,0.1293389
18615,0.003233463,-0.003737418,0.0004914519,0.06341456,-0.0862065,0.01798455,10.33853,-0.2394287,-1.517978,23.75,-24,-3.625,-32.82922,-74.4145,-136.0548,-0.7724344,-0.6221318,0.008315987,0.1273897
18627,0.004171032,-0.005110786,0.0008195482,0.07199331,-0.1054572,0.0251936,10.34811,-0.158023,-1.604172,63.125,-21,-17.25,-31.21755,-74.59421,-137.1842,-0.7728165,-0.6214635,0.01374143,0.1278632
18638,0.005263998,-0.006734152,0.00123919,0.08187629,-0.1216095,0.0314362,10.24755,-0.3112573,-1.465304,82.125,-17.25,-25.25,-29.49306,-74.87309,-138.1507,-0.7724935,-0.6212739,0.02116295,0.1297099
18649,0.006426862,-0.008440611,0.001636733,0.09198411,-0.1349833,0.0314462,9.792634,-0.292103,-1.288126,75.5,-14.625,-26.625,-27.90899,-75.17231,-139.1006,-0.7719758,-0.6214135,0.02776517,0.1308734
18661,0.007734701,-0.0103782,0.001934458,0.1008902,-0.1494709,0.02296727,9.141388,-0.07661719,-1.288126,55.5,-12.75,-23.125,-26.32838,-75.46223,-140.3009,-0.7716767,-0.6216325,0.03291222,0.1304032
18672,0.009120598,-0.01253091,0.002037903,0.1061258,-0.1648447,0.007921374,8.60028,0.06225147,-1.484458,22.875,-9.375,-14.75,-24.98489,-75.68105,-141.7072,-0.7718973,-0.6218382,0.03506671,0.1275239
18684,0.01050754,-0.0148793,0.001966104,0.1072657,-0.1816237,-0.005552908,8.648165,0.1532344,-1.834024,-13.75,-3.625,-4.25,-24.09436,-75.82397,-143.1578,-0.7725694,-0.6221613,0.03365854,0.1221437
18695,0.01196355,-0.01751206,0.001812246,0.1115544,-0.2017127,-0.01178806,9.275469,0.4070288,-1.74783,-34.875,3.5,5.25,-23.80119,-76.01096,-144.3114,-0.7728335,-0.6233091,0.02995558,0.1153982
18707,0.01353861,-0.02038424,0.001681423,0.12128,-0.2211583,-0.01007339,9.960235,0.3974517,-1.417418,-25.5,5.25,8.875,-23.90932,-76.23431,-144.9377,-0.7724522,-0.6249248,0.02650793,0.1099267
18718,0.01524751,-0.02345346,0.001595099,0.1306292,-0.2346142,-0.006598689,10.04164,-0.06704004,-1.350378,-13.625,3.125,10.25,-24.28261,-76.39188,-145.1404,-0.772,-0.6262758,0.02337273,0.1060584
18729,0.01697434,-0.02651553,0.001472198,0.1348667,-0.2391491,-0.009598629,9.409549,-0.7230747,-1.484458,-34.5,1,13.5,-25.00015,-76.41199,-145.2479,-0.7721344,-0.6270664,0.01801257,0.1013499
18741,0.01870655,-0.0296837,0.001238851,0.1316468,-0.240779,-0.01773426,8.887594,-0.9768692,-1.944161,-87.5,2,20.5,-26.04867,-76.29218,-145.7559,-0.7732303,-0.6272874,0.007788102,0.09254613
18752,0.02035582,-0.03285986,0.001028172,0.1267691,-0.2441323,-0.01619365,9.586726,-0.9289834,-2.260207,-149.25,6.375,28.625,-27.47754,-76.15881,-146.6873,-0.7745364,-0.6275535,-0.007379539,0.07883807
18764,0.02215137,-0.03628808,0.001016172,0.1306234,-0.249398,-0.0008729724,10.70725,-0.8571548,-1.843601,-176.25,6.5,29.625,-29.18736,-76.11617,-147.8397,-0.7751923,-0.6281816,-0.02539057,0.06180721
18776,0.02403231,-0.03968822,0.001169146,0.1428418,-0.2582124,0.01161716,10.71683,-0.5123774,-1.187566,-154.125,-2.125,20.25,-30.19746,-76.1545,-149.259,-0.7754021,-0.6284854,-0.03988749,0.04654683
18788,0.0260562,-0.04324443,0.001263133,0.1546253,-0.2716947,0.007180546,9.50532,0.04309717,-0.9481377,-97.875,-11.625,5.625,-30.04042,-76.23809,-151.074,-0.775726,-0.6282349,-0.04852162,0.03486779
18799,0.02821295,-0.04696594,0.001111407,0.1661339,-0.2866668,-0.01168739,8.432679,0.3495659,-0.7278633,-30.5,-19.375,-9.25,-28.84013,-76.36169,-153.0225,-0.7762061,-0.6278177,-0.05071029,0.02788648
18812,0.03094553,-0.05142543,0.0004363706,0.1846838,-0.3013986,-0.04562289,7.671296,0.3352002,-0.2011201,26,-27.375,-20.5,-26.80358,-76.5461,-155.0471,-0.7766703,-0.6276242,-0.04749257,0.02481039
18824,0.03364842,-0.05549984,-0.0006605575,0.205778,-0.3101948,-0.08351184,7.134976,0.1149258,0.2537944,53.75,-35.5,-26.375,-24.83235,-76.69259,-156.6219,-0.7770742,-0.627501,-0.042375,0.02454868
18835,0.0366027,-0.0596114,-0.002313552,0.2272693,-0.3162975,-0.1271632,6.665695,0.01436572,0.3830859,61,-43.25,-28.25,-22.75888,-76.75919,-158.1994,-0.7778039,-0.6269302,-0.03678134,0.02503416
18847,0.03982493,-0.06380691,-0.004625953,0.2465364,-0.3210031,-0.1769243,6.182049,-0.004788574,0.2825259,50.25,-47.25,-25.75,-20.74713,-76.73348,-159.8562,-0.7788988,-0.6258284,-0.03222989,0.02483484
18858,0.04319794,-0.06798276,-0.007555798,0.2625522,-0.325045,-0.2280567,5.961775,0.004788574,0.07182861,32.25,-48.625,-21.5,-18.94625,-76.61683,-161.5483,-0.7803296,-0.6242369,-0.02944657,0.02338481
18870,0.04683101,-0.07230438,-0.01119246,0.2760693,-0.3283902,-0.2763423,6.210781,-0.04309717,-0.2442173,11.5,-47.5,-17,-17.39305,-76.40879,-163.2733,-0.7821161,-0.6221383,-0.02862919,0.02046385
18881,0.05056841,-0.07660528,-0.01526532,0.288513,-0.3320139,-0.3144096,6.905124,-0.03352002,-0.5123774,-1.25,-45.625,-14.5,-16.04794,-76.16557,-164.9602,-0.7839786,-0.6198869,-0.02899668,0.01664525
18893,0.05451977,-0.08096588,-0.01967042,0.3038577,-0.3353277,-0.3387491,7.987342,-0.09098291,-0.5889946,8.75,-45.25,-17.5,-14.67875,-75.93161,-166.5377,-0.7857406,-0.6177495,-0.02850203,0.01360252
18904,0.05869503,-0.08531974,-0.02424399,0.3224387,-0.336231,-0.3531988,8.767879,-0.2729487,-0.5698403,44.125,-47.625,-27.75,-12.97022,-75.70167,-167.9754,-0.7875021,-0.615669,-0.02483284,0.01325348
18915,0.06314877,-0.08968822,-0.029019,0.3403957,-0.3338792,-0.3649505,8.949845,-0.4597031,-0.7374405,92.75,-50.875,-43.5,-10.58424,-75.43259,-169.4222,-0.7895253,-0.6132764,-0.01650113,0.01642258
18927,0.06776459,-0.09397162,-0.03392519,0.3559394,-0.3303055,-0.3783305,8.772668,-0.4644917,-0.9241948,127.75,-51.875,-56.25,-7.663418,-75.1401,-170.9371,-0.791584,-0.6106509,-0.004736438,0.02186257
18938,0.07260828,-0.09827065,-0.03906823,0.3700585,-0.3284453,-0.3929283,8.662531,-0.2346401,-1.077429,152.125,-50.125,-64.875,-4.265178,-74.849,-172.5877,-0.7934071,-0.6079346,0.009764962,0.02873132
18950,0.07752593,-0.1024699,-0.04428766,0.3833823,-0.3273725,-0.4069103,8.672108,-0.08619434,-1.177989,158.625,-46.75,-65.625,-0.9511573,-74.57832,-174.1075,-0.7947674,-0.6053559,0.02454335,0.03586882
18961,0.0827018,-0.1066905,-0.04979752,0.3959207,-0.3228534,-0.4214687,8.624223,-0.2777373,-1.264184,130,-40.75,-56.75,1.737186,-74.3373,-175.353,-0.7957426,-0.6031075,0.03656092,0.04145358
18973,0.08802295,-0.1108022,-0.05551678,0.4074078,-0.3148061,-0.4378883,8.466199,-0.4980117,-1.297704,69.5,-33.125,-41.625,3.450109,-74.16096,-176.4366,-0.796478,-0.6016249,0.04274235,0.04293504
18984,0.09384689,-0.1150671,-0.06180451,0.4210174,-0.3083115,-0.4545457,8.542816,-0.292103,-1.245029,-3.125,-24.5,-24.25,4.44016,-74.08947,-177.8038,-0.7969725,-0.6012833,0.04245001,0.03861738
18996,0.09955966,-0.1190827,-0.06789027,0.4377269,-0.3076907,-0.4663058,8.906748,0.2011201,-1.082218,-41.25,-17.625,-12.375,5.050144,-74.14091,-179.3008,-0.7969432,-0.6019857,0.0388262,0.03142022
19008,0.1055519,-0.1231397,-0.07412326,0.4568632,-0.3093117,-0.4752202,9.165331,0.4261831,-0.9625034,-36.75,-13.625,-8.625,5.577403,-74.26373,179.3277,-0.7964628,-0.6031538,0.03525021,0.02469683
19020,0.1118245,-0.1272169,-0.0805066,0.4755944,-0.3091358,-0.4839896,9.174909,0.3160459,-0.9625034,-11.125,-9.875,-9.5,6.067479,-74.4311,178.3308,-0.7956315,-0.6045177,0.03334516,0.02042246
19032,0.1190393,-0.1316351,-0.08774345,0.4947433,-0.3029703,-0.4962523,8.992943,-0.08140577,-0.9481377,10.125,-4.625,-12.125,6.489493,-74.6863,177.6739,-0.7942756,-0.6064037,0.03269698,0.01821527
19044,0.1258178,-0.1355318,-0.09449138,0.5118164,-0.2942286,-0.509509,8.844497,-0.3064688,-0.8667319,13.75,0.25,-14.25,6.84879,-74.98624,177.1584,-0.7926678,-0.6085676,0.0323128,0.01670719
19055,0.1327149,-0.1392778,-0.1012997,0.529731,-0.2877088,-0.5229125,8.839708,-0.1197144,-0.7278633,14.5,5.375,-16,7.434299,-75.35902,176.4279,-0.7906288,-0.6112608,0.0322744,0.01499317
19067,0.1397843,-0.1429689,-0.108203,0.547164,-0.2856905,-0.5343107,8.969,0.258583,-0.7470176,27.875,9.375,-18.625,8.424235,-75.76075,175.4634,-0.788331,-0.6141709,0.03369094,0.01390817
19078,0.1470297,-0.1466392,-0.1151779,0.562749,-0.285069,-0.5417389,9.232371,0.4022402,-0.8954634,57.25,13.125,-22.625,9.747407,-76.16886,174.5479,-0.7858618,-0.6170767,0.03756575,0.0150457
19090,0.1547514,-0.1504134,-0.1224511,0.5774948,-0.2822684,-0.5439517,9.620246,0.2825259,-1.010389,84,16.5,-26.375,11.30178,-76.60712,173.7836,-0.7830847,-0.6200981,0.04371193,0.01859937
19101,0.1622689,-0.1539545,-0.1293757,0.5903977,-0.2781041,-0.543837,9.783057,0.2011201,-1.048698,107.5,20,-30.75,13.04234,-77.04539,173.1025,-0.780147,-0.6230194,0.05146816,0.02384738
19113,0.1701133,-0.1575156,-0.1364697,0.6024432,-0.2734846,-0.5448083,9.692075,0.2059087,-1.029544,126.375,22.75,-34.875,15.15894,-77.5071,172.3205,-0.776826,-0.6259981,0.06107917,0.0306143
19124,0.1781881,-0.161041,-0.1436716,0.6136329,-0.2679132,-0.5472969,9.577148,0.1723887,-0.9816577,140.75,25,-38.25,17.59689,-77.98399,171.4249,-0.7731337,-0.6289554,0.0720648,0.03855065
19136,0.186207,-0.1644216,-0.1507602,0.6234102,-0.2628108,-0.5510872,9.462223,0.2298516,-0.967292,146.5,26.625,-39.625,20.23281,-78.44613,170.3705,-0.7692772,-0.6317348,0.08334316,0.04666587
19147,0.1943813,-0.1677633,-0.1579599,0.6321957,-0.2584468,-0.5568242,9.3042,0.3160459,-0.9433491,144.75,28.5,-38.5,23.02727,-78.91322,169.1395,-0.7651776,-0.6344956,0.09449255,0.05467897
19159,0.2029228,-0.1711509,-0.1654959,0.6403365,-0.2539628,-0.564955,9.1366,0.3399888,-0.8906748,131.375,31,-34.125,25.82267,-79.41901,167.7721,-0.7607828,-0.6375079,0.1045895,0.06208164
19170,0.2110676,-0.174286,-0.1727182,0.6472359,-0.2491347,-0.5739261,9.036039,0.3064688,-0.8332119,108,33.125,-27.375,28.16688,-79.92538,166.4733,-0.7566577,-0.6406122,0.1118413,0.06765133
19181,0.2196295,-0.1774825,-0.1803585,0.6539347,-0.2441352,-0.5835407,9.016886,0.3208345,-0.7709605,77,34.125,-19.375,30.22106,-80.47617,165.0914,-0.752591,-0.6441773,0.116407,0.0713568
19193,0.2283845,-0.1806554,-0.1882195,0.660256,-0.2392864,-0.5928424,9.050406,0.3447773,-0.7182862,53,33.75,-13.625,32.04248,-81.03426,163.6256,-0.748772,-0.6479567,0.1187499,0.07342381
19204,0.2374192,-0.1838294,-0.1963644,0.6661749,-0.2340334,-0.6005642,9.184485,0.3304116,-0.675189,34.625,32,-10,33.71766,-81.58352,162.0609,-0.7452311,-0.6518205,0.119402,0.07418849
19217,0.2462313,-0.1868443,-0.2043007,0.6713445,-0.229692,-0.6046221,9.43828,0.3974517,-0.6799775,27.625,29.125,-9.375,35.42466,-82.05965,160.3669,-0.742137,-0.6553075,0.1195319,0.07427568
19228,0.2552285,-0.189873,-0.2123781,0.6756669,-0.2274492,-0.6065975,9.581937,0.5602632,-0.7326519,34.125,25.625,-10.625,37.46363,-82.45787,158.4267,-0.7392728,-0.658333,0.1204419,0.0746139
19240,0.2639058,-0.1927667,-0.220144,0.6772832,-0.2258565,-0.6061429,9.744749,0.5746289,-0.8954634,47.75,22.25,-12.125,39.50636,-82.75386,156.6543,-0.7368165,-0.6605583,0.1224913,0.07589558
19252,0.2738784,-0.1960319,-0.2290335,0.6751885,-0.2210723,-0.6018598,9.993754,0.3304116,-1.063064,52.875,20.75,-11.625,41.45596,-83.05615,155.0948,-0.7343001,-0.6626199,0.125023,0.07815149
19264,0.282916,-0.1988961,-0.2371047,0.67055,-0.2125058,-0.5988417,9.94108,-0.03352002,-1.106161,38.125,20.25,-8.75,42.54604,-83.34654,154.1627,-0.7323654,-0.6644832,0.1256253,0.07950703
19276,0.291359,-0.2014757,-0.2446776,0.664588,-0.2030592,-0.5961023,9.936292,-0.1819658,-1.144469,11.125,20.5,-5.25,43.09755,-83.63804,153.416,-0.7309027,-0.6664954,0.1238069,0.07897469
19287,0.2999367,-0.2040364,-0.252369,0.6598228,-0.1969767,-0.5916473,10.05601,0.1149258,-1.082218,-11.125,20.75,-2.125,43.79925,-83.93922,152.2207,-0.7295526,-0.6689056,0.1202548,0.07653208
19298,0.3083969,-0.2065671,-0.2599341,0.6572057,-0.1965895,-0.5876714,10.00812,0.584206,-0.9864463,-10.5,19.625,-0.75,44.99013,-84.20221,150.5441,-0.7281991,-0.6712468,0.1170732,0.073808
19310,0.3170161,-0.2091792,-0.2676401,0.6536653,-0.1980947,-0.5844135,9.936292,0.708709,-1.034332,8.5,17.75,-1.5,46.37813,-84.41788,148.9087,-0.7268513,-0.6731343,0.1154833,0.0723944
19321,0.3253842,-0.2117299,-0.2751506,0.647631,-0.1974081,-0.5812582,9.936292,0.4932232,-1.144469,27.125,16.625,-2.5,47.45929,-84.60429,147.8282,-0.7256122,-0.6744817,0.1152617,0.07263783
19333,0.3337155,-0.2142551,-0.2826917,0.6390508,-0.1936926,-0.5784377,9.917137,0.2059087,-1.230664,28.625,17.125,-1.375,48.02679,-84.81099,147.2825,-0.7244732,-0.6757015,0.1148248,0.07335768
19344,0.3418503,-0.2166932,-0.2901465,0.6287528,-0.1884435,-0.5761957,9.878829,0.03352002,-1.292915,16.625,18.625,0.875,48.15572,-85.0481,147.0204,-0.7234651,-0.6770557,0.1131526,0.07342029
19356,0.3499063,-0.2190935,-0.2976275,0.6184574,-0.1842728,-0.5743147,9.850098,0.1005601,-1.268972,6.625,20,2.25,48.36003,-85.30244,146.5509,-0.7224426,-0.6786372,0.1106494,0.0726978
19367,0.3578062,-0.2214663,-0.3050595,0.6088064,-0.1828608,-0.5727513,9.821366,0.3064688,-1.235452,9.125,20.875,1.625,49.11609,-85.54025,145.5621,-0.7213005,-0.6802652,0.1085881,0.07192794
19379,0.3656721,-0.2238876,-0.3125686,0.5981693,-0.184132,-0.5710364,9.821366,0.483646,-1.312069,23.5,21.375,0.25,50.40304,-85.74403,144.2284,-0.7200428,-0.6816913,0.1079142,0.07204141
19390,0.3656721,-0.2238876,-0.3125686,0,0,0,9.811789,0.4453374,-1.446149,38.125,22.75,0.25,51.65333,-85.9361,143.1203,-0.7187513,-0.6828435,0.108354,0.07335407
19402,0.3656721,-0.2238876,-0.3125686,0,0,0,9.77348,0.02873145,-1.537132,36.875,26.125,2.75,52.21148,-86.23148,142.7051,-0.7172562,-0.6842342,0.1081057,0.07536691
19414,0.3656721,-0.2238876,-0.3125686,0,0,0,9.701652,-0.2873144,-1.513189,17.375,29.5,5.625,52.13445,-86.5823,142.6598,-0.7158889,-0.6859314,0.1058381,0.07615406
19426,0.3656721,-0.2238876,-0.3125686,0,0,0,9.519686,-0.158023,-1.359955,-3,32.375,7,52.76961,-86.98962,141.6139,-0.7143034,-0.6883005,0.1017569,0.07522413
19438,0.3656721,-0.2238876,-0.3125686,0,0,0,9.294622,0.3352002,-1.192355,1.375,32.875,5,55.66215,-87.31839,138.3862,-0.7125418,-0.6906735,0.09886517,0.07402737
19449,0.3656721,-0.2238876,-0.3125686,0,0,0,9.198852,0.6368804,-1.168412,31,31.75,0.625,60.86897,-87.54823,133.2311,-0.7105311,-0.692669,0.09897853,0.07455616
19461,0.3656721,-0.2238876,-0.3125686,0,0,0,9.222795,0.4453374,-1.216298,59,30.875,-2.875,66.57121,-87.72196,127.9416,-0.708479,-0.6941315,0.1013827,0.07720453
19473,0.3654459,-0.2238619,-0.312667,-0.01655088,0.001883281,-0.007197519,9.20364,-0.0191543,-1.297704,67.125,31,-4.75,72.3188,-87.914,122.7441,-0.7063734,-0.6954076,0.1043102,0.08102009
19484,0.3649863,-0.2237806,-0.3128791,-0.03410715,0.006034994,-0.01573699,9.107868,-0.2298516,-1.292915,52.75,31.875,-4.25,78.54111,-88.11914,116.8711,-0.7044367,-0.6968162,0.1057675,0.08384117
19496,0.3643464,-0.2236838,-0.3132009,-0.04982301,0.007537694,-0.02505288,9.016886,-0.03830859,-1.221087,37.125,32.375,-2.875,86.19183,-88.27898,109.3515,-0.7026643,-0.6984011,0.1060123,0.08520646
19507,0.3635192,-0.2236187,-0.3136583,-0.0634447,0.004988427,-0.03508935,8.969,0.3064688,-1.087006,33.375,31.625,-1.875,95.76055,-88.36075,99.86615,-0.7008327,-0.700108,0.1062282,0.08601122
19519,0.3625508,-0.2236058,-0.3142265,-0.07524834,0.001006056,-0.0441475,9.036039,0.450126,-0.9529263,41.5,29.5,-1.125,105.4576,-88.37996,90.35562,-0.6990013,-0.7016286,0.1071676,0.08734784
19530,0.3613998,-0.2236259,-0.3149168,-0.08779143,-0.001536186,-0.05265555,9.098291,0.3208345,-0.9241948,50.875,26,-0.5,113.8001,-88.38954,82.32536,-0.6973528,-0.7027438,0.1087302,0.08959902
19542,0.3600743,-0.223621,-0.3157148,-0.102251,0.0003825377,-0.06155483,9.074348,-0.07182861,-0.9529263,49.75,22.875,-0.25,120.8196,-88.44405,75.59904,-0.6961052,-0.7034881,0.1098213,0.0920941
19553,0.3585443,-0.2235606,-0.3166364,-0.1171123,0.004618837,-0.07054188,9.079137,-0.2681602,-0.900252,39.75,20,-0.625,127.4499,-88.5101,69.1328,-0.6951774,-0.7041363,0.1099885,0.09393124
19564,0.3568617,-0.2234882,-0.3176526,-0.1301737,0.005600428,-0.07861726,9.1366,0,-0.8332119,39.5,15.625,-3.375,131.393,-88.50289,65.34743,-0.6944804,-0.70455,0.1106692,0.09517697
19576,0.3550026,-0.2234557,-0.3187682,-0.1424413,0.002495121,-0.08548658,9.227583,0.3304116,-0.8523662,61.125,10.875,-8.375,131.1752,-88.41144,66.00624,-0.6938266,-0.7043869,0.1138723,0.09734985
19587,0.3529724,-0.2234704,-0.3199457,-0.1562761,-0.001133676,-0.09063995,9.356874,0.3447773,-0.9960235,91.625,6,-12.625,127.6711,-88.30038,70.34416,-0.6932795,-0.7033398,0.119898,0.1014947
19599,0.350702,-0.2234921,-0.3211741,-0.1734912,-0.001657488,-0.09386468,9.514897,0.03830859,-1.177989,99.75,3.25,-12.125,123.3025,-88.25538,75.66,-0.6930186,-0.7017156,0.1263111,0.1066119
19610,0.3482322,-0.2234765,-0.3223999,-0.1929343,0.001215803,-0.09575874,9.620246,-0.2968916,-1.302492,76.375,2.625,-6.375,119.338,-88.32801,80.25158,-0.6932742,-0.7001769,0.1300022,0.1105562
19622,0.3454257,-0.2234162,-0.3236796,-0.2133728,0.004585932,-0.09729105,9.648977,-0.3687202,-1.345589,39.125,3.125,1.625,115.4733,-88.50668,84.27091,-0.6940992,-0.6990549,0.1300991,0.1123513
19633,0.3424103,-0.2233495,-0.32496,-0.2316684,0.005123212,-0.09836913,9.67292,-0.1484458,-1.297704,4.75,3.75,10.125,111.5874,-88.74805,87.86353,-0.6953153,-0.6984916,0.1270012,0.111879
19645,0.3424103,-0.2233495,-0.32496,0,0,0,9.754326,0.1149258,-1.168412,-10.375,3.125,15.625,106.6873,-89.01166,92.26372,-0.6966676,-0.698199,0.1224541,0.1103517
19658,0.3424103,-0.2233495,-0.32496,0,0,0,9.787846,0.2202744,-1.053486,-11.25,0.75,19.625,95.68947,-89.32131,102.6932,-0.6982728,-0.6977608,0.1171224,0.1087542
19669,0.3424103,-0.2233495,-0.32496,0,0,0,9.720806,0.03830859,-0.9960235,-6.375,-1.625,21.125,68.82604,-89.56794,129.1081,-0.6997933,-0.6971228,0.1125234,0.107924
19681,0.3424103,-0.2233495,-0.32496,0,0,0,9.57236,-0.1484458,-0.9098291,-5.625,-4,20.625,17.37425,-89.59026,-179.8672,-0.7013769,-0.6963559,0.1079884,0.1072272
19693,0.3424103,-0.2233495,-0.32496,0,0,0,9.380817,-0.1197144,-0.8044805,-5.125,-6.75,19,-11.96169,-89.33324,-150.9865,-0.7031384,-0.6954219,0.1033928,0.106276
19705,0.3424103,-0.2233495,-0.32496,0,0,0,9.285046,0.08140577,-0.7230747,4.25,-10.625,15.75,-18.36058,-89.03388,-144.9087,-0.704886,-0.6942303,0.10019,0.1055553
19716,0.3424103,-0.2233495,-0.32496,0,0,0,9.323354,0.2633716,-0.7326519,22,-14.375,12,-17.36911,-88.76726,-145.9716,-0.7064603,-0.6927538,0.09913301,0.1057291
19727,0.3423296,-0.2234117,-0.3250079,-0.006174488,-0.004753476,-0.003662185,9.443069,0.2202744,-0.8188462,40.625,-18.125,9.375,-14.6229,-88.45833,-148.5496,-0.7081864,-0.6906798,0.09973254,0.1071769
19740,0.3421267,-0.2235177,-0.3250929,-0.01454224,-0.007598475,-0.006091588,9.53884,0,-0.9577149,45.125,-20.75,9.25,-12.75476,-88.0668,-150.1753,-0.7102913,-0.6880614,0.100598,0.1092605
19751,0.3418255,-0.2236347,-0.3251999,-0.02316384,-0.008995205,-0.008231751,9.53884,-0.1436572,-1.048698,36.125,-21.25,11.25,-12.3835,-87.66939,-150.4382,-0.7124597,-0.6856037,0.1004366,0.1107309
19763,0.3414247,-0.2237657,-0.3253517,-0.03074681,-0.01005193,-0.01164499,9.43828,-0.1771773,-1.015178,20.125,-20.75,13.75,-12.92413,-87.27121,-149.9984,-0.7147405,-0.6834009,0.09879984,0.1111214
19774,0.3409537,-0.2239271,-0.3255738,-0.03613916,-0.01238654,-0.01704159,9.289834,-0.06225147,-0.9289834,8.875,-21,15.625,-13.51841,-86.88655,-149.6525,-0.717055,-0.6814188,0.09626051,0.11061
19785,0.3404459,-0.2241447,-0.3258878,-0.03942289,-0.01688815,-0.02437625,9.141388,0.1245029,-0.8667319,6,-21.375,16.375,-13.73732,-86.52914,-149.7177,-0.7192818,-0.6795749,0.09366751,0.1097181
19797,0.3398984,-0.2244299,-0.3263246,-0.04156953,-0.02165405,-0.03316452,9.045617,0.1388687,-0.8236348,8.125,-21.625,16.625,-13.97324,-86.17464,-149.7448,-0.7214556,-0.6777264,0.09119266,0.1089619
19808,0.3393395,-0.2247522,-0.3268749,-0.04326972,-0.02495356,-0.04260583,8.978577,0.0191543,-0.8044805,8,-21.75,16.75,-14.44156,-85.8259,-149.536,-0.723541,-0.6759421,0.08864688,0.108317
19820,0.3387562,-0.2251178,-0.3275626,-0.04446894,-0.02787309,-0.0524246,8.959422,-0.02873145,-0.7996919,5.875,-21.75,16.25,-14.87988,-85.48057,-149.3893,-0.725623,-0.6741964,0.08591052,0.1074705
19831,0.3381791,-0.2255215,-0.3283477,-0.04504915,-0.03150976,-0.06128908,9.016886,0.0191543,-0.8188462,7.75,-22.125,14,-14.84892,-85.16439,-149.6805,-0.7275912,-0.6725062,0.08363333,0.1065452
19843,0.3375874,-0.2259921,-0.329252,-0.04531343,-0.03603905,-0.06925038,9.098291,0.06704004,-0.8619434,14.25,-22.375,11.5,-14.4009,-84.86291,-150.3086,-0.729489,-0.6707452,0.08208369,0.1058727
19854,0.3369874,-0.2265184,-0.3302555,-0.04576313,-0.04014075,-0.0765321,9.146177,0.01436572,-0.9146177,19.5,-21.875,9.5,-13.85484,-84.5752,-150.9662,-0.7312734,-0.6689806,0.08105304,0.105521
19866,0.3363436,-0.2271188,-0.3314084,-0.04687713,-0.04372081,-0.08395163,9.150966,-0.06225147,-0.9912349,17,-20.5,8.625,-13.40235,-84.28567,-151.5695,-0.7330871,-0.6672395,0.07976972,0.1049361
19878,0.3357136,-0.2277418,-0.3325892,-0.04825008,-0.04770746,-0.09042923,9.189274,-0.03830859,-1.067852,10.25,-18.25,9,-13.12427,-84.03287,-152.0811,-0.7347401,-0.6658021,0.07801406,0.1038186
19890,0.3350596,-0.2284308,-0.3338718,-0.04950396,-0.05215704,-0.09708467,9.179697,-0.01436572,-1.096583,3.25,-15,9.625,-13.08913,-83.81522,-152.4469,-0.7362316,-0.6646883,0.07563887,0.1021335
19901,0.3344181,-0.2291478,-0.3352217,-0.04974637,-0.05560271,-0.1046854,9.098291,-0.06704004,-1.019966,-0.75,-12.25,9,-13.27224,-83.6492,-152.6383,-0.7374232,-0.663959,0.07298977,0.1001898
19913,0.3337547,-0.2299357,-0.3367355,-0.04855222,-0.05766702,-0.1107912,9.246737,-0.1676001,-0.9194063,-2.875,-10.125,6.5,-13.5316,-83.52913,-152.8027,-0.7383797,-0.6635512,0.07010511,0.09788077
19925,0.3331527,-0.2307205,-0.3382919,-0.04491452,-0.05854568,-0.1161069,9.313777,-0.2106973,-0.7374405,-6,-10.125,3,-13.59924,-83.46037,-153.1893,-0.7391192,-0.6634188,0.06728073,0.0951405
19936,0.3326513,-0.2315241,-0.3398789,-0.03876594,-0.06214197,-0.1227183,9.227583,0.06225147,-0.584206,-3.125,-11.375,-1.375,-12.92428,-83.44659,-154.2637,-0.7396815,-0.6634043,0.06538673,0.09214392
19948,0.3322421,-0.2324403,-0.341564,-0.03147211,-0.07045028,-0.1295843,9.227583,0.4644917,-0.5889946,14.75,-12.75,-5.75,-11.24283,-83.46505,-156.1143,-0.7400894,-0.6632405,0.0655676,0.08989274
19959,0.3319191,-0.2334524,-0.3433042,-0.02508045,-0.07860267,-0.1351358,9.313777,0.4740689,-0.675189,32.875,-13.875,-8.5,-9.232906,-83.46577,-158.0566,-0.7404358,-0.6628026,0.06731518,0.08897347
19971,0.3316463,-0.2345832,-0.3451658,-0.02041483,-0.08462043,-0.1393084,9.409549,0.2873144,-0.8092691,37.625,-14.125,-8.625,-7.369346,-83.42636,-159.7852,-0.7408856,-0.6621401,0.06930403,0.08863421
19982,0.3314267,-0.2357156,-0.3469674,-0.01725052,-0.08892965,-0.1414946,9.534052,0.1723887,-0.9146177,26.75,-13.125,-6.75,-5.998178,-83.36898,-161.1671,-0.7414389,-0.661561,0.07010876,0.0876938
19993,0.3312277,-0.2369013,-0.348818,-0.01525392,-0.09092604,-0.1419064,9.658554,-0.0191543,-0.9960235,3.875,-10.875,-3.625,-5.279813,-83.30402,-162.1961,-0.7421485,-0.6612276,0.06873446,0.08525962
20005,0.3310597,-0.2381025,-0.3506786,-0.01277312,-0.09132271,-0.1414595,9.725595,-0.1197144,-0.9529263,-20.125,-9.125,-2.125,-4.961882,-83.25756,-163.1433,-0.7429134,-0.6612541,0.06527074,0.08100954
20016,0.3309527,-0.2393171,-0.3524854,-0.008323438,-0.09443028,-0.1404736,9.787846,0.1436572,-0.8523662,-32,-8.875,-4.125,-4.197256,-83.24928,-164.6767,-0.7435859,-0.6615251,0.06137066,0.07548644
20028,0.3309527,-0.2393171,-0.3524854,0,0,0,9.811789,0.517166,-0.7996919,-19.5,-10,-9.25,-2.45359,-83.26166,-167.0294,-0.7440944,-0.6617332,0.05911709,0.07027045
20040,0.3309527,-0.2393171,-0.3524854,0,0,0,9.797423,0.675189,-0.8092691,13,-12.375,-16.5,0.5523233,-83.25497,-170.2399,-0.7444896,-0.661562,0.06009961,0.06677745
20051,0.3309527,-0.2393171,-0.3524854,0,0,0,9.811789,0.5267432,-0.8188462,36.875,-14.375,-21.75,3.53606,-83.21315,-173.0973,-0.7447769,-0.6611037,0.06298258,0.06544153
20063,0.3309527,-0.2393171,-0.3524854,0,0,0,9.744749,0.3447773,-0.8236348,46.875,-15.75,-25,6.637718,-83.1359,-175.9336,-0.7450821,-0.6604406,0.066787,0.06488743
20075,0.3309527,-0.2393171,-0.3524854,0,0,0,9.548417,0.2633716,-0.7901148,42.75,-16.5,-26.5,9.719637,-83.03398,-178.7979,-0.7454376,-0.6597571,0.07035816,0.06397779
20086,0.3309527,-0.2393171,-0.3524854,0,0,0,9.313777,0.3016802,-0.7805376,33,-17,-26.625,12.60391,-82.91299,178.4022,-0.7458705,-0.6591338,0.07308355,0.0622786
20098,0.3309527,-0.2393171,-0.3524854,0,0,0,9.189274,0.2873144,-0.7901148,19.25,-17,-24.875,15.29273,-82.76736,175.6132,-0.7464499,-0.6585605,0.07468351,0.05943955
20110,0.3309527,-0.2393171,-0.3524854,0,0,0,9.251526,0.1484458,-0.7853262,-3.875,-16.5,-21.625,17.22136,-82.63012,173.2761,-0.7471433,-0.6582289,0.07397939,0.05512442
20121,0.3310196,-0.2392895,-0.352538,0.005278572,0.002178071,-0.004147991,9.37124,0.258583,-0.7709605,-25.375,-16,-17.875,18.69039,-82.50935,171.1441,-0.747861,-0.6581383,0.07147837,0.04948499
20134,0.3312038,-0.239259,-0.3526307,0.01284404,0.002121097,-0.006464908,9.53884,0.5028003,-0.7230747,-32.5,-16.5,-15.25,20.25131,-82.37069,168.7253,-0.7486509,-0.6581022,0.06799187,0.04243228
20145,0.3314673,-0.2392272,-0.3527201,0.02047905,0.002475274,-0.006952562,9.668132,0.5267432,-0.6799775,-25.625,-17.875,-15.25,21.53329,-82.23325,166.7617,-0.7493377,-0.6579337,0.06533304,0.0367137
20156,0.3318315,-0.2391663,-0.3528065,0.02847001,0.004760105,-0.006747151,9.730383,0.4213945,-0.6512461,-16,-20,-16.25,22.64016,-82.07417,165.1014,-0.7500769,-0.6575369,0.06334409,0.03189607
20168,0.332317,-0.2390552,-0.3528925,0.03740176,0.00855878,-0.006628041,9.735171,0.3543545,-0.5937832,-8.125,-22.375,-17.875,23.69837,-81.88879,163.5852,-0.750889,-0.6569347,0.06195235,0.02765065
20179,0.332317,-0.2390552,-0.3528925,0,0,0,9.716018,0.4405488,-0.5937832,3,-25,-20.625,24.90546,-81.65879,162.0671,-0.751803,-0.6560554,0.06166493,0.0241049
20192,0.332317,-0.2390552,-0.3528925,0,0,0,9.701652,0.5075889,-0.641669,20.25,-27.625,-23.5,26.34537,-81.34653,160.5306,-0.7529625,-0.6546827,0.06304792,0.02151796
20203,0.332317,-0.2390552,-0.3528925,0,0,0,9.725595,0.4453374,-0.6895547,29.75,-29.125,-25,27.52493,-81.03934,159.3876,-0.7540981,-0.6532294,0.06502648,0.01997197
20214,0.332317,-0.2390552,-0.3528925,0,0,0,9.787846,0.4549146,-0.7374405,34.25,-30.125,-25.25,28.60728,-80.70925,158.4023,-0.7553245,-0.6516072,0.06737992,0.0187897
20226,0.332317,-0.2390552,-0.3528925,0,0,0,9.763903,0.5746289,-0.7470176,37.5,-30.75,-24.5,29.57971,-80.38632,157.5618,-0.7565041,-0.6499997,0.0698677,0.01790139
20237,0.332317,-0.2390552,-0.3528925,0,0,0,9.596303,0.6464576,-0.7613833,39.625,-30.75,-22.375,30.40683,-80.0632,156.8947,-0.7577035,-0.6483372,0.07242567,0.01728609
20249,0.332317,-0.2390552,-0.3528925,0,0,0,9.443069,0.6177261,-0.7853262,35.75,-29.625,-19,30.95033,-79.77351,156.4582,-0.7588497,-0.6467932,0.07435356,0.0166504
20260,0.332317,-0.2390552,-0.3528925,0,0,0,9.342508,0.6273032,-0.7996919,29.625,-27.75,-15.5,31.2881,-79.52516,156.1446,-0.7598902,-0.6454576,0.0755173,0.01576518
20272,0.332317,-0.2390552,-0.3528925,0,0,0,9.299411,0.742229,-0.7853262,33.125,-26.25,-14.75,31.68077,-79.30629,155.8181,-0.7607391,-0.6443072,0.07690299,0.01517388
20283,0.3324434,-0.2390314,-0.3529524,0.0096449,0.001813739,-0.004565303,9.328143,0.8523662,-0.8044805,49.125,-25.625,-15.875,32.228,-79.07818,155.5486,-0.7615051,-0.6430493,0.07967641,0.01578867
20296,0.3327146,-0.2389627,-0.3531046,0.01917779,0.004859755,-0.01076162,9.232371,0.7853262,-0.8763091,71.125,-24.875,-17.375,32.84204,-78.83073,155.5491,-0.7622545,-0.6414746,0.08447649,0.01849806
20308,0.3330791,-0.2388266,-0.3533786,0.02616239,0.009766879,-0.01966398,9.016886,0.6225147,-1.024755,79.625,-22.75,-16.875,33.28986,-78.60755,155.8293,-0.7629316,-0.6398452,0.08967047,0.02219803
20319,0.3334712,-0.2386265,-0.3537444,0.03047585,0.01555603,-0.02843778,8.954634,0.4980117,-1.187566,72.25,-18.375,-13.25,33.46647,-78.46102,156.231,-0.7634065,-0.6386077,0.093512,0.02541947
20331,0.333912,-0.2383291,-0.3542198,0.03337264,0.02251742,-0.03598685,9.050406,0.4022402,-1.321646,52.875,-13.25,-6.875,33.29802,-78.3987,156.7346,-0.7637261,-0.6378572,0.09537334,0.02765175
20342,0.3343638,-0.2379483,-0.3547736,0.03507381,0.02956504,-0.04300488,9.064771,0.3495659,-1.407841,23.5,-7.25,2.125,32.70401,-78.44677,157.2706,-0.7638565,-0.6378484,0.0942619,0.02805934
20354,0.3348509,-0.2374686,-0.355464,0.03659899,0.03603975,-0.0518662,8.940269,0.3687202,-1.398264,-4.625,-1.5,11.125,31.70215,-78.60751,157.8297,-0.7637517,-0.6386131,0.09025275,0.02666671
20365,0.3353491,-0.2369532,-0.3562558,0.0389585,0.0402998,-0.06191019,8.825342,0.4884346,-1.302492,-29.5,4.25,20.375,30.42586,-78.87268,158.3517,-0.7633097,-0.6401144,0.08394802,0.0237629
20377,0.3358911,-0.2364086,-0.3571812,0.04211552,0.04232089,-0.07191729,8.83492,0.6320918,-1.225875,-47.375,8.375,27.5,28.89797,-79.2165,158.882,-0.7625706,-0.6421421,0.0758471,0.01966993
20388,0.3364837,-0.2358513,-0.358222,0.04550269,0.04279413,-0.07992098,8.997731,0.7182862,-1.201932,-50.125,11.375,31.375,27.18789,-79.6096,159.5428,-0.7615601,-0.6444151,0.06719986,0.01547766
20399,0.3371114,-0.2353144,-0.3593242,0.04882366,0.04176119,-0.08572069,9.160542,0.7949033,-1.187566,-38.375,13.5,32.125,25.49015,-80.01457,160.3555,-0.7603341,-0.646681,0.05953566,0.01230237
20411,0.3377874,-0.2347889,-0.3605266,0.05148022,0.04001405,-0.0915717,9.165331,0.7901148,-1.192355,-22.125,14.875,31.125,23.77111,-80.42506,161.3863,-0.7589504,-0.6489022,0.05303682,0.0103687
20422,0.3384756,-0.2342928,-0.3618029,0.05310057,0.0382755,-0.09847449,9.079137,0.7278633,-1.201932,-6.875,16.375,29.625,22.07558,-80.826,162.6035,-0.7574823,-0.6510267,0.04786822,0.009675998
20434,0.3391813,-0.2338169,-0.3631908,0.05400931,0.03642777,-0.1062245,9.021674,0.675189,-1.197144,3.5,17,28.625,20.31376,-81.21913,164.0206,-0.7559661,-0.6530889,0.04352009,0.00980205
20445,0.3398704,-0.2333657,-0.3646453,0.05339076,0.03495814,-0.1126872,9.107868,0.5889946,-1.278549,10.625,17,27.875,18.41681,-81.58077,165.6712,-0.7545515,-0.6549494,0.03978394,0.01052087
20457,0.3405282,-0.2329157,-0.3661852,0.05031361,0.03442477,-0.1177952,9.20364,0.450126,-1.431784,13.625,17.5,27.25,16.25579,-81.91673,167.6246,-0.7532344,-0.6566535,0.03620333,0.01155713
20468,0.3411142,-0.2324658,-0.3677827,0.04514007,0.03464589,-0.1230421,9.179697,0.3256231,-1.54671,11,18.875,26.75,13.89777,-82.23244,169.7441,-0.7519609,-0.6582925,0.03243835,0.01239723
20480,0.3416241,-0.2319998,-0.3694735,0.03894715,0.03560012,-0.1291658,9.117445,0.2106973,-1.565864,4.375,20.75,26.125,11.3413,-82.55131,171.975,-0.7505946,-0.6600413,0.02814332,0.01269216
20491,0.3420475,-0.231534,-0.3711948,0.03308397,0.03639173,-0.1344819,9.179697,0.1771773,-1.513189,-0.125,22,24.25,8.873538,-82.86593,174.068,-0.7491314,-0.6618773,0.02378241,0.01244578
20502,0.3424166,-0.2310852,-0.3730103,0.0280537,0.03411312,-0.1379754,9.342508,0.3830859,-1.417418,8.875,22.625,19.125,7.033459,-83.18931,175.6428,-0.7474607,-0.6638708,0.02065162,0.0123151
20514,0.3427307,-0.2307107,-0.374854,0.02413416,0.02877896,-0.1416791,9.33772,0.6033604,-1.297704,37,22,11.25,6.300157,-83.49699,176.4833,-0.7457196,-0.6658009,0.02057826,0.01371499
20526,0.3430023,-0.2303862,-0.3768841,0.01971978,0.02355349,-0.1473893,9.213217,0.5602632,-1.259395,73.5,20.625,1.5,6.633701,-83.79044,176.7741,-0.7439134,-0.6675999,0.02428547,0.01770309
20538,0.3431881,-0.230118,-0.3789238,0.01416036,0.02043982,-0.1554302,9.012096,0.4070288,-1.297704,94.625,20.25,-6.5,7.734752,-84.04204,176.5522,-0.7422312,-0.6690831,0.02999147,0.02283046
20549,0.3432893,-0.2298848,-0.3811005,0.007725256,0.01780268,-0.166149,8.806189,0.3687202,-1.307281,97.375,21.125,-11.5,9.495102,-84.28613,175.7092,-0.7404889,-0.6705105,0.03629306,0.02783351
20561,0.3432906,-0.2296914,-0.3833972,9.919517E-05,0.01490031,-0.1769533,8.787034,0.3926631,-1.369532,88.875,22.625,-13.875,11.70301,-84.5239,174.3016,-0.7387197,-0.6719404,0.04210303,0.03188353
20573,0.3431525,-0.2295324,-0.386136,-0.00934717,0.01075762,-0.1852748,9.055194,0.4692803,-1.407841,74.5,24.625,-15.625,14.83241,-84.80499,171.8725,-0.736576,-0.6737669,0.04768538,0.03492957
20585,0.342913,-0.2294759,-0.3886943,-0.0180514,0.004253232,-0.1928378,9.045617,0.708709,-1.407841,66.125,26.25,-17.5,18.61132,-85.04729,168.6113,-0.7345554,-0.6755319,0.05240438,0.03658907
20597,0.342568,-0.2295207,-0.3913243,-0.02672278,-0.003468509,-0.2037132,8.772668,0.8475776,-1.374321,63.25,27.875,-19.25,23.15975,-85.26352,164.5305,-0.7324866,-0.6773384,0.05704232,0.0377139
20608,0.3421026,-0.2296695,-0.3941509,-0.03571755,-0.01141635,-0.2169448,8.60028,0.8954634,-1.340801,61.375,28.875,-20.875,28.4622,-85.44994,159.6777,-0.730332,-0.6792033,0.06173909,0.03855447
20619,0.3415164,-0.229921,-0.3971049,-0.04557007,-0.01955176,-0.2296351,8.624223,0.9529263,-1.383898,62.875,29,-22.875,34.31981,-85.57345,154.2857,-0.7282337,-0.6809419,0.06667297,0.0393503
20631,0.3407544,-0.2302757,-0.4002661,-0.0579133,-0.02695876,-0.2402516,8.796611,0.9098291,-1.522767,67.375,28.625,-24.75,40.43028,-85.62476,148.7137,-0.7262192,-0.6824669,0.0721349,0.0405121
20642,0.3398002,-0.2306651,-0.4034678,-0.07362184,-0.03004761,-0.2470247,9.083925,0.5937832,-1.728675,63.75,28.25,-25.125,45.61527,-85.63633,144.0162,-0.7244779,-0.6837215,0.07691038,0.04173094
20654,0.3385709,-0.2310587,-0.4067493,-0.09455074,-0.03027547,-0.2524034,9.189274,0.3447773,-2.059087,45.125,30.375,-22.75,49.80045,-85.64657,140.0816,-0.7230082,-0.6849334,0.07980368,0.0419153
20665,0.3370244,-0.2314619,-0.410119,-0.1193859,-0.03112121,-0.2601257,8.997731,0.3639317,-2.322459,18.875,36.375,-18.875,53.71499,-85.68857,136.0792,-0.7215406,-0.6865134,0.08033877,0.0403023
20677,0.3351524,-0.2319146,-0.4136673,-0.1431482,-0.0346173,-0.2713421,8.739148,0.6081489,-2.193167,3.5,42.25,-16.375,58.58299,-85.75964,130.9223,-0.7196319,-0.6887543,0.07966521,0.03742946
20688,0.3330363,-0.2324044,-0.4173271,-0.1633069,-0.03780219,-0.2824374,8.763091,0.6704004,-1.867544,3.625,45.875,-16,64.55524,-85.84994,124.6666,-0.717179,-0.6915331,0.07896677,0.03464635
20700,0.3306402,-0.2329189,-0.4211443,-0.1830068,-0.03928979,-0.2915436,8.945057,0.5937832,-1.733464,8.875,46.5,-16.375,70.99298,-85.91678,118.0125,-0.7145256,-0.6944281,0.07857757,0.03237802
20711,0.328009,-0.2334222,-0.425006,-0.2052236,-0.03926207,-0.3011977,8.901959,0.4692803,-1.877121,12.25,46.75,-15.875,76.84327,-85.94628,111.9961,-0.7121152,-0.6970109,0.07829747,0.03061471
20723,0.3250025,-0.233875,-0.4290409,-0.2298761,-0.03461793,-0.3085054,9.131811,0.1292915,-1.910641,1.625,49.375,-12.625,82.78859,-86.03701,105.7446,-0.709591,-0.6998602,0.0765353,0.02861243
20734,0.3216662,-0.2342347,-0.4330805,-0.2553237,-0.0275262,-0.309144,9.668132,-0.0191543,-1.877121,-18.25,51.5,-7.5,89.27179,-86.17705,98.69551,-0.7069435,-0.7030684,0.07260215,0.02558869
20746,0.3177528,-0.234496,-0.4372802,-0.2842968,-0.01898082,-0.3051025,10.03206,-0.08619434,-1.939373,-38.375,53.625,-2.625,96.78391,-86.33858,90.31017,-0.7041165,-0.7066675,0.06627862,0.02117129
20758,0.3136762,-0.2346485,-0.4412575,-0.3112619,-0.01164355,-0.3036784,9.859674,-0.02394287,-1.81487,-55.625,55.875,1.125,104.9857,-86.45398,81.0513,-0.7012513,-0.7103241,0.05861935,0.0158145
20769,0.3092529,-0.2347552,-0.4453189,-0.3366855,-0.008125337,-0.3091373,9.332932,0.258583,-1.637692,-64.75,57.125,4.25,113.7538,-86.47091,71.10194,-0.6982189,-0.7140552,0.05022311,0.009659311
20781,0.3044848,-0.2348494,-0.4495287,-0.3615471,-0.00714198,-0.3192096,8.988154,0.4453374,-1.522767,-59.625,56.625,5.75,122.0917,-86.38599,61.64572,-0.6951554,-0.7176032,0.04231261,0.003778991
20793,0.2988175,-0.2349145,-0.4542716,-0.3897484,-0.00447729,-0.3261775,9.294622,0.3495659,-1.470092,-44.75,53.875,6.375,130.3425,-86.24136,52.37515,-0.6919398,-0.7211156,0.03478495,-0.001265128
20805,0.2932644,-0.2349099,-0.4586153,-0.4175232,0.0003456702,-0.3265956,9.768692,0.1771773,-1.517978,-31.5,50.375,6.625,136.864,-86.09957,45.0947,-0.6893182,-0.7238697,0.0288301,-0.004670595
20817,0.2874573,-0.2348113,-0.4628304,-0.4467027,0.007584053,-0.3242345,10.00812,-0.02873145,-1.594595,-23.75,47.625,6.875,142.5333,-85.97038,38.78187,-0.6870664,-0.7261799,0.02345868,-0.007237011
20828,0.2813062,-0.2345861,-0.4670199,-0.4758289,0.01742,-0.3240908,9.854886,-0.2633716,-1.556287,-31.25,45.25,8.625,148.047,-85.86127,32.52896,-0.6850404,-0.728233,0.01717261,-0.01007045
20840,0.2748281,-0.2342513,-0.4712639,-0.5031528,0.02600734,-0.3296308,9.409549,-0.2059087,-1.407841,-51.625,43.75,11.625,153.3675,-85.73666,26.20849,-0.6830578,-0.7301674,0.009088631,-0.01431774
20851,0.2677559,-0.2338683,-0.4758119,-0.5287641,0.02863824,-0.340034,9.040829,0.2394287,-1.168412,-66,41.375,13.875,157.808,-85.55463,20.53743,-0.6809618,-0.7320405,-0.0002113677,-0.02019263
20863,0.2607272,-0.2335256,-0.4802562,-0.5521824,0.02691908,-0.3491481,9.093503,0.5650518,-1.029544,-57.75,37.375,13.25,160.7086,-85.36815,16.5698,-0.6791446,-0.7335154,-0.007981982,-0.02557538
20874,0.2532311,-0.2332043,-0.4848658,-0.5756927,0.02467311,-0.3540105,9.428702,0.6033604,-0.9960235,-35.875,0,10.5,161.3537,-85.61907,15.11057,-0.6803907,-0.7321169,-0.01395172,-0.02964611
20886,0.2453325,-0.2328775,-0.4895352,-0.600238,0.02483621,-0.3548445,9.749537,0.4213945,-1.019966,-10.25,26,6.75,162.9265,-85.52692,13.05157,-0.6794853,-0.7327806,-0.01762278,-0.03196554
20897,0.2372814,-0.2325212,-0.4940848,-0.6259133,0.0277043,-0.3537003,9.917137,0.2154858,-1.144469,8.625,21.875,3,163.9594,-85.49924,11.78255,-0.6791224,-0.733025,-0.01957363,-0.03292476
20908,0.228834,-0.2320864,-0.4986489,-0.6533166,0.03362617,-0.3529831,9.897983,-0.0191543,-1.288126,18.625,19.625,0,164.7798,-85.5193,10.85073,-0.6791224,-0.732983,-0.02070051,-0.0331703
20920,0.2196879,-0.2315192,-0.5034398,-0.6813235,0.04225111,-0.356892,9.553205,-0.2202744,-1.297704,13.625,20.25,-1.25,165.8085,-85.54091,9.637246,-0.6790974,-0.7329296,-0.02239508,-0.03375342
20931,0.210886,-0.2308842,-0.5080258,-0.7042108,0.05080457,-0.3669074,9.026463,-0.2968916,-1.082218,-6.25,22.25,-0.25,167.1703,-85.51629,7.854512,-0.6786883,-0.7331112,-0.02570148,-0.03563312
20943,0.2014169,-0.2301478,-0.5130463,-0.7232206,0.05624249,-0.3834504,8.533239,-0.07182861,-0.7039204,-32.875,22.75,2.25,168.5685,-85.42637,5.66855,-0.6777486,-0.7335521,-0.03132319,-0.03971291
20954,0.1916057,-0.2294028,-0.5183679,-0.7399112,0.0561878,-0.401333,8.427891,0.3256231,-0.4549146,-50,20.375,4.5,169.3607,-85.31935,3.854608,-0.6766342,-0.7339238,-0.03816433,-0.04544939
20966,0.1812942,-0.2286632,-0.5239933,-0.7589745,0.05443384,-0.4140547,8.849285,0.4740689,-0.5315318,-47.25,17.5,4.5,169.7603,-85.25777,2.4461,-0.6757921,-0.7339439,-0.04478181,-0.05124592
20978,0.1710776,-0.2279381,-0.5294837,-0.7799571,0.0553554,-0.4191473,9.414337,0.3112573,-0.7039204,-36.125,15.125,2.25,170.0831,-85.25237,1.293416,-0.6753526,-0.7336482,-0.05025604,-0.05597726
20989,0.1603854,-0.227163,-0.5351431,-0.8026565,0.05818352,-0.4248465,9.385606,0.1963315,-0.8284234,-26.375,15.375,-0.875,170.0961,-85.26336,0.5637353,-0.6750585,-0.733256,-0.05485675,-0.06018779
21001,0.1498479,-0.2263756,-0.5407145,-0.822472,0.06146079,-0.4348539,9.021674,0.1388687,-0.7039204,-21.25,17.25,-3.25,169.8238,-85.23465,0.2105161,-0.674549,-0.7331018,-0.05870342,-0.06402531
21013,0.1374447,-0.2254275,-0.5473451,-0.8416916,0.06433798,-0.4499606,8.758303,0.1723887,-0.4597031,-19.125,18.5,-5.5,169.0252,-85.14159,0.3198146,-0.6735941,-0.7332451,-0.06264546,-0.06854402
21026,0.1258265,-0.2245253,-0.5535979,-0.8599748,0.06677697,-0.4628292,8.83492,0.2154858,-0.483646,-13.625,19,-7.5,167.9144,-85.05462,0.8721633,-0.6727571,-0.7333804,-0.06557754,-0.07246207
21037,0.1146635,-0.2236334,-0.5595745,-0.8786941,0.07021216,-0.4704452,9.198852,0.1723887,-0.5746289,-3,19.75,-9.625,166.6953,-84.97536,1.699734,-0.6720772,-0.733538,-0.06737249,-0.07546638
21049,0.1029777,-0.2226517,-0.5657178,-0.8986332,0.07549112,-0.4724134,9.653766,0.07661719,-0.6081489,11.625,19.625,-12.375,165.2794,-84.89592,2.903006,-0.6715388,-0.7337659,-0.06789806,-0.07754447
21060,0.09115074,-0.2216136,-0.5717984,-0.9191719,0.08067689,-0.472579,9.797423,0.1197144,-0.6464576,27.125,19,-14.375,163.5853,-84.8266,4.585503,-0.671248,-0.7340039,-0.06697441,-0.07860563
21071,0.07874159,-0.2204875,-0.5780705,-0.9409428,0.08539049,-0.4755845,9.586726,0.2011201,-0.7039204,48,18.375,-15.375,161.6308,-84.76888,6.804006,-0.6712828,-0.7342685,-0.06413795,-0.07820148
21083,0.06631663,-0.2192783,-0.5842984,-0.9616101,0.09358175,-0.4819991,9.323354,-0.06704004,-0.7278633,61,18.25,-15.375,160.2496,-84.72185,8.610594,-0.6714553,-0.7345883,-0.06058298,-0.0765352
21094,0.05351464,-0.2178485,-0.5907011,-0.9819734,0.1096737,-0.4911211,9.1366,-0.6704004,-0.8188462,48.5,18.625,-12.75,160.3168,-84.70446,8.807359,-0.6715124,-0.7348336,-0.05890064,-0.07497662
21106,0.04053361,-0.216168,-0.5971775,-1.003171,0.1298672,-0.5004956,9.127023,-0.9912349,-0.9577149,10.5,20.375,-8,161.5935,-84.70206,7.301901,-0.6711757,-0.7348987,-0.06107214,-0.07561304
21117,0.02718343,-0.2142348,-0.6037883,-1.024887,0.1484117,-0.5075104,9.308989,-0.8619434,-0.9481377,-38.125,22.25,-2.125,163.4387,-84.67271,4.597061,-0.6701934,-0.7347994,-0.06758049,-0.07964689
21129,0.01359049,-0.2121474,-0.6104109,-1.047383,0.1608404,-0.5102957,9.625034,-0.3926631,-0.8858863,-64.375,21.875,1.125,164.8257,-84.62644,2.017342,-0.6689043,-0.7344533,-0.07596616,-0.08587466
21140,-0.0005094493,-0.209934,-0.6171086,-1.072402,0.1683441,-0.5094026,9.912349,0.03352002,-0.933772,-60.875,18.875,0.875,165.3895,-84.61762,0.2929747,-0.6678998,-0.7337419,-0.08371584,-0.09232769
21151,-0.01453287,-0.2077127,-0.6235691,-1.098154,0.1739508,-0.5059158,10.12305,0.2059087,-0.9960235,-37.375,15.5,-1.875,165.2545,-84.65724,-0.4001253,-0.6674791,-0.7328765,-0.08897052,-0.09720046
21163,-0.0292942,-0.2053339,-0.6301517,-1.124501,0.1812157,-0.501451,10.19009,0.1101372,-1.024755,-10.625,12.25,-5.375,164.7582,-84.74326,-0.4070191,-0.6676317,-0.7319416,-0.0919762,-0.1003484
21174,-0.04428976,-0.2028507,-0.6366224,-1.14979,0.1903977,-0.4961419,10.25234,-0.03830859,-1.015178,12.125,9.375,-8.375,164.0583,-84.86169,0.0869216,-0.6682589,-0.7310321,-0.09300546,-0.1018436
21186,-0.06045698,-0.2000759,-0.6433762,-1.174687,0.2016132,-0.4907231,10.22839,-0.1676001,-0.9481377,24.875,6.875,-10,163.2681,-85.00743,0.8335711,-0.6692112,-0.7300843,-0.09299363,-0.1023985
21198,-0.07613027,-0.1972872,-0.6497554,-1.196617,0.2129078,-0.4870414,10.10389,-0.2394287,-0.8715205,29,3.625,-10.75,162.4957,-85.17468,1.617968,-0.6703484,-0.729055,-0.09268513,-0.1025737
21210,-0.09213464,-0.1943716,-0.6561412,-1.217988,0.2218923,-0.4859801,9.893194,-0.06704004,-0.8284234,28.25,0.625,-10.5,161.3966,-85.37199,2.720583,-0.671697,-0.727812,-0.09233223,-0.1028967
21221,-0.1082168,-0.1914075,-0.6624641,-1.238997,0.2283529,-0.4871233,9.716018,0.1245029,-0.8236348,28.875,-2.5,-9.25,160.0449,-85.6011,4.085989,-0.673279,-0.7263636,-0.09188674,-0.1031901
21234,-0.1267983,-0.1879317,-0.6696466,-1.263101,0.2362784,-0.488244,9.725595,0.1005601,-0.9050406,26.625,-4.75,-6.5,158.9361,-85.90189,5.178814,-0.6752533,-0.7244983,-0.09190584,-0.1033848
21246,-0.1267983,-0.1879317,-0.6696466,0,0,0,9.84052,-0.02394287,-1.067852,15.625,-4.75,-2.5,158.8741,-86.1965,5.080611,-0.6769456,-0.7226557,-0.09331282,-0.1039526
21258,-0.1267983,-0.1879317,-0.6696466,0,0,0,9.763903,-0.06704004,-1.058275,-0.625,-2.875,2.875,160.1819,-86.47469,3.382183,-0.6782091,-0.7208202,-0.09665194,-0.1053989
21270,-0.1267983,-0.1879317,-0.6696466,0,0,0,9.510109,-0.1149258,-0.8906748,-19.125,-1.75,7.75,162.8226,-86.68915,0.1408061,-0.6788195,-0.7192096,-0.1016213,-0.1077723
21281,-0.1267983,-0.1879317,-0.6696466,0,0,0,9.33772,-0.1484458,-0.7949033,-35.5,-1.125,12.625,167.0728,-86.86613,-4.934267,-0.6789833,-0.7175629,-0.1083825,-0.1110779
21292,-0.1267983,-0.1879317,-0.6696466,0,0,0,9.33772,-0.1053486,-0.7661719,-44.875,-1.125,15.25,172.0805,-87.00403,-10.8691,-0.6789055,-0.7158643,-0.115856,-0.1149045
21304,-0.1270107,-0.1878622,-0.669687,-0.01627022,0.005322481,-0.003095637,9.514897,-0.009577149,-0.7996919,-38.625,-2,15.125,177.2248,-87.13031,-16.87307,-0.6789473,-0.7140916,-0.1227846,-0.1184389
21316,-0.12749,-0.1877366,-0.6697279,-0.03401068,0.008907489,-0.002895059,9.763903,0.1149258,-0.7805376,-10.75,-2.875,11.375,-178.2795,-87.26612,-21.90557,-0.679455,-0.7124789,-0.1273303,-0.1204235
21328,-0.1280941,-0.1875974,-0.6697731,-0.04733612,0.01091263,-0.003546505,9.687285,0.1197144,-0.5746289,19.625,-3.5,7.125,-175.2556,-87.37327,-25.02934,-0.6802106,-0.7115372,-0.1286499,-0.1203223
21339,-0.1288579,-0.1874176,-0.6698736,-0.05819608,0.01369603,-0.007655481,9.414337,-0.01436572,-0.4261831,41.75,-4.75,4.125,-172.4017,-87.4778,-27.6967,-0.6812593,-0.7109206,-0.1280739,-0.1186377
21351,-0.1297364,-0.1871702,-0.6700505,-0.06739182,0.01897653,-0.01356982,9.265891,-0.2537944,-0.4070288,46.625,-5.375,4.375,-168.5006,-87.55656,-31.34979,-0.6823303,-0.7104011,-0.1273578,-0.1163431
21362,-0.1307881,-0.1868279,-0.6703004,-0.07647151,0.02488928,-0.01817354,9.380817,-0.3208345,-0.3926631,37.75,-5.25,6.5,-163.5345,-87.59783,-36.17587,-0.6832347,-0.7098039,-0.1275727,-0.1144294
21374,-0.1319072,-0.1864614,-0.6705653,-0.0853378,0.02795416,-0.02019786,9.562783,-0.158023,-0.3591431,33.5,-6,8,-158.8747,-87.6276,-40.75755,-0.684049,-0.7091625,-0.1280519,-0.1129971
21386,-0.1331526,-0.1860708,-0.6708286,-0.09482643,0.02974026,-0.02004871,9.730383,-0.07661719,-0.3926631,38.125,-7.625,8.375,-153.9392,-87.6646,-45.55315,-0.68507,-0.7084436,-0.1281068,-0.111245
21397,-0.1345157,-0.1856497,-0.6710594,-0.1049926,0.0324307,-0.01777174,9.893194,-0.1532344,-0.5028003,43.625,-9.5,8.75,-148.0503,-87.69683,-51.23256,-0.6863493,-0.7076072,-0.1278373,-0.1089696
21410,-0.1362534,-0.1851195,-0.6712485,-0.1181248,0.03604289,-0.01285717,10.05122,-0.191543,-0.6608232,44.625,-10.875,10.125,-140.1262,-87.70604,-58.90505,-0.6880237,-0.706452,-0.1276183,-0.1061257
21422,-0.1380006,-0.1846074,-0.6713487,-0.1305472,0.03826111,-0.007486339,10.11826,-0.1388687,-0.708709,44.375,-10.75,11.625,-132.95,-87.66972,-65.85573,-0.6895161,-0.7054081,-0.1274823,-0.1035149
21433,-0.1398119,-0.1841101,-0.6713902,-0.1409883,0.03870661,-0.003234778,10.04643,-0.08140577,-0.5937832,43.25,-10.375,13.5,-126.8753,-87.58387,-71.72836,-0.6907524,-0.7045555,-0.1274825,-0.1010498
21445,-0.1417636,-0.1836124,-0.6714091,-0.1496674,0.03817389,-0.001444284,9.850098,-0.08619434,-0.4644917,37,-10.5,16.625,-121.4673,-87.43021,-77.01219,-0.6917585,-0.7037552,-0.1281859,-0.09882936
21456,-0.1437943,-0.1831304,-0.6714308,-0.1578725,0.03747054,-0.001688097,9.692075,-0.1197144,-0.4644917,22.25,-9.875,21.25,-116.8233,-87.19865,-81.7237,-0.6924446,-0.7028687,-0.1303947,-0.0974337
21468,-0.1459771,-0.1826596,-0.6714755,-0.1662468,0.03585199,-0.00340264,9.581937,-0.1005601,-0.4692803,-0.875,-8.375,25.875,-113.204,-86.89291,-85.71619,-0.6926793,-0.7017882,-0.1348001,-0.09755804
21479,-0.1482414,-0.1822422,-0.6715556,-0.1747416,0.03221699,-0.006186034,9.50532,0.004788574,-0.4549146,-20.25,-6.5,30.25,-110.8179,-86.54748,-88.72315,-0.6924524,-0.7006159,-0.1408498,-0.09903672
21491,-0.1506419,-0.1819066,-0.6716877,-0.1837488,0.02568388,-0.01011037,9.433492,0.1771773,-0.4261831,-29.5,-5,32,-109.3324,-86.20676,-90.95639,-0.6919346,-0.6994081,-0.1475759,-0.1013715
21502,-0.1531319,-0.1816902,-0.6718789,-0.1926101,0.01673843,-0.01478447,9.385606,0.3160459,-0.3639317,-21,-4.5,30.625,-108.4063,-85.91591,-92.51312,-0.6914318,-0.6983986,-0.1532436,-0.1033345
21514,-0.1557514,-0.181614,-0.6721326,-0.2006947,0.005839275,-0.01943864,9.399971,0.3926631,-0.258583,4.75,-4.875,25.75,-107.76,-85.70472,-93.45974,-0.6912315,-0.6978281,-0.1563935,-0.1038083
21525,-0.1584507,-0.1816694,-0.6724467,-0.2079078,-0.004267448,-0.02419129,9.385606,0.292103,-0.2298516,29,-5.75,21,-107.0755,-85.545,-94.12765,-0.6914127,-0.6976104,-0.1573023,-0.1026848
21536,-0.1612593,-0.1818222,-0.6728272,-0.2145921,-0.01166912,-0.02907321,9.361663,0.05267432,-0.2777373,36.25,-6.375,18.25,-106.252,-85.38416,-94.83967,-0.6917681,-0.6974306,-0.1576443,-0.1009753
21548,-0.1640963,-0.1820517,-0.6732651,-0.2216071,-0.01793035,-0.03420639,9.328143,-0.02873145,-0.3543545,25.125,-6.625,18.25,-105.347,-85.21583,-95.77816,-0.6920578,-0.6969809,-0.1589163,-0.1000967
21559,-0.1671206,-0.1823907,-0.6737905,-0.2298259,-0.02576259,-0.03992851,9.3042,0.07661719,-0.4022402,10.375,-6.375,19.125,-104.4479,-85.05106,-96.90702,-0.6922085,-0.6962236,-0.1613528,-0.1004269
21571,-0.1702193,-0.1828415,-0.6743858,-0.238146,-0.03464619,-0.04574605,9.299411,0.1436572,-0.3974517,3,-6.25,19.25,-103.6639,-84.90018,-98.01433,-0.6922534,-0.695354,-0.1642618,-0.1014205
21582,-0.1736048,-0.1834498,-0.6751009,-0.246323,-0.04425935,-0.05202638,9.289834,0.1245029,-0.3639317,0.375,-6.875,18.125,-102.8701,-84.75544,-99.18559,-0.6922829,-0.694363,-0.1674523,-0.1027824
21595,-0.1769466,-0.1841477,-0.6758569,-0.2538023,-0.05299923,-0.0574174,9.332932,0.06225147,-0.3687202,0.875,-7.875,16,-102.0106,-84.63436,-100.3994,-0.6924025,-0.6933331,-0.1703485,-0.1041602
21606,-0.1803606,-0.1849499,-0.6766621,-0.2608711,-0.06129901,-0.06152816,9.423914,0.004788574,-0.3735088,2.75,-8.875,13.5,-101.0463,-84.53632,-101.6909,-0.6926348,-0.6922556,-0.1729276,-0.1055237
21617,-0.1838393,-0.1858535,-0.6775067,-0.2678761,-0.06958718,-0.06503893,9.467011,0,-0.3926631,6.125,-10.25,10.375,-99.86103,-84.47384,-103.156,-0.693065,-0.691105,-0.174986,-0.1068392
21630,-0.1879073,-0.1870079,-0.6785299,-0.2761016,-0.07834535,-0.06944193,9.433492,-0.02873145,-0.4549146,8.375,-11.875,7.625,-98.1514,-84.4267,-105.1492,-0.6938186,-0.6896225,-0.1769354,-0.108308
21642,-0.1916735,-0.1881422,-0.6795111,-0.2830663,-0.08525762,-0.07374597,9.399971,-0.1053486,-0.4788574,2.25,-12.375,6.125,-96.56007,-84.38483,-107.0778,-0.69446,-0.6881109,-0.1791443,-0.110164
21654,-0.1954204,-0.1893314,-0.6805109,-0.2898684,-0.09199871,-0.07735392,9.443069,-0.1005601,-0.5075889,-11.375,-12,5.625,-95.07293,-84.3474,-109.0692,-0.6948791,-0.686383,-0.1822993,-0.1130854
21665,-0.1992811,-0.1906309,-0.681562,-0.2966557,-0.0998508,-0.08076302,9.467011,-0.0191543,-0.4932232,-23.375,-11.375,5,-93.67628,-84.32898,-111.13,-0.6950651,-0.6844504,-0.1862679,-0.1171176
21676,-0.2031772,-0.1920374,-0.6826616,-0.3028274,-0.1093222,-0.08546441,9.376028,0.1101372,-0.4118174,-29.125,-10.375,3,-92.41225,-84.35851,-113.125,-0.6950405,-0.6825293,-0.190322,-0.1218604
21688,-0.2072349,-0.1936158,-0.6838764,-0.308569,-0.1200282,-0.09238093,9.222795,0.2011201,-0.3447773,-25.125,-9.875,-0.125,-91.06789,-84.44176,-115.1635,-0.6950077,-0.6806952,-0.1937952,-0.1267351
21699,-0.211296,-0.1953102,-0.6851822,-0.3133584,-0.1307404,-0.1007576,9.10308,0.225063,-0.2825259,-13.375,-9.375,-4.5,-89.60895,-84.57889,-117.1528,-0.695102,-0.6791809,-0.1959359,-0.1309794
21711,-0.2154216,-0.1971451,-0.6866009,-0.3171338,-0.1410479,-0.1090496,9.107868,0.1963315,-0.2346401,-0.625,-9.25,-8.75,-87.93707,-84.75738,-119.1901,-0.695378,-0.6779556,-0.1968033,-0.1345146
21722,-0.2195712,-0.1990896,-0.6881097,-0.3202296,-0.150062,-0.1164396,9.165331,0.1245029,-0.2442173,9.375,-9.5,-12.5,-85.94372,-84.95426,-121.4161,-0.6958636,-0.6768999,-0.1967129,-0.137421
21734,-0.2237995,-0.2011455,-0.6897209,-0.3233678,-0.1572314,-0.1232186,9.20364,0.03352002,-0.3256231,11.125,-9.5,-13.875,-83.67902,-85.13623,-123.8927,-0.6964332,-0.6758043,-0.1965225,-0.1401722
21745,-0.2280307,-0.2032549,-0.6914,-0.3266355,-0.1628389,-0.1296159,9.218005,-0.02394287,-0.4022402,6.5,-9,-13.875,-81.33912,-85.29235,-126.5028,-0.6969107,-0.674607,-0.1967891,-0.1431599
21757,-0.2323518,-0.2054563,-0.6931763,-0.3298773,-0.1680548,-0.1356041,9.251526,-0.0191543,-0.4261831,-1.25,-8.25,-13.375,-78.98516,-85.43627,-129.2319,-0.6971865,-0.6732804,-0.1977183,-0.1467383
21768,-0.2366201,-0.2076769,-0.69499,-0.3327614,-0.1731191,-0.1414032,9.256314,0.004788574,-0.4166059,-6.625,-7.875,-12.75,-76.69818,-85.5658,-131.9558,-0.697288,-0.6719167,-0.1990822,-0.1506107
21779,-0.2410011,-0.2100041,-0.6969248,-0.3352402,-0.1780837,-0.148054,9.198852,0.01436572,-0.3974517,-9.75,-7.75,-12,-74.4129,-85.6828,-134.7272,-0.6972618,-0.6705011,-0.2007844,-0.1547256
21791,-0.2454086,-0.2123861,-0.698948,-0.3374618,-0.1823777,-0.1549053,9.179697,-0.004788574,-0.4118174,-10.75,-7.625,-11.625,-72.14348,-85.78202,-137.4953,-0.697172,-0.6690744,-0.2026397,-0.1588326
21803,-0.2500801,-0.2149346,-0.701165,-0.3401116,-0.1855446,-0.1614106,9.222795,-0.04788574,-0.4932232,-11.125,-7.75,-11,-69.7471,-85.85314,-140.4217,-0.6970926,-0.6674984,-0.2047676,-0.1630279
21815,-0.2545899,-0.2174053,-0.7033591,-0.3428994,-0.1878632,-0.1668222,9.280257,-0.05746289,-0.5506861,-10.375,-7.375,-10.625,-67.49075,-85.90433,-143.1761,-0.6970028,-0.6659991,-0.2068177,-0.1669093
21826,-0.2591241,-0.2199046,-0.7056196,-0.3455986,-0.1904892,-0.1723013,9.275469,-0.009577149,-0.5411089,-6,-6.875,-10.625,-65.23048,-85.9576,-145.8759,-0.6969291,-0.6646519,-0.2084936,-0.1704643
21838,-0.2637062,-0.2224487,-0.7079723,-0.3477875,-0.1931048,-0.1785715,9.218005,0,-0.5123774,1.75,-7.125,-10.875,-62.91987,-86.00546,-148.5251,-0.6969821,-0.6634921,-0.2095757,-0.1734131
21850,-0.2687797,-0.2252686,-0.7106604,-0.3495102,-0.1942582,-0.1851808,9.232371,-0.1005601,-0.5458975,6.875,-7.625,-10.25,-60.6416,-86.02408,-151.102,-0.6971542,-0.6623252,-0.2105424,-0.1759923
21862,-0.2734596,-0.2278622,-0.7131928,-0.3508686,-0.1944509,-0.1898587,9.332932,-0.1484458,-0.584206,7.25,-8.25,-8.875,-58.84658,-86.01081,-153.1667,-0.6973271,-0.661234,-0.2115995,-0.1781301
21874,-0.2780412,-0.2303919,-0.7157043,-0.3523516,-0.1945513,-0.1931517,9.428702,-0.1340801,-0.6177261,8,-8.875,-7.625,-57.2663,-85.97683,-155.0002,-0.6975351,-0.6601466,-0.2126916,-0.1800376
21885,-0.2826073,-0.2328986,-0.7182303,-0.3534349,-0.1940286,-0.1955235,9.495743,-0.1819658,-0.6368804,8.375,-9.25,-5.75,-56.13892,-85.92171,-156.375,-0.6977113,-0.6590964,-0.2139594,-0.181693
21897,-0.2871598,-0.2353901,-0.7207847,-0.3535121,-0.1934684,-0.1983488,9.462223,-0.2202744,-0.584206,6.75,-9.5,-3.625,-55.53472,-85.85773,-157.2472,-0.6977456,-0.6581059,-0.2155405,-0.1832759
21908,-0.2918723,-0.2379876,-0.7234957,-0.3525485,-0.1943227,-0.2028148,9.356874,-0.1676001,-0.4644917,6.5,-10,-1.625,-55.24849,-85.79625,-157.8157,-0.6976546,-0.6571838,-0.2172948,-0.1848526
21919,-0.2963405,-0.2404823,-0.7261477,-0.3510509,-0.195999,-0.2083603,9.261103,-0.1340801,-0.3926631,9.375,-10.75,-0.25,-55.16214,-85.73538,-158.1348,-0.6975827,-0.6564099,-0.218828,-0.1860617
21931,-0.3008921,-0.2430562,-0.7289406,-0.3492071,-0.197477,-0.2142807,9.241948,-0.1676001,-0.3926631,11.5,-11.25,1.375,-55.38173,-85.65855,-158.1263,-0.6975292,-0.6556813,-0.2204061,-0.1869662
21943,-0.305463,-0.245671,-0.7318299,-0.3474132,-0.198738,-0.2195983,9.289834,-0.191543,-0.4213945,9.5,-11,3.625,-55.9946,-85.5695,-157.7538,-0.6973619,-0.6549507,-0.2223448,-0.1878531
21954,-0.3099087,-0.2482547,-0.7347138,-0.3457611,-0.2009398,-0.2242901,9.332932,-0.1388687,-0.3974517,6.25,-10.25,5.75,-56.85518,-85.48972,-157.1713,-0.6970024,-0.6542742,-0.2245599,-0.1889071
21965,-0.3143587,-0.2508998,-0.7376748,-0.3440247,-0.2044922,-0.2289118,9.347297,-0.07182861,-0.3399888,4.75,-9.25,7.5,-57.93015,-85.42632,-156.3966,-0.6964483,-0.65371,-0.2269234,-0.190076
21977,-0.3189408,-0.2536971,-0.7408069,-0.341873,-0.2087104,-0.2336857,9.352086,-0.07182861,-0.2968916,4,-8.25,8.75,-59.29179,-85.37297,-155.3571,-0.6957009,-0.6532546,-0.22948,-0.191305
21988,-0.3231921,-0.2563603,-0.7437962,-0.339559,-0.2127181,-0.238762,9.3042,-0.1005601,-0.2681602,0.75,-7,10.625,-60.92846,-85.32851,-154.063,-0.6947629,-0.6529078,-0.2322167,-0.192591
22000,-0.3276117,-0.259207,-0.7470061,-0.3375489,-0.2174166,-0.2451605,9.222795,-0.07182861,-0.258583,-5.25,-4.875,12.375,-62.93873,-85.29726,-152.4908,-0.6934441,-0.6525774,-0.2355702,-0.1943827
22011,-0.3320731,-0.2621553,-0.7503401,-0.3365375,-0.2223965,-0.2514937,9.232371,-0.03830859,-0.3016802,-9.5,-2.625,13.5,-65.14304,-85.27756,-150.788,-0.6918613,-0.6522566,-0.2392854,-0.1965499
22023,-0.3366347,-0.2652352,-0.7538088,-0.3370441,-0.2275673,-0.256296,9.352086,0.004788574,-0.3830859,-10,0.25,14,-67.48846,-85.27511,-148.9628,-0.6900837,-0.6520408,-0.2430514,-0.1988803
22035,-0.3410906,-0.2683044,-0.7572274,-0.3385413,-0.23319,-0.2597298,9.447857,0.06225147,-0.4022402,-4.75,3.5,13.25,-69.79116,-85.31115,-147.0976,-0.6882889,-0.6521552,-0.246119,-0.2009413
22046,-0.3456169,-0.2714876,-0.7607289,-0.3401243,-0.2391952,-0.2631136,9.457435,0.06704004,-0.3639317,3.5,6.125,11.625,-72.16492,-85.38705,-145.0566,-0.6864942,-0.6526828,-0.2483725,-0.2025886
22058,-0.3499924,-0.2746159,-0.7641408,-0.341377,-0.2440746,-0.2662024,9.467011,-0.0191543,-0.3591431,7.75,8.375,10.625,-74.6947,-85.47485,-142.7922,-0.6847147,-0.6534547,-0.2501683,-0.2039082
22070,-0.3550305,-0.2782698,-0.7680932,-0.3427796,-0.2486001,-0.2689085,9.519686,-0.1005601,-0.3639317,5.375,11,10.125,-78.02335,-85.58802,-139.803,-0.6824084,-0.6544613,-0.2523859,-0.2056709
22083,-0.3597086,-0.281697,-0.7717547,-0.3451934,-0.2528908,-0.2701807,9.610668,-0.06225147,-0.3878745,1.375,13,9.5,-81.21654,-85.70504,-136.9778,-0.680113,-0.6553313,-0.2546033,-0.2077605
22094,-0.3641385,-0.2849561,-0.7751886,-0.3488114,-0.2566223,-0.2703844,9.687285,-0.02873145,-0.450126,0.125,14.5,8.75,-84.23686,-85.81839,-134.3185,-0.6779341,-0.6560956,-0.2566662,-0.2099203
22105,-0.3687423,-0.288332,-0.7787029,-0.3540295,-0.2596065,-0.27024,9.711228,-0.01436572,-0.5411089,1.25,16.125,7.25,-87.28681,-85.9418,-131.6238,-0.6757607,-0.656867,-0.2585555,-0.2121849
22117,-0.3733805,-0.2917121,-0.7821869,-0.3603586,-0.2626108,-0.2706855,9.668132,0.04788574,-0.5650518,8.25,17.25,4.75,-90.13952,-86.08954,-129.0327,-0.6738367,-0.6577729,-0.2596497,-0.2141521
22128,-0.3733805,-0.2917121,-0.7821869,0,0,0,9.658554,0.2059087,-0.5554746,28.875,17.125,-0.25,-92.37656,-86.2998,-126.7905,-0.6726094,-0.6591027,-0.2586921,-0.2150779
22141,-0.3733805,-0.2917121,-0.7821869,0,0,0,9.749537,0.2633716,-0.6081489,59.625,15.125,-6.25,-93.61553,-86.56561,-125.1139,-0.6725554,-0.6610526,-0.2547516,-0.2139635
22152,-0.3733805,-0.2917121,-0.7821869,0,0,0,9.778269,0.04788574,-0.6991318,79.875,13.5,-10,-94.27728,-86.80108,-123.7693,-0.6732518,-0.6632046,-0.2494808,-0.211308
22163,-0.3733805,-0.2917121,-0.7821869,0,0,0,9.725595,-0.2202744,-0.7805376,80.625,12.5,-10.5,-94.96175,-86.97884,-122.4176,-0.67401,-0.6651632,-0.2446165,-0.2084018
22175,-0.3733805,-0.2917121,-0.7821869,0,0,0,9.701652,-0.2825259,-0.8188462,68.5,11.75,-8.75,-95.81549,-87.12003,-121.0378,-0.6745216,-0.6667617,-0.2407789,-0.206095
22186,-0.3733805,-0.2917121,-0.7821869,0,0,0,9.677709,-0.225063,-0.8140576,53.875,10.5,-6.125,-96.71686,-87.22632,-119.7998,-0.6747343,-0.6678858,-0.2382406,-0.2047038
22198,-0.3733805,-0.2917121,-0.7821869,0,0,0,9.562783,-0.158023,-0.7805376,43.5,9.25,-3.875,-97.63505,-87.30673,-118.6788,-0.6747472,-0.6686776,-0.2366262,-0.2039477
22209,-0.3733805,-0.2917121,-0.7821869,0,0,0,9.428702,-0.1101372,-0.7470176,35.75,7.125,-1.875,-98.28247,-87.3541,-117.933,-0.6746927,-0.6691212,-0.2358001,-0.2036291
22221,-0.3733805,-0.2917121,-0.7821869,0,0,0,9.33772,-0.06704004,-0.7326519,29.75,5.125,-0.25,-98.61295,-87.37721,-117.5802,-0.6746198,-0.6692868,-0.2355456,-0.2036211
22232,-0.3733805,-0.2917121,-0.7821869,0,0,0,9.265891,-0.06704004,-0.6991318,24.5,3.375,1.875,-98.86127,-87.36612,-117.3778,-0.6744782,-0.669249,-0.2358925,-0.2038128
22244,-0.3734755,-0.2916945,-0.7822842,-0.006979855,0.00129049,-0.00714973,9.160542,-0.05267432,-0.6368804,19.625,1.875,3.875,-99.14122,-87.32789,-117.2123,-0.6742292,-0.6690502,-0.2368024,-0.204234
22257,-0.3736642,-0.291682,-0.7825158,-0.0132933,0.0008773049,-0.01631253,9.045617,0.004788574,-0.5075889,17.5,0.125,5.375,-99.4677,-87.27724,-117.0335,-0.6739118,-0.6687816,-0.2379874,-0.2047828
22268,-0.3739064,-0.2916846,-0.7828559,-0.01836781,-0.0001930015,-0.02579337,8.973788,0.004788574,-0.4309717,17.125,-2.125,6.875,-99.62084,-87.20628,-117.0224,-0.6736693,-0.6684542,-0.2392527,-0.2051753
22280,-0.3742028,-0.2916956,-0.7833084,-0.02298916,-0.0008573795,-0.03509746,8.969,-0.04788574,-0.4357603,14.875,-4.25,8.5,-99.53513,-87.09978,-117.276,-0.6734801,-0.6679611,-0.2408715,-0.2055082
22291,-0.3745698,-0.291716,-0.7838895,-0.02774879,-0.001541867,-0.04393733,9.021674,-0.06704004,-0.450126,9.75,-5.875,10.625,-99.34609,-86.95419,-117.7043,-0.6732279,-0.6672325,-0.2431364,-0.2060335
22303,-0.3749931,-0.2917526,-0.784557,-0.03283788,-0.002842043,-0.05177614,9.083925,-0.02873145,-0.4644917,5.75,-7.25,12.375,-99.02812,-86.79282,-118.3078,-0.6729568,-0.6663295,-0.2457533,-0.2067355
22314,-0.3754808,-0.2918096,-0.7853168,-0.03793154,-0.004428353,-0.05910529,9.122234,-0.03352002,-0.4692803,2.75,-8.25,14,-98.74788,-86.61026,-118.9114,-0.6726325,-0.6653105,-0.248713,-0.2075314
22326,-0.3760397,-0.291895,-0.7861792,-0.04289258,-0.006554565,-0.06617681,9.150966,-0.03830859,-0.450126,0,-8.75,15.875,-98.67731,-86.40653,-119.3461,-0.6721849,-0.6642302,-0.2520443,-0.2084214
22337,-0.3766501,-0.2920217,-0.7871343,-0.047428,-0.009846208,-0.07421084,9.074348,-0.004788574,-0.3830859,-1,-9.125,17.25,-98.80685,-86.20232,-119.5887,-0.6716434,-0.6631916,-0.2554355,-0.2093439
22348,-0.3773289,-0.2922058,-0.7882315,-0.05170763,-0.01402828,-0.08358417,8.988154,0.004788574,-0.3352002,-0.875,-9.875,18.375,-99.01323,-85.98698,-119.7607,-0.6710624,-0.6621458,-0.2589306,-0.2102222
22360,-0.3780508,-0.2924458,-0.7894294,-0.05572749,-0.01852602,-0.09247769,9.016886,-0.01436572,-0.3208345,-0.875,-10.375,19.375,-99.28078,-85.76386,-119.8662,-0.670459,-0.6611201,-0.2624438,-0.2110174
22371,-0.378828,-0.2927429,-0.7907482,-0.05947375,-0.02272956,-0.1009094,9.055194,-0.08619434,-0.3352002,-3.375,-10.25,21,-99.75091,-85.51585,-119.8061,-0.6697004,-0.6600669,-0.2663315,-0.2118503
22383,-0.379644,-0.2930858,-0.7921584,-0.06322287,-0.02657348,-0.1092605,9.050406,-0.1388687,-0.3687202,-7.875,-10.125,22.5,-100.3145,-85.25105,-119.7061,-0.6687831,-0.6589153,-0.2706334,-0.2128789
22394,-0.3805306,-0.2934876,-0.7936832,-0.06779771,-0.03072587,-0.1166082,9.1366,-0.1292915,-0.4213945,-10.625,-10,23.25,-100.8306,-84.9796,-119.6966,-0.6677829,-0.6576313,-0.2752147,-0.2141123
22406,-0.3814845,-0.2939498,-0.7952603,-0.07348178,-0.03560225,-0.1214774,9.328143,-0.07661719,-0.4740689,-6.75,-9.375,22.625,-101.2358,-84.73229,-119.7449,-0.6668953,-0.6564438,-0.2793316,-0.2151888
22417,-0.3825227,-0.2944808,-0.7968901,-0.07933846,-0.04058147,-0.1245551,9.467011,-0.1101372,-0.4980117,3.625,-8.375,21,-101.6382,-84.50852,-119.6639,-0.6662186,-0.6556059,-0.2825482,-0.2156394
22428,-0.3835995,-0.2950619,-0.79852,-0.08405201,-0.04535646,-0.1272173,9.490954,-0.2011201,-0.4549146,13.625,-7.75,19,-102.0827,-84.3128,-119.4058,-0.6657344,-0.6551685,-0.2848263,-0.215467
22440,-0.3847594,-0.2957214,-0.8002371,-0.08817233,-0.05013668,-0.1305418,9.443069,-0.2681602,-0.4261831,20.5,-7.25,16.75,-102.5101,-84.13831,-119.0784,-0.6653913,-0.6549727,-0.2864817,-0.2149263
22451,-0.3859571,-0.2964343,-0.8019763,-0.09206147,-0.05479163,-0.1336798,9.452645,-0.3064688,-0.4261831,24.375,-6.625,14.625,-102.8723,-83.99297,-118.7644,-0.6651551,-0.6549112,-0.2876599,-0.2142704
22463,-0.3872769,-0.2972528,-0.803844,-0.09627648,-0.05971155,-0.1362512,9.50532,-0.3256231,-0.4405488,25.75,-6.25,12.75,-103.1528,-83.86518,-118.5156,-0.6649823,-0.6548672,-0.2886308,-0.2136343
22475,-0.3886029,-0.2980996,-0.8056713,-0.1004595,-0.06415214,-0.1384335,9.524474,-0.3543545,-0.4692803,24.375,-5.875,11,-103.3299,-83.76212,-118.3868,-0.6648272,-0.6547459,-0.2895404,-0.2132581
22487,-0.3899739,-0.2989951,-0.8075141,-0.104731,-0.06840443,-0.1407638,9.510109,-0.3687202,-0.4884346,21.625,-5.375,9.875,-103.4722,-83.67519,-118.3289,-0.6646176,-0.6545309,-0.2905547,-0.2131916
22498,-0.3913943,-0.2999426,-0.8093769,-0.1094136,-0.07298423,-0.143494,9.481377,-0.3304116,-0.4980117,20.5,-4.875,8.375,-103.5393,-83.61555,-118.3597,-0.6644177,-0.6542609,-0.2914776,-0.2133839
22511,-0.3930869,-0.3011,-0.8115408,-0.1150352,-0.07866753,-0.1470712,9.452645,-0.292103,-0.4932232,22.875,-4.5,6.5,-103.5187,-83.58283,-118.4564,-0.6643057,-0.6540166,-0.2921056,-0.2136227
22523,-0.394684,-0.3022154,-0.8135458,-0.119759,-0.08363736,-0.1503465,9.447857,-0.3208345,-0.483646,24.875,-4.375,4.625,-103.4411,-83.57358,-118.5757,-0.6642861,-0.653847,-0.2923914,-0.213812
22534,-0.396294,-0.3033535,-0.8155292,-0.1246469,-0.08811555,-0.1535516,9.443069,-0.3208345,-0.5219546,24.125,-4.375,3.25,-103.2461,-83.57742,-118.8204,-0.6643249,-0.6535908,-0.292634,-0.2141419
22546,-0.3979877,-0.304556,-0.817564,-0.1300139,-0.09230589,-0.1561939,9.486166,-0.3160459,-0.5698403,23,-4.125,2.25,-102.9645,-83.59133,-119.1667,-0.6643885,-0.6532488,-0.2928938,-0.2146327
22557,-0.3997175,-0.3057808,-0.8195845,-0.1345524,-0.09526934,-0.1571659,9.601091,-0.4309717,-0.5985718,19.5,-4.125,1.625,-102.7077,-83.59525,-119.5322,-0.6643579,-0.6528004,-0.2934638,-0.2153119
22569,-0.401545,-0.3070582,-0.8216515,-0.1389144,-0.09710074,-0.1571296,9.668132,-0.517166,-0.6560347,9.875,-4.375,1.875,-102.4372,-83.57929,-120.0406,-0.6641044,-0.6519856,-0.2948849,-0.2166176
22580,-0.4034117,-0.3083403,-0.8236811,-0.1440537,-0.09893423,-0.1566132,9.70644,-0.4692803,-0.7134976,1.125,-4,1.75,-102.1174,-83.56968,-120.7085,-0.6636674,-0.6508555,-0.296887,-0.2186111
22592,-0.405362,-0.3096573,-0.8256988,-0.149974,-0.101281,-0.1551641,9.783057,-0.3974517,-0.742229,-3.625,-3.375,1,-101.7528,-83.58048,-121.485,-0.6631183,-0.6495503,-0.299118,-0.2211043
22603,-0.405362,-0.3096573,-0.8256988,0,0,0,9.802212,-0.3447773,-0.775749,-4.375,-2.75,0.125,-101.3404,-83.60849,-122.318,-0.66256,-0.6482079,-0.301283,-0.2237617
22615,-0.405362,-0.3096573,-0.8256988,0,0,0,9.763903,-0.292103,-0.7996919,-0.875,-2.25,-1.5,-100.7729,-83.66563,-123.2956,-0.6620884,-0.6468295,-0.303188,-0.2265559
22627,-0.405362,-0.3096573,-0.8256988,0,0,0,9.730383,-0.2106973,-0.7996919,7.125,-1.625,-3.625,-100.1249,-83.75217,-124.2135,-0.6619009,-0.6458191,-0.3041109,-0.2287389
22638,-0.405362,-0.3096573,-0.8256988,0,0,0,9.720806,-0.1436572,-0.7949033,21.25,-1.625,-6.125,-99.24393,-83.87263,-125.183,-0.6621731,-0.6452093,-0.3037733,-0.2301166
22650,-0.405362,-0.3096573,-0.8256988,0,0,0,9.70644,-0.2059087,-0.7996919,33.625,-1.875,-8.25,-98.242,-83.99792,-126.1114,-0.6628153,-0.6449851,-0.3024718,-0.23061
22661,-0.405362,-0.3096573,-0.8256988,0,0,0,9.615458,-0.3352002,-0.8236348,37.625,-1.75,-9,-97.24483,-84.10991,-126.9808,-0.6635519,-0.6449081,-0.3009391,-0.2307124
22673,-0.405362,-0.3096573,-0.8256988,0,0,0,9.4718,-0.4166059,-0.8188462,31.75,-0.625,-8.125,-96.48562,-84.20694,-127.6889,-0.663987,-0.6447668,-0.2999606,-0.2311294
22685,-0.405362,-0.3096573,-0.8256988,0,0,0,9.366451,-0.3687202,-0.7613833,23.25,0.375,-6.625,-95.94454,-84.30669,-128.2936,-0.6640403,-0.6444756,-0.2996467,-0.2321928
22696,-0.405362,-0.3096573,-0.8256988,0,0,0,9.323354,-0.2537944,-0.6560347,19.625,0.5,-6,-95.49606,-84.41931,-128.8514,-0.6639138,-0.6441563,-0.2995326,-0.2335838
22708,-0.4054122,-0.309692,-0.8257681,-0.00381486,-0.002638015,-0.005270188,9.275469,-0.2059087,-0.6081489,20.875,-0.125,-5.625,-95.01854,-84.52976,-129.4217,-0.6638291,-0.6438714,-0.2993312,-0.2348646
22720,-0.4055097,-0.3097547,-0.8259288,-0.006985191,-0.004490063,-0.01151435,9.222795,-0.2777373,-0.6033604,20.875,-0.5,-5.125,-94.598,-84.62498,-129.9397,-0.6637127,-0.6435841,-0.299256,-0.2360738
22732,-0.4056452,-0.3098345,-0.8261622,-0.01020457,-0.006007699,-0.01757154,9.213217,-0.2633716,-0.6225147,20.75,-0.25,-5.125,-94.18095,-84.71453,-130.4513,-0.663599,-0.6433027,-0.2991982,-0.2372308
22743,-0.4058143,-0.3099349,-0.8264561,-0.01323779,-0.007866284,-0.0230146,9.246737,-0.2298516,-0.5937832,24.25,-0.125,-5.875,-93.72394,-84.81379,-130.9544,-0.6635812,-0.6431568,-0.2988057,-0.2381692
22754,-0.4060161,-0.3100635,-0.8268303,-0.01563141,-0.009959403,-0.02897717,9.213217,-0.2346401,-0.5363203,28.125,-0.125,-6.625,-93.26612,-84.92348,-131.4078,-0.6636388,-0.6431751,-0.2980712,-0.2388783
22766,-0.406244,-0.3102146,-0.827294,-0.01751706,-0.01160991,-0.03564211,9.160542,-0.2681602,-0.5219546,28.125,0.125,-6.75,-92.87141,-85.0313,-131.798,-0.6636574,-0.6432318,-0.2973587,-0.2395611
22777,-0.4064866,-0.3103773,-0.8278396,-0.01884542,-0.01264392,-0.04237957,9.146177,-0.3160459,-0.517166,23.125,0.25,-6,-92.63093,-85.12364,-132.0984,-0.6634838,-0.6431699,-0.2971253,-0.2404959
22789,-0.4067553,-0.3105546,-0.8285027,-0.02009539,-0.0132561,-0.04960459,9.127023,-0.3352002,-0.5267432,15.875,0.5,-4.5,-92.57977,-85.20074,-132.3094,-0.6630305,-0.6429099,-0.2975732,-0.2418837
22800,-0.4070308,-0.3107342,-0.8292298,-0.02164407,-0.01411629,-0.05712822,9.079137,-0.2873144,-0.5219546,10.125,0.75,-3.25,-92.63312,-85.26807,-132.4817,-0.6624007,-0.6425056,-0.2984653,-0.2435784
22812,-0.4073375,-0.3109358,-0.8300834,-0.02351847,-0.01545428,-0.0654484,9.036039,-0.2346401,-0.5028003,8.75,0.875,-2.625,-92.72777,-85.33868,-132.637,-0.661691,-0.6420637,-0.2994795,-0.2454207
22823,-0.4076727,-0.3111502,-0.831055,-0.02548758,-0.01629739,-0.07387108,9.031251,-0.2490059,-0.5267432,10,1.25,-2.25,-92.89689,-85.40322,-132.7036,-0.6609843,-0.6416762,-0.300461,-0.2471327
22835,-0.4080237,-0.3113627,-0.8321092,-0.02728158,-0.01652132,-0.08194522,9.040829,-0.2825259,-0.5458975,11.5,1.75,-2.375,-93.12969,-85.46413,-132.682,-0.6603057,-0.6413705,-0.3013349,-0.2486716
22846,-0.4083956,-0.3115738,-0.8332699,-0.02882951,-0.01635953,-0.08995949,9.045617,-0.3112573,-0.5458975,11.875,2.125,-2.5,-93.43861,-85.52482,-132.5802,-0.6596016,-0.6411058,-0.3021975,-0.2501713
22858,-0.4088013,-0.311789,-0.8345868,-0.03031128,-0.0160815,-0.09840143,9.036039,-0.3160459,-0.5363203,12.75,2.125,-2.875,-93.74024,-85.59026,-132.4815,-0.6589017,-0.640855,-0.3030062,-0.2516758
22869,-0.4092,-0.3119825,-0.8359229,-0.03173754,-0.01539897,-0.106362,9.031251,-0.3304116,-0.5554746,12.875,1.875,-3.125,-93.95792,-85.64616,-132.4521,-0.6582872,-0.6405791,-0.3037736,-0.2530572
22880,-0.4096342,-0.3121684,-0.8374189,-0.03316213,-0.01420447,-0.1142536,9.059982,-0.3543545,-0.5746289,11.75,1.625,-3.25,-94.14635,-85.69744,-132.475,-0.6576437,-0.6402164,-0.3046886,-0.2545439
22892,-0.4100978,-0.3123413,-0.8390291,-0.03497937,-0.01304517,-0.1214918,9.117445,-0.3256231,-0.5889946,13.75,1.375,-4,-94.15158,-85.75568,-132.6567,-0.6571191,-0.6398513,-0.3054002,-0.2559601
22903,-0.4105811,-0.3124965,-0.8406803,-0.03721571,-0.01194974,-0.1271628,9.227583,-0.292103,-0.6129375,19.625,0.5,-5.5,-93.78073,-85.82036,-133.1339,-0.6569204,-0.6395556,-0.3055676,-0.2570072
22915,-0.4110809,-0.3126329,-0.8423641,-0.03918188,-0.01069066,-0.1319907,9.285046,-0.3064688,-0.6129375,23.875,-0.75,-6.125,-93.20391,-85.87564,-133.76,-0.6569463,-0.6393095,-0.3054393,-0.2577047
22926,-0.4116144,-0.3127526,-0.8441449,-0.0408911,-0.009174791,-0.1364768,9.318565,-0.3256231,-0.6129375,24.375,-1.875,-6.25,-92.48251,-85.91946,-134.5249,-0.6570602,-0.6389998,-0.3053203,-0.2583231
22938,-0.4121746,-0.3128473,-0.8459819,-0.04277094,-0.007233804,-0.1402604,9.37124,-0.3304116,-0.6512461,23,-2.5,-5.875,-91.68025,-85.94817,-135.3888,-0.6571893,-0.6385788,-0.3053736,-0.2589715
22950,-0.4127957,-0.3129135,-0.8479771,-0.04473413,-0.004763785,-0.1437072,9.409549,-0.3447773,-0.6799775,20.375,-3.25,-5.125,-90.82547,-85.95727,-136.3452,-0.657284,-0.6379864,-0.3057471,-0.2597498
22961,-0.4133947,-0.3129484,-0.8498691,-0.04638342,-0.002706436,-0.146494,9.443069,-0.3352002,-0.6656118,18.125,-3.875,-4.875,-90.01492,-85.95974,-137.2793,-0.6573225,-0.6373387,-0.3062818,-0.2606107
22973,-0.414029,-0.3129639,-0.8518353,-0.0479424,-0.00117083,-0.148625,9.500531,-0.3064688,-0.6368804,18.25,-4.25,-4.875,-89.15881,-85.96465,-138.2601,-0.657367,-0.6366788,-0.3067956,-0.2615057
22984,-0.4146591,-0.3129609,-0.8537677,-0.04899652,0.0002364904,-0.150268,9.534052,-0.3208345,-0.6177261,19.5,-5.375,-5.25,-88.21616,-85.96178,-139.3073,-0.6575067,-0.6360196,-0.3072181,-0.2622615
22996,-0.4153181,-0.3129351,-0.8557932,-0.04952546,0.001939999,-0.1522029,9.514897,-0.3543545,-0.6129375,19.875,-6.625,-5.75,-87.11162,-85.94585,-140.5139,-0.6577441,-0.6352671,-0.3076597,-0.2629715
23007,-0.4159606,-0.31289,-0.8577672,-0.05012502,0.003515677,-0.1540033,9.519686,-0.3352002,-0.6273032,22.5,-7.875,-6.625,-85.77198,-85.92417,-141.9179,-0.6581745,-0.6345078,-0.3078631,-0.2634891
23019,-0.4166191,-0.3128264,-0.8597662,-0.05120282,0.004950942,-0.1554391,9.548417,-0.2873144,-0.6608232,28.75,-8.875,-8.125,-84.02977,-85.90256,-143.6437,-0.6589437,-0.6338122,-0.3075159,-0.2636463
23030,-0.4172971,-0.3127418,-0.8618117,-0.05208101,0.00649807,-0.1571292,9.529263,-0.2873144,-0.6704004,35.25,-9.5,-9.625,-82.02949,-85.88054,-145.5419,-0.6600038,-0.6332518,-0.306613,-0.2633927
23041,-0.4179713,-0.3126366,-0.8638704,-0.05240698,0.008174379,-0.1600221,9.433492,-0.3064688,-0.6608232,37.875,-9.875,-10.25,-80.03657,-85.85371,-147.3995,-0.6611445,-0.6327722,-0.305523,-0.2629507
23053,-0.4186592,-0.3125095,-0.8660245,-0.05239202,0.009678535,-0.1640582,9.352086,-0.2968916,-0.641669,36,-9.75,-9.875,-78.14951,-85.82383,-149.1732,-0.6621993,-0.6322671,-0.3045662,-0.2626212
23064,-0.4193336,-0.3123694,-0.868212,-0.05202007,0.01080672,-0.1687527,9.299411,-0.2825259,-0.6129375,31.625,-9.375,-9.125,-76.5091,-85.79485,-150.7584,-0.663021,-0.6317055,-0.3039652,-0.2625956
23076,-0.4200042,-0.3122137,-0.8704778,-0.05132984,0.01192225,-0.1734227,9.3042,-0.2873144,-0.6081489,25.875,-8.875,-8,-75.15144,-85.7627,-152.1363,-0.6635777,-0.6310358,-0.3038522,-0.2629304
23087,-0.4206588,-0.312046,-0.8727714,-0.05072065,0.0129892,-0.1777213,9.328143,-0.2729487,-0.6225147,19.125,-8,-6.25,-74.16447,-85.72849,-153.2313,-0.6638063,-0.6302583,-0.3043223,-0.2636736
23099,-0.4213184,-0.3118691,-0.8751546,-0.0504518,0.01353007,-0.1822911,9.313777,-0.2154858,-0.6177261,16.25,-7,-5.5,-73.29745,-85.70545,-154.2459,-0.6638585,-0.6294631,-0.3049839,-0.2646754
23110,-0.4219729,-0.3116968,-0.8775857,-0.05044727,0.0132861,-0.1873738,9.275469,-0.1484458,-0.5889946,18,-5.75,-5.375,-72.4791,-85.70427,-155.1886,-0.6638606,-0.6288411,-0.3054242,-0.2656392
23122,-0.4226325,-0.3115292,-0.8801135,-0.05035212,0.01279076,-0.1929663,9.241948,-0.1292915,-0.5698403,22.5,-4.75,-5.625,-71.68745,-85.71929,-156.047,-0.6639194,-0.6284553,-0.3054795,-0.2663403
23133,-0.4232705,-0.3113672,-0.8826505,-0.04985074,0.0126632,-0.198232,9.256314,-0.1628115,-0.5698403,26.75,-3.875,-6,-70.99669,-85.74306,-156.7486,-0.6640346,-0.6282969,-0.3052176,-0.2667269
23145,-0.4239182,-0.3111972,-0.8853165,-0.04922129,0.01291866,-0.2026145,9.332932,-0.1819658,-0.5889946,29.875,-2.875,-6.375,-70.32788,-85.7772,-157.3873,-0.6641913,-0.6283054,-0.3046932,-0.2669166
23156,-0.4245571,-0.3110204,-0.8879948,-0.04910953,0.01358627,-0.2058494,9.414337,-0.1676001,-0.641669,31.75,-1.875,-6.375,-69.66951,-85.81539,-157.9916,-0.6643764,-0.6284051,-0.3040242,-0.2669838
23168,-0.4252352,-0.3108107,-0.890849,-0.04954097,0.01532352,-0.2085178,9.462223,-0.1819658,-0.7230747,32.375,-0.125,-6.125,-69.11044,-85.86237,-158.486,-0.6645135,-0.6286101,-0.303291,-0.2669942
23180,-0.4258985,-0.3105782,-0.893637,-0.05011955,0.01756618,-0.2106844,9.490954,-0.1963315,-0.7565947,30.5,1.875,-5.375,-68.83906,-85.92178,-158.72,-0.664439,-0.6288938,-0.3027474,-0.2671282
23191,-0.4265623,-0.3103198,-0.8964191,-0.05075846,0.01975436,-0.2127141,9.500531,-0.1867544,-0.7470176,27.125,3.75,-4.375,-68.85845,-85.99899,-158.7087,-0.6640927,-0.6292307,-0.3024669,-0.2675136
23203,-0.4272372,-0.310035,-0.8992144,-0.05199127,0.02194164,-0.2153515,9.452645,-0.1484458,-0.7613833,25,5.375,-3.5,-69.0502,-86.08888,-158.5535,-0.6635769,-0.6296,-0.30234,-0.2680673
23215,-0.4280348,-0.3096829,-0.902442,-0.05424776,0.02394594,-0.2195024,9.376028,-0.07661719,-0.7518061,25.625,7.125,-3,-69.34534,-86.21436,-158.2915,-0.6628931,-0.6301668,-0.3020674,-0.2687336
23227,-0.4287905,-0.3093458,-0.9054266,-0.05661832,0.02526151,-0.2236352,9.352086,-0.02873145,-0.7182862,29,7.875,-2.5,-69.69511,-86.33894,-157.9268,-0.6623123,-0.6308663,-0.3015441,-0.2691122
23239,-0.429554,-0.3090022,-0.908362,-0.05910101,0.02659923,-0.227214,9.385606,-0.0191543,-0.7134976,32.125,8.25,-2.25,-70.11101,-86.46149,-157.4568,-0.6618225,-0.6316702,-0.300822,-0.2692396
23250,-0.4303609,-0.3086299,-0.9113553,-0.06194251,0.02858063,-0.2297992,9.462223,-0.03352002,-0.7518061,34.375,8.375,-1.75,-70.66113,-86.57475,-156.8226,-0.6614093,-0.6325399,-0.3000008,-0.2691296
23262,-0.4311977,-0.3082275,-0.9143293,-0.06509288,0.03129527,-0.2313336,9.53884,-0.05746289,-0.7996919,34.375,8.5,-0.625,-71.4776,-86.67162,-155.9236,-0.6609961,-0.6333949,-0.2993138,-0.2688985
23273,-0.432095,-0.3077728,-0.917391,-0.06821614,0.03457103,-0.2327715,9.548417,-0.09577148,-0.8044805,31.125,8.75,1.375,-72.8772,-86.75604,-154.4829,-0.6603903,-0.6342318,-0.2990309,-0.268729
23285,-0.4330142,-0.3072851,-0.9204295,-0.07098796,0.03766508,-0.2346515,9.514897,-0.1149258,-0.7613833,26.125,8.5,3,-74.69926,-86.82671,-152.6854,-0.659581,-0.6349412,-0.2992417,-0.2688066
23296,-0.4339736,-0.3067594,-0.9235097,-0.0737085,0.0403844,-0.236641,9.510109,-0.1101372,-0.7182862,21,7.875,4.625,-76.87558,-86.88146,-150.6011,-0.6585845,-0.6354986,-0.2999417,-0.2691525
23307,-0.4349627,-0.3062015,-0.9265897,-0.07648964,0.04314582,-0.2381904,9.543629,-0.1245029,-0.7134976,16.75,6.5,6.25,-79.25784,-86.90402,-148.3655,-0.6575152,-0.6358458,-0.3011088,-0.2696432
23319,-0.4360068,-0.3055953,-0.9297221,-0.07966007,0.04625002,-0.2389933,9.601091,-0.1388687,-0.742229,14.625,4.75,7.25,-81.60102,-86.89046,-146.1987,-0.6564896,-0.6359865,-0.302588,-0.2701539
23330,-0.4370862,-0.3049647,-0.9328192,-0.08334756,0.04869021,-0.2391358,9.653766,-0.09098291,-0.7326519,16.5,2.625,7,-83.40827,-86.85863,-144.5414,-0.6557145,-0.6360013,-0.3039029,-0.2705254
23342,-0.4382334,-0.3043092,-0.9359596,-0.08747986,0.0499821,-0.2394683,9.644189,-0.0191543,-0.6847661,24.5,0.25,5.75,-84.50289,-86.82177,-143.493,-0.6553907,-0.6360813,-0.3045406,-0.2704046
23353,-0.4394103,-0.3036624,-0.9390339,-0.0918781,0.05049663,-0.2400119,9.629823,0.03352002,-0.6656118,37.75,-3.125,4.125,-84.67731,-86.7708,-143.1931,-0.6557799,-0.6363046,-0.3041442,-0.2693798
23365,-0.4406751,-0.3029883,-0.9421889,-0.09669518,0.05154186,-0.2412131,9.577148,0.0191543,-0.7230747,48.5,-5.875,3.125,-84.21442,-86.69015,-143.3868,-0.6567847,-0.6366189,-0.3029955,-0.2674774
23376,-0.4420048,-0.3022885,-0.9453803,-0.1018333,0.05359247,-0.2443976,9.419126,-0.0191543,-0.8092691,53.75,-7.75,3.25,-83.47882,-86.57486,-143.7846,-0.6581358,-0.6369051,-0.3015944,-0.2650474
23388,-0.4434739,-0.301526,-0.9487847,-0.1076748,0.05588678,-0.2495172,9.285046,-0.009577149,-0.8571548,52.75,-8.375,4.5,-82.78927,-86.43301,-144.1354,-0.659557,-0.6371038,-0.3003235,-0.2624674
23400,-0.4449751,-0.3007686,-0.9521617,-0.1134531,0.05723244,-0.2552097,9.232371,0.02873145,-0.8332119,47.875,-8.625,6.875,-82.48286,-86.28443,-144.179,-0.6607023,-0.637193,-0.2995766,-0.2602145
23411,-0.4465337,-0.3000051,-0.9555957,-0.1187991,0.05819876,-0.2617399,9.165331,0.009577149,-0.8092691,40,-8.625,9.75,-82.71017,-86.11919,-143.7952,-0.6614649,-0.6371307,-0.2996172,-0.2583759
23423,-0.4481682,-0.2992286,-0.959143,-0.1238315,0.0588265,-0.2687567,9.131811,-0.01436572,-0.7901148,30.875,-8.875,12.625,-83.37702,-85.93196,-143.0928,-0.6618432,-0.636853,-0.3005446,-0.2570114
23435,-0.4500436,-0.2983706,-0.9631485,-0.1295028,0.05924806,-0.2765853,9.122234,-0.02394287,-0.8044805,19.25,-8.75,15.375,-84.45857,-85.70495,-142.1416,-0.6617649,-0.6362013,-0.3027078,-0.2562875
23448,-0.4518515,-0.2975651,-0.9669312,-0.1354429,0.06034505,-0.2833961,9.146177,-0.05267432,-0.900252,10.5,-7.5,17.25,-85.65139,-85.48316,-141.1876,-0.6613324,-0.6353688,-0.3054846,-0.2561737
23459,-0.4536828,-0.2967634,-0.9706626,-0.1415852,0.06198727,-0.288493,9.256314,-0.09577148,-0.9768692,5.375,-5.875,17.5,-86.86748,-85.27467,-140.2707,-0.6606672,-0.6344696,-0.3085408,-0.2564564
23470,-0.4556072,-0.2959454,-0.9744549,-0.1480284,0.06291836,-0.291719,9.40476,-0.07661719,-0.9720806,4.5,-4.25,16.625,-88.03381,-85.09675,-139.4165,-0.6598662,-0.6336408,-0.3115014,-0.256988
23482,-0.4575943,-0.2951417,-0.978244,-0.1543668,0.06243271,-0.2943437,9.457435,-0.02873145,-0.900252,9.25,-3.375,14.625,-88.98991,-84.96343,-138.7087,-0.6591654,-0.6330428,-0.3138201,-0.257439
23494,-0.4597465,-0.2943296,-0.9822161,-0.1609109,0.06071859,-0.2969779,9.4718,0.01436572,-0.8380005,19.5,-3.375,11.25,-89.56302,-84.86974,-138.255,-0.6588292,-0.6327364,-0.3151247,-0.2574591
23505,-0.46187,-0.2935773,-0.9860296,-0.1668211,0.05910242,-0.2995983,9.462223,-0.01436572,-0.8284234,29.25,-4.125,8.25,-89.74235,-84.79896,-138.0634,-0.6589264,-0.6326639,-0.315488,-0.2569434
23516,-0.4641111,-0.2928155,-0.9899805,-0.1721202,0.05850846,-0.3034236,9.366451,-0.1149258,-0.8523662,32,-4.5,6.375,-89.77452,-84.72679,-137.9818,-0.6591839,-0.6326159,-0.3156204,-0.2562371
23528,-0.4664285,-0.2920474,-0.9940392,-0.1761006,0.05836482,-0.3084384,9.275469,-0.2202744,-0.8092691,24.5,-4.5,6.375,-89.98107,-84.64841,-137.8234,-0.6591448,-0.632374,-0.3163663,-0.2560149
23539,-0.4687347,-0.2913053,-0.9980766,-0.1792961,0.05769483,-0.3138743,9.23716,-0.2394287,-0.7470176,12.625,-5,6.875,-90.27028,-84.56934,-137.7336,-0.6587208,-0.6317579,-0.3179704,-0.2566393
23551,-0.4711026,-0.2905745,-1.002211,-0.1831307,0.05652242,-0.3197492,9.208428,-0.1819658,-0.7565947,2.5,-5.25,7,-90.461,-84.49319,-137.8746,-0.6580411,-0.6307274,-0.3202641,-0.2580618
23562,-0.4736023,-0.2898397,-1.00655,-0.1873967,0.05507958,-0.3253085,9.246737,-0.158023,-0.7709605,-1,-5.625,6,-90.48118,-84.42325,-138.2431,-0.6573065,-0.629455,-0.3227919,-0.2598849
23573,-0.4760059,-0.2891636,-1.010708,-0.1911115,0.05376017,-0.3305973,9.241948,-0.1771773,-0.7661719,-0.5,-6,4,-90.31669,-84.37086,-138.7667,-0.6566973,-0.6282032,-0.3250105,-0.2616822
23585,-0.4785594,-0.2884867,-1.015119,-0.1949261,0.05166726,-0.3367359,9.198852,-0.1340801,-0.7278633,3.625,-6.625,1.125,-89.80666,-84.34452,-139.5951,-0.6563095,-0.6269413,-0.3267695,-0.2634845
23596,-0.4811893,-0.2878444,-1.019674,-0.1983717,0.04845626,-0.34356,9.160542,-0.08619434,-0.6512461,13.875,-8,-3,-88.79035,-84.35319,-140.7952,-0.6564243,-0.625884,-0.3274608,-0.2648507
23608,-0.4838907,-0.2872377,-1.024389,-0.2007336,0.04508037,-0.3503649,9.17012,-0.1245029,-0.6033604,25.25,-10.25,-7,-87.26757,-84.37138,-142.3476,-0.6571348,-0.6250296,-0.3271088,-0.2655403
23620,-0.4865586,-0.2866774,-1.029088,-0.2017771,0.04237178,-0.3553354,9.294622,-0.2106973,-0.6033604,32.75,-13,-10.625,-85.31098,-84.37695,-144.2306,-0.6583318,-0.6242158,-0.3261132,-0.2657145
23632,-0.4892567,-0.2861377,-1.033857,-0.202471,0.04050234,-0.3579418,9.467011,-0.2537944,-0.675189,33.375,-16.125,-13.25,-82.85481,-84.34949,-146.6019,-0.6598901,-0.6230813,-0.3250325,-0.2658358
23643,-0.4918621,-0.2856345,-1.038453,-0.2033033,0.03927017,-0.3585812,9.60588,-0.2490059,-0.7613833,30.625,-18.75,-14.625,-80.18105,-84.28557,-149.2276,-0.6615679,-0.6216154,-0.3241977,-0.266117
23655,-0.4948629,-0.2850695,-1.043688,-0.2048638,0.03856977,-0.357425,9.725595,-0.2154858,-0.8810977,25.375,-20.75,-15.5,-76.89058,-84.16635,-152.5393,-0.6635688,-0.6194373,-0.3236832,-0.2668391
23668,-0.4976724,-0.2845421,-1.048531,-0.206548,0.0387745,-0.3560163,9.73996,-0.2059087,-0.9864463,20.25,-21,-15.875,-73.90969,-84.02749,-155.6096,-0.6653273,-0.6171377,-0.3236079,-0.267878
23679,-0.5003055,-0.2840393,-1.05304,-0.2073285,0.03959036,-0.3550498,9.70644,-0.2490059,-1.019966,15.25,-20,-16,-71.39854,-83.89247,-158.2675,-0.6667129,-0.6149143,-0.3238997,-0.2691902
23691,-0.5003055,-0.2840393,-1.05304,0,0,0,9.716018,-0.1819658,-1.019966,12.875,-18.625,-17,-68.86493,-83.77031,-160.982,-0.6679738,-0.6126415,-0.324202,-0.2708774
23703,-0.5003055,-0.2840393,-1.05304,0,0,0,9.634611,-0.0191543,-1.005601,19,-17.375,-18.625,-65.91019,-83.65919,-164.0472,-0.6695312,-0.6104411,-0.3237627,-0.2725203
23714,-0.5003055,-0.2840393,-1.05304,0,0,0,9.428702,-0.04788574,-0.9864463,24.875,-15.25,-19,-63.43969,-83.57325,-166.5423,-0.6709374,-0.6088538,-0.3229125,-0.2736197
23726,-0.5003055,-0.2840393,-1.05304,0,0,0,9.323354,-0.1963315,-0.9720806,19.75,-12.625,-17.125,-61.5752,-83.50278,-168.4977,-0.671832,-0.6074415,-0.3226197,-0.2749059
23737,-0.5003055,-0.2840393,-1.05304,0,0,0,9.328143,-0.2490059,-0.9481377,5,-9.75,-13.5,-60.30833,-83.45665,-170.0551,-0.6718684,-0.6058569,-0.3235962,-0.2771567
23749,-0.5002778,-0.2840377,-1.053087,0.002180866,0.0001274669,-0.003681349,9.342508,-0.1723887,-0.9241948,-6,-7.5,-10.125,-59.46074,-83.43726,-171.3245,-0.671274,-0.6042185,-0.3253964,-0.2800507
23761,-0.500218,-0.2840365,-1.05321,0.004238933,8.252444E-05,-0.008788274,9.270679,-0.1245029,-0.9241948,-10.75,-5.125,-6.75,-58.9432,-83.44064,-172.381,-0.6701356,-0.6024978,-0.3279186,-0.2835208
23772,-0.5001328,-0.2840183,-1.053415,0.006457515,0.001382358,-0.01548566,9.117445,-0.191543,-0.9720806,-12.25,-2.875,-5,-58.80659,-83.45767,-173.0419,-0.6688011,-0.6010322,-0.3305367,-0.2867246
23784,-0.5000135,-0.2839747,-1.053728,0.008874679,0.003239833,-0.0233136,9.040829,-0.2154858,-0.9816577,-10.25,-0.125,-4.125,-58.85851,-83.50626,-173.4978,-0.6672672,-0.5998484,-0.3330738,-0.2898244
23796,-0.4998707,-0.2839187,-1.054137,0.01077803,0.004224038,-0.03085355,9.059982,-0.1388687,-0.9433491,1.875,1.75,-4.875,-58.74903,-83.58678,-173.9478,-0.66605,-0.5992591,-0.3345368,-0.292149
23808,-0.4996949,-0.2838107,-1.05465,0.01320075,0.008115002,-0.03851375,9.036039,-0.2968916,-1.082218,12.625,2.75,-5.75,-58.76826,-83.65386,-174.1255,-0.6652119,-0.5990599,-0.3353665,-0.2935125
23819,-0.499489,-0.2836105,-1.055228,0.01607789,0.01562987,-0.04518954,9.064771,-0.5123774,-1.292915,11.875,2.75,-4.25,-59.24026,-83.67821,-173.8518,-0.6644106,-0.5987856,-0.3365976,-0.2944764
23832,-0.4992154,-0.2832581,-1.055984,0.01864674,0.02402097,-0.05146579,9.155754,-0.4740689,-1.321646,10.125,1.25,-1.125,-60.09377,-83.67603,-173.2541,-0.6634455,-0.598337,-0.338428,-0.2954645
23844,-0.4989226,-0.2828091,-1.056765,0.02155596,0.03305203,-0.05754173,9.127023,-0.5794175,-1.379109,10.125,-1.5,2.5,-61.40999,-83.61717,-172.1765,-0.6626092,-0.5978151,-0.3406131,-0.2958868
23855,-0.4986024,-0.2822517,-1.057578,0.02520524,0.04388574,-0.06400971,9.045617,-0.775749,-1.498824,3.5,-4.75,6.375,-63.21336,-83.48741,-170.6815,-0.6616977,-0.596929,-0.3436831,-0.296165
23867,-0.4982221,-0.2815116,-1.058517,0.02924789,0.05691214,-0.07220802,8.901959,-0.9146177,-1.623327,-9.125,-7.875,11.125,-65.57505,-83.27342,-168.8021,-0.6604108,-0.5953768,-0.3482946,-0.2967742
23878,-0.4978191,-0.2806716,-1.059539,0.03132878,0.0652969,-0.0794303,8.992943,-0.6225147,-1.470092,-13.625,-12.25,13.75,-67.57157,-83.03328,-167.3446,-0.6591476,-0.5934339,-0.3531257,-0.2977632
23890,-0.4974186,-0.2797809,-1.060655,0.03037112,0.06755163,-0.08466324,9.194062,-0.1819658,-1.268972,9.125,-17.5,11,-68.55264,-82.78267,-166.6175,-0.6590895,-0.5918775,-0.3559667,-0.2976069
23901,-0.4970273,-0.2789136,-1.0618,0.03027778,0.06711196,-0.08859009,9.308989,-0.1388687,-1.110949,40,-20.25,5.375,-68.82248,-82.55302,-166.1927,-0.6603348,-0.5913535,-0.356216,-0.2955827
23913,-0.4966002,-0.2780628,-1.063018,0.03275858,0.06525684,-0.09336705,9.265891,-0.2490059,-0.933772,63.25,-21.875,-0.375,-68.65299,-82.34698,-165.8963,-0.6624984,-0.5916806,-0.3545073,-0.2921206
23924,-0.4961323,-0.2772579,-1.064302,0.03617036,0.06221555,-0.09926948,9.189274,-0.258583,-0.8332119,72.625,-22.5,-3.5,-68.21056,-82.16393,-165.752,-0.6650065,-0.5923316,-0.3519076,-0.2882198
23935,-0.4956123,-0.2764892,-1.065664,0.0399152,0.05901351,-0.104584,9.23716,-0.2777373,-0.8427891,71.75,-21.5,-4.375,-67.72994,-81.99844,-165.6522,-0.6674302,-0.5930073,-0.3492362,-0.2844528
23947,-0.4950452,-0.2757626,-1.067074,0.04370377,0.05599688,-0.1086373,9.328143,-0.2968916,-0.8858863,63.5,-19.5,-4,-67.34351,-81.85597,-165.5683,-0.6694185,-0.5934989,-0.3470945,-0.2813597
23958,-0.4944143,-0.2750412,-1.068562,0.04795478,0.05483425,-0.1131231,9.280257,-0.4166059,-0.9960235,46.625,-16.5,-1.75,-67.32228,-81.7235,-165.3362,-0.670614,-0.5935847,-0.3462767,-0.2793325
23970,-0.4937556,-0.2743493,-1.070057,0.05160146,0.05419486,-0.117108,9.299411,-0.4213945,-1.067852,26.875,-13.375,1.125,-67.59261,-81.61693,-165.0757,-0.670882,-0.5931776,-0.3469199,-0.2787546
23981,-0.4930421,-0.2736593,-1.071646,0.05435072,0.05256648,-0.1210082,9.318565,-0.3256231,-1.067852,12.625,-10.5,3.25,-68.00831,-81.54357,-164.8609,-0.6704527,-0.5924487,-0.3485256,-0.2793344
23993,-0.4923123,-0.273001,-1.07328,0.05595867,0.05047131,-0.1253177,9.285046,-0.2394287,-1.091795,9.375,-8.375,3.375,-68.37567,-81.49799,-164.7373,-0.6698254,-0.5917004,-0.3502126,-0.2803137
24004,-0.4915416,-0.2723531,-1.075045,0.0565298,0.04752813,-0.1294675,9.313777,-0.1436572,-1.101372,16.875,-6.375,1.625,-68.54218,-81.48737,-164.7234,-0.6693946,-0.591282,-0.3511552,-0.2810456
24016,-0.4907807,-0.2717651,-1.076797,0.05747065,0.04440813,-0.1323429,9.40476,-0.158023,-1.077429,30.875,-5,-1.125,-68.52162,-81.50922,-164.7043,-0.6694133,-0.5915001,-0.3508509,-0.2809221
24028,-0.4900039,-0.2712198,-1.078566,0.05917998,0.04154374,-0.1347704,9.43828,-0.2154858,-1.053486,43.125,-3.875,-3.625,-68.37839,-81.55505,-164.6445,-0.6698056,-0.592262,-0.3495264,-0.2800312
24039,-0.4892062,-0.2707285,-1.080356,0.06146393,0.03785504,-0.1379059,9.395183,-0.2059087,-0.9529263,52,-2.25,-5.625,-68.11958,-81.64125,-164.5858,-0.670375,-0.5935017,-0.3473731,-0.2787202
24052,-0.4882557,-0.2702551,-1.082453,0.06479563,0.0322702,-0.1429227,9.313777,-0.1771773,-0.8092691,53.625,-0.25,-6.125,-67.83987,-81.79111,-164.4829,-0.6708412,-0.5952392,-0.344618,-0.27731
24064,-0.4873383,-0.2698874,-1.084436,0.06833254,0.02739168,-0.1477375,9.299411,-0.2106973,-0.7709605,48.75,2.625,-5.375,-67.76982,-81.96314,-164.2691,-0.6708447,-0.5969071,-0.3424247,-0.2764321
24075,-0.4864154,-0.2695839,-1.086379,0.07167092,0.0235693,-0.1509077,9.40476,-0.2490059,-0.8092691,41.375,5.625,-4.5,-67.88515,-82.15187,-163.9778,-0.6704102,-0.5984355,-0.3408404,-0.2761394
24087,-0.4854455,-0.2693066,-1.08837,0.07448252,0.02128806,-0.1528554,9.486166,-0.292103,-0.9098291,33.75,8,-3.375,-68.18851,-82.34755,-163.5972,-0.6696063,-0.5998017,-0.3398519,-0.2763443
24098,-0.4844707,-0.2690292,-1.090366,0.07582854,0.02158457,-0.1553051,9.419126,-0.3256231,-1.096583,21.625,10.125,-1.75,-68.68195,-82.52556,-163.1856,-0.6683949,-0.6007032,-0.3398675,-0.277298
24110,-0.4834879,-0.2687311,-1.092452,0.0748425,0.02270038,-0.1588526,9.328143,-0.2154858,-1.216298,10.5,11.375,-0.75,-69.15657,-82.69926,-162.9432,-0.6668524,-0.6011161,-0.3406634,-0.2791341
24121,-0.4825678,-0.2684333,-1.094562,0.07103296,0.02298644,-0.1629305,9.285046,0.009577149,-1.268972,6.875,11.125,-1.375,-69.27192,-82.86692,-163.1057,-0.6654164,-0.6011628,-0.3415093,-0.2814174
24133,-0.4817106,-0.2681432,-1.096758,0.06559233,0.02220132,-0.1680235,9.218005,0.1771773,-1.245029,9.5,10,-2.75,-69.009,-83.03272,-163.6145,-0.6642537,-0.6010984,-0.341986,-0.2837135
24144,-0.4808672,-0.2678593,-1.099019,0.06536177,0.02200323,-0.1751908,9.06956,-0.1532344,-0.9864463,5.125,12.75,-2.375,-69.38499,-83.24669,-163.5345,-0.6624331,-0.6014399,-0.3428825,-0.286154
24156,-0.4799977,-0.2675772,-1.101408,0.06649899,0.0215745,-0.182711,9.059982,-0.2202744,-0.8715205,-8.125,13.125,-1.125,-70.06523,-83.47259,-163.3275,-0.6599693,-0.6014398,-0.3448053,-0.289517
24167,-0.479192,-0.2673379,-1.10385,0.06203927,0.01842609,-0.1880954,9.227583,0.2681602,-0.9481377,4.5,9.5,-4.625,-69.54239,-83.67166,-164.1574,-0.6586013,-0.6012263,-0.3453464,-0.2924162
24179,-0.4785013,-0.2671158,-1.106326,0.05278494,0.01697251,-0.1891815,9.529263,0.5075889,-1.292915,40.625,5.375,-10.625,-67.73473,-83.79623,-165.7991,-0.6593041,-0.6015212,-0.3430737,-0.2929008
24190,-0.4779402,-0.2668422,-1.108747,0.04383529,0.02136739,-0.1890873,9.57236,0.2537944,-1.666424,61.25,2.625,-14.25,-65.69484,-83.82352,-167.4077,-0.6611579,-0.6020681,-0.3396645,-0.2915688
24201,-0.477405,-0.2664002,-1.111262,0.04066698,0.03359164,-0.1911467,9.37124,-0.450126,-1.84839,42.375,2.625,-13.25,-64.68547,-83.78751,-168.217,-0.6622502,-0.602055,-0.338221,-0.2907938
24213,-0.4769032,-0.2658248,-1.113789,0.03856772,0.0442287,-0.1942341,9.3042,-0.4309717,-1.71431,8.75,1.5,-8.75,-64.23263,-83.74405,-168.9119,-0.662019,-0.6009284,-0.3394101,-0.2922614
24224,-0.4764433,-0.2651699,-1.116492,0.03376404,0.04806975,-0.1984387,9.275469,0.06704004,-1.403052,2.625,-2,-6.25,-63.35959,-83.70976,-170.1268,-0.6616573,-0.5993791,-0.3408529,-0.2945734
24237,-0.4760308,-0.2645017,-1.119196,0.03104344,0.05029745,-0.2035363,9.218005,0.03352002,-1.225875,19.625,-5,-6.875,-62.5052,-83.66367,-171.0871,-0.6619428,-0.5984779,-0.3410985,-0.2954791
24248,-0.475612,-0.2637894,-1.121913,0.03199249,0.05441591,-0.2075329,9.294622,-0.2729487,-1.197144,26.75,-5.25,-6.75,-62.15287,-83.61353,-171.4476,-0.6622974,-0.5980469,-0.3411167,-0.2955361
24260,-0.4751658,-0.2630245,-1.124634,0.03437891,0.05892796,-0.2096462,9.43828,-0.3830859,-1.177989,22.25,-3.5,-5.75,-62.11559,-83.58891,-171.5513,-0.6622569,-0.597703,-0.3415261,-0.2958496
24272,-0.4746296,-0.2621075,-1.127766,0.03654921,0.0625077,-0.2135094,9.347297,-0.2873144,-1.101372,12.75,-0.375,-4.5,-62.17025,-83.61834,-171.7133,-0.6615358,-0.597235,-0.3425862,-0.2971791
24284,-0.4741294,-0.2612504,-1.130682,0.03738377,0.06405701,-0.2178718,9.294622,-0.1340801,-1.029544,9.125,2.75,-4.25,-62.09988,-83.69939,-172.0315,-0.6605352,-0.5968983,-0.3435636,-0.2989479
24296,-0.473648,-0.2604099,-1.133544,0.03729218,0.06510618,-0.2217284,9.323354,-0.04788574,-1.029544,12.875,4.5,-5,-61.85151,-83.80147,-172.4709,-0.6596456,-0.5967761,-0.3440776,-0.3005605
24307,-0.4731627,-0.2595241,-1.136491,0.03722369,0.06794062,-0.2259821,9.285046,-0.1197144,-1.120526,16,5.5,-5.5,-61.64487,-83.89902,-172.8289,-0.6588591,-0.5967677,-0.3444268,-0.3018992
24318,-0.4726883,-0.2586044,-1.139434,0.03690328,0.07155172,-0.2289976,9.37124,-0.1340801,-1.177989,14.5,6.375,-5.125,-61.51131,-83.99554,-173.131,-0.6579991,-0.5967313,-0.344912,-0.3032898
24330,-0.4722187,-0.257601,-1.142471,0.03570995,0.07629077,-0.2308967,9.452645,-0.1197144,-1.273761,12.5,7.75,-4.5,-61.43649,-84.09589,-173.4055,-0.6570137,-0.5966431,-0.3455797,-0.3048355
24341,-0.4717758,-0.2565277,-1.145487,0.03422178,0.08294227,-0.2331007,9.414337,-0.1819658,-1.393475,6.25,10.125,-3.5,-61.59911,-84.2007,-173.5204,-0.6557098,-0.5964265,-0.3467633,-0.306717
24353,-0.4713576,-0.2553534,-1.148555,0.0321065,0.09014171,-0.2354727,9.399971,-0.158023,-1.431784,-1.75,12,-2.375,-61.89629,-84.32025,-173.6079,-0.6539953,-0.5960056,-0.348521,-0.3091936
24364,-0.4709867,-0.2541166,-1.151634,0.02867827,0.09564081,-0.2381396,9.385606,0.009577149,-1.359955,-2.125,12.875,-2.25,-61.97279,-84.46062,-173.9195,-0.6522394,-0.5956022,-0.3501117,-0.3118711
24376,-0.4706616,-0.2528089,-1.1548,0.02482148,0.09982212,-0.2416145,9.33772,0.1053486,-1.259395,8.125,12.125,-3.25,-61.75981,-84.60671,-174.3908,-0.6508922,-0.5955283,-0.3508696,-0.3139681
24387,-0.4703787,-0.2514592,-1.157986,0.02184955,0.1042568,-0.2461505,9.256314,0.04788574,-1.216298,20.25,9.875,-4.5,-61.443,-84.72415,-174.8048,-0.650153,-0.5957636,-0.3508389,-0.3150857
24399,-0.4701152,-0.2499974,-1.161307,0.01996173,0.1107228,-0.2515159,9.194062,-0.1005601,-1.273761,23.5,7.5,-5,-61.2675,-84.79719,-175.0347,-0.6496989,-0.5959377,-0.3508019,-0.3157335
24410,-0.4698772,-0.2484875,-1.164567,0.01869113,0.1185733,-0.2559833,9.241948,-0.2059087,-1.355167,18.875,5.625,-4,-61.38696,-84.82797,-175.0263,-0.6492048,-0.5958002,-0.3513359,-0.316415
24422,-0.4696527,-0.2468274,-1.167949,0.01717806,0.1270462,-0.2588279,9.37124,-0.2106973,-1.403052,11.375,3.625,-2.5,-61.69994,-84.82645,-174.9261,-0.648528,-0.595234,-0.3525924,-0.3174689
24433,-0.4694596,-0.2450682,-1.17135,0.01478949,0.1347274,-0.260493,9.462223,-0.1197144,-1.403052,10.125,1.25,-2.125,-61.87548,-84.79693,-174.9803,-0.6479809,-0.5944209,-0.3539629,-0.3185827
24445,-0.4693036,-0.2431412,-1.174919,0.01146089,0.1416518,-0.2623258,9.457435,-0.0191543,-1.379109,18.125,-1,-3.375,-61.67031,-84.74319,-175.3158,-0.6479455,-0.5936638,-0.354717,-0.3192269
24457,-0.4691975,-0.2411792,-1.178452,0.007990025,0.1476592,-0.2659321,9.323354,0.03352002,-1.340801,32.875,-3.125,-5.625,-61.0499,-84.66969,-175.8664,-0.648694,-0.593289,-0.3542944,-0.3188727
24468,-0.4691199,-0.2391789,-1.182012,0.005917176,0.152594,-0.2715619,9.174909,-0.004788574,-1.221087,45.375,-5.375,-7.375,-60.27847,-84.58598,-176.4034,-0.6499978,-0.5933168,-0.3529674,-0.3176351
24480,-0.4690358,-0.2371068,-1.185691,0.006371861,0.1569629,-0.2787105,9.074348,-0.1388687,-1.082218,45.25,-7.75,-6.75,-59.84501,-84.49084,-176.6016,-0.6512564,-0.5933833,-0.3518279,-0.3161938
24492,-0.4689211,-0.2347948,-1.18983,0.007953372,0.1602995,-0.2869372,9.055194,-0.1484458,-0.9768692,35.25,-11.375,-4.125,-59.77492,-84.35361,-176.5603,-0.6522694,-0.5929464,-0.3516394,-0.3151332
24504,-0.4688083,-0.2326234,-1.193765,0.008413336,0.1619989,-0.2935806,9.131811,-0.02873145,-0.967292,31.625,-15.5,-2.875,-59.64597,-84.17768,-176.6359,-0.6533335,-0.5920967,-0.3518375,-0.3143042
24516,-0.4686984,-0.2304976,-1.197652,0.008446009,0.163337,-0.2986728,9.232371,0.009577149,-1.010389,35.25,-18.875,-2.625,-59.4732,-83.96265,-176.7101,-0.6547313,-0.5911506,-0.3518935,-0.3131118
24527,-0.4685878,-0.2283766,-1.201568,0.008562206,0.1641776,-0.3031608,9.275469,0.02394287,-1.019966,42.25,-21.625,-3.125,-59.21206,-83.71896,-176.7827,-0.6565471,-0.5902851,-0.3515152,-0.3113623
24539,-0.468474,-0.2262708,-1.205544,0.008835127,0.1635001,-0.3086646,9.20364,0.08140577,-0.9481377,50.75,-23.375,-4.25,-58.75006,-83.47102,-176.9466,-0.6587505,-0.5896499,-0.3504563,-0.3090976
24550,-0.4683461,-0.2241179,-1.20976,0.009567277,0.1610859,-0.3154838,9.131811,0.1292915,-0.8571548,60.625,-24.875,-5.125,-58.12665,-83.21519,-177.1286,-0.6614376,-0.5893319,-0.3485631,-0.3060913
24562,-0.468205,-0.2221036,-1.213857,0.01109068,0.1582621,-0.3218527,9.146177,0.1005601,-0.8284234,65.5,-25.875,-5,-57.61031,-82.96963,-177.1622,-0.6641383,-0.5892159,-0.3464719,-0.3028239
24573,-0.4680333,-0.2200736,-1.218123,0.01316957,0.1557441,-0.3273124,9.222795,0.04788574,-0.8810977,62.75,-26.25,-3.5,-57.3191,-82.71104,-176.9956,-0.6667424,-0.5890186,-0.3446794,-0.2995125
24585,-0.4678411,-0.2180497,-1.22248,0.01461253,0.153826,-0.3311924,9.332932,0.05267432,-1.005601,54,-24.75,-1,-57.27319,-82.45673,-176.6967,-0.6689208,-0.5885921,-0.3436183,-0.2967001
24596,-0.4676526,-0.2160989,-1.226771,0.01465096,0.1516685,-0.333561,9.433492,0.1436572,-1.101372,48.125,-21.875,0.75,-57.28854,-82.23795,-176.4224,-0.670664,-0.5881315,-0.34294,-0.2944545
24607,-0.4674721,-0.2141729,-1.231101,0.01395941,0.1489465,-0.3349102,9.510109,0.2059087,-1.139681,46.625,-17.875,1.875,-57.34948,-82.07047,-176.1226,-0.6720748,-0.5879205,-0.3422502,-0.2924549
24619,-0.4672842,-0.2122228,-1.235585,0.01408329,0.1461674,-0.3360765,9.529263,0.1436572,-1.125315,45.375,-13.625,2.375,-57.54515,-81.96009,-175.6973,-0.6731145,-0.5880655,-0.3415427,-0.2905936
24630,-0.4671049,-0.2104183,-1.239823,0.01426058,0.1434802,-0.3369331,9.548417,0.1340801,-1.130104,43.375,-9.875,2.125,-57.72642,-81.90543,-175.3248,-0.673784,-0.5884067,-0.3408585,-0.2891505
24642,-0.4669251,-0.2085827,-1.244234,0.01372215,0.1401464,-0.3368179,9.625034,0.1963315,-1.144469,44.875,-6.75,1.125,-57.76758,-81.8917,-175.0648,-0.6743833,-0.5889973,-0.3398066,-0.2877862
24653,-0.4667549,-0.206769,-1.248686,0.01284401,0.1368128,-0.3357795,9.692075,0.2106973,-1.168412,50.125,-3.625,-0.5,-57.65966,-81.91891,-174.8806,-0.6750311,-0.5899665,-0.3381416,-0.2862394
24665,-0.4665934,-0.2049661,-1.253166,0.01203767,0.1344246,-0.3340482,9.735171,0.158023,-1.221087,53,-0.875,-1.75,-57.50488,-81.97605,-174.7,-0.6756589,-0.5912058,-0.3361258,-0.2845704
24677,-0.4665934,-0.2049661,-1.253166,0,0,0,9.759114,0.08140577,-1.221087,50.625,1.75,-2,-57.43145,-82.06541,-174.472,-0.6760033,-0.5925583,-0.3342453,-0.2831507
24690,-0.4665934,-0.2049661,-1.253166,0,0,0,9.778269,0.03352002,-1.168412,40.875,3.125,-1,-57.53056,-82.18661,-174.1866,-0.6758292,-0.5938265,-0.3329844,-0.2823939
24701,-0.4665934,-0.2049661,-1.253166,0,0,0,9.754326,0.02873145,-1.154046,30,3.875,0.75,-57.79221,-82.2987,-173.9006,-0.6752297,-0.5946409,-0.3327006,-0.282449
24713,-0.4665934,-0.2049661,-1.253166,0,0,0,9.725595,0.08140577,-1.149258,21.875,4.125,2.25,-58.17036,-82.41918,-173.6096,-0.6742666,-0.5952258,-0.3330432,-0.2831135
24725,-0.4665934,-0.2049661,-1.253166,0,0,0,9.73996,0.2154858,-1.154046,24,3.5,2,-58.35262,-82.52885,-173.4857,-0.6735123,-0.5957454,-0.3331296,-0.2837135
24736,-0.4665934,-0.2049661,-1.253166,0,0,0,9.768692,0.2633716,-1.192355,33.125,3.125,0.875,-58.35164,-82.62129,-173.4248,-0.6732188,-0.5964382,-0.3325179,-0.2836722
24747,-0.4665934,-0.2049661,-1.253166,0,0,0,9.730383,0.1340801,-1.235452,36.375,3,1.125,-58.51825,-82.70182,-173.1519,-0.6730217,-0.5972638,-0.3318217,-0.2832175
24759,-0.4665934,-0.2049661,-1.253166,0,0,0,9.658554,0.04309717,-1.230664,26.75,3.75,3.375,-59.02621,-82.78341,-172.6634,-0.6723647,-0.5978736,-0.3319969,-0.2832859
24770,-0.4665934,-0.2049661,-1.253166,0,0,0,9.581937,0.09577148,-1.182778,11.875,5.5,6.5,-59.83735,-82.88837,-172.0715,-0.6709741,-0.5981578,-0.3333229,-0.2844238
24782,-0.4665934,-0.2049661,-1.253166,0,0,0,9.510109,0.1819658,-1.130104,3.375,6.875,8.5,-60.76661,-83.00978,-171.4691,-0.6691862,-0.5982609,-0.3352113,-0.2861941
24793,-0.4665934,-0.2049661,-1.253166,0,0,0,9.433492,0.225063,-1.043909,0.375,7.75,9.375,-61.78392,-83.15063,-170.8223,-0.6671596,-0.5983661,-0.3372907,-0.2882555
24805,-0.4665934,-0.2049661,-1.253166,0,0,0,9.289834,0.1963315,-0.9816577,-0.125,8.375,9.625,-62.8943,-83.29943,-170.0862,-0.665046,-0.5985268,-0.3393871,-0.2903377
24816,-0.4665934,-0.2049661,-1.253166,0,0,0,9.189274,0.1149258,-0.967292,-1.375,9.5,9.625,-64.16649,-83.45599,-169.2059,-0.6627832,-0.5987282,-0.3416044,-0.2924883
24828,-0.4665949,-0.2049166,-1.253251,-0.000116641,0.003816269,-0.00660124,9.088714,-0.2346401,-1.197144,-8.75,10.625,10,-65.94997,-83.56928,-167.906,-0.6602597,-0.5986347,-0.3446949,-0.2947527
24840,-0.4665996,-0.2047428,-1.253427,-0.0003292715,0.01217148,-0.01228251,9.17012,-0.4261831,-1.431784,-24.375,10.625,12.375,-68.43835,-83.63194,-166.1738,-0.6569244,-0.5977615,-0.3497151,-0.2980453
24851,-0.4666434,-0.2044826,-1.253641,-0.003457313,0.02057858,-0.01697294,9.179697,-0.2968916,-1.628115,-34.375,9.125,14.125,-70.52882,-83.63173,-164.8823,-0.653877,-0.5962617,-0.3549442,-0.3015485
24863,-0.4667588,-0.2040963,-1.253932,-0.008811229,0.02946957,-0.02217463,9.146177,-0.1819658,-1.728675,-33.5,6.5,14.875,-72.4559,-83.57923,-163.7738,-0.6510139,-0.5943714,-0.3603719,-0.3050174
24874,-0.466963,-0.2036259,-1.254279,-0.01555931,0.0358535,-0.0264526,9.232371,0,-1.642481,-18.5,1.875,13.625,-73.82639,-83.49503,-163.026,-0.6490192,-0.592681,-0.3646244,-0.3074935
24886,-0.4672824,-0.2030818,-1.254723,-0.02291228,0.03902939,-0.03183034,9.198852,0.1436572,-1.441361,11.625,-4,9.75,-74.44839,-83.38274,-162.6424,-0.6485136,-0.5917158,-0.3666397,-0.3080228
24898,-0.4676324,-0.2025456,-1.255224,-0.02720602,0.04167238,-0.03897934,9.036039,-0.01436572,-1.316858,35,-8,6.25,-74.7388,-83.25364,-162.2667,-0.6491036,-0.5915467,-0.3668944,-0.3067991
24910,-0.4680067,-0.2019507,-1.255859,-0.02832797,0.04503416,-0.04802877,8.906748,-0.2633716,-1.225875,37.75,-9.25,5.25,-75.22777,-83.11098,-161.6502,-0.6497418,-0.5915647,-0.3670958,-0.3051679
24921,-0.4683783,-0.2013411,-1.256599,-0.02887921,0.04736885,-0.05750142,8.863651,-0.2729487,-1.149258,26.625,-7.875,6,-75.83511,-82.99935,-161.0628,-0.6497885,-0.5913283,-0.3679913,-0.3044472
24933,-0.468801,-0.2006918,-1.257527,-0.03084935,0.04737793,-0.067699,8.873228,-0.1005601,-1.058275,16.125,-5.125,6.75,-76.44038,-82.93998,-160.6253,-0.6492299,-0.5908607,-0.3694254,-0.3048098
24945,-0.4692466,-0.2000618,-1.258559,-0.03319775,0.04693985,-0.07688783,8.935479,-0.06704004,-1.053486,11.125,-2.5,6.75,-77.07205,-82.92,-160.2264,-0.6483269,-0.5903783,-0.3710335,-0.305712
24956,-0.4696925,-0.1994396,-1.259644,-0.03465143,0.04835745,-0.08431835,9.026463,-0.2106973,-1.149258,4.5,-0.25,7.125,-77.91951,-82.90568,-159.6873,-0.6470702,-0.5898002,-0.3731112,-0.3069593
24968,-0.4701622,-0.1987694,-1.260824,-0.03607498,0.05146554,-0.09062773,9.10308,-0.2968916,-1.264184,-1.25,1,7.375,-78.88589,-82.88393,-159.108,-0.6455483,-0.5890033,-0.3756798,-0.3085567
24979,-0.4706585,-0.1980763,-1.262049,-0.03857734,0.05388404,-0.09524068,9.232371,-0.2106973,-1.278549,3.375,1.125,6.375,-79.62482,-82.87377,-158.6922,-0.6442779,-0.5883324,-0.3777488,-0.3099627
24991,-0.4711992,-0.1973346,-1.26334,-0.0411586,0.05645016,-0.09829438,9.356874,-0.225063,-1.297704,14.125,0.875,4.375,-80.17353,-82.86868,-158.3309,-0.6434633,-0.588018,-0.3790001,-0.3107229
25002,-0.4717523,-0.1965605,-1.264654,-0.04268801,0.05975634,-0.1014226,9.342508,-0.3304116,-1.302492,15.5,1.75,3.625,-80.78634,-82.87019,-157.8836,-0.6426414,-0.5878425,-0.3801375,-0.3113658
25013,-0.4723186,-0.1957345,-1.266016,-0.04337771,0.06326204,-0.1043291,9.361663,-0.4022402,-1.273761,7.625,3.875,4.125,-81.62612,-82.89458,-157.3139,-0.6413156,-0.587551,-0.3818075,-0.3126041
25025,-0.4729149,-0.1948248,-1.267455,-0.04412668,0.06732521,-0.1064543,9.423914,-0.4261831,-1.297704,-2.75,6.25,4.5,-82.64375,-82.94203,-156.7173,-0.6393859,-0.5869534,-0.3842127,-0.3147253
25036,-0.4734848,-0.1939344,-1.268796,-0.04573378,0.0714527,-0.1076537,9.481377,-0.3830859,-1.355167,-9,7.875,4.125,-83.53382,-83.00005,-156.2941,-0.6373644,-0.5861551,-0.3867297,-0.3172208
25048,-0.474115,-0.192954,-1.270215,-0.04857098,0.07555294,-0.1093147,9.452645,-0.292103,-1.369532,-10.75,8.25,2.75,-84.22818,-83.07291,-156.1087,-0.6352877,-0.5851406,-0.3892889,-0.3201158
25059,-0.4747723,-0.1919335,-1.271709,-0.04981405,0.07733963,-0.1132601,9.308989,-0.2968916,-1.110949,-14,9.625,1.125,-84.97883,-83.20419,-155.9165,-0.6328388,-0.5842008,-0.3918303,-0.3235639
25071,-0.4754512,-0.1909676,-1.273213,-0.05340573,0.07598737,-0.1182922,9.241948,0.004788574,-0.9577149,-12.125,8.25,-0.75,-85.17797,-83.36067,-156.2319,-0.6307499,-0.583163,-0.3937784,-0.3271303
25083,-0.4763663,-0.1899275,-1.27503,-0.06253505,0.07107232,-0.1241546,9.261103,0.450126,-0.8954634,18.875,5.75,-6.5,-83.98986,-83.57774,-157.5569,-0.6303083,-0.5828732,-0.3929414,-0.3294955
25098,-0.4774604,-0.1887252,-1.277113,-0.06786069,0.0745749,-0.1292344,9.289834,-0.04309717,-1.235452,39,4.75,-11.875,-82.45197,-83.72617,-158.912,-0.6311543,-0.5832648,-0.3906723,-0.3298812
25110,-0.478667,-0.1872699,-1.279464,-0.06915189,0.08340348,-0.1347132,9.265891,-0.3782974,-1.355167,16.375,5.625,-11.25,-81.44541,-83.839,-160.1129,-0.6307163,-0.582545,-0.3907158,-0.3319328
25125,-0.4796699,-0.186051,-1.281423,-0.07148912,0.08688433,-0.1396457,9.256314,-0.1436572,-1.158835,-2.75,5,-9.75,-80.543,-83.95386,-161.4416,-0.6295086,-0.5811206,-0.3919764,-0.3352198
25137,-0.4806157,-0.1848928,-1.283296,-0.07320827,0.08964695,-0.1450091,9.198852,-0.1292915,-1.096583,9.5,4.125,-11,-79.53506,-84.05782,-162.6823,-0.6289236,-0.5802825,-0.3922634,-0.3374268
